0.0786514418489904
0.0786354915472581
0.0786342369284453
0.0786454958632309
0.0786492993965552
0.0786835883348202
0.0786923176332615
0.0787009707798816
0.0787485090214119
0.0787987220720238
0.0788655154675752
0.078949822488866
0.0790645741643985
0.0791313193742628
0.0791952080198194
0.0792338265184801
0.079259021117727
0.0792973107221857
0.0793636805241955
0.0794219059269821
0.0794602929237491
0.0794819170862524
0.0794990551495964
0.0795073397299809
0.0795055948961658
0.0795005469083946
0.0795163364488052
0.0795333108428807
0.079519131758441
0.0795307214251289
0.0795429678768518
0.0795445278869002
0.0795609656434514
0.0795704736803987
0.079598283305328
0.0796149857406194
0.0796214205550624
0.079624682364694
0.0796298150728466
0.0796432015176742
0.0796432234751209
0.0796593519649584
0.0796897920225216
0.0797191623987718
0.0797354973260739
0.079759844955352
0.0797778625754082
0.0798067031460944
0.0798104004779398
0.0798291878603991
0.0798259433051318
0.0798363528036446
0.0798491610218077
0.0798712153551481
0.0798753041987478
0.0798617262608657
0.0798317962324834
0.0798229222857551
0.079822841711743
0.0798167349669404
0.0798119293676359
0.079803793380312
0.0797959911204499
0.0797913424845888
0.0797550354709304
0.0797550738549367
0.0797562110641126
0.07975044589074
0.0797242664363699
0.0797128335230432
0.079701385599807
0.0796962966581224
0.0796857858337837
0.0796944814552677
0.0796883549845604
0.0796945239627055
0.0796786756709621
0.0796744573362664
0.0796620296120157
0.0796317381170422
0.0796308864338234
0.0796206911824304
0.079614776763255
0.0795941402462647
0.0796072349624393
0.0796234715029663
0.0796199364043845
0.079600213247908
0.0795755717638666
0.0795448498975538
0.0795320094112984
0.0794966687869682
0.0794906067160233
0.0794238667251305
0.0794094778030428
0.0793833919215142
0.0793679873948414
0.0793519926218301
0.0793111273055849
0.079294983292316
0.0792852867034987
0.0792750767157887
0.0792664908789597
0.0792496602820209
0.0792265564202039
0.0792020385270378
0.0791833620456825
0.0791619061566313
0.0791481090562851
0.0791470830066772
0.0791181833623573
0.079087689753672
0.0791085349190818
0.0790791378987368
0.0790693650239846
0.0790510185297202
0.0790052382965466
0.0789831025397805
0.078961191760873
0.0789306094120415
0.0789061140843428
0.0788942373495725
0.0788788209170361
0.0788573153984001
0.0788256236379652
0.0787652748251849
0.0787523397727257
0.0787171097186772
0.0786855428482474
0.0786544308101145
0.0786480662158952
0.0786333773434869
0.07861379027861
0.0785901546433296
0.0785835966116549
0.078554632733767
0.078516241799973
0.0784890802267085
0.0784570424983283
0.0784637066846072
0.0784494772310086
0.078459062847071
0.0784527053779471
0.0784214839318341
0.078404255904648
0.0783954850364353
0.0783829596037396
0.0783700290301674
0.0783516194347932
0.0783355277458062
0.0783471309987044
0.0783425357531882
0.0783307923711878
0.0783349679439114
0.0783431236942965
0.0783493099419654
0.0783375329304948
0.0783358571908155
0.0783378307930711
0.0783406556473628
0.0783441443520853
0.07834072677062
0.0783557894103079
0.0783513054566065
0.0783676130059946
0.0783827853438446
0.0783891954316131
0.0784042878746365
0.0784123546458914
0.0784300373976667
0.078460630885472
0.0784625122388537
0.0784881800648627
0.0784973046722533
0.0785727868330242
0.0786002059914098
0.0786100492504838
0.0786282903862388
0.0786502913408415
0.0786855662926636
0.0786968008281729
0.0786815198634807
0.0786904738275078
0.0787020508501317
0.0787066211215341
0.0787159197959446
0.0786758491095955
0.0786775328503732
0.0786659503414364
0.0786676962135867
0.0786551836599357
0.0786617361849287
0.0793839943350724
0.0794240534962477
0.0794686089376665
0.0795101451789341
0.0795295374495477
0.0795336585805282
0.0795862916694656
0.0796086427421608
0.079631405175655
0.0796885308199896
0.0797306486104394
0.0797556918592291
0.0798206317439358
0.0798421791619662
0.0798850996552917
0.0799193867827252
0.0799030038571822
0.0799086183820381
0.079879659489179
0.079816719006369
0.0797740348164083
0.0796798958147617
0.0795874766027529
0.0794923745612859
0.0794056994322114
0.0793176833705063
0.0792555282609672
0.0791970459106324
0.0791692531292041
0.0791471459781486
0.079169241873146
0.079135729416691
0.0791321561511707
0.0791068323722473
0.0791328403769701
0.0791446724904136
0.0791710310740441
0.0791887474670125
0.0792023936894189
0.079233438761815
0.07926319838403
0.0792720309002029
0.079283427314129
0.0793189149325333
0.0793607460684971
0.0794095206586172
0.0794248784198172
0.0794765672010791
0.0795112003300928
0.0795431224419036
0.0795854477067295
0.0796230902892917
0.0796250913906181
0.079634952790992
0.0796210124616642
0.0796385641119921
0.0796330423645106
0.0796306037785013
0.079650042535323
0.0796306559244028
0.0796193878722556
0.0796131581001982
0.0796200062141272
0.079636699546466
0.0796216474314401
0.079609414262349
0.0796187946567317
0.079605453001873
0.0795846062132249
0.0795437977736788
0.0795223308825234
0.0795099990728558
0.0795046872998508
0.0794821121848926
0.079498907985352
0.0794746868239748
0.0794658862184888
0.0794908836575168
0.0794777075881282
0.0794853496317563
0.0795078221915237
0.079526906414122
0.0795630273606033
0.0795793252313607
0.0796560628091635
0.0797282243934506
0.079761337421515
0.0797913491493459
0.0797672351797321
0.0797352313617081
0.0797070553125007
0.0797321247608501
0.0797445488048271
0.0797775996019772
0.0797980685632965
0.0797271492305116
0.0796948121151634
0.0796566031951597
0.0795487492739782
0.0794723909895416
0.07940049204144
0.0793279927751196
0.0792080773474355
0.0791396709691365
0.0790077550028837
0.0789205974250562
0.0788410888780421
0.0787347948489637
0.0786241056742219
0.0785359707227532
0.0784407043873412
0.0783484821975505
0.0782789943772977
0.0782296358088522
0.0781484452269097
0.0780900523581022
0.0780303804893813
0.0779481897053218
0.0778991185775577
0.0778525658673003
0.077801193060374
0.0777547298945014
0.0776900533203188
0.0776134298421595
0.0775279442279107
0.0774506133349363
0.0773975753861371
0.0773274900078565
0.0772662320579582
0.0772157407161608
0.0771533014028619
0.0770894637518751
0.0770801620986739
0.0770702427340502
0.0770321245808744
0.0770030798826806
0.0769731570610826
0.0769599099254063
0.0769326328361157
0.0769137263495962
0.0768958193542523
0.0768832070064194
0.076848386456447
0.0768304109042924
0.0768078973681152
0.0768113048556381
0.0768182892878468
0.0768404287353598
0.0768659247296242
0.0768770461463292
0.0768746983910654
0.0769077551476852
0.0769271322461091
0.0769498567078646
0.0769989842820634
0.0770511140774889
0.0770877221025795
0.0771092430726504
0.0771457039379655
0.0771705776685078
0.0771894256228831
0.0772388195159573
0.0772780276209744
0.0773138353959387
0.0773840408732737
0.0774208239704006
0.0774625728144975
0.0774847098361358
0.0775366566261518
0.0775798493544774
0.0776214299563464
0.0777024346101209
0.0777583325430191
0.0778498441160219
0.0779334225996952
0.0780404251567677
0.0781218524533781
0.0782563522490858
0.0783584029687379
0.0785011373654152
0.0786083780946561
0.0787432498238963
0.0788508478840497
0.0789708693065886
0.0790242422687947
0.0790773837438275
0.0791236978813817
0.0791627488565601
0.079217645198239
0.0792563169488441
0.0793095669577917
0.0793323663773403
0.0792692305482363
0.0793016486831207
0.0793265765068685
0.0793991076582153
0.0794576394417469
0.0794712868647854
0.0795495769256802
0.0796135664402597
0.0796110563538524
0.0796815299235086
0.0796836558045785
0.0796420309921596
0.0795915858649474
0.0795443153861341
0.0794718980977086
0.0794022699841662
0.0792612311227365
0.0791027073212771
0.0789678303151067
0.0788406024534944
0.0787412715986569
0.0786473038171056
0.0785784454045488
0.0785101683308154
0.0784280318523784
0.0783606391868764
0.078286622914556
0.0782453442753916
0.0782392982246176
0.0781961949536236
0.0781813385784565
0.078175087900832
0.0782153438578828
0.078281330957289
0.0783307351886547
0.0783824880582293
0.0784450016301843
0.0784755865936002
0.0785084157058612
0.0785813983068645
0.0786666987668543
0.0787185701501961
0.0788021875369437
0.07885693448826
0.078890904948248
0.0789574963634202
0.0790319542136752
0.0791398597228048
0.0791778806048696
0.0792241970627416
0.0792716361567119
0.0793518365045784
0.0794118156217652
0.0794144679214937
0.0794483889569182
0.0794827582597526
0.079577740547593
0.0796771041515752
0.0797591561376158
0.0797533378277929
0.0797475392360762
0.0797987673026051
0.0797791398304934
0.0797687336500063
0.0797537368064691
0.0797050427821326
0.0796991084338955
0.0796575647204756
0.0796594976012696
0.0796642835136567
0.0796331999948732
0.0795900844569757
0.0795908300774949
0.0796359091012553
0.0796850945491498
0.0797155080934488
0.0797497172647949
0.0797095441164778
0.0795941275474109
0.0795352308761368
0.0794317190786207
0.0792912038374253
0.0791751633350302
0.0790110474495536
0.0788601097042053
0.0788429542106438
0.078823800596297
0.0788049351125145
0.0788251879422278
0.078854320795875
0.0789165402979085
0.0789375302249742
0.0789407170828916
0.0789204801753385
0.0788442479654773
0.0787953843130609
0.0787312138047651
0.0785958637942055
0.0785067979042364
0.0783832493183874
0.0782482068039392
0.078086616265457
0.077937513695192
0.0778155919308236
0.0776470244709242
0.0774955645817572
0.0773287360271547
0.0772019498774254
0.0771292971087393
0.0770218079483905
0.0769379941190069
0.0768427653039418
0.0767039959143969
0.0766213654210571
0.0765633902407153
0.0765011702453175
0.0764904671702256
0.0764198501100606
0.0763797024894283
0.0763583193200214
0.0763140043865407
0.0762650317096935
0.0762637549083959
0.0762618307045677
0.0762323468467923
0.076170631819759
0.0761609130464902
0.0761536652717404
0.0761444650864956
0.0761546025904623
0.0761663138489009
0.0761597372423168
0.076137942182467
0.0761241620303567
0.0761020041248437
0.0761208908283698
0.0761748975100401
0.0762389109994296
0.0762746479360516
0.0762707763167278
0.0762326550019839
0.0762364484765592
0.0762419320770158
0.0762603557875217
0.0762714235181726
0.0762885436972857
0.0763043091720458
0.0763143721747612
0.0763093127504964
0.0763262298763936
0.0763404353174693
0.0763570920250469
0.076362516688182
0.0764000363631726
0.0764662926677107
0.0765438324013212
0.0766425846398909
0.0766665603102616
0.0767055534800613
0.0767311553704754
0.076755017222644
0.0767726255555957
0.0768209602194385
0.0768604616234766
0.0769027750753527
0.0769094124579399
0.0769431273873107
0.0770114343728357
0.0770904473295858
0.0771510169978852
0.077238604130865
0.0773265782025862
0.0774284178192618
0.0775221780009142
0.0775874374150383
0.0777005196520187
0.0777545092435897
0.0778353413447188
0.0779402192030635
0.0780178739441471
0.0781360241554565
0.0782844019084228
0.0784583712981093
0.0786167389604741
0.0787363301951057
0.0788478067971262
0.078944126647304
0.0790430208540749
0.0791490541113607
0.0792599570130397
0.0792553617282479
0.0792339606136304
0.0785969885083465
0.0787397163261533
0.0788431558180873
0.0789909382958469
0.0791581547067092
0.079318965220636
0.0794480620669259
0.079600065182035
0.0796895358033881
0.0797692319825813
0.0797390166990383
0.0796395834895376
0.0794345169987496
0.0793571843898231
0.0792188573559459
0.0791096630790879
0.0789405561592123
0.0787641362508427
0.078623900727694
0.0784219528435304
0.0782652526405921
0.0781132911888143
0.0779622627622605
0.0778700612552286
0.0778054882722494
0.0777441626926156
0.0776917201416309
0.0776803770827067
0.0777221503441513
0.0777616785901723
0.0777937506129726
0.0778286147059796
0.0778796268501964
0.0779302219071964
0.0780125587779393
0.0781373683913017
0.0780995885327789
0.0780712688868617
0.0780780768689684
0.0780627892364597
0.0781204317009836
0.078075877980645
0.0781052255134149
0.0781187517727797
0.0781773491944914
0.0782614232960625
0.078301060569382
0.0783492627466948
0.0784070571351946
0.0784461989944024
0.0785378149637828
0.0786101662784431
0.0787090480009264
0.0787945276452464
0.0788244700287317
0.078893164138597
0.0790039872038502
0.0791369446850684
0.0792125498018985
0.0792885025090008
0.0793566789914434
0.0794300837615961
0.079452786259987
0.0794686697226046
0.079489969730804
0.0794631575812313
0.0794036749496798
0.0793653889601928
0.0793969682030669
0.0794587376445618
0.0795351057563358
0.0795761576279204
0.079587981638886
0.0796066122177362
0.0795450384132475
0.0794240039579771
0.0792805317257178
0.0792353309940603
0.0790963252410361
0.0789815941491217
0.0788650804152043
0.0787067000636023
0.0786076819646266
0.0785095731662689
0.078408948665774
0.0782977086832269
0.078123997789986
0.0779174802273557
0.0776825305609437
0.0775222136286543
0.0773743493052182
0.0772939920467128
0.0772201280296345
0.0770674004868892
0.0769243530585621
0.0768838336867871
0.0768581275150469
0.0768778309112519
0.0769254129096178
0.0770079143899854
0.0771100914381756
0.077210977530877
0.0772946229423682
0.077328620498752
0.0774282894434975
0.0776059850986603
0.0776846619724562
0.0777675802371872
0.0777743719360571
0.0777870573819124
0.0777515790142806
0.0776760365459927
0.077654576893161
0.0776124991785013
0.077582080119619
0.0775033081157767
0.0774304470401956
0.0774015580755456
0.077316284165955
0.0771791424245585
0.0770238663826376
0.0769003128288224
0.0767464456001484
0.0765920075053926
0.0764315342662034
0.0763405814114682
0.076211984078341
0.0761229233086992
0.0760244736083152
0.075990095459715
0.0759704091888647
0.0759605271537655
0.0759637083538998
0.0759618995380785
0.076061886115874
0.0761214283832676
0.076161364016175
0.0761022938466986
0.0760774398167373
0.0760915349449687
0.076112877938292
0.0761425933802817
0.0761784350247879
0.0761918587591458
0.0762393769948618
0.0762950910880829
0.0763699435690843
0.076414291857866
0.0764383217865197
0.0764604939544577
0.0764488866206744
0.0763992555768341
0.0763769552118164
0.0763508742219181
0.0763256066084116
0.0762890807056569
0.0763142024141868
0.0763239051951504
0.0762977513720783
0.0762731779053184
0.0762932842133684
0.0762721119280664
0.0763130125411318
0.0763685170520312
0.0764358014019071
0.0765121644070027
0.0765718641843882
0.0766878393425768
0.076765110089858
0.0768339680416286
0.0769319220442642
0.0770000926004373
0.0770145879584336
0.0770500079386615
0.0770731800966243
0.0771475299771684
0.0772378109929993
0.0773671767603087
0.0774675433908357
0.0775570102697889
0.0776576324776637
0.0777093685308403
0.0777509448762692
0.0777338666577121
0.0777624745939304
0.0777887969926741
0.0779023728836137
0.0780487954801126
0.078123035741402
0.0782277593821658
0.0783308926478499
0.0784606577126252
0.0783413841199918
0.0785848793842164
0.0789177077412407
0.0792036599437889
0.0794888755176693
0.0798091518755051
0.0799651994778678
0.0799848457866457
0.0798416923791732
0.0796457360353171
0.0793809065761953
0.0791398600639081
0.0787946492881032
0.0783529281475683
0.0780494511548162
0.0777774496267986
0.0775427528906321
0.0773075728378352
0.0771526768620706
0.0769831279799965
0.0767978702470462
0.0766606082260223
0.0766144838185243
0.0766524275094373
0.0767132498088399
0.0767869266787501
0.0768897069204264
0.0770684290032385
0.0773867617608523
0.0775566086087491
0.0777064335110128
0.0780600120022102
0.0784762005886954
0.0787203418092877
0.078862617995506
0.078900349430879
0.0788871764747872
0.0786659807935642
0.0785468187439227
0.0785096062355765
0.0784638632488724
0.0783801310115049
0.0784152686053011
0.0785215312284599
0.0784658456010278
0.0784877550978193
0.0784262183958922
0.0782925016572431
0.0782693588782509
0.0781307513278708
0.078021839279338
0.0780206773354855
0.0780980210730382
0.0781830444091394
0.0783242357499387
0.0784424090146304
0.0784766241142282
0.0785422583318404
0.078690626091534
0.0788049230015505
0.0789249480020968
0.0790866277387424
0.079245743066454
0.0793494996341722
0.0794030221862301
0.0794607226125886
0.0794832206109202
0.0794958094519504
0.0794801208019378
0.0794976219495196
0.0793673407130899
0.0793189441227851
0.079250069925951
0.0792232141595375
0.0791126778347181
0.0789401340736388
0.0787633209266325
0.0786308792204448
0.0785468510881651
0.0783878632589984
0.0782947812693245
0.0781474781973139
0.0779125723893844
0.0776481763718691
0.0773607052731468
0.0771303510156764
0.0770511614916613
0.0770239415178193
0.0769317118587865
0.0769279637365099
0.0770230011612487
0.0771369118058165
0.0771551018306008
0.0772142319990067
0.0772864741669833
0.0774723488269635
0.0776109051423285
0.0777394896510089
0.0779898990545246
0.078242928214342
0.0785057989312273
0.0787283949090676
0.0789552167545709
0.0791016461419027
0.0792601165646869
0.0794324539098547
0.0795894652409414
0.0796864342658074
0.0797297848099008
0.0797781614394983
0.0797495772520022
0.0797615612533186
0.079730208482503
0.0797380984327137
0.0796590739550738
0.0795667523795772
0.0794771164145714
0.0793335103370429
0.0792540944623804
0.0791647298446887
0.0790632796553588
0.0790295929376035
0.0789288962298085
0.0788041951447427
0.0786477272135977
0.0784888431733835
0.0782603341979106
0.0780362138924593
0.0778299892425321
0.0776359119356414
0.0775189966619281
0.0774498404604421
0.0773184270807295
0.0772121269358175
0.0771307850824424
0.0769955974283963
0.0768457650607998
0.0767154867501403
0.0766206038382994
0.0765367485033239
0.0764557586024602
0.0764094206834769
0.0763267050665588
0.0762433835369176
0.0761544848700264
0.0761112954674757
0.0760611038847003
0.0760470539665699
0.0760926776512915
0.0761436442733805
0.0762000700134592
0.0762294781567903
0.0763079562711571
0.0763666766940587
0.076393892043825
0.076401094893333
0.0764575842348688
0.0764983777400083
0.0765102147997777
0.0764388830666321
0.0764609891566194
0.0764463578284796
0.0764775930217347
0.0765153539857832
0.076569515419074
0.0765508339554657
0.0766375498281096
0.0766936660532538
0.0766961447363592
0.0767512516690296
0.0767660318760282
0.0767995960744756
0.0767885265507066
0.0767980998967689
0.0768254849370607
0.0768065684810229
0.0769127403655362
0.0770495431579601
0.0771503636924303
0.0772874727168154
0.0773694791228532
0.0774097280528998
0.0774631608019481
0.0774494285390529
0.0773784357531224
0.0774009375331765
0.0773981189239905
0.0774445420453085
0.0774926755095749
0.0776567167712662
0.077829899989249
0.0780575650572927
0.0792476453604988
0.0795429750275008
0.0798451442225356
0.0800539620951373
0.080201144182664
0.0803642518828082
0.080392548587361
0.0803179659531393
0.0801158403790225
0.0799355315938131
0.0797540424487306
0.0795306419886772
0.0790838811149045
0.0785059745426056
0.0780492068715219
0.0776636714415597
0.0772331026755654
0.0770236641129547
0.076910505555869
0.0768637835770834
0.0767714871433945
0.0767513832290885
0.0768398941443714
0.0768271007647614
0.0767614776318362
0.0766956507617514
0.0766667686862922
0.076651995419452
0.0766096508770295
0.0766104340644742
0.0767038358412548
0.0768457680585253
0.0770398456889214
0.0771625573089983
0.07729181507307
0.0774439920012965
0.0776297262466729
0.0778472775233366
0.0780223675366173
0.0781177476707536
0.0782238186353447
0.0782569218797882
0.0783486724844303
0.078412572276325
0.0784612354293917
0.0785374737973399
0.0784390068844177
0.0782659056762203
0.0783233830975296
0.0782886540046846
0.0782372904059517
0.0781869483866333
0.0781558739718678
0.0781591704181427
0.078179034277179
0.0782694824823061
0.0782784827617291
0.0782473898140046
0.0782329607976127
0.0782236096653254
0.0782818504954908
0.0784293949578718
0.0786544643013152
0.0788785260105599
0.0791567585399028
0.079447687121061
0.0796987087060605
0.0798687179264506
0.079947463487645
0.0798624299166983
0.079761611076639
0.0796735998448834
0.0795163064320805
0.0793467792012638
0.0791593485706257
0.0789815900957598
0.0787453125868084
0.0784890013895699
0.0782922591568795
0.0780761607202164
0.0777943495206826
0.077489008591587
0.0772235832271595
0.0770892871808837
0.0769422101922426
0.0769439377144811
0.0770326307594444
0.0770981998659587
0.0772084810857834
0.0774382367169009
0.0776498751458607
0.0778911020486511
0.0781161656170035
0.0783547016532622
0.0785217921371934
0.0787489978869106
0.0788917310908985
0.0789497246755774
0.0790420022856007
0.0792349636012433
0.0794275794069426
0.0796633610024751
0.079672979686319
0.0797506390185343
0.0798464857248667
0.0797087152349152
0.0796677436572326
0.0794861887527545
0.0793201161240887
0.079248350002002
0.0791520151742568
0.0791155785238577
0.0790013294370136
0.0789020490070418
0.0788621097918643
0.0787781593934586
0.0786712368432299
0.0785822849574331
0.0785228566716712
0.0785035140451901
0.07851053694306
0.078478019975393
0.0784352120733682
0.0784734468733619
0.0784630418974601
0.0784734371369094
0.0784313912440854
0.0783934148246757
0.0784212148158478
0.0783926768600839
0.0782848993756123
0.0781538394916049
0.0780298017932457
0.0779023360048135
0.0777565995831227
0.0775918608220731
0.0774284827699869
0.0773080597960742
0.0771568161225007
0.0770750815463016
0.076973335986804
0.0768391096856794
0.0766929275268665
0.0765270191474032
0.0763282142705704
0.0761791919465416
0.0760379784866255
0.0759707179871117
0.0760023646106931
0.076013630636561
0.0760614095183232
0.0761484439658742
0.0762984339412176
0.0764614927959898
0.0766367777627789
0.0768479986883177
0.076996393801742
0.077087729468608
0.0771297922571655
0.0770940827014512
0.0769720816936154
0.076871966612874
0.0767500876142521
0.076747317053904
0.0767448927449308
0.0768424070804321
0.0768942722029747
0.0769930227748397
0.0769871897526035
0.0769477151048662
0.0769080627397824
0.0768566239188651
0.0768127198979102
0.076840885701397
0.0768407005227074
0.0768211171105348
0.0767804661096377
0.0768420029927631
0.0769399926815204
0.077108327907035
0.0771365295718215
0.0771947026363221
0.0772027365676599
0.0772782746532887
0.0772723403104251
0.077388109069252
0.0775984851192857
0.0778739129931244
0.0781058922391427
0.0783809135833245
0.0786654710481111
0.0789834802230796
0.0796323819775071
0.0800359938956635
0.0804131622641021
0.0805336956457049
0.0807042968493905
0.0809386216828815
0.0810865707158189
0.0813572597240388
0.0814999986184815
0.0815663136085195
0.0810599226082365
0.0804584475111686
0.079878226784117
0.0791524977940992
0.0783696923013217
0.0776002555121457
0.0771829227367999
0.0769696020584614
0.0768034354218234
0.0767735719636062
0.0767405520858234
0.0766469539971248
0.076642266005406
0.0766062476186783
0.0763218583560748
0.076132738254612
0.0759579661063686
0.0756879827943382
0.0755214691479889
0.07545706601433
0.0754573456287523
0.0755989948537981
0.0758021272020679
0.0759381154817684
0.0761394731761075
0.076408976365615
0.0768023259818863
0.0771437197919113
0.0776317651243657
0.0780985169391578
0.0785202200263247
0.0790842088212366
0.0795658397684248
0.0797082054286139
0.0798633213536087
0.0796886710504566
0.0792451231620946
0.07903217965559
0.0789666995017313
0.0789301109157211
0.0789431268627244
0.0789445796881147
0.0789304100480109
0.0789522252332553
0.0788882810657434
0.0788805304296017
0.078851967275591
0.0787885435843634
0.0787243099290478
0.078642760689253
0.0785187583022527
0.0784592958355651
0.078542806137624
0.078666228046142
0.0787948385138704
0.0790670075709174
0.079438990234269
0.0797676914985518
0.0800130146651276
0.0800931801260557
0.0799633059714084
0.0798263693386831
0.0797216107241578
0.0795704666484819
0.0793148701454943
0.0790117597413045
0.0786033258183982
0.0782930542349565
0.0778909776609063
0.0775653572532433
0.077326139034488
0.0770401508289534
0.076935599155379
0.0769520392765137
0.0770945913166745
0.0771475822686356
0.0773438589300444
0.0775021109121794
0.0778911908597356
0.0783162140805285
0.078608581438469
0.0788641582509029
0.079099814044382
0.0792595962526536
0.0793650822775205
0.0793594715401066
0.0791933519147802
0.0790071669303474
0.0789944128165527
0.0790531503790969
0.0791484401769331
0.0790594502943475
0.0789024575668023
0.0787683204202633
0.078638451174167
0.0784271058614263
0.0782733606431728
0.0781279295108058
0.0779137449226408
0.0778391033424663
0.0776969975328998
0.0775942342634072
0.0774986422161462
0.0774813481922427
0.0774493415962737
0.0774092044476208
0.0773339894488659
0.0771670652021904
0.0770827351688649
0.0770154575775448
0.0771013502316066
0.0772325110663965
0.0774193345864647
0.0776212604501182
0.0778206122310494
0.0778367192474262
0.0778659257023835
0.0779439522049254
0.0779823540630185
0.0779133240663594
0.0777568583056012
0.0777285311674705
0.0776622650839254
0.0775532486732902
0.0773530518372826
0.0773834504622641
0.0772564251282386
0.0772866021231577
0.0772606143793657
0.0772351563771047
0.0773248178021699
0.0773520672007323
0.0772680868366528
0.0771532232962894
0.0770188074874395
0.0769373148251776
0.0767916697662386
0.076687638497199
0.0765722829308556
0.0765320633691199
0.076535224166286
0.0764948771028655
0.0765887259163679
0.0767149136041005
0.0768426929993859
0.0770402139607441
0.0772332533272942
0.0773670439480045
0.0774331440376558
0.0775307941884109
0.0775570145065637
0.0775304723562746
0.0774988737535655
0.0774419413835687
0.0773193874821705
0.0773429414937636
0.0774189876358183
0.0774147004023264
0.0772933964503204
0.0771792527693569
0.0770966088648888
0.0770803113701509
0.07698851304487
0.076890705006675
0.0768431383127605
0.0767068298469617
0.0766371499269782
0.0766857907638766
0.0766620805777609
0.0768287311944585
0.0768303949159151
0.0768231533720793
0.0769112182219172
0.0769373726730992
0.0770557078040092
0.0772760873021744
0.0776317604141107
0.0780486928256873
0.0783623654432166
0.0787066854170443
0.0789994113450125
0.0792729886669332
0.0795727040738535
0.0802167329852576
0.080779807494137
0.0811433733525355
0.0814853030522304
0.0816790058911741
0.0820300258411951
0.0820298920999467
0.0817195816633779
0.0811110020408449
0.0803227157497517
0.0796234262850887
0.0789437089381012
0.0783085729761567
0.0775033610427896
0.0766564945773348
0.0756867463783535
0.0754931747267707
0.0755093664683049
0.0755394023760508
0.0756868320738737
0.075706728622091
0.0755642570014579
0.0754586245139856
0.0755467847529732
0.0755920308198979
0.0754496710101207
0.075276963023869
0.0749752191173993
0.07489518025463
0.0751033001993364
0.075309272088861
0.0756323183218116
0.0760393517887273
0.076401858932453
0.0768007689575247
0.0770642693098858
0.0772503135593469
0.0773540360068371
0.0775235537448163
0.0775292285846323
0.0776496766582258
0.0779097914935314
0.0781321635798621
0.0780580709720371
0.0779243628133315
0.0776458819560424
0.0775411771897978
0.0775672266641988
0.0775896417257051
0.0775879231540251
0.0778071234400232
0.0780177521388733
0.0782116804027823
0.0782748208328447
0.0783180027810774
0.0784927782578351
0.0785692391728999
0.0786994344892775
0.0787891621478446
0.0788290527945952
0.0787742630659967
0.0787974122321903
0.0789019288775747
0.0790992726445018
0.0793144814437676
0.0794670155003508
0.0796204771751926
0.0798021428941811
0.0798847698550468
0.0797879925249398
0.0797805043032016
0.0797450146664226
0.0797018186490663
0.0794430169511734
0.0792276368109694
0.0789295525306593
0.0784103952823793
0.0778982982147895
0.0775765164911711
0.077214895379754
0.0770107328150914
0.076917999088518
0.0770393832480208
0.0772116493628886
0.0774620086750655
0.0778141378075569
0.0781431613286537
0.0784550887978467
0.078709143126236
0.0788109787393752
0.0788438473389669
0.078850921442253
0.0787011698013522
0.0785860425342532
0.0785055579963796
0.0783136584526197
0.0782557388615215
0.0783506289407104
0.0782578442962003
0.0781138795216366
0.0780344139081432
0.07804715328813
0.078171583340184
0.0781741007262954
0.0781557029202356
0.0780805681927143
0.078048100531482
0.0780451220968464
0.0780653825906266
0.0780555818583724
0.0780343126860394
0.0778996099591934
0.0778237861861262
0.0777459352991917
0.0776758974190265
0.0775889026957151
0.077529940198376
0.0773910475881505
0.0772170655117825
0.0772228021097662
0.0771689494040213
0.0772961294932293
0.0774148939686205
0.077535283612886
0.0776357267492378
0.0774950825666865
0.0773213055098869
0.0771811647443546
0.0770735726027842
0.0769551147264394
0.0767054947224335
0.0766766170458886
0.0767000712184092
0.0766161384765432
0.0766926720284541
0.0768459573662548
0.0770192125581007
0.0772019716231701
0.0772498765749906
0.0772528382010356
0.0772427716923111
0.0772841241308332
0.0772650902754459
0.0772390062769263
0.0772277237427299
0.0772840480872439
0.0773091390357176
0.0773361760673056
0.0773818647035385
0.0773845711851049
0.077419435632056
0.0773956821257081
0.0773599164562529
0.0773327753518642
0.0773069399689455
0.077401496993516
0.0775728677184033
0.0777617683829234
0.0778680868366084
0.0779249618859562
0.0779501671195418
0.0779518032319698
0.0779339721220071
0.0778779527727629
0.0777475302876326
0.0776191055239154
0.0775771693781969
0.0775406469227875
0.0774581647716105
0.0773828724569725
0.0774967152357872
0.0775891479992848
0.0775711059229858
0.0775144153633344
0.0773703618669374
0.0772142915188543
0.0770370163578118
0.0769148440108731
0.0767871448981603
0.0766604716735383
0.0766354681840827
0.0768176788010656
0.0769064502404821
0.076926945914726
0.0769795443430637
0.0771762613339579
0.0774611853876816
0.0777102401987237
0.0781662591299561
0.0784728606948957
0.0789472832457627
0.079648705888823
0.0802658754464616
0.0807869089224995
0.0814754062673801
0.0819514414871272
0.0820939514170149
0.0818738723219226
0.0811842615015143
0.0803785842832383
0.0796541312180755
0.0787226268314895
0.0779459647101393
0.0772252948317742
0.0766554813370719
0.0763931747352484
0.0757738748296617
0.0748069106636529
0.0744379623792941
0.0745366746516107
0.0747446761177177
0.07512366350716
0.0754718954620074
0.0755880902101801
0.0755051764365726
0.0754547462027779
0.0753534994632016
0.0751912236147244
0.0750759612237921
0.0749773350150621
0.0750838685640858
0.0753351327577624
0.0756553806422796
0.0759166532713717
0.0761726999109302
0.0763811255643596
0.0766424455285323
0.076752595692239
0.0768794058163491
0.0768525941602806
0.0767714160955741
0.0766355301815079
0.0765379637137328
0.0765034345581616
0.0765985790118877
0.0766223296016245
0.0766046432302261
0.0765794459393208
0.0764997592552999
0.0764054525937238
0.0764272012764936
0.0765352221061918
0.0766692058244898
0.0768625991679537
0.0770679303232632
0.0773167881666809
0.0774969000212548
0.0775567493525206
0.0776939351853774
0.0778207319617176
0.0779343601619764
0.0780646951834725
0.0781406375285831
0.0781891641108408
0.0782357367537528
0.0785849959907558
0.0789468688499206
0.0792517969105232
0.0796082357030957
0.0799137121610877
0.0800695304807488
0.0801070255572975
0.0800626098416481
0.0800739370012005
0.0799976837568535
0.0797289855629147
0.0793970671989596
0.0790603560661133
0.0786894105553069
0.0783346218302718
0.0779180718859255
0.0773652748533194
0.0770032088694032
0.0768424833440482
0.0767802783465574
0.0768829308528404
0.0771277806520754
0.0774698426272944
0.0778665789834454
0.0781508004299576
0.0784503254776446
0.0784531437676525
0.0785610277213837
0.0785534080715778
0.078618400200011
0.0786312954182036
0.0784419685434888
0.0782518772723818
0.0781623482033592
0.078087345103234
0.0780213116039425
0.0780467139663019
0.078124004608422
0.0781646824997605
0.0781652167318163
0.0781463285804076
0.0779737954819032
0.0779839161306291
0.0778710340767052
0.0780011297873962
0.0779896692911051
0.0779238703544785
0.0779735249067249
0.0777847265868719
0.0776783211980946
0.077477632460999
0.0772974250136917
0.0771730884561148
0.0771141182327947
0.0768790916831164
0.0766818140539992
0.0766259498316473
0.0766243082985886
0.0768715250262574
0.0769637291514807
0.0770014368309845
0.0769898692437575
0.0769234116612075
0.0769664867794855
0.0769071198224778
0.0767670273869061
0.0767274619267045
0.0765685714491862
0.0765520343518173
0.076571681929317
0.0764657804780765
0.0765375568091721
0.0765585700593118
0.076791594175303
0.0768895075012887
0.0768691476617899
0.0769049842186818
0.0770304087258573
0.0771499597466251
0.0772080666146615
0.0773911808594192
0.0774418565487748
0.0774458743866265
0.0775583500271321
0.0777071922902131
0.0777263794884986
0.0777488672549567
0.0776884906331051
0.0776720536102543
0.0777202821228788
0.0775991474628164
0.077397037311174
0.0771798612684164
0.0770024147751793
0.077025518851965
0.0771829308313347
0.0773611321780081
0.077528568573097
0.077648778934358
0.0776146502487603
0.0775571271544869
0.0775501720631452
0.0775274576455601
0.0775712011514417
0.0776097642658602
0.0775801534295324
0.0775842825997109
0.0777831077395877
0.0779647166500909
0.0780280170934382
0.0779065766330779
0.0777296948973159
0.0774855559596156
0.0772235555412454
0.0769858442274175
0.0768335393864159
0.0767987497884177
0.0768359512205067
0.0769729089613903
0.0771602582679024
0.0772436699485073
0.0772943870822703
0.0773634814881387
0.0774008118339473
0.0775906653772734
0.0780804987584966
0.07845487940311
0.0789836299576522
0.081032457376318
0.0816340492607586
0.0823914998451993
0.0829694514520987
0.0827048968393089
0.0818466578917948
0.0807649014618385
0.0798388640859501
0.0790727318843065
0.0784431500803011
0.0778699642908918
0.0772218001335991
0.076721455686147
0.0763617052064308
0.0758579281913423
0.0750274928763994
0.0740626608722753
0.0737499731480702
0.0741812878224595
0.0745734455655425
0.0749014219441751
0.0750927325210834
0.0750739197532904
0.0748385849988864
0.0747543234127865
0.074725014956333
0.0746924885091986
0.0747189871535281
0.0747699798441297
0.0748642141719928
0.0750030101836594
0.0752176684056778
0.0754017004251593
0.0755441205890523
0.0757451550372958
0.0757664559828021
0.0758310227359631
0.0757142671495524
0.0756470334596793
0.0755915416209129
0.0755026141218007
0.0754559908524036
0.0753604918632351
0.0752780232859666
0.0753576903899785
0.0754630751135683
0.0755035024388996
0.0755524516114752
0.0755432744358089
0.0756741238870766
0.0759452921072073
0.0761449014813495
0.0763424804015354
0.0765461822696684
0.0768327332820695
0.0771192594586441
0.0774093788284024
0.0775179140647738
0.077568213076369
0.0775022165230313
0.0774983194764972
0.0774996828170749
0.0774813026012998
0.0774500039864568
0.0777273673658007
0.0781062505867429
0.0784329114521042
0.078856315032737
0.0793628315278999
0.0798104118744781
0.0799911096198783
0.0800369676798039
0.0801660328485015
0.0802941683348396
0.0802278930411614
0.0800518789258853
0.0797231444765152
0.0793317555352274
0.0788152929395174
0.0783582187411577
0.0776930132467141
0.0769612372948117
0.0765643203242046
0.0763729711425733
0.0763503580379646
0.0765201060839523
0.0769383272881378
0.0780173854191211
0.0791696032004946
0.0788135105769165
0.078954403170573
0.0789347334101407
0.0786625850561141
0.0789587202963662
0.0798815522572535
0.0799446172756201
0.0800243048311167
0.0805541998851786
0.0808210323731374
0.0807708138995039
0.0807366074329787
0.080812829813759
0.0806628213303914
0.0807079397215861
0.0806350257285242
0.0806308654180652
0.080167833176971
0.0806533652187817
0.0787945166694987
0.0790732566135032
0.0785648014960492
0.0784373635616774
0.0781231523750222
0.0776447402922276
0.0771045307860008
0.076736479547487
0.0764718667388463
0.0761733918614824
0.0757761009755368
0.0756199821942284
0.0756180229045246
0.0757082490343539
0.0758582506000605
0.0761560783094656
0.0763236256302423
0.0764267638852004
0.0765126402792709
0.0766374032924183
0.0769950320750755
0.0773443539575632
0.0773957093622799
0.0772294268354786
0.0772845109882249
0.0773132370998382
0.0773842496442867
0.0773742667083319
0.0773591991717637
0.0774399233403876
0.0775335849500782
0.0772329930717389
0.0767592020735838
0.076572654957569
0.0767002427338477
0.0769482547664671
0.0770497385691253
0.0771453625125989
0.0772506412080811
0.0773985192890346
0.0776229180250414
0.0777683426888175
0.0778761408247482
0.0778593191266338
0.0778306722370776
0.0778267510873669
0.0777738631086269
0.077479506593668
0.0772665629717728
0.0769977278815751
0.0766802298792517
0.0766838628491316
0.0768054855119641
0.0770508403274896
0.077186974807508
0.0772653667882319
0.0774797653205863
0.078223219197564
0.0788226285187084
0.078271883074332
0.078629061842699
0.0786764049340276
0.0787164777508368
0.0787440667124149
0.0787642509538673
0.0783523845561298
0.0779831029381662
0.0777197347775394
0.0776946973461443
0.0773820168399505
0.0772226383315392
0.0770408089951666
0.0771756988048452
0.077193912517329
0.0773073282423674
0.0776018991165199
0.0777901926893412
0.0778564186789659
0.0780811036438884
0.0782908608732909
0.0790470083365894
0.0797776987328055
0.080041993627558
0.0805298093098821
0.0810678135556684
0.0815353383565579
0.0821071169968126
0.082266361742743
0.0811337326118068
0.0796063486548571
0.07875551371968
0.0783400542504115
0.0780414665502536
0.0779488659262448
0.0779251542799209
0.0774034248664081
0.0769235166441494
0.076522712615568
0.0759282220541552
0.0749922795090231
0.0741966791096543
0.0739830908993119
0.0742418124026057
0.0744060263957023
0.074283245096511
0.0741057730358134
0.0740964897487756
0.0739160765629406
0.074023952745206
0.0740342464766773
0.0741747234556246
0.0743475329183571
0.0744453300968714
0.0745044984734021
0.0745530961928749
0.0748221588025033
0.0749551042150929
0.0750305849395374
0.0751645244237807
0.0751423966142921
0.0752574695886601
0.075374511842853
0.0755145708725259
0.0756743650356513
0.0757893572717216
0.0758784015273558
0.0758298464123972
0.0757085679187585
0.0756600802344631
0.0756858887643961
0.0757097331678371
0.07575094487362
0.0757171755994991
0.0756628807097086
0.0756106140584633
0.0757486115954646
0.0761720829668694
0.076461800762645
0.0766708691907748
0.0769362407905462
0.0772848688958761
0.0775496553155043
0.0776921819026297
0.0777033110760344
0.0776160041404925
0.0775628969698041
0.077531895628408
0.0775609905487058
0.0776928324871123
0.0779015786921137
0.0781426393621887
0.0786078666217123
0.0791676634722215
0.0796201772071831
0.079986383733273
0.0801304563605071
0.0803573455200126
0.0806558691255469
0.080777644342685
0.0806963539416506
0.0804307250137466
0.079937220132097
0.0794605141049932
0.0789373204898094
0.0781098915053135
0.0773032802877159
0.0767096062673845
0.0764090932881477
0.0763557546077931
0.0766020423443284
0.0772020221108898
0.0787622166558333
0.0794662057144567
0.0795813053076706
0.0798409448243229
0.0801839127969557
0.080646345926319
0.0805238114739727
0.0802127300898101
0.0799678559448566
0.0796530036444089
0.0797387864413764
0.0798801152376364
0.0798643325383852
0.0798845083099527
0.079433107863888
0.0794293330630899
0.0795197692077272
0.0796924229332614
0.0799143978668276
0.0800278471202726
0.0800278911736989
0.079941350317264
0.0802708431320138
0.0802900489378814
0.0802469604832869
0.0792466759278582
0.0781643283770742
0.0774371254065111
0.0768711494627588
0.0763173505647331
0.0759087485092449
0.0753253828830218
0.0753340669840616
0.075159412694032
0.0750820289404374
0.0750918598496534
0.07543765202703
0.0757006558219749
0.0757548575849838
0.0758611195043804
0.0759938391349034
0.0762016268106609
0.0766685682767812
0.0770875074602953
0.0778339833257795
0.0783205185739364
0.0786201479238529
0.078748894178478
0.078786399274618
0.0785528997226332
0.0783699332094545
0.0782074585667409
0.0775257149913915
0.0769479632593619
0.0765620494384936
0.0762169520713368
0.0761902632599166
0.0762634971734428
0.0763862612813793
0.0765461774925199
0.0767312830696725
0.0769141148430397
0.0771515018832643
0.0770847067923218
0.0770754919411559
0.0771302083096007
0.0770793660693477
0.0768911431379927
0.0766830760171854
0.0764937541348812
0.0764426732208029
0.0763936544263565
0.0763046496038908
0.0766116134893992
0.0768967960562485
0.0777510158973847
0.0783524804612047
0.0783337030104037
0.0780062375368353
0.0782359962464648
0.078064947887352
0.0780954253061911
0.0781929652337486
0.0781415774448772
0.0782834153870539
0.0784612327914281
0.0787411639589463
0.0784225425052375
0.0781610599827848
0.0779989427139047
0.0776597009259893
0.0774490797167503
0.0775073008351075
0.077649647232875
0.0777659629236792
0.0777436442860001
0.0776029366520812
0.0775033916768192
0.0774639645002313
0.0776674125795465
0.0781671749478447
0.07870367419235
0.0792066724444457
0.0794830350959635
0.0803224953519634
0.0800001480059229
0.0800648416697182
0.0798892762308834
0.0793048784474315
0.0780600821627856
0.0779260816744333
0.0779927492899339
0.0780705846626054
0.0785368953792736
0.0788243689940423
0.0788933209688595
0.0784520329484559
0.078112487652349
0.0776085244540545
0.0766886503694687
0.0759386983150531
0.0750265984434517
0.0743560522664559
0.074130150173883
0.0740692152357969
0.0740242788789223
0.0740128447940151
0.0740674720784293
0.0740129817727457
0.0736291880356231
0.0735146225499114
0.0736917308067821
0.0738797428298406
0.0738307208866522
0.0740466541274735
0.0741284325402327
0.0740769603891991
0.0741253470336941
0.0740593424386608
0.0740170548213941
0.0740892518025159
0.0742800250335328
0.0745474352233756
0.0747037628728948
0.0748876633323993
0.0751662181976411
0.075560883746892
0.0756978374230887
0.0757554761788492
0.0760988013546531
0.0764424478406551
0.0767644006154322
0.0770889190797755
0.0773530293006875
0.0774349766689051
0.0771831335282623
0.0769411887504106
0.0767787817665483
0.0767928368916145
0.0767611600672607
0.0768683456452743
0.0771216857355812
0.0774261126805593
0.0774777232639026
0.0775427331979197
0.0774977590250715
0.0774163598677303
0.0772993146806069
0.0772516283750963
0.0772146965613019
0.0773084810595907
0.0774308233627812
0.0777253494268225
0.0780891863634882
0.0784913462301133
0.0787090540850807
0.0788496175354332
0.0790826485605371
0.0793881833716227
0.0796728872905325
0.0799267120357396
0.0802333184533312
0.0803439972446997
0.080137648873098
0.0793584145601498
0.0784275276403854
0.0773709048230273
0.0768219498808303
0.0766980563794734
0.0766989448901916
0.0769302294003187
0.0783959398930404
0.0800287603328224
0.0800558565766697
0.0796045195058287
0.0792196857289271
0.0791134809642072
0.0791377276221774
0.0791883783583878
0.079149588711582
0.0790692552790226
0.0790856821383997
0.0791895420632918
0.0792140598926881
0.0792227909279646
0.0790961954202372
0.0791373537100181
0.0792163117011532
0.0792399332835885
0.0794984666185617
0.0795380204080185
0.0794454655115994
0.0791479533124865
0.0787182342232151
0.0789288545226099
0.0798379748756773
0.080354845160433
0.0806179102823773
0.0801828255204022
0.0793618855994575
0.0788806507537256
0.0784012618276751
0.077618314447674
0.0768192705827785
0.0764900814332785
0.0767298717094608
0.0767125648656094
0.0766571621156683
0.0765961374995293
0.076611839048123
0.0765037669330082
0.0763898474212681
0.0762863280060454
0.0766057513209703
0.0767516188330127
0.0770243515203898
0.0774105192580559
0.0777239390230371
0.07917944046975
0.079937294216528
0.0793870345575361
0.0796181499338003
0.0793847175856305
0.0789453434953072
0.0784385578213607
0.0777315926732912
0.0770408350603159
0.0767873836581088
0.0767524158330503
0.0767015956278048
0.076692939642081
0.0767480784532664
0.0765790716106575
0.0764357372036232
0.0762997859244935
0.0759692267906861
0.075824234721139
0.0756536322694643
0.0754743062017869
0.0753046944211189
0.0754406584246126
0.075748919089473
0.0761092524773922
0.0763581331227956
0.0768188190352975
0.0781439616569714
0.0784012262520487
0.0784522427856805
0.0778077815640539
0.0779092168345284
0.0779040174103189
0.0780101011541816
0.0781626840020513
0.0785353837221359
0.0787469017146432
0.0788044486694562
0.0788018755189529
0.0787177931943724
0.0787619862765343
0.0791098194198252
0.079386743976709
0.079521693629221
0.079232737138767
0.0780681202675461
0.0772056404966716
0.0770439390780148
0.0768989280548662
0.0768320394097012
0.0766984862555521
0.0767188107723501
0.0768690677289914
0.077140971148601
0.0775191454739342
0.0781369790022405
0.0787325178136382
0.0795492733077907
0.0801107672278394
0.0789820440046964
0.0786511411920863
0.0776967515335989
0.0771698753798568
0.0766563423604621
0.076611008763782
0.0768381082371703
0.0772322734114925
0.0776836927519116
0.0778682234952402
0.0779119876976134
0.0778416065360757
0.0772201596285496
0.0767948797430575
0.0760502421222748
0.0754999703174902
0.0749319868438476
0.0746816213435843
0.0745329525322358
0.0743430814374568
0.0741533458860676
0.0739761358627884
0.0738421274909228
0.0735507790793117
0.0733499423445797
0.0734209025482252
0.0736981533350539
0.0740927391414372
0.0741836761433187
0.0739998841653411
0.0738364397250019
0.0737688498575971
0.0737218306609849
0.0736398307212934
0.0734374656350539
0.0731053966486079
0.0730487122285811
0.0732158882546459
0.0733841561377149
0.0736416654518025
0.0739086961249776
0.0741714660472415
0.0746106671314689
0.074776288622978
0.0750903956721495
0.0754941209146653
0.0759060666093564
0.0764191635369841
0.0767395350796874
0.0770488391388061
0.0771010535428219
0.0774664057082938
0.0775447799169442
0.0773267252985774
0.0766478289937681
0.0761546134161799
0.0760469998742794
0.0761416813122382
0.0761806288986368
0.0762726179143132
0.0764321074877439
0.0766165283351516
0.0766337289362036
0.0766775094696983
0.0767984364102381
0.0769469099099335
0.0771808323138537
0.0774784490535657
0.0777294520380624
0.0779027077700768
0.0777766213811781
0.0776261632564778
0.0774684966140018
0.0775009485100388
0.0776847190689166
0.0780270457289813
0.0784769646838191
0.0787581079731634
0.0790024769221023
0.0789196738863632
0.0784179557693564
0.0777678457029869
0.077225444268836
0.0769551148152465
0.0766840861271341
0.076621579117766
0.0767103803299008
0.0775698589158008
0.0785063303121168
0.0792166786777667
0.0796226746599789
0.0793129020456249
0.0790759185406535
0.0788816576588507
0.0788913409607005
0.0789388023828736
0.0792247002676728
0.0796470967350674
0.0796057122676803
0.0796650266974452
0.0797029339811028
0.079659261171853
0.0797753122939968
0.0797255073636518
0.0793776911113582
0.0793185937407122
0.0792178668310197
0.0788106587269067
0.0784280398947916
0.0787456194447572
0.0791386617087944
0.079719288782012
0.0799922064493978
0.0799681741224048
0.0798394528588585
0.0802375935126902
0.0800344175385132
0.0795421459363038
0.0791158516973685
0.0780179278854592
0.0788119654753147
0.0791344765676567
0.079008642418932
0.0789966477008639
0.0784766752324954
0.0783093453443976
0.0782965684867351
0.0780830393948433
0.0785169545051863
0.0790667390143879
0.0789624777232806
0.0791008343863973
0.0791997431044286
0.0796463537724661
0.0814855886331496
0.0795636678247378
0.0793224407033274
0.07938345169264
0.0786012839384947
0.0788690425574957
0.0787851121083903
0.0784910833142384
0.0784429990845214
0.0781964784527923
0.0778798459557687
0.0776550155305493
0.0775649223156129
0.0774989675633539
0.0778762507409471
0.0777556621311692
0.077276991068534
0.0762774943177697
0.0755553469058507
0.0749632921832085
0.0743798358472555
0.0742656458994035
0.0743909979741988
0.0749529839759831
0.0755454941272393
0.0776117402324588
0.0777471789049646
0.0770639183972397
0.0771220115035722
0.077001237617351
0.0771836372679348
0.0773913315579417
0.0777667234192742
0.0779822321108324
0.078300203803484
0.0784986945096273
0.0786557044389884
0.0788128730878724
0.0788670320093356
0.0786458285175451
0.0785074984292504
0.0783823477733182
0.0781933585408588
0.0782064062216123
0.0780255492717354
0.0776242872481467
0.0771248840644533
0.0767811353295506
0.0767697400439864
0.076879286660212
0.0768292045039648
0.0768835286681078
0.0769289202812214
0.0769027793344187
0.0769818063436388
0.077852332852493
0.0789448754091285
0.0794959396653001
0.0759506587817387
0.0753330795337394
0.0749055068580259
0.0746829984688052
0.0739919668641135
0.0737333889005712
0.0736673313119323
0.073467913484734
0.0734192942218039
0.0733501078760441
0.0734553659005596
0.0737487810817999
0.073977111135596
0.0740607775771755
0.0743173293163575
0.0743927964907438
0.0745802144750361
0.0749375609122102
0.075164721806786
0.0751305441448773
0.0748148922432474
0.0743533401610527
0.0740756694347628
0.0737204903816607
0.073240650111905
0.0731024760656201
0.0733733936904775
0.0737673085245743
0.0740659915359166
0.0743599010353006
0.0743193355826694
0.0743470430938172
0.0742042910520395
0.0741090223202643
0.073759232324803
0.0733788150922033
0.0728120227082959
0.0721983045201331
0.0724563827608717
0.0727173510117115
0.0729099928128601
0.0734749405427394
0.074493384905225
0.0748551471481715
0.0745870299637632
0.0744961431477931
0.0748398761198375
0.0752433853267663
0.0757021374423542
0.0760708935096925
0.0764755152053509
0.0767364603571199
0.0769392155676293
0.0769661743200052
0.0766386927058462
0.0764197856960187
0.0764170527350402
0.0764206575449077
0.0764121095310794
0.0767173978515067
0.0769479384692786
0.0769888703794297
0.0769228948702024
0.0767871745040497
0.0766278150883193
0.0764751039241958
0.0765365382609612
0.0766687325210488
0.0769052567915368
0.0770328601522157
0.077034413501595
0.0769179203957458
0.0768146853591127
0.0768041189065551
0.0768111110058722
0.0769570146327656
0.0770673914882327
0.0771873882526171
0.0771295898110846
0.0770681089354718
0.0771260775003092
0.0770275215559687
0.0768456025857477
0.076385341556938
0.0760934266077845
0.076073233263887
0.0760545135715112
0.0761332149941168
0.0764286194499249
0.0771443244221197
0.0785749441092061
0.0795789582512313
0.0792721582650688
0.0791052803256632
0.0791304833239908
0.0787819512149197
0.0789078391462292
0.0790344428862968
0.0793394026325268
0.07951403846379
0.0794500981690621
0.0793343133854453
0.0793222324048592
0.0789377225096533
0.078667068669909
0.0787834501396068
0.0787119196532315
0.0784994494295071
0.0784123122866483
0.0788917415027977
0.0791320909930932
0.0793526018076315
0.0796062654927131
0.0797173705670814
0.0796015148454776
0.0799291576808263
0.0799706344826444
0.0795605743181718
0.0794990638178776
0.0785882161174641
0.0786127579185241
0.0783431610804001
0.0786518325834389
0.0801182895461748
0.0802551945385313
0.0798148884653854
0.0801307837314371
0.0802981208862481
0.0803151384562817
0.0801999293248433
0.0800019407825607
0.0795020888888768
0.0800003020314198
0.0801575359879462
0.0802171820414901
0.0792863031207191
0.0796497322919651
0.0787601372375516
0.078833658945244
0.0792700698959989
0.079424638452442
0.0794464759787367
0.0792803690390344
0.0793466086899701
0.0799428027081003
0.0803299481453231
0.080065263964393
0.0795208595769028
0.0796498186624356
0.0796183926404917
0.0793382329213463
0.0797642242572808
0.0794392071697623
0.0778517200335788
0.0759332804538793
0.0744337836483786
0.0728113213452427
0.072743902761586
0.0737873993777678
0.0753462314567458
0.0769563162831235
0.0762943851919388
0.0763482897062892
0.076331918315103
0.0764985643173335
0.0769545258343767
0.0771904192980827
0.0774554107801574
0.0776835832158383
0.0778690572529744
0.0781031016550929
0.0784226422017918
0.0786558081287159
0.0786710449539436
0.0784399994773748
0.0778302362788457
0.0772506862339578
0.0771254248898971
0.077093447075582
0.0771405375931241
0.0777398315712028
0.0780858964733717
0.078104728256602
0.0783953168562585
0.0783382598600999
0.0780497540810012
0.0771793642171529
0.0768126589910795
0.0761842600660947
0.0757065154438078
0.0760885266921716
0.0761086481977099
0.0747228953048387
0.0738588477489278
0.0731575907137956
0.0722627484441928
0.0714301835506198
0.0711984388291881
0.0710056755848651
0.0709880889957852
0.0711173483270097
0.0713911142371994
0.0718643099536972
0.0723411694545525
0.0726609274297924
0.0728174179665553
0.0730394530452225
0.0733196553219684
0.0733587554164398
0.0736195454694806
0.073966766861653
0.0739858847619621
0.0738607508757934
0.0739400614983698
0.0739282036416968
0.0738416881903197
0.073689085942378
0.0733666616320037
0.0729464863867586
0.0727043070726663
0.0726789866834137
0.0730431085737248
0.0736270463726607
0.0738249609742818
0.0740071439681401
0.0740896315521004
0.0738108678384063
0.0735477976324053
0.0733758803164579
0.0729219617901421
0.0723786106083614
0.0726638097358456
0.0726789210943435
0.0731673026425036
0.0747601868340655
0.0755431749884176
0.0753217396780762
0.0749040976508024
0.0747680761030327
0.0748568139666849
0.0751967792094635
0.0756953196850014
0.0760090089508782
0.0763634497220148
0.0766120858408276
0.0768887463939775
0.0773026121197804
0.0776173147566049
0.0776803317827876
0.0772364223791163
0.0769338968759209
0.0768698552268311
0.0765947032597381
0.0761355936708274
0.0757037133243009
0.0755330518400054
0.0755635892301387
0.0756227185254941
0.0757027528923706
0.0760104658170071
0.0763029340026288
0.0763436424787035
0.0763371544354773
0.0764108332167794
0.0765735731680212
0.0767092794308667
0.0766712151750545
0.0766620274267272
0.0766094363341168
0.0764601484365328
0.0762935130603303
0.0761423374632068
0.0761068073080613
0.0762615308633812
0.0762608719108114
0.0761062244703628
0.0759170144659358
0.0758823730077798
0.0759296252664046
0.0756759575839301
0.0757217217396434
0.0761191816390516
0.0770925971863431
0.0780853072735136
0.0786431478699103
0.0784665206397905
0.0786319335147095
0.0789146762633557
0.0792868727929681
0.0796717689591236
0.0799593518768033
0.0795734315852785
0.0793234615409389
0.07895915420047
0.0786904729078214
0.0780896008529368
0.0778233755510706
0.0778590152335357
0.077841470154211
0.0779251512945937
0.0783266635498822
0.0787398070271388
0.0790494777262765
0.0793321614605269
0.0793975486990631
0.0796078909537683
0.0794867055385025
0.0792247196956736
0.0788526348017591
0.0783380280798058
0.0778352277388925
0.0779348827425748
0.0778520163550642
0.0774721554565957
0.0782466293614697
0.0794411839349198
0.0797926984084775
0.0791256595371645
0.0790893529279508
0.0792521930608573
0.0797971915679925
0.0802534942973901
0.0801806384344642
0.0802275637711574
0.0803832309506779
0.0808342991466736
0.0806689977741989
0.0802309390444015
0.080082139770882
0.0798667300266176
0.0799667401643842
0.08012886117379
0.0805751843814445
0.0808561578658219
0.0805226979859748
0.0800995331984048
0.0804346886028916
0.0803124184299447
0.0804237116598155
0.0806838163448212
0.0810596004564858
0.0813408879994601
0.0812514432385722
0.0811862052064826
0.0804414925338065
0.078558276812114
0.0769497299299285
0.0744720653675661
0.0727725275389599
0.0723215567079956
0.0726927935515794
0.0738191654515298
0.0758053332246486
0.0750290117872136
0.0747973573153051
0.0749187200059474
0.0756202965852805
0.0761566816636471
0.0766445639381893
0.0767824967190402
0.0772194144925016
0.077669788909566
0.0776477606101424
0.0775310434015209
0.0774006964437686
0.077471376423354
0.0777348743756253
0.077837591016179
0.0776050765945419
0.0780136630123626
0.0780559448148015
0.0781776467221282
0.0782682221719663
0.0785092138562455
0.0785398964399531
0.0792091575679421
0.0802493459464741
0.0835251001391585
0.0807321507790881
0.0785430943034887
0.076850809321239
0.0759769363520758
0.0755657057203521
0.0751562445718889
0.0747972507108453
0.0740838912985501
0.0733388258958999
0.0724132083619502
0.0717307584262735
0.0715043766720141
0.0709919178430546
0.0712444608493415
0.0715334858479246
0.0720079863309303
0.0725215029291754
0.0727471806045849
0.0730229654102938
0.0735668130342436
0.0737946985269787
0.0733993312161913
0.0730001028698641
0.0730112172139062
0.0731296042314892
0.0732101356903521
0.0733450086389884
0.0731410399514119
0.0729662875403869
0.0731532985517037
0.0732256021702699
0.0731638761020449
0.0728475160793369
0.0725439632415595
0.0723598549522315
0.0722573651582857
0.0724389783861613
0.0728608314751261
0.0732559905716067
0.0733697644167058
0.0735078565486027
0.0736812186499671
0.073670293803754
0.0734316848013324
0.0725077972503322
0.0723860052794984
0.0725816420348796
0.0723703989169587
0.0729140711471172
0.0737352341261759
0.0741676163808056
0.0739785576333128
0.0739831590745102
0.0740850617728008
0.0742243376879124
0.0747364782860859
0.0752336444146553
0.0756596318100552
0.0761428780732868
0.076674428307216
0.0769477693135242
0.0773564419275528
0.0773693836556813
0.0764202721791012
0.0755372334038249
0.0752182943774148
0.0749462637956573
0.074881592154781
0.0749295849246868
0.0748211147172456
0.0746581070795327
0.0749334903047379
0.0753348889586426
0.0759488758639605
0.0768770817096872
0.0774298954908292
0.0775080040923007
0.0771768345460005
0.0769830816555656
0.0766439275625176
0.0763884957083323
0.0760542729913776
0.0755022085581413
0.0754647619251638
0.0755013910598981
0.0752902064371637
0.075010651555426
0.0748919259114192
0.0748236137801895
0.0749500274936293
0.0750256149905601
0.0754084184593351
0.0758682482050857
0.0762325465964093
0.0765723581451131
0.0768425134606016
0.0773963581079771
0.0774170027393099
0.0777344845752309
0.0777185143004145
0.0777195396530302
0.0780106539203383
0.0782688233215791
0.0784630651073919
0.0786847611983368
0.0785189333846611
0.0784312475277247
0.0783575846304326
0.0775606423339587
0.077209372488142
0.0770944920289942
0.0771273765658906
0.0775554984592828
0.0780119277996401
0.078253711579274
0.0784837924460423
0.0786820724322506
0.078847866199896
0.0790612139123354
0.0791192296745248
0.0789069570257598
0.0788808692809066
0.0789017972801753
0.078603261999908
0.0781531831079885
0.0774798580469905
0.0765778173016712
0.0767487820585726
0.0776124396523903
0.0779738763064337
0.078823252284427
0.0788224430197823
0.0789376270341177
0.0792300716386396
0.0794740102632922
0.0794156712704361
0.0790380065985027
0.0786262654050332
0.0780887330898727
0.078731050539354
0.0793582297100394
0.0795394966466214
0.0791669629744966
0.0800208407879321
0.0801193904202347
0.0806019786095208
0.0804534638712013
0.0800804049362435
0.0795170057973779
0.0794200133820561
0.0793695534530477
0.0793752271618956
0.0798409432197961
0.0804394260490295
0.0824156089764286
0.0818620964986072
0.0817979471499459
0.0826026111970389
0.0797642337593184
0.0787294862385978
0.0772096121750227
0.075213795224608
0.0733130809348471
0.0724165690886045
0.0731111358009205
0.0736964879659509
0.0748903552970968
0.0750866163007712
0.0735267658816508
0.0732732791594325
0.0735966265876623
0.0742992407531177
0.0746160972832482
0.0747126553925685
0.0749219268699239
0.0750304303689239
0.0753620778133494
0.075967005665037
0.0766640444356433
0.077514297416395
0.0783033860738275
0.0786707776420629
0.0790544711941588
0.0792648663430122
0.0792705319665589
0.0792920227163796
0.0788662727710211
0.0789955517459099
0.0793085019893509
0.0799356332319062
0.0807118379056076
0.0832782468927534
0.08411297547262
0.0847441682852548
0.0826455818944883
0.080421431687391
0.0796210845889166
0.0761001579992879
0.0781908650469686
0.0776020163939805
0.0773576071817241
0.0764885241155027
0.074968638776592
0.0735751953354099
0.072535751247755
0.0724770032789604
0.0722212959505052
0.0725842497692388
0.0730549610025408
0.0730141446090672
0.0746113196560616
0.0755028041074041
0.0758637244828475
0.075093614929257
0.0745026875388167
0.0740515902915524
0.0740007834824375
0.073639006301693
0.0739121781334495
0.073546379073636
0.0737946162136978
0.0737956739319543
0.0741698125184238
0.0744047865415283
0.0738449934303863
0.0731253700683263
0.0726982509974131
0.0722686566139684
0.0722036327610837
0.072471908865652
0.0729366807345723
0.0732457603167214
0.0735529460202124
0.0741531658841702
0.0743922480268302
0.0742433130135569
0.0732634840990464
0.0728937389117073
0.073130119629251
0.0736768024816139
0.0729677118128691
0.073450262595838
0.0729929225267731
0.0728507145588098
0.072858449553948
0.0729532552266225
0.0730428901102694
0.0733333894543145
0.0737251570006474
0.0741531235795053
0.0747691220219396
0.0750575437911515
0.0754246818687045
0.0754246052003813
0.0753475797506465
0.074611617006602
0.0742341842382936
0.074265936174345
0.0747569275416609
0.0755212390713638
0.0759199859148414
0.0760028766274746
0.0767574702089605
0.0778798042821326
0.0783439384985405
0.0789786833938094
0.0793617115362539
0.0789785349483091
0.078216378384792
0.0768770256653241
0.0756957240373407
0.0750696513628387
0.0748409099416758
0.0747422501078276
0.0746702982154444
0.0745712166323869
0.0744951322677072
0.0744051028830123
0.0746098205725489
0.0745633842738232
0.0747958231430696
0.0752772547092807
0.0754984450736739
0.0764809127967116
0.0769163328180515
0.0772644492108863
0.0771727660225197
0.0771180090638283
0.0771487854067352
0.0770969432151794
0.0771713344220078
0.0770353468305682
0.0771287371126483
0.0776476353902577
0.0780139465587758
0.07869013359485
0.0783290859944181
0.0779864994463276
0.0774163304595358
0.0769106166261203
0.0764657109815085
0.0765128423503158
0.076382530796689
0.0766124712178948
0.0769076225171163
0.0773799846770073
0.0777178179013897
0.0780938840272926
0.0783472573332987
0.0786183629188218
0.0789698896834459
0.0786942820488467
0.0784708522108293
0.0781760285232673
0.0781999036305138
0.0777191237671345
0.0768261635988239
0.0765534928477109
0.0762795667977094
0.0770784899949725
0.0772241224896875
0.0779973531329409
0.0784508162426453
0.0786300457745727
0.078579829130813
0.0788101224486084
0.0786283863103003
0.0786916426147638
0.0792668589310536
0.0779337728131835
0.0778750757055322
0.0780287881134225
0.0784353503621987
0.0780714816754823
0.07792888551711
0.0772625286319458
0.0775321108906392
0.078778585024379
0.0791608397086302
0.0785929229741845
0.0793175295050986
0.07833399014762
0.0785281898492964
0.077948363162822
0.0781693674206181
0.0797791731072269
0.0809246746417089
0.0808820699074449
0.081037852835971
0.0810137938041179
0.0790078883640749
0.078831760958055
0.0781862272185217
0.077040030318142
0.0745612470169362
0.0730355507956039
0.0733919883072564
0.074502377520241
0.0737638112560897
0.0737646589091197
0.073204365871796
0.0732905188039226
0.073051999057886
0.0734808776804323
0.0741521360954995
0.0744571789071448
0.0746309049715377
0.0751051990784931
0.0759968696904227
0.0770999571399612
0.0772851142313581
0.0775208870809573
0.0779045249839996
0.0781176631077656
0.0784776697849272
0.0785682162592403
0.0787991623513817
0.0789034074081156
0.0789355209289186
0.0792387257239722
0.0794299073167579
0.0800119212515947
0.0803272442144333
0.0812568806596684
0.0830682854956084
0.0840611213989844
0.0834973450923295
0.0813740971426187
0.081118746265975
0.0792647424893275
0.0785400146284553
0.0776444249626491
0.0774525509322852
0.0767778528317256
0.0759632173666836
0.0750036872397981
0.0741482175992505
0.0737399454147363
0.0733913455665451
0.0731206246949929
0.0733753606115777
0.0738576612630583
0.0747135367611357
0.0756379931316551
0.0761532194608549
0.0759163343966541
0.0756482615842682
0.0753349239487956
0.0747011086294074
0.0744419310376027
0.0732856690012151
0.0742213624697035
0.0757276161829411
0.0749827829508735
0.0758067056364932
0.0763310353862116
0.0752282783448008
0.0745832198569632
0.074282881854038
0.0747238118348915
0.0752042511604354
0.0753780050508688
0.0755314788691651
0.0753781282267997
0.0752929497903893
0.0755038837789209
0.0767758503369521
0.0780104605213677
0.0763291854623832
0.0749746078005991
0.0735339759528648
0.0748919484265391
0.0741211276723424
0.074676533574522
0.0752491035749088
0.0752187107558754
0.0741113229053935
0.0727601111208177
0.0723279175713181
0.0722293263962083
0.0722824084032432
0.072479405989405
0.0727963638638901
0.0728346558735549
0.072849430581621
0.0730647473089193
0.0731740152353534
0.0732790703765051
0.0735966786410712
0.0742809403712586
0.0752787975393959
0.07651622583123
0.0771691638864486
0.0776846490420968
0.0776929237077988
0.0781062589809521
0.0789282141071956
0.0798346227470482
0.0812279876896589
0.0802279705830333
0.0789572734613871
0.0772275704877736
0.0757815124903104
0.0749136230555886
0.074702120682391
0.0746071824922086
0.0745372782752412
0.0744884359699606
0.0756961528944647
0.0756352795787223
0.0755439061374204
0.0757316624217707
0.075856946956377
0.0765025865668544
0.0765300909621371
0.0770228626489323
0.077587408388125
0.0779235482804902
0.0778133674062953
0.0778560783251838
0.0779816626943188
0.0777318103033832
0.077255627895859
0.0769840655294029
0.0771365299746362
0.0768661409452348
0.0767635422770657
0.0761756274514117
0.0756484081957061
0.075377010459423
0.074735014095469
0.0741443553850114
0.0740310185840743
0.0743557036020618
0.0744339627488619
0.0748442664830009
0.0753012091252889
0.0756521825332785
0.0761220070400205
0.0765171958281944
0.0769141132264367
0.0771509581862666
0.0771110537089544
0.0773138232138156
0.0773678762262749
0.0777008706407877
0.0777072959705342
0.0776386825706828
0.0770337447249295
0.0771513420227714
0.0770794009726997
0.0770649577962621
0.0767595967913947
0.0771678799688945
0.077824226099652
0.0776174534221813
0.077344033499998
0.0774828874591403
0.077379942955938
0.0778492257436423
0.0783216893934803
0.0770377268017367
0.0770465500388198
0.077041015510604
0.0771064915984823
0.0774671857155115
0.076515913868096
0.076166857586898
0.0769561912371306
0.0771057308027408
0.0775512324695332
0.0772805462837914
0.07758708559331
0.0766852520196497
0.0772785761318504
0.077630384492404
0.0781015057690005
0.0788236969089388
0.080287163666812
0.0805724189753032
0.080983504751891
0.0811552696759717
0.0810189493827461
0.0803579611542147
0.0790388036337387
0.0773841600410776
0.075630080844151
0.0735168559241522
0.0736837155237711
0.0745926075449844
0.0732608097653382
0.0731121688003929
0.0732004896865043
0.0732033390779666
0.0733615307345685
0.073448217008502
0.0737264083853931
0.074155450244631
0.0751768042249863
0.0761462043243089
0.0764888952450823
0.0764325653074314
0.0764081301723812
0.076566717703638
0.0771880423007147
0.0774263404622859
0.0777531922651723
0.0778110077650571
0.0781521518805929
0.0784154819929839
0.0787491587338102
0.0791833937899386
0.0795481660086055
0.0798656234145583
0.0805363490691484
0.0812493589915233
0.0829429842624653
0.083875686130736
0.0835704340524433
0.0828678417125941
0.0809382021167411
0.0792942729227056
0.0787911353471986
0.0782787281268125
0.0773516130162317
0.076645625369897
0.0758187014420147
0.0756192928927598
0.0751625079469787
0.0747132267250566
0.0743198423044674
0.0745483728648938
0.0741960510554074
0.0744386953690869
0.0753184786336545
0.0763195928607713
0.0769229323967323
0.0772090123850758
0.0768714834037742
0.0760671185569939
0.075570959283981
0.0750869349811508
0.0744896408001716
0.0747838450795311
0.0759481373805101
0.0751782367014534
0.0756525833025957
0.0762547819010225
0.0763812085201535
0.0764779141571861
0.0763863034208241
0.0773714154457342
0.0788232116036762
0.0792889199143027
0.0779376179723454
0.0766361655165175
0.0768776517547659
0.076910536270237
0.0777643813205664
0.0777902057017335
0.076031743188295
0.0750707576695966
0.0748716841621805
0.0752923496403807
0.0752757304109086
0.0767146190334888
0.0773503259229206
0.0781755031105069
0.0766292989705652
0.0756053985543362
0.0747305086491117
0.0751674537695316
0.074544344169896
0.0724572639462809
0.0724465265345475
0.0724244851897734
0.0723708997582606
0.0728134699771395
0.0732516984590683
0.0742020684627394
0.0748301330170476
0.0752658079616378
0.0763812676889651
0.077937196287414
0.0788475387101021
0.0794030822241725
0.0792909953590044
0.0801554443834707
0.0808235125795569
0.082236680655962
0.0834896835162334
0.0822090817197332
0.0808076479997907
0.0796221816643512
0.0784259117345911
0.0778712872023319
0.0772081959504792
0.0760691464732705
0.0745382667607256
0.074439936861598
0.0751616282153215
0.075185433279113
0.0749655334323852
0.0754837393148134
0.0759350957477884
0.0764192302061359
0.0769949926302066
0.0779895026152154
0.0785353014606065
0.0783176688767327
0.0777703566491769
0.0770269519751312
0.0756720134584459
0.0751128779996204
0.0745196041863399
0.0743488637428699
0.0741265507255538
0.0741943212603939
0.074261093634799
0.0741683770400383
0.07349353839335
0.0730021049863735
0.0718859074881243
0.0718423591051756
0.072261702283417
0.0729507285570755
0.0734726770198806
0.0735206104557864
0.0739456295561773
0.0744044049016433
0.0747806072845515
0.0755620532540655
0.0760170506641186
0.0761585591749401
0.0762101028410817
0.0761989657861031
0.0763086815089375
0.0765940403301224
0.0769591156499458
0.0768596742277303
0.077010568192065
0.0773940678957115
0.0779252518966064
0.0781645626250362
0.0771695004353526
0.077031912018012
0.0778715816867613
0.0773676684486718
0.0774054553519259
0.077902289744039
0.0781833390607563
0.0791111427470397
0.0779785049028569
0.0777182530351181
0.0778861446519399
0.0768722602646553
0.0769738823970681
0.0762561402437109
0.0763993501551289
0.0758370204429743
0.0769342092137286
0.0777127406757199
0.0781125597676915
0.0777636067339868
0.0776558282492775
0.0768992809475034
0.077849777019755
0.0784945117973987
0.0789527097129404
0.0792420604925393
0.0798907098769384
0.081378751487451
0.0818913830259503
0.0812299924780532
0.0799742095336492
0.0796096428903206
0.0772714591428857
0.0765987798187212
0.0765849689207259
0.0737077670740316
0.0718131237161357
0.0732391768973691
0.0738410536256095
0.0732609201839655
0.0734225642222786
0.0733024813063286
0.0732515189108605
0.0744369938191059
0.0751519157760883
0.0759374177275389
0.0760738541242642
0.076019053143428
0.076129124126108
0.0760195241392043
0.0758033749245889
0.0758262821461272
0.0761935743175005
0.0764009681144216
0.0766938261345868
0.0766562641632819
0.0772043395403919
0.0779108291713112
0.0783784234948345
0.0787166304170272
0.0792962023758775
0.0798021977205149
0.0805668121380832
0.081427613193355
0.0821898594573871
0.0825192755771608
0.0821587657909588
0.0818590975660373
0.0806371763866061
0.0796087941020647
0.0793256493959748
0.0785769244111438
0.077637147394449
0.076419323821004
0.0756972395356714
0.0753189685493996
0.0753975661122926
0.0757748249130473
0.0760679488283128
0.0754038599787501
0.0752298487404475
0.0748583899830306
0.0753269963157898
0.0758390484810897
0.0759810378527544
0.0763239496552285
0.0760592571479308
0.0759096912133993
0.0748651112080825
0.0745068538787049
0.0745481118590887
0.0749849609617666
0.0775675039623584
0.075621076692523
0.0741455954817831
0.0742414408837893
0.0748560786035445
0.0760977179857273
0.0767352022721689
0.0781096177118389
0.0783542531449032
0.0780273670770887
0.0784228429164877
0.0792069795354436
0.0802627040813208
0.0811178351331276
0.0809476979293607
0.0787482034529777
0.0761513863261169
0.0751192262704788
0.0750164567745004
0.0760887588886042
0.0776170644253735
0.0777383430347097
0.0774551437272335
0.076772793122706
0.0756151482293767
0.0756383903018649
0.0754844607887571
0.0755220168029496
0.0761685682014029
0.0752160136853605
0.0749272232240612
0.073978908111338
0.0740775049603657
0.0738179099802409
0.07392142488138
0.0746306246789334
0.0750786192922888
0.0761795513347577
0.0777456081533527
0.0790893215956758
0.0804191182121235
0.0812267933615825
0.0818719899854784
0.0821588661540244
0.0827649625145363
0.0823018910943787
0.0826287576167812
0.0815342038000619
0.080217511152641
0.0800302858837187
0.0786620563057089
0.0782389970739456
0.0780142378656504
0.0765144210296259
0.0756021842748806
0.0756106736753645
0.0753895017980145
0.0744042316180416
0.0743813552294187
0.0751000256973189
0.0762688094523344
0.076892213018906
0.0766326732847239
0.0756812820435713
0.0749890737001362
0.0742141290388629
0.0731607277065554
0.0724336701147962
0.0720560122506682
0.0724538397401751
0.0723087839356336
0.0720148431480428
0.0724499560345628
0.0724034631409012
0.0727622020642615
0.0725777811043793
0.0722352530660845
0.0715049603602716
0.0707838053247338
0.070820060580799
0.0716366339999452
0.0724386570285816
0.0722780566221708
0.0719938613932329
0.0723360529088067
0.0732131546859993
0.0737911765022828
0.0740198258499098
0.0738596201080483
0.0741154164742773
0.0743542156010368
0.0747926905213731
0.0753293290071037
0.0758720681000321
0.076088145079866
0.0762182373614158
0.0763215188515094
0.0766230539292302
0.0773977161475072
0.0773672461579145
0.0772981865267269
0.0765085516847647
0.0771533802746235
0.0772466379501786
0.0772376193611587
0.0766332126025989
0.0759777067611643
0.0764467371178862
0.0757538702869701
0.0744897353675949
0.0753910606874511
0.0751321775323094
0.0753247277490863
0.0749581829135839
0.0755249310152631
0.0762486129544576
0.0766858211611175
0.0765107462809369
0.0769457213200845
0.0764867047201921
0.0767534750407758
0.0752121197755977
0.0762803367785735
0.0768554748150714
0.0767312621324156
0.0773397461229843
0.0778727176960183
0.0793440077245928
0.0785207347046858
0.0775209972788752
0.0768629212371725
0.0778131059763999
0.0770331809035695
0.076428181111258
0.0766490454781738
0.0753349246762422
0.0729847829143622
0.0720101606486128
0.0725769444651127
0.0725263623374202
0.072710123486272
0.0732081874319409
0.0742475992271719
0.0752239388113544
0.0754700460562484
0.0758089464357622
0.0755591060073586
0.0757832348305947
0.0756814388923835
0.0758141159077514
0.0759594708146231
0.0761263731942267
0.0765247288995158
0.0770589654326909
0.0775270957707388
0.0777139109421264
0.0777064615528442
0.0777832304166575
0.0783876613683728
0.0790171944816457
0.0796618196433597
0.080760894694203
0.081020834816589
0.0816847089279584
0.0816930563847182
0.081081659317632
0.0801041476115839
0.0796026990285564
0.0791414302117043
0.0792378968544134
0.0783102936352016
0.0775583282719214
0.0768172664343698
0.0763678800932133
0.0761249492780504
0.0768305413564918
0.0773445319170905
0.0768561175940216
0.0764970594555779
0.0766195266240068
0.0758752281243443
0.0754294217415084
0.0750567635589715
0.0747269141237918
0.0743902600109413
0.0743587977101195
0.0747260857414816
0.0753465183806153
0.0752811162200548
0.0744062599411636
0.0741169470875644
0.0740160578420214
0.0741320143780432
0.0745978500646673
0.0744446925734218
0.0748126417983439
0.0758148045079366
0.0768447727474987
0.0784163404839762
0.0787627085385771
0.0790355725074619
0.0800693951854749
0.0815456523839586
0.0820022615135011
0.0822241077106052
0.0817731420820678
0.0808098687499253
0.0795734233352739
0.077505574916874
0.0764194693919544
0.0759137636699949
0.076780405072902
0.0777216152564402
0.0772514990334889
0.0763900921842707
0.0752592812412679
0.0743844893378689
0.0745414883776771
0.0741861413810849
0.0744462599874419
0.0741039649998019
0.0739154949229967
0.0735188891160918
0.0729831098426672
0.0729474713007583
0.0726332615789874
0.0737101400553293
0.0744858544795082
0.0750482170251485
0.0764321907922703
0.078625093867997
0.0804662591096032
0.0823017181786481
0.0833584102157695
0.0843579428061812
0.0836723167568882
0.0841912313778998
0.0827525831678393
0.0809158280285376
0.0797400301554409
0.0794220678635556
0.0782371304164246
0.0781200788555761
0.077590099312823
0.0773498668190064
0.0769615522450261
0.0757783083306487
0.0758759989246529
0.0760103762777776
0.0755282924653374
0.0758046973007917
0.0756213012744166
0.0749004117000609
0.0734621985169637
0.0727068594675294
0.0726138191555466
0.0723538823718204
0.0724433277723522
0.0724465873251009
0.0721945294314316
0.0720384786172335
0.0719172342039495
0.0719822589032285
0.0717336000784827
0.0715695832365834
0.0714873580030519
0.0715393254107544
0.0710770889501532
0.071285867762343
0.0711787902252312
0.070072147329422
0.0705918664703616
0.0709149040291868
0.0704658830723252
0.0706105286880029
0.0704705089605005
0.0708864506810927
0.0711041795783318
0.0717243958601983
0.0725335054119534
0.0731263222513883
0.0740543228836911
0.0745389752222875
0.0752428792140154
0.0759011572637649
0.0762312678563556
0.0759887267578704
0.0762290460672517
0.0764545521359303
0.0768319616553482
0.0768566303925623
0.0760145907882385
0.0753207570733447
0.0743881843041223
0.0747735388918136
0.0748770958189758
0.0749514475813046
0.0743767645122152
0.0737057019901768
0.0737204617348565
0.0749759953812232
0.0754894890763314
0.0757756509005117
0.0763685853992838
0.0762853985201936
0.0757686922153606
0.0758944518590512
0.0764919538108141
0.0767097558501002
0.0776625946834997
0.0775559318869891
0.0771915395460437
0.0765996926547776
0.0762071380173199
0.0767864938413103
0.0775484695877138
0.0778425255532655
0.0776762301651632
0.0780342939011795
0.0779972710001482
0.0784410636935362
0.078323356266425
0.0774178225837723
0.0769149983208176
0.0762187005965056
0.0746209677082992
0.0749032235453095
0.0741980232443264
0.0741920908912427
0.0721289868506819
0.0712271007573358
0.0709396035838696
0.0713699949877557
0.0724783799976332
0.0734602607281392
0.0740035896900525
0.0747870250378809
0.074235448849141
0.0732778022390464
0.0736433807106203
0.0741163561010543
0.0749453453060354
0.0756731671938699
0.0759722375592904
0.0767109567377925
0.0773289815801744
0.0778838209788199
0.0777700472983372
0.0776487879952456
0.0775454857913598
0.0772206052127594
0.077269530209428
0.0781633026809336
0.0788516885110254
0.0796814474375454
0.0797276745225903
0.0793259970048391
0.0787564028382059
0.078226039334755
0.0781407002639432
0.0783053017439261
0.0782244065066077
0.0771105386410936
0.0767278937493877
0.0762730839633745
0.0757717982931094
0.0763138132615144
0.0774436123774594
0.0775901712095471
0.0776628177107733
0.076662682434599
0.0765246337765444
0.0758131592566652
0.0752430265134989
0.0743215088617319
0.0736690088289205
0.0736091778137025
0.0734405143843108
0.0732163212014635
0.073611502997107
0.0736491408076892
0.0729353821662793
0.0726052508862838
0.0727091435941125
0.0734498581457981
0.0721427944316435
0.0747723517953071
0.0754579126865277
0.0770554966329677
0.0777861458508406
0.0778257736477959
0.0776809225756815
0.0782298947653419
0.0798263873576098
0.0823024391092823
0.0839053726742703
0.0852028261008986
0.0845859501914814
0.0828337030496678
0.081319876522545
0.0803896793856856
0.0781325742943098
0.0769079471151081
0.0770550991897129
0.0770861870404609
0.0764629433512477
0.0758590149650413
0.0751013386941716
0.0746151818393966
0.0749482639912935
0.0754756128150734
0.0761788388269547
0.0754768967388941
0.0751413936113646
0.0756398320167995
0.0755832454086076
0.074882889047186
0.0746037053334521
0.0751211122412739
0.0756851069611893
0.0765731776238086
0.0769409560421589
0.0784346865696405
0.0804008077777368
0.0824384244571791
0.0843587021070805
0.084115315949137
0.0834663600813217
0.0820005728402869
0.0817829236528018
0.0796068298724687
0.0789466814389406
0.0782955441064354
0.0776004474346558
0.0778970147557707
0.0775044336548608
0.076954775607766
0.0770953193657251
0.0763655143517116
0.0759172840342752
0.0756915084006747
0.074538746904818
0.074208464123522
0.0737204324814469
0.0735357427304889
0.073706250676269
0.0736468974947176
0.0735878183501881
0.073590200911621
0.0733965739781417
0.0725038267879527
0.0721448540884074
0.0718360482795301
0.0719400343487932
0.071505870398613
0.0709808505575419
0.0705694393970579
0.0705453196070171
0.0703462307743285
0.0694361377054499
0.069331808057542
0.06907750043048
0.0699179455996151
0.0699716687823757
0.0699566415543333
0.0701362607453104
0.0707257646189988
0.0708832587095706
0.0710337139344231
0.0711367048446129
0.0708700925136156
0.0712864308000996
0.0713553099748962
0.0717887265754707
0.0726895261856371
0.0730463053504257
0.073606138502439
0.073731523170309
0.0739485944149582
0.0742863338250122
0.0748700930358725
0.0747036391532495
0.0742921959463
0.0745090477170912
0.0741094700918538
0.0740715914092468
0.0739007394173211
0.0740821642402569
0.074199405214809
0.0736558547040855
0.0737211636411572
0.0744016370151301
0.0761737128029715
0.0764596902294032
0.0766806752962575
0.0761067444618917
0.0755831647860658
0.0763263989515269
0.0767922054670796
0.0769343949343184
0.0778808058273266
0.0779349515468301
0.0778588199552741
0.0775872699628372
0.078882412284129
0.0793134165860282
0.0802522134658914
0.0799396204473903
0.0797337950845617
0.0810300280920748
0.080217476216655
0.0796150471318493
0.0791652667732781
0.0785707688142735
0.0779010532299943
0.07723666479697
0.0771729625123053
0.0764504191337809
0.0748970198716415
0.0736982598880942
0.0725923273493575
0.0720171165229051
0.0720884279099108
0.0714495364201455
0.0721715237069582
0.0730851899424047
0.0737695378170536
0.0737847926788585
0.0740002343029582
0.0736806398926679
0.0736912625081886
0.0731806761237444
0.07279842035848
0.072723786836498
0.0731983365913626
0.073336896394186
0.0734148511277939
0.0733090414527168
0.0738313296221274
0.0744658030808146
0.0758173755141627
0.0763750503056391
0.0769793467749088
0.0771361000444178
0.0771748968640472
0.0774193530620925
0.0772988186863332
0.0772545987037451
0.0773666930937763
0.0772618240207543
0.0771315229103784
0.0773063523412277
0.0771566285622235
0.0771623892525398
0.0761729639751682
0.0765454944330326
0.0765105073371472
0.0760827231381807
0.0765926213572839
0.0772043450095558
0.0775214256932912
0.0771113946074801
0.0768528558395429
0.0770426397269363
0.076691741342157
0.0756865417101166
0.074939683464466
0.0745508226544361
0.0746358925128498
0.0756458201123454
0.0744633539704482
0.0753025898763391
0.0746674187009257
0.0738942802585917
0.0736527378794773
0.073679026512326
0.0750169913228797
0.0752088864612062
0.0766504860698106
0.0785699007720162
0.0787706459176182
0.0805752420003615
0.08106137993623
0.0813776517233701
0.0815366980658529
0.0810055271818666
0.0809547819879964
0.0819091089603246
0.0831838135008709
0.0837966614690888
0.0825841175740607
0.0815747059145923
0.0804425623154661
0.0788068626504303
0.077116060623918
0.0757318554627531
0.075402563939495
0.0754517945873498
0.0758077118830713
0.0760134342651296
0.0765751491819651
0.0765323276544825
0.0767691795323614
0.077848928634247
0.0789733196793569
0.0791029759781401
0.0794426099315634
0.0793185388298149
0.0791773424040662
0.0787209387887853
0.0787645496574365
0.0794726303992112
0.0807110899024942
0.0813754292549321
0.0817530965676697
0.0813673430095475
0.0820878162994745
0.0825852865468272
0.0819358891423541
0.081111473262089
0.0802092885986695
0.079758665869334
0.0780743421979305
0.0774573230764437
0.0769509961602605
0.0772035708242959
0.0764861550958493
0.0762982115533845
0.0750423286904842
0.0750375657066918
0.073856162225417
0.073616471191124
0.0730989228702445
0.0723245280791041
0.0723684485908401
0.0721486411357277
0.0713503619655591
0.071424927148841
0.0712900276303534
0.07154815444455
0.0716891763025367
0.0707010807075565
0.0707343730547551
0.0693632971152812
0.0690560479452436
0.0686246039543201
0.0693328350771312
0.0683442157425057
0.0675345768300934
0.0678090213277642
0.0674822978907229
0.0676190239519405
0.0676434789680104
0.0677092994481583
0.0682895322481069
0.0685399495321713
0.0692211214419926
0.0697432424626555
0.0704904431878844
0.0704350154406932
0.0709686572542598
0.0718896243097278
0.0722174013919112
0.0725291326519853
0.072453045176857
0.0717415130161036
0.0720741636620277
0.0719814356804742
0.0723721489524237
0.0725423176100867
0.0732870956751442
0.0736751262266731
0.0746058336403057
0.0748252915171745
0.0745435640481414
0.0753607743492832
0.0749031339769994
0.0747189962403534
0.0744865140365176
0.0750900099373699
0.0750954195240797
0.0748768025604426
0.0750557727065637
0.0760652478690439
0.078053110835627
0.0767588894013955
0.075927841616104
0.0757806848928666
0.076381395081962
0.076011796158951
0.0773174481595581
0.0763635806337094
0.0774308440187846
0.0769960523043991
0.076750393190092
0.0786317693545311
0.0776706590148128
0.0786505762051598
0.0794701467883216
0.0796146831843497
0.0814575715090795
0.0819410234595579
0.0818561129827265
0.0814463320183104
0.0807823366980753
0.0795514634702588
0.0780978386930877
0.0787422273821164
0.0781411330475469
0.0770898087797177
0.0763658467338349
0.0751648743230524
0.0740997876693285
0.0727734922741042
0.0724940023414639
0.0732580482828905
0.0732094371422556
0.0732741943275291
0.0732735998459281
0.0725426179705367
0.0722590647368603
0.0715836702488174
0.0712662362977998
0.071212914469991
0.0712688056934918
0.0714368464118656
0.071889022102319
0.0724054588413903
0.0725777834859645
0.0723172206053527
0.0724500817616269
0.0721806102433272
0.0729426225092055
0.0737708733818342
0.0745261548590691
0.0751032827125036
0.0754081114794694
0.075441521061511
0.0756316469967108
0.0758651684649168
0.0763334920272154
0.0762515416865213
0.076385621325135
0.0764024735658228
0.0766610747391441
0.0766525788448745
0.0761597842359283
0.0770833193792951
0.0764110661149055
0.0753279423942603
0.0759879237846949
0.0759835634720188
0.0763148678041213
0.0774438917637131
0.0767723824947492
0.0764450094291833
0.0765142388835172
0.0764832717696268
0.0764133250631848
0.0766626519385927
0.0764019507728397
0.0750035709144675
0.073483602262789
0.0736494487674849
0.0730046642517625
0.0733631367638725
0.0740094923977877
0.0734669939702387
0.0746438138483113
0.0771975148034075
0.0792207590390762
0.0796868304163716
0.0800227034699389
0.0808769662365997
0.0794691524778574
0.078682970824573
0.0777790661218221
0.0783166639509612
0.0794780581797302
0.0797263064228558
0.080755726609045
0.0818946446405847
0.0820614384047104
0.0811513012076364
0.0809878008602134
0.0794589934217191
0.0766655783906221
0.0749832425346114
0.0749862337444286
0.0754393433473177
0.0759262382410394
0.076310355607749
0.0767619059397674
0.0766234907304646
0.0767707315809119
0.0785370878034037
0.0787896435679664
0.078478013966422
0.0790609188712593
0.079471642074095
0.0801885920043363
0.0801307650272355
0.0805453209686437
0.0808282216159183
0.0810160956518017
0.0802739476230595
0.0801487911983709
0.0796278042732423
0.0802272093304003
0.0801872380520385
0.0790221290554097
0.0782736124306042
0.0776185709471662
0.0783869667530785
0.0769430072719646
0.0772505270196378
0.0772618346444399
0.0768447114723371
0.0762600131847801
0.0752022059997944
0.0745966900313091
0.0740387339716865
0.0729797324387622
0.0725059422411957
0.0716698742551833
0.0716218436828888
0.0713137621979264
0.071231841726576
0.0715946553817676
0.0722008377127456
0.0718474304090972
0.0710781705081099
0.0709492135735995
0.0704791257642748
0.0700706955080754
0.0691524050912409
0.070079422370512
0.0695063495861456
0.0695236001989738
0.0683996784617573
0.0683527444499501
0.068649659833727
0.0679943316419246
0.0679737019630044
0.0676264617352545
0.067712351218489
0.0681003331459744
0.0680203087617502
0.0679342449877088
0.0683269665126206
0.0688451065742534
0.0701068751816074
0.0708987414272125
0.0718091509047789
0.0725440052542722
0.0731176820433692
0.0730811463805724
0.0729838604407413
0.0726983148949896
0.0728894833540205
0.073281638739615
0.074201843216291
0.0748937868167268
0.0753733166392595
0.0753496468778007
0.075354565132439
0.0748862942987729
0.0756962016183607
0.0755347230139128
0.0748504465900684
0.0741491535542532
0.0747054152766064
0.0751497562775552
0.0751688304255227
0.0748421834941554
0.0760741205460973
0.0770521786024526
0.0771331225644572
0.0764008762131502
0.0754504195205495
0.0766612528787915
0.0790265635268843
0.077488213835482
0.0779334937718453
0.0781123981921145
0.0790298104400444
0.0787011791387279
0.0793399574989849
0.0796688796105247
0.0798543228703684
0.0810211740638806
0.0806297848318717
0.0807475556513069
0.0807237006467507
0.0813620728819824
0.0809095450253056
0.0805624982992728
0.0800125052528608
0.0786438212829589
0.0790027553433315
0.0782111626410127
0.077099726446977
0.0761395185911853
0.074852940069748
0.0742073009687539
0.0739498638482431
0.0740598563123365
0.0731553017554572
0.0727404607908451
0.0720059148438773
0.0708328867530341
0.0704065145753296
0.0697667895287048
0.0692958337730797
0.0692347626067805
0.0694589396015118
0.0698137471986039
0.0698533431137201
0.070565208887007
0.0712960411359566
0.0720650292411929
0.0723250005745459
0.0726189677833566
0.0731763846415957
0.0737296717303055
0.0727831827293771
0.072774878606888
0.0728296265264912
0.0727847576358682
0.073143739550305
0.0733979655831644
0.0740462397144155
0.0744384585076658
0.0749290021366003
0.0752891848101604
0.0755690463460965
0.0758867001894115
0.0764489493233028
0.0757052153698348
0.075681686987924
0.0755389610122716
0.0749578566910601
0.0754890245478075
0.0754816404245946
0.0758274467719438
0.0763645950696085
0.0765805865008385
0.0771114627007922
0.0784350497788648
0.0773011527522237
0.0763191579241803
0.0757537367642559
0.0744903353762325
0.073051517990012
0.0722947736069926
0.0730671165579181
0.0733164202380266
0.0741735165974495
0.0749122930871186
0.0750900250643813
0.0768761165531135
0.0777195852213468
0.0789049012601933
0.0794391376512277
0.079956954824261
0.0792488752580305
0.0792757817639003
0.0779102351706972
0.0778942602673112
0.078195774106393
0.0773672639693527
0.0773972314402645
0.0776918367232931
0.0787867873812703
0.080014809742077
0.0807484833605211
0.0800048146521842
0.0791835018738581
0.0773457398105462
0.0763751657815726
0.0770902522301838
0.0773195605953063
0.0774080246864052
0.0775063992492539
0.0782864280885359
0.0783671473964677
0.0790862928794023
0.0789760355537776
0.0798863433119084
0.0791317561510365
0.0799754359587866
0.0803399171960609
0.0815429808201728
0.0806432697689705
0.0794860895040283
0.0782246721793489
0.077433159196305
0.077087439395353
0.0767173448026689
0.0776641690077095
0.0781813385619638
0.0786615803064589
0.0778912918441122
0.0767020050477824
0.0766240627353231
0.0770902393041415
0.0751565929488564
0.0756096068214729
0.0748561278188929
0.0747549159847382
0.0736378915873214
0.0729193325594104
0.0726391007600016
0.0718115997421657
0.0714335971262482
0.0711659260893723
0.0707141691446409
0.0704723512088597
0.0698466922825812
0.0701795322366011
0.0701885336516318
0.070360959829856
0.0697136910904654
0.0693670234361012
0.0687859557257651
0.0676415263287078
0.0683268306666714
0.0685038560278009
0.0690912544907686
0.0690464957064989
0.0690504385390243
0.0685187380227805
0.0685379600858383
0.0685718915743902
0.0684713131261168
0.0682388735797214
0.0689571025304041
0.0693669534224171
0.0689534295986129
0.0679872596199842
0.0680125872581162
0.0688302472384252
0.0695138141718956
0.0704111420866361
0.0711255098437734
0.0717311243632103
0.0722793038942498
0.0732005589906911
0.0743614191527042
0.0744305149024511
0.074168713294743
0.0738705288366937
0.0739601075235346
0.0746660719691921
0.0740909237229954
0.0737517656333441
0.0735898540688453
0.0732405209858551
0.0728932986949043
0.0739821139573403
0.0748836887685888
0.0753172994172271
0.0747658800745966
0.0747345203856497
0.0748944406447761
0.0744185695669008
0.0756918480902715
0.0768758158732381
0.0774541868990179
0.0774988096182342
0.0784245915684436
0.0770528845136518
0.0785414416897083
0.0784506998929706
0.0785948270571771
0.0798338056322258
0.0814303604534581
0.0816599572909168
0.0810436761189077
0.0811761714544095
0.0808662343608567
0.0810869802255036
0.0816684228695635
0.0809252053754738
0.0814982463518143
0.0812569144214518
0.0813698213183382
0.0817118893096007
0.0799627458265004
0.078983987091916
0.0773810087776732
0.0766371589824537
0.0763753767355452
0.0752185334653255
0.0753828849638807
0.0752235318747628
0.0737745010229283
0.0733967819530955
0.0723126115185783
0.0710330317470546
0.0705891029672326
0.0702800494457696
0.0699238163957121
0.0692954900301482
0.0686669933257816
0.0680906604825205
0.068174420636342
0.0686170336509279
0.0691859246085963
0.0695830940114765
0.0699717681901748
0.0707060790619397
0.0712276033784683
0.0717790048292866
0.0726948386401415
0.0729273280740403
0.0733357238560891
0.0727864100707661
0.0727088135338708
0.0723364758776268
0.072388404943075
0.0728693799769261
0.0730675193298727
0.07382336211723
0.0747554961152355
0.0745596659083974
0.0745514637457388
0.0746050645243879
0.074854592280947
0.0758756827180764
0.0743104523530292
0.0752403876575623
0.0746515572102482
0.0749371408284741
0.0756895901289927
0.075296962062845
0.0760911371107769
0.0758745427699155
0.0753710894008549
0.0750814793357377
0.0747708483352603
0.0734077814102973
0.073723813076129
0.0732432177907282
0.0729520090208433
0.0729436476311627
0.0732882540458709
0.0748067413556843
0.0743609116473075
0.0749377130944863
0.0748536603743927
0.0760475212897446
0.0765494640595834
0.0763572891781596
0.0776127040538648
0.0774819190229536
0.0776952558693524
0.0786467166928858
0.0785419413504997
0.0781042016319129
0.0776709617494673
0.0774206949375521
0.0766195117536171
0.0774787629165108
0.0779619767533404
0.0788790505533242
0.0794806177589257
0.0798074362698778
0.0790023153625694
0.0783706773547325
0.0770479586667618
0.0764371006121773
0.0762841980428975
0.0764250289436287
0.0764248531913853
0.0767855922041602
0.0761905195022594
0.0761735126683777
0.077066371652098
0.077454076287428
0.0780966762142851
0.0785459089839502
0.0788531779735906
0.0781744737500965
0.0773859096150698
0.076738839893462
0.0765412987292075
0.0761955478921661
0.076231351456435
0.0758984118949201
0.0767390391103418
0.0779129160333498
0.0788744599993932
0.0786909866137733
0.0779826772620133
0.0768266406369329
0.0765596799476705
0.0768471831213532
0.0752691012126931
0.0748300752800181
0.0739094395618637
0.0732561265062107
0.0733068054375096
0.0722980058427738
0.0728452497379264
0.0727283998805082
0.0726271082194286
0.0719265509770539
0.0708606698190914
0.0701308333964795
0.0697469779284222
0.0697468656039802
0.0694296777027644
0.0689081397027944
0.0687167145399958
0.0680600973398574
0.0678658525893727
0.0676661605405487
0.0682859388757828
0.0678982171001074
0.0682733147177374
0.0681531733016595
0.0688031613989239
0.0687217470476116
0.0681239696834927
0.0687972545080555
0.0690402790939073
0.0690714366849543
0.0694694102364398
0.0689893486327193
0.0695090476279192
0.0689686926724695
0.0694106219617468
0.0701908694468511
0.071380007868167
0.072008991256429
0.0731087714414186
0.0736897170737353
0.074781152027839
0.0752838393698649
0.0750577356899784
0.0754651302560091
0.0754756337928098
0.0758539070878363
0.0759650467926985
0.0762887032705598
0.07578238178295
0.0746743122496715
0.0739186678851027
0.0745685949511583
0.074362581472488
0.0742314251790866
0.0742522781266755
0.0736617790140548
0.0731610882765399
0.0745802449847637
0.0753142098629082
0.0753789171693363
0.0751485756010052
0.0764180290116107
0.0775712423829227
0.0778871215054093
0.0789085445065488
0.0797899772190546
0.07954985772036
0.0799899968976517
0.0809339993675333
0.0810400537781113
0.0814133811198414
0.0803998424988564
0.0809744415523893
0.0809593419993294
0.0803848943713774
0.0809510269270203
0.0801442693041777
0.0796658109018178
0.0809996512054674
0.0809596086135494
0.0807091967754782
0.0811180162615477
0.0804663268743195
0.079630416282687
0.0784628793632509
0.0768046320528695
0.076317199538955
0.0758389899585871
0.0736239129183154
0.0741157729902072
0.0736406858202748
0.0739838234904073
0.0721127540181854
0.0698525775019718
0.0686598990943213
0.0683569047306877
0.0681806126798718
0.0679472854769068
0.0675315820839821
0.0675433291745333
0.0681052659641143
0.0687880163263721
0.0689922277687614
0.0696325045523035
0.0693450221461002
0.0693026208277943
0.0696506316064652
0.0697932161194399
0.070128676638421
0.070742066297507
0.071385800286812
0.0709516315359081
0.0711295653691501
0.0711394544191409
0.0711176033661868
0.0716104448241085
0.0724940722732229
0.0728454041667425
0.074818804368757
0.0750655938029432
0.0750165786224893
0.0750225980876706
0.0748869528681443
0.0746946496103907
0.0744054813999755
0.0751711794190004
0.0746820250048055
0.0739977979924678
0.0737944558366646
0.074202650741915
0.0749385287320291
0.0748874524769576
0.0746042883387353
0.0748683223464766
0.0738405784677949
0.072930944978566
0.0726427155506507
0.0717018485617281
0.0714265166348832
0.0715891765682668
0.0718221652429857
0.0738448784979501
0.0744740835284257
0.0753310300718283
0.0750373199494619
0.0744802912418606
0.0755303310053917
0.0760280585301529
0.0766066771525639
0.076928999335509
0.0770516725303049
0.0772975515210828
0.0771184682936468
0.0769405768021787
0.0762528863153966
0.0765785789907552
0.0770706930290946
0.0759250009384772
0.0767792491377158
0.0769453449691123
0.0780473960093504
0.0779316715823655
0.0782258265382163
0.0767435245436399
0.076568233850965
0.0752824274566151
0.0752131404803064
0.0755680797433954
0.0756086977372058
0.0747864094987925
0.0741136597320619
0.0749615075258856
0.0757985432571045
0.0763115826145552
0.0773995288447992
0.0768254035715497
0.0772614277115308
0.0765060402328595
0.0766798604468404
0.0761117432616446
0.0763110637782043
0.0773172331859152
0.0779996584556098
0.0792015061312493
0.0791539640514667
0.0800796455301943
0.0799244435813331
0.078799765265267
0.0765713117969231
0.0762621963711758
0.0762680497566031
0.0760642457334719
0.0741027556909948
0.0732691529846327
0.0727526079998896
0.0726661229103256
0.0720862222174688
0.0720807507903226
0.0721949698482603
0.0720746157007718
0.0715093174538323
0.0707613682523516
0.0694129232978107
0.0694378120223779
0.0688371944851516
0.0682920741296176
0.067517384397984
0.067619217966408
0.0675381292646835
0.0670324944394119
0.0673476946308885
0.0670892939630806
0.0665481714828087
0.0663079752509761
0.0664763632307854
0.0663429777207866
0.0672603327034587
0.0679110804426678
0.0674577057375132
0.0668544756331395
0.0668207158513137
0.0671301968828783
0.0679537558183074
0.0688428863029529
0.069412910602724
0.0706900119175938
0.0713878308724766
0.0726588270164583
0.0741676996371055
0.0760640397170266
0.0759675692084851
0.0752346240716027
0.0752991985611828
0.0747438032100199
0.0750773202869513
0.0754114226005984
0.0768425190359614
0.0781421408390598
0.0789224224707719
0.0782583410011466
0.0764167103270758
0.0759018444323314
0.0759235096111631
0.0761954051716771
0.0758245292323207
0.0749675567621538
0.0749919470219153
0.0744537424556529
0.0749507115990703
0.075275928380655
0.075589109721048
0.0756198760759033
0.0753036381156359
0.0767857940559805
0.0782578299058552
0.0778102191952772
0.0786437392111957
0.0787143376964172
0.0781389669210416
0.0793454584879027
0.0793673970482885
0.0801308827535759
0.0801894921377392
0.0795513964566845
0.0801746081599112
0.0807346930565085
0.0798603940149816
0.0798301584409906
0.0791207677877554
0.0794030832741971
0.081434297690197
0.0807470168920272
0.0793888221158019
0.0789724292125042
0.0799926190061527
0.0796415386453681
0.0788559459391628
0.0768758901477499
0.075021541746157
0.0730208814910322
0.0707201209537393
0.070712782985727
0.0710826851425667
0.0709171932585834
0.0707584052046139
0.0686877802870109
0.0669813645648697
0.067136543968665
0.0663383584565262
0.066553524100527
0.0668819155039477
0.0674387146046182
0.0686678687485634
0.0690533482197612
0.0699306244808482
0.0702484332385308
0.070425762686638
0.0702855138986915
0.0709036687798839
0.0707779258211449
0.0705291277223943
0.0712380190836776
0.0719230315375469
0.0720064510852398
0.0720615841677517
0.072849177254536
0.073280452488796
0.0737885575910566
0.07347141537905
0.0731761699525881
0.0730527060552385
0.0730331431258743
0.0730862531038137
0.0739935464261335
0.0749758785142414
0.0747890147002515
0.0749413096258557
0.0745809401872478
0.073906177273518
0.0739329161974718
0.0734730952037175
0.0744117214794644
0.0741750860241863
0.073417216093575
0.0739515877544889
0.0739903558421035
0.0743605631010941
0.0732623234946426
0.0734212040820358
0.0731792215535767
0.0738426357513959
0.0740785862989873
0.0738420576229955
0.0748293541633328
0.0766022801161677
0.0755191546549391
0.0745414894567814
0.0747305560946202
0.0756317693385963
0.0754472559272589
0.0753753727626445
0.0755704949119151
0.0755060048834551
0.0757630591448362
0.0761564455092217
0.0766489550849662
0.0763476663933774
0.0766121181287142
0.076789490726938
0.0766074714684573
0.077167216555431
0.0769773642992174
0.0765697945173641
0.0761284379535172
0.0755515183095731
0.0747856984929216
0.0743904754685384
0.0747653190434515
0.0749989043442573
0.0746746187633186
0.0742399824903879
0.0740811763717726
0.0742305837074424
0.0748940900305214
0.0762171908569705
0.076056552220698
0.0758956622464232
0.076410309874727
0.0759769924528963
0.0772640025683363
0.0769392075603178
0.0773298612348291
0.0771562749208936
0.0772427207505979
0.0786989478236871
0.0809397066383487
0.0810205622322229
0.079525304037902
0.0777942703460904
0.0767162911768506
0.0757858100970818
0.0766029976731223
0.0763627155789732
0.0741154226476612
0.0729524709995047
0.0720025048803634
0.0717646287988098
0.0716372821239536
0.0723337568808366
0.0716244512204851
0.0717803519737961
0.0719040809181077
0.0707901915481357
0.0697183731816299
0.0687811613675838
0.0679760253636616
0.0677148648560826
0.0674626644565093
0.0674375699234076
0.0674551750238234
0.0666223890570386
0.0669537371100343
0.0673186806379232
0.0669975766443238
0.0666691439528604
0.0663240898900533
0.0660919458540633
0.0656218821686343
0.0665928673823461
0.0665877257680443
0.0663904027770281
0.06652888934794
0.0674137515940498
0.0681320562862352
0.0685531890459085
0.0693512109482173
0.0696226085697274
0.0713006335875514
0.0729328412985474
0.0747786701197318
0.0760063269946734
0.0757017796257129
0.0753153731797342
0.0765938530380743
0.0767752226453145
0.0764667194214829
0.0755584535881983
0.07640027448243
0.0777821094741661
0.079847327291725
0.0804712628799336
0.0800809990174233
0.077801473786576
0.0778614455205485
0.0777480418662225
0.0769262377219385
0.0772197004474225
0.0763620752467727
0.0754639804942858
0.0761936327764734
0.0767683144186683
0.0768731520598757
0.0765902049937258
0.0764734288860901
0.0761214306875565
0.0770062746808342
0.0791254327846629
0.0784768429215618
0.0782881812275075
0.0782211652962614
0.0785412938049065
0.078153500984286
0.0781771819341623
0.0783279433531466
0.0782594952437672
0.0794503586486626
0.0799958247822137
0.080029159490962
0.0787497610214371
0.0784718510147599
0.0784048865136827
0.0790853680042352
0.0800215855520719
0.078267551944542
0.0788355497051552
0.0792642846801095
0.0804934271384739
0.078499644200348
0.0772416561159238
0.0746171564125689
0.0728409219083444
0.0706907694406653
0.0702368623551799
0.069626531670256
0.0699163095732262
0.0699370734628886
0.0692872859619335
0.0685432480907669
0.0675102919477729
0.067180546119047
0.0666255153969504
0.0665434470307049
0.0667833013862992
0.0674559574652534
0.0678455408224526
0.0683719557914595
0.0689237680013538
0.0695141852445583
0.0695127206973522
0.0695707321754196
0.0705965161840175
0.0715394970977682
0.0716830502194695
0.0724935398276673
0.0722696007753735
0.0725168790283925
0.0730271559094886
0.0732736877972011
0.0743352916557486
0.0741362105074951
0.0742259035968664
0.0739957146831511
0.0735075042961718
0.0733228368619274
0.0736322148362592
0.0752118980180809
0.075717477191052
0.0759077507623228
0.0742084960290717
0.074100623258344
0.0738955474542005
0.0734464691868925
0.0736075754980068
0.0744280116114694
0.0731027402061561
0.0726467119188114
0.0740352832538942
0.0746851980259629
0.0749430268822588
0.073523714403061
0.0734488057259625
0.0735405631733667
0.0746169877615794
0.07485009207432
0.0745475813139489
0.0750046437356364
0.0765788237754595
0.0771414903268782
0.0763104392226211
0.0759755504713205
0.0759127997813391
0.0755898154319241
0.0759155006183329
0.0764643495193244
0.0762442680138666
0.0764943517556477
0.0766168296669485
0.0767981271632174
0.0765580822227207
0.0775918847110574
0.0767129941422247
0.076736620607958
0.0760732559077772
0.0757624298582488
0.075086225048837
0.0748697545199561
0.0746240297251254
0.0739418179515171
0.073685904458837
0.074794340507239
0.0743015703036724
0.0741482316664266
0.0735850200397622
0.0743113762744709
0.0745909596002045
0.0764833088952246
0.0751619810960251
0.0752304691583631
0.0751715823323669
0.0759919427285726
0.076472588202384
0.0761546955744379
0.0757784320080355
0.0766696049571926
0.0772857478720831
0.0778272038261089
0.0787655461847567
0.0791858728638207
0.0779941329365952
0.0766788413630643
0.0749771403512142
0.0738639183488269
0.0750643119374117
0.0745452070350495
0.0735392848530356
0.0727844167021678
0.0715739816162111
0.071045509845251
0.0708755268711216
0.0717231389089723
0.0717550589993788
0.0714221523322678
0.0712159547034175
0.0702900194892748
0.0696688766809214
0.06869450270571
0.0679773034911698
0.0682816231248155
0.0680284294508875
0.0672138243989436
0.0664378510503232
0.0656471592934123
0.0660371165233784
0.0660828265018361
0.0662147072048872
0.0662492102773132
0.0659675265003623
0.0659480941549575
0.0659486682943216
0.0662025676727272
0.0673021010042877
0.0681630198169243
0.0692952531560454
0.0701196136931647
0.0708324726622305
0.0709763428365837
0.0705770480479438
0.0703454610379615
0.0706181374142922
0.0717041585433243
0.0725738396603802
0.0738863201477103
0.0751985822618667
0.0766270356128885
0.0768415983518308
0.0769689568360611
0.0765627714401996
0.0752462185059337
0.0755651293704782
0.0773577100574741
0.0769864706738904
0.0792324320312249
0.0792932879628591
0.0795787646587016
0.0805573228007849
0.0797770416950696
0.0784212650109305
0.0779265617828584
0.0783409160001646
0.0779853855412646
0.0769520043991732
0.0775673278775851
0.077499725524881
0.0784479877431633
0.0781834812412504
0.0772397612246328
0.0768911955216975
0.0768736663379049
0.0783671053196092
0.0782518640785587
0.0783441836211088
0.0781119621469343
0.0784453312862414
0.0788049473303887
0.0775951481618996
0.0784468445313703
0.0773230601498891
0.0781821268950088
0.0777747545153447
0.0774960416299723
0.0789992027996656
0.0791978191235913
0.0788648209662339
0.078607385714313
0.0790701934973251
0.0783953325716217
0.0785177299299547
0.0788377559264507
0.0781369283071365
0.0772664606849465
0.0759838818061484
0.0736357733926132
0.0712415789769644
0.0680312300004382
0.068370405593528
0.0678651469147736
0.0683119747631676
0.0682901337062358
0.0679910217158914
0.0675959662060344
0.0665040493729784
0.066478248902584
0.0664742388007739
0.0666982258129427
0.0671309701400637
0.0676268234915545
0.0675542428765618
0.068447542261646
0.0684364501740196
0.0685799467569557
0.0692637766117456
0.0694813642947628
0.0699443929924535
0.0707836668433916
0.0711089908415805
0.0715847827978223
0.072158520469159
0.072094247257335
0.0724364873260947
0.0729088174294879
0.0731895824085593
0.0738849465709453
0.0742042376831945
0.0740607918635971
0.0743587260624746
0.074480716546982
0.0746921987510881
0.0749706830177868
0.075522643589873
0.0756417323235118
0.0742317841850693
0.0738900878276737
0.0738819597976657
0.0742042101498324
0.0748330683389662
0.0743590631436921
0.0744085909421403
0.0750353459326712
0.0759107529318052
0.0757149820066373
0.0751062287328411
0.0747832638751698
0.0739710152046218
0.0742726663919628
0.0737750422453858
0.0742100656469185
0.0746696355485515
0.0747159744256862
0.0756786464299339
0.0765501921548149
0.076952300102149
0.0767440847467695
0.0755959624041478
0.0752043116883152
0.0760858361691407
0.0757167486719136
0.0751090105389991
0.0752334254110925
0.0750492232893778
0.0752448376504995
0.0748139949336515
0.0746831788328268
0.0743198811721992
0.0744998559129333
0.0749523427809148
0.0742623273374384
0.0733693197916353
0.0732042772252034
0.0737132986776897
0.0737182907902433
0.074129112492183
0.0752534783468697
0.0752221252287623
0.0749380081524558
0.0747949544957968
0.0745834774654203
0.074441483722315
0.0740057298883905
0.0736083747786573
0.0738963362300084
0.0738387999948815
0.0745014290747944
0.0752800698810766
0.0764281385521435
0.0768855443661668
0.077349872500013
0.0773521398683913
0.077281504225538
0.0772970801800439
0.0771867888363045
0.0765776841708262
0.0746653885805132
0.0726426303806512
0.0723747373617093
0.0732296606539661
0.0726517566123954
0.0723208473092814
0.0721693621643535
0.0718883742870185
0.0723494929589795
0.0719695925289991
0.0714487227105276
0.071036425491993
0.0704255587748308
0.0698623632591043
0.0690968875221369
0.0694177130004973
0.0682248792314656
0.0675618290480364
0.067356735951797
0.0671082811961326
0.0658533890415772
0.0651668544243311
0.0652791428636687
0.0652150590237767
0.0651916208469212
0.0653955849487845
0.0660363586921866
0.0656333176514897
0.0656694381124066
0.0669425001100755
0.0682539677468713
0.0692658797271748
0.0709176326572652
0.0725175501193419
0.07323072390724
0.0730839720124144
0.0728691128638716
0.0726115804475297
0.0716083006572488
0.0717945282937005
0.0732774169344921
0.0747869244760457
0.076029904946623
0.0755633238030791
0.0763346604804816
0.0764413309779987
0.0757969718362767
0.0757267037813582
0.0755656486640664
0.0766670176724817
0.0777668714922355
0.0780921409227963
0.0800420997918538
0.0805102238570024
0.0799996596201678
0.0801351954147242
0.0795273604250641
0.0790408251048103
0.0792691380258747
0.0791458212765043
0.0791971849124696
0.0783405578362219
0.0779279341974247
0.0780164797140221
0.0779034002897253
0.0778975787770471
0.0775572958726246
0.0761676057307654
0.0756023334790791
0.0767084640313395
0.0773599311035002
0.0781397426827471
0.0778689942000725
0.0782353698559353
0.0786775810490069
0.0791339403526525
0.0785144993355305
0.0780441659541934
0.0770267917406014
0.0774068714678488
0.078113003776657
0.0785245607095867
0.078785913245
0.0790353753519285
0.0790576312633846
0.0787058912344908
0.0794811460066814
0.0796016205810318
0.0784951192946297
0.0769323995038485
0.0758478684989134
0.0736317008045201
0.0713740726023317
0.0687090347378843
0.0705824811479232
0.0698024544315682
0.0682906544219833
0.0676112822450654
0.0672991348055902
0.0674623054967012
0.0672501275331907
0.0675623022149233
0.0672574626810255
0.0670614205408899
0.0669156658777942
0.0669166800432747
0.0669203585641978
0.0671448702129291
0.0673992806478359
0.0678245145478912
0.0679298483334891
0.0688535782322129
0.0695856991169191
0.069679827530132
0.0707304428591406
0.0712854273776894
0.0719955135153279
0.0732618339153261
0.0728119264209151
0.0731164753650209
0.0735407532368216
0.0738201361599094
0.0746812115755486
0.0747023497040857
0.074327195313039
0.0737383233763533
0.0738177700580162
0.0741101461735611
0.0742340982944998
0.0744067811001373
0.0741036107123683
0.0722902818185512
0.0737834647868587
0.0745851803959799
0.075040445540546
0.0742186563171897
0.073852291809994
0.0739030809488537
0.0738772362540631
0.0735944743914923
0.0738573751915656
0.0738296756153682
0.0735947053984614
0.0729656524477051
0.0728299174637035
0.0727964338172872
0.073397021293989
0.0742843406457734
0.0748483423722547
0.0754155730551233
0.0761331790993286
0.0760848386563581
0.0770023715251933
0.0768076360000951
0.0759481370374277
0.0761394793399369
0.0762310887247807
0.0756966150190959
0.07563541513281
0.0749235030741332
0.0740836849157075
0.0738712304689555
0.073535802010679
0.0723080894958705
0.0718730171061376
0.072583114316905
0.0725753135473157
0.0726746580657784
0.0717845353882817
0.0718054916980685
0.0722522874963258
0.0723111111099059
0.0732505319067239
0.075004831664582
0.0737723518246315
0.074322776656085
0.074272380185424
0.0734115626863552
0.0735252214930663
0.0741012871351329
0.0742759196667067
0.0752070948398656
0.0759176593176452
0.0762124859080734
0.0771831555170462
0.0765238223876963
0.0759390110867754
0.0750275064268901
0.0758176301927678
0.0772117863182035
0.0757147458834078
0.0759931661406777
0.073585326985771
0.0724102802821073
0.0718097312454638
0.0713959404806031
0.0710786049504945
0.0711875626069422
0.0716954575436091
0.071611799431543
0.0717198845320374
0.0709334147607252
0.0707229010415645
0.0700179134492319
0.0697291592375789
0.0694868767691113
0.0687279150120704
0.0680710201660431
0.0671377303043621
0.0667929219418775
0.0661873911145101
0.0653658347299207
0.064310045164262
0.0646763874849575
0.06520178382462
0.0658243052015867
0.0659071295422897
0.0662091900519752
0.0666994176637979
0.0669205204439553
0.0677910839570522
0.0696296624674802
0.0722402213675073
0.0749218143856827
0.0768435505520458
0.07704915725809
0.0776010302721957
0.0770055161338191
0.0757009653849656
0.0744054586279858
0.0745575651951782
0.0761760573753585
0.0768589785102517
0.0759068981382712
0.0746226116895535
0.0751031377680877
0.0762508488946929
0.0765073846550621
0.0760016305007007
0.0755151537719769
0.0763673943742237
0.0770322844370475
0.0778021188110859
0.0788881687837253
0.080811144964511
0.0813663612070195
0.0821588120915248
0.082949688261067
0.0832463119092043
0.0828199224044479
0.0819068440384902
0.0810752476034507
0.0800981905631223
0.0795305975473968
0.0792814458634765
0.0785889288327521
0.0782836091861728
0.0787823169841892
0.0777644478997161
0.0773637225461879
0.0769251561795961
0.0766634259676762
0.0771544129620795
0.0777977854576786
0.0778888236279964
0.0784588487221863
0.0785977865374596
0.0776142153438566
0.0761598948518426
0.075544428842048
0.07512388139028
0.0759836259487053
0.0775038010479786
0.0792797815924467
0.0779692597528223
0.0787972565984441
0.0789477950691667
0.0796902514258212
0.0784502131283608
0.079133294653892
0.0784361837899765
0.0759300251763656
0.0765986058730785
0.0737298103310761
0.068365026495528
0.0728321534023353
0.0750085429418807
0.0721252356992896
0.0707567145595905
0.0691827793562148
0.0686230480249015
0.0700340904208072
0.0707312878844727
0.0706055257431946
0.0702967122858005
0.0701766857802029
0.0691055203841183
0.0682216949255301
0.0681874991022118
0.0675572915195749
0.0675503258409654
0.0678950817722166
0.0688314982625106
0.0695051995633371
0.0700000860276488
0.0713180608177811
0.0718418962427936
0.0723216057009207
0.0731319567188328
0.0736366186398629
0.0735412013124366
0.0734869358778456
0.0737113048752344
0.0742437542279396
0.074443323117904
0.0746464251280986
0.0749774520941561
0.075147916877789
0.0745826799851578
0.0745631274233284
0.0745256442818531
0.0741784811838113
0.0727892458496671
0.0733611592733625
0.0729348576747355
0.0732162978936278
0.0732556052500332
0.0722448826879098
0.0722507310604282
0.0725026458275076
0.0722740620557503
0.0728711436900754
0.073605837576955
0.0736742791034707
0.0735089099047693
0.0729637260422164
0.0729536185897048
0.0728460932629912
0.0733635606086134
0.0730707555566191
0.0725045355330397
0.0723501594877198
0.072828413127067
0.0736262685964406
0.0744277637010657
0.0745424265279672
0.0744978398079068
0.0744909910574642
0.0736639524248089
0.0733067287866384
0.0729766503136371
0.0724702033177183
0.0716694240887441
0.0709056841900844
0.0699649139427028
0.0691930978651597
0.0701732165923485
0.0692791518945162
0.0703770541721881
0.0700812701606968
0.0689128834498961
0.068842291649345
0.0697958160960741
0.071160764693688
0.0715918455651188
0.0723444970138016
0.0719053172049619
0.0734897848140147
0.0731581111719443
0.0732193371181087
0.0729379848460121
0.0729500750025087
0.072805826247499
0.0728469641172071
0.0736161819180251
0.0739358643930325
0.0744597974993663
0.07449529993331
0.0737480789524747
0.0737188997489458
0.0750422934777524
0.0748778876747345
0.0742714199027117
0.0737837661177849
0.0729835094598986
0.0714324762164391
0.070466376544623
0.0705701443706707
0.070654241675403
0.0711492400333236
0.0710309765270192
0.0716067779351825
0.0714612640002557
0.0707715306414219
0.0703056040785655
0.0700149188914443
0.0703892436331142
0.0692487424595833
0.0678532108343151
0.0671962263401366
0.066514628682375
0.0666128253777428
0.0656341314423892
0.0647401720495327
0.0652616296375203
0.0664239874106102
0.0665667970814943
0.066473650945757
0.0663864054561066
0.0666938130566713
0.0674544507330258
0.0676139651677468
0.0696250530750041
0.0738292653856108
0.0796861667813192
0.0820839547550967
0.0821434117175231
0.0826296214637981
0.0814959292162873
0.0795133569832773
0.0773031041510543
0.0753878202603962
0.0752927031640423
0.0750916973253551
0.0745427422753888
0.0733419559544098
0.0732780655486406
0.0745538129882513
0.0758767902741854
0.0755869593452231
0.0760743763534315
0.0748131506708635
0.076246852844495
0.0774652395156857
0.079249085822806
0.0799795917005701
0.0801536648638654
0.0792277016766554
0.078421618044381
0.0784736098468304
0.0785357525039553
0.0789676544648031
0.0787786364325815
0.0789514068784516
0.0789214923080929
0.077924579657192
0.0779971962049315
0.0770121136022311
0.0770588638666626
0.0766514254101523
0.0767472828018822
0.0767660500688455
0.0769852606196375
0.0764441922204482
0.0762010259441113
0.0765202894610738
0.0769775503605047
0.0774247280081889
0.0778748864569961
0.078054555240765
0.0768872059107579
0.0755811346614436
0.0757020480944638
0.0768695500583149
0.0770045916138998
0.0777222262085426
0.0779546133504674
0.0772535758439373
0.0788374307081696
0.0776962349933789
0.0775514905298114
0.0773469623786037
0.0778275020741316
0.0749088891928409
0.0758514464447954
0.0693591852414302
0.0778572990599981
0.0954610802658805
0.0851001723371635
0.0782904835829648
0.0749244884145765
0.0728751150734437
0.0727554388033199
0.0741012080915786
0.0742401526531112
0.0744733845173391
0.0743593488657464
0.0737228571821984
0.072558088591215
0.0709683939651113
0.0696778020671487
0.0690257212896831
0.0684943447212266
0.0688241111774853
0.068586349080419
0.0685159422668266
0.0687612523203914
0.0694389093358522
0.0698407118442766
0.070692872718053
0.0720154017656342
0.0725837421985563
0.0734907276302425
0.0737540867188863
0.0740772264947278
0.074092249429644
0.0743081215527168
0.0735478256516785
0.0740082322746902
0.073197598264688
0.0726768492909
0.0732937053033097
0.0733401212535104
0.0731599462606028
0.0729561857923367
0.0730453605636695
0.0721863949517146
0.0721434957737164
0.0718427209052117
0.0717352876253781
0.0718377145891305
0.0720618058977611
0.072096471471488
0.0719166083850868
0.0715777999298648
0.0707758906691209
0.0700146229811091
0.0706907630453681
0.0721746439124648
0.0725671436811826
0.0734906182630777
0.0731237239231274
0.0723314402534326
0.0720393707979655
0.0705773826949989
0.0721170469669743
0.0734267111315683
0.0736301871010444
0.0737102073985373
0.0742448161044058
0.0736646734160113
0.0733166291779969
0.0714083179064023
0.0704043921654393
0.0693408862172323
0.0684912757089001
0.0685407239414717
0.0684911217497096
0.0679269362263158
0.0678097625979418
0.0680304126354485
0.0687047307720648
0.0675698613913594
0.0673192174056169
0.0687108211392841
0.0696037246628204
0.0705669902175409
0.0717519071188045
0.0715532436476086
0.0712275498721677
0.0721517516506082
0.0712274623004635
0.0711560122995131
0.0712788657849912
0.0714097379698899
0.0716634072195592
0.0721393447598577
0.0728051750982624
0.0734836357593951
0.0733914050473371
0.0744044086938844
0.0735428456003564
0.0736539748286194
0.0731035420993647
0.0738783962323173
0.0723809341431593
0.0715686802759303
0.0701085643388024
0.0700030858630421
0.0704349155245338
0.071174957390068
0.0710059148567011
0.0709019783807738
0.0709192542393541
0.0704971525600825
0.0698752783754368
0.0699176690532392
0.0696081061116088
0.0693743779795858
0.0683601217539855
0.067402233697088
0.0665973327465491
0.0650970910788595
0.0644853091940778
0.0648070814782085
0.0663706584732914
0.0673846103432035
0.0673229043629108
0.0673805155768357
0.0678490401906651
0.0675339467129741
0.0671221857124313
0.0673405379555499
0.0672199559848759
0.0700886362163745
0.0759778299258974
0.0827384222582527
0.086318216355011
0.0862438960574798
0.0842926490954429
0.0821838581253376
0.0797843314160086
0.0798117365187387
0.0761351733024628
0.0747246560592394
0.0740973411704427
0.072885549080792
0.0731526949318992
0.0736332219192796
0.0752758382621375
0.0753433325392749
0.0755073773390608
0.0762402301051941
0.0760006013077312
0.0779322536166055
0.0780835633660259
0.0776475946404328
0.0769503603279044
0.0758098056396077
0.0748926161551702
0.075931507970848
0.0758109659493425
0.0760921457090377
0.0760780088889153
0.076658640609877
0.0769246292619423
0.0775848393545491
0.0772163695252759
0.0774558759606866
0.0765340409021324
0.0763904087607742
0.0757049721380308
0.0759485169565332
0.0752785801463906
0.0755404372538771
0.0756369682157974
0.0767627115611101
0.0760840707271272
0.0763993039532686
0.0765683486112089
0.0768123511660146
0.0757860621831743
0.075529795917405
0.0748659930219175
0.0747967500859586
0.0760811842349617
0.0760696722974758
0.076355245186742
0.0764936648854972
0.0767841452034128
0.07803788993994
0.0782134030548292
0.0783294392083176
0.0778754805470762
0.077899009260427
0.0768458200507906
0.0746202398301875
0.071107301088282
0.0891184349637631
0.0930358805320296
0.0858183657851742
0.0829421785488399
0.0791795883456365
0.0756984498050832
0.0768926540607383
0.079024393253434
0.0793409838438226
0.0796183351826139
0.0792953126388313
0.0774113684530705
0.075365304941597
0.0741321786270693
0.0731965462097882
0.0710080888768505
0.0699575447849026
0.0702154687727322
0.0694263858072611
0.0693823558782309
0.0690030941181262
0.0688327335567538
0.0686704444068808
0.0691028715409853
0.0694011553290204
0.0707323327951236
0.0718260402130682
0.0726563795746961
0.0729540014249717
0.0732085713434521
0.0730608787369639
0.0729128673806067
0.0732244567992453
0.0733624897533627
0.0727939517788145
0.0736267665711459
0.0735013536235489
0.0731014185550765
0.0732639529632071
0.0736736665757488
0.0732678509451246
0.0730692679941012
0.0725897026229051
0.0720388595082768
0.0718878715166129
0.0718232380159179
0.0714876642624401
0.0710672376422399
0.0703840274889053
0.0682615703877577
0.066525769697627
0.0664772588717088
0.0678038141778557
0.0690070484532185
0.0700663579849837
0.0710274108216163
0.070766740325768
0.0707659027197131
0.0707168230229082
0.0699236671249709
0.0703213211340314
0.0712709690434084
0.0713976523217542
0.0710800672051264
0.0714562064789234
0.0699617124429308
0.0684453062704515
0.0674770617254336
0.0672496226862633
0.0666667555946732
0.0655346793122206
0.0655790717884
0.0658241697469589
0.0662978521057135
0.067248824664314
0.0673505328224962
0.0669911631614678
0.0663242302541818
0.0666164418512347
0.0674555158831122
0.0684800908461331
0.0692071885680764
0.0686419392865529
0.0697706721301147
0.0698427494480534
0.070079427272532
0.070285604137239
0.0704543296091368
0.0709221108412232
0.0717156745346529
0.0720075372344986
0.0729239616536333
0.0730482907542949
0.0735210669265482
0.0737296590892727
0.0734616685258398
0.0724302156777001
0.0721776683262284
0.0713390055809269
0.0710462243176963
0.0702565500391439
0.0703587032432262
0.0697565388406297
0.0703981315357247
0.0707228460927394
0.0705469652010551
0.0703931073629826
0.0703784685022571
0.0697038274878866
0.0691560085505296
0.0697042931613695
0.0704893301442623
0.0698615235892317
0.0680664451357862
0.0661288756458638
0.0649077212190275
0.0650253159561946
0.0681212285737664
0.0699008478886416
0.0724342276384198
0.0730748822927269
0.0732307179489648
0.0728000604570596
0.0718950456953716
0.0705169932534372
0.0677771401196381
0.0682777176420468
0.0678014791855116
0.0749649641606117
0.0820649907419939
0.087595731627554
0.0903611288105988
0.0867484381831535
0.085150228552867
0.0823223279483501
0.0797440373681949
0.0787347651082397
0.0745864507705399
0.0741509580153313
0.0731067207197156
0.0728648859848927
0.0724818533104926
0.0728106223149953
0.0742738694363159
0.0747564643941718
0.0756255154181911
0.0756184955062808
0.0758040137617652
0.0777212081175631
0.0770986331206781
0.0768603477653523
0.0764840063879142
0.075613507558469
0.0762073383926933
0.0771769372292686
0.0772591919228641
0.0780645945279499
0.0774481641505585
0.0778248688791705
0.077857018278338
0.0778505016662099
0.0774761588608303
0.0771011269878052
0.0764599588515849
0.0759121634208982
0.0748654555122416
0.0751397506653557
0.0757503079101133
0.0758304222659398
0.0756948848633619
0.0762727659040573
0.0756627098399371
0.0761592728419282
0.0767124141570383
0.0769101277546726
0.0770166329041703
0.0756296445064403
0.0746504292040018
0.0752376891375344
0.0766334199294907
0.076214700815776
0.0763990687941058
0.0775579655908347
0.0784349279792555
0.0797604653787289
0.0803879853750589
0.0795616289861343
0.0780061301661134
0.0782438689846288
0.0774905558234272
0.0747200219659234
0.0728358998916624
0.0958255917106669
0.0998328966365538
0.0914166854484434
0.089498969830201
0.0853694606828908
0.0827224232663914
0.0844914443557276
0.0868462226078555
0.0882333704200392
0.0888932053090871
0.0867296672375397
0.0824390439849675
0.0809607419042917
0.0788043707124756
0.0743467035356676
0.0715765685865824
0.0694974284980987
0.0694054989117896
0.0686855989087266
0.0686095625719237
0.0691553841451126
0.0694279283864385
0.0690481254607298
0.0685729268906961
0.0689204331751335
0.0692778879453387
0.0703027507273195
0.0716803259288441
0.0728055856090843
0.0730117340311522
0.0732915507075715
0.0734350783516475
0.0743007844880523
0.0754717762547446
0.0755934316623662
0.0753020258158228
0.0755058056760599
0.0746188627471248
0.0745829295412953
0.0733457864392985
0.0727765393687665
0.0730986957912707
0.0729033159913813
0.0729703084526085
0.0721135309042694
0.0716913416200753
0.071223284254504
0.0703591616365515
0.0695992538261876
0.0683917294756842
0.0667912858372184
0.0672409162036006
0.0672610653860323
0.0675127863945182
0.0684028686306454
0.0676130090613914
0.0676854879728551
0.0673341855226205
0.0672254774470132
0.0665087052648802
0.0657881020869336
0.0657623644429349
0.0660992829565483
0.0657115679382088
0.065200882742359
0.0660030824799589
0.0648530636273213
0.0657807677042079
0.0659697721492727
0.0653069083272205
0.0647341104482894
0.0642417280223866
0.0644785904130512
0.0646841160121215
0.0653196193092817
0.06503294786188
0.0650552137698358
0.0656412025122099
0.0656354858001401
0.0658918692047204
0.0659637497043074
0.0665834365511252
0.0671187222155625
0.0679622378278055
0.0686637656483602
0.0679236983398788
0.0686663618359831
0.0694450126089211
0.0700193851274829
0.0700321127547813
0.071024702868792
0.0713352744085516
0.0716870434906206
0.0728762803509656
0.073673067740326
0.0726280217422219
0.0716267660960093
0.0703936437649522
0.070515111292426
0.0707294011306574
0.071110547074193
0.0710128796536697
0.0709329441764138
0.0701806953426568
0.0688803483292546
0.0682587496167586
0.0687291992267896
0.0693159693110462
0.069888829722951
0.0705854675735254
0.0720891204480953
0.0714978912347143
0.06928151774864
0.0662946756946205
0.0656253692793266
0.0663125035161997
0.0701692186383711
0.0773702824438166
0.0813357184419779
0.0815474189508742
0.0810275243143993
0.0798957220633819
0.0787669730896628
0.0758411826061906
0.0730757524650423
0.0710535031158013
0.069715568745491
0.0697547983549141
0.0917910403830645
0.0987529301125638
0.0976395371087536
0.0944445245475254
0.0886047454902914
0.0879766145444386
0.0855807229115947
0.0807643946886247
0.0787783337935262
0.0753794643106068
0.0745226830761295
0.0732715274910295
0.0719321256167149
0.0722788183275618
0.0730833199086035
0.0741875965595148
0.0746250403750466
0.0743782912314812
0.075351593903906
0.0759535924643565
0.0766094395070415
0.0766301560496371
0.0764911449871496
0.0757524067408327
0.0751421119604276
0.0755291855129416
0.0761286697541151
0.076201458583178
0.0758550833745021
0.0765352931197242
0.0771430080766756
0.0776994981450407
0.0779695959501352
0.0781978525941422
0.0777563657630633
0.0762853440369712
0.0751639015884939
0.0751346449799687
0.0752538849091806
0.0751800641258409
0.0754342118499189
0.0752579680630218
0.0763149859841424
0.0757857571014156
0.0758089099099925
0.0760817771510166
0.0756361738826296
0.0766195430549159
0.0759566160179886
0.0757241883212467
0.0759794895097364
0.0762766430653805
0.0758666002622783
0.0773893842251666
0.0781437462393031
0.0787996056244148
0.0799596200912763
0.0813152329674273
0.0797842745133236
0.0795761481793073
0.0797143621528935
0.077027535606832
0.0738122980724047
0.0745850218111287
0.0999091486484034
0.101566737650106
0.0968482634275304
0.0912985689951419
0.0875543883064027
0.0861434284588961
0.0919455566959691
0.0965996837687452
0.099233213297803
0.0988511194411128
0.0964831332138677
0.0918565292871293
0.0868330245290599
0.0834694093264977
0.0804678935687764
0.0771163379058141
0.0750764109978906
0.0729978754718418
0.0730543961141006
0.0707874838305079
0.0709449466563232
0.0704776902249761
0.0701118839815298
0.0697310770568904
0.0693617716258763
0.0695499985888088
0.0711160554100004
0.0720962843033911
0.0727632211207515
0.0725711679849876
0.0736466883824646
0.0735922824242685
0.0744690578343063
0.0748533336962937
0.0748507373626738
0.0744244580412859
0.0744354096002532
0.0741981961111127
0.0738635541972164
0.0705416438233408
0.0701038033009009
0.0703546800637336
0.0710734517307035
0.0708444148478826
0.0699781307088841
0.069738515085654
0.0690900503073972
0.0686923186728186
0.0676923971139002
0.0675780948235065
0.0673685399807227
0.0676093929599246
0.0663556755982977
0.0663154619678739
0.0662190576696412
0.0655329365789423
0.065799933587275
0.0651998941226926
0.0655764979118107
0.0646198330565157
0.064237287722047
0.0632023406168148
0.0635129266637637
0.0641521144372076
0.0649293351380397
0.0649144636819134
0.0643068026237305
0.0643495175238792
0.0642501869734597
0.0642015076544302
0.0635078672974172
0.0628654052016122
0.0626723352507842
0.0630226244965512
0.0637671434800638
0.0645398819296571
0.064704012773137
0.0642317614235001
0.0644234502004773
0.0645191886271073
0.0656749779337997
0.0661446880694265
0.0665720407817308
0.0665105421673103
0.0670943890330921
0.0672171447478315
0.0678064692052737
0.0688370360923621
0.0695250433988836
0.0700426930253667
0.0703153698523294
0.0706181648568497
0.0712960492207062
0.0727510473016747
0.0736392794701142
0.072409121717122
0.070893283088983
0.0700530096859522
0.0695686900934782
0.069971559050037
0.0719120667400852
0.0723432305221648
0.0707184352662192
0.0690782211523887
0.0681883701492139
0.0686115772563309
0.0693169748843622
0.0693399963917429
0.0698033245426842
0.0712381236295995
0.0705246712852733
0.0688107246964741
0.0670038120999943
0.0668263897389336
0.0695716911690965
0.0712274784349879
0.0793430008318166
0.0930408485906254
0.0966408696924842
0.0947655997489616
0.0917477520107722
0.0882766682493767
0.0841987534696085
0.0782629820305131
0.0751809937841392
0.0729584859199281
0.0722908706818904
0.075373153251765
0.137607835932589
0.142468649046508
0.125564955830489
0.105195706019
0.0939770740900848
0.0918964780252687
0.0884385100222091
0.0801860347171552
0.0771000563198374
0.0752102690743602
0.0740910095840253
0.0723574153266669
0.071707092594434
0.0720616777093536
0.072354862767328
0.0728212152290769
0.0735009751134795
0.074556725380718
0.0758947760519894
0.0765890481515946
0.0766492216101877
0.0766053897200469
0.0760772669770017
0.0756302986113322
0.075281929335646
0.0755165168314664
0.0751362852841591
0.0756635320575936
0.0759843910767
0.0757722977047057
0.0764498760516376
0.0765814132004099
0.0775824552343777
0.0777807900617737
0.0773603776745262
0.0769245219418046
0.0757542644533193
0.0750087958314199
0.0742883097362437
0.0744577131927546
0.074723881030569
0.0749824391616424
0.0757330057453398
0.0758719410298445
0.0759991685402739
0.0754621185805668
0.0750936320105025
0.0764728751523775
0.0762631932134568
0.076246790877183
0.0753830209714128
0.0757010550038475
0.0758256056784296
0.0760832762680912
0.0771262355351465
0.0775923226216222
0.0788745555808174
0.0786430186577722
0.0781706266720924
0.0778115637398377
0.0766607714319241
0.0749451989477659
0.0747151300249671
0.0732041794151969
0.0908967851916814
0.0953550910298177
0.102750752473982
0.100435106380689
0.0958817892300322
0.0962374275141021
0.102985262018272
0.110305942108777
0.111443993980881
0.109602904772307
0.10710894783928
0.098534333229563
0.0941776158683195
0.0906065366323826
0.086119433281455
0.082434872532969
0.081269800305277
0.0780605770016469
0.0767389761281024
0.0756450456301449
0.0748120616561253
0.0740333540618933
0.0716972021904801
0.0707637640930635
0.0702601170487234
0.0700270148043615
0.0700017968979987
0.0701838331045966
0.0708281434116267
0.0701369159252708
0.0705861102164595
0.0708153152584968
0.0711510537589224
0.0716511574267975
0.0709835206282469
0.070641672471322
0.0712614176376103
0.0713966016652946
0.071640546459739
0.0689577537838413
0.0692925972390797
0.0692139176764847
0.0694338087305426
0.0689813334208873
0.068542747200178
0.0682236112940347
0.0673528693085244
0.067537983847337
0.0671986284840867
0.0673236106805547
0.0665132537380761
0.0663817581019197
0.0658314140002328
0.0652777647048584
0.0646778106086804
0.0647833516404125
0.0648347039337127
0.0642803266843633
0.0644630888169309
0.0634176432175344
0.0637695612264595
0.0637421750025573
0.0631635069017915
0.0624301321026683
0.0615304061734782
0.0612260492389141
0.061091068503349
0.0613814265726883
0.0617398860321726
0.0614987741476943
0.0609911310477719
0.0604861595518098
0.0606225581125033
0.0616446677254507
0.0621216431856303
0.0622339484275623
0.0624175627388789
0.0626723281468439
0.0625937366622423
0.0633515948871817
0.0642888345660923
0.0648226785646945
0.0650135826572257
0.0646381304760028
0.0652140422682117
0.0662085387803653
0.0674324499397467
0.0676627073347175
0.067952610194811
0.0687198636208888
0.069497621526355
0.0694643069214852
0.0699833660318526
0.0712379452796395
0.0710943926385851
0.071096758489951
0.0711660190297463
0.0701129839419283
0.0697007127985262
0.0701785719676526
0.0732122934194162
0.0741453632852629
0.0726949217398583
0.0704728797629258
0.0693010851395217
0.0703537683429609
0.0709083440876353
0.0701430225296192
0.0706284929345619
0.0707791452904474
0.0689015375397249
0.0675281070736563
0.0676166559492471
0.0685701221781673
0.0753875411474161
0.0747783813807805
0.0922756043761518
0.109033684695052
0.106710327379171
0.102921011332589
0.100756507211216
0.095781199805767
0.0904026074924807
0.0826554820545545
0.0778709330497398
0.0741085455958971
0.0727227681643727
0.076293389102215
0.124797482210698
0.134754020255791
0.141665060671994
0.111397403376138
0.101052909197821
0.0933085103028006
0.0878338079225456
0.0810318765275264
0.075465045358843
0.0739111062568178
0.0722320077587861
0.0710501578345207
0.0715037434459944
0.0716608955220029
0.0720369646366095
0.0724753564693532
0.0738590708032182
0.0749070666195375
0.0752670839478271
0.0754036623628548
0.0751438251527798
0.0747209671103972
0.0740723057476022
0.074368966084339
0.0747602793433393
0.0750635465558953
0.0754546643902427
0.0761554178930068
0.0763185036512822
0.0761159027900649
0.0757030801667153
0.0756678085562009
0.0769059663774629
0.0780463560719053
0.0772602354949104
0.0769038186536373
0.0761697231294055
0.0746464252527701
0.0737013391273214
0.0731446405673421
0.0740450011971332
0.0739170253688601
0.0748022862640777
0.0756533438966216
0.0756163610012893
0.0744120231290847
0.0740288431996692
0.0753951632949862
0.0761579430631006
0.0757817467761152
0.0754546162762153
0.0767232333314405
0.077175301377946
0.0779299892926696
0.0774393787748472
0.0775202369889813
0.0771412341547589
0.0765244364358906
0.0769761038895025
0.0759480439945912
0.0755091238607305
0.0751291231468485
0.074293967824235
0.0715643231723905
0.0904514907495863
0.10291342719337
0.114994177485784
0.114027304100797
0.116425537561042
0.114464987623467
0.117664449161202
0.128757627568691
0.131830429499835
0.131291843465857
0.117298517071151
0.105720116084179
0.100128344608853
0.0956712478545064
0.0945544932448043
0.0932147062791236
0.0907158419061747
0.0882853474314672
0.0866582325661225
0.083593966091478
0.0818981847216667
0.0784383047774807
0.0741748089204302
0.0719768692321868
0.0699769462357999
0.0685227819390068
0.0671881646543866
0.066928395510013
0.06725025826127
0.0671942321244393
0.0680313868800368
0.0689224807524943
0.0691447330629659
0.069301853883496
0.0691149743361516
0.0688572038437128
0.068866063977244
0.0700212024958145
0.069208126445983
0.0671889633263068
0.0670621407266486
0.0665634282546701
0.0659672962349737
0.0658096389053412
0.0660138561161312
0.0657845557974092
0.0656620774325537
0.0660784351172601
0.0659869452138463
0.0662200909379607
0.0658753676611197
0.0653862588673217
0.0640775215358795
0.0638962227187886
0.0637425006973813
0.0636575767038638
0.0635054493902872
0.0641335558304563
0.0645215509720993
0.0639223056934855
0.0632385606426955
0.0621937380264698
0.0617740987152395
0.0617132903560538
0.0620200719827005
0.0631333900925784
0.0633013874072062
0.0626803746420587
0.0624913825147557
0.0617974632647646
0.0614579978159425
0.0618800146262366
0.0619492923594585
0.0615420723163041
0.0621477150145532
0.0612851069917871
0.0610294227738475
0.0618286072383335
0.0615687310255836
0.0618518817774459
0.0627691146157443
0.0631822839864255
0.0637205249379263
0.0642139598868708
0.0648634632235676
0.0654636346171077
0.0664610362539538
0.06699291266329
0.0678149153317888
0.0683031815978554
0.068504336969279
0.0689565328567723
0.0704256628402488
0.0703522716098536
0.0706547891115003
0.0707400980834183
0.0707527264441787
0.0713614014631066
0.0706931650231698
0.0718217000495245
0.0732112375019059
0.0734233035784974
0.0720031840355306
0.0707193453158543
0.0698802908061401
0.0701896318778418
0.0699934496134188
0.0694469493161323
0.0696686183010764
0.0690857513638517
0.0677356032415421
0.0667087521980921
0.0675891884846522
0.0692654243737515
0.0780769632354492
0.0789453100526958
0.113989847641096
0.172659301275351
0.149578242695325
0.126549816929463
0.113693696665526
0.104335968548907
0.0968766801436444
0.0880708635833929
0.081846572602923
0.078232817001895
0.0760485975687081
0.0793015965215534
0.106097768607425
0.131675202112392
0.149061902308535
0.164721144581846
0.110492489199564
0.0923087067237791
0.0865118061826561
0.0812234780516013
0.0736412484781171
0.0709281434866318
0.069995593013429
0.0701890592146429
0.0705802543472362
0.0707868663647177
0.0711530857259067
0.0717852210591473
0.0729077205672739
0.0733572818984811
0.0735624336146068
0.0730802788664449
0.0729662022772966
0.0725654541836722
0.0726216173531612
0.073812766018664
0.0748211638406888
0.075576851573289
0.0757934478604593
0.0764958254611103
0.0767095747558528
0.0759814928280611
0.0751440029119308
0.0754478726227057
0.0758482706017929
0.0772036962795332
0.0778259483649267
0.0767966404928283
0.0760900396333728
0.0746037543394624
0.0738246348464819
0.0731695928632194
0.0737629744277201
0.0739349718532203
0.0745089646654628
0.0753659849623969
0.0758868597534275
0.0764361533788136
0.0742139503382745
0.0754896815401289
0.0771218488532612
0.0759987390347134
0.0749807848307131
0.07627882179753
0.0767085937829031
0.0777025564487295
0.076889125196825
0.0766594710370356
0.0764066565191599
0.0760047373468049
0.074642097547727
0.0742750394228566
0.0750677539340505
0.0752152140619713
0.0734231501469386
0.0828820048462753
0.108194311753152
0.123626649604396
0.137964071322072
0.135243989263435
0.150165109710439
0.13775991191647
0.138002955171189
0.153476016620754
0.153939767506036
0.147553305586059
0.125137524541815
0.112001673469338
0.108518671386848
0.10478367923465
0.10508418134869
0.104873597304663
0.103823084367307
0.100945570393126
0.0967734485841297
0.0864329865915852
0.0820440304968816
0.0792106365327233
0.0756218513612441
0.0716690710866776
0.069049442393251
0.0672360883649339
0.066409980889175
0.0657341706181066
0.0656241128395685
0.0663157767883812
0.0672116135995829
0.0678738813316377
0.0676418449189202
0.0674351477034054
0.0675258587142442
0.0671469189942377
0.067471409652205
0.0677614504690449
0.0675173965035559
0.0666329607844965
0.0670783376202538
0.0661246529223754
0.0654198932502847
0.0654199410957193
0.0654176366269807
0.0652109320516753
0.0647354762490415
0.0649946337874672
0.064914931719839
0.0641030103273164
0.063943600920131
0.0633897646677185
0.062490682351653
0.0629494051638599
0.0628882563884068
0.0639655682186714
0.0635888641637724
0.0632643923216796
0.0629313086669698
0.0622951600082593
0.0620718104999063
0.0618506344435321
0.0611980130592871
0.0611014862405591
0.0616477383547525
0.0616604238281113
0.0626504064157912
0.063278135511336
0.0636482692231916
0.0629964093191619
0.0625756202606572
0.0622241813806308
0.0618372044796036
0.0617607394706837
0.0619733834136705
0.0616696051128586
0.0615146000567297
0.0616137487777482
0.0619797874888548
0.0625688750442073
0.0628582865955254
0.0631751020795057
0.0638556476057671
0.0642824771179476
0.0646884898288838
0.064675346297056
0.0648776860592202
0.0660709983848877
0.0662120286922973
0.0669034939083109
0.0674253155756328
0.0685252291695095
0.069359239145981
0.0699310295529314
0.0703011164788693
0.0709928930909562
0.0721204984993292
0.072474611747604
0.072170142743895
0.072518272360526
0.0718344935307581
0.0722821624775615
0.0708641942055555
0.0696854829618578
0.0696476271456044
0.068849649081858
0.068154194240434
0.0681316319399646
0.0686053346563014
0.0674261985298352
0.0668613519286903
0.0672714573671201
0.0700433154313564
0.0714425720666565
0.0803844771865787
0.0817747020619378
0.156735511234514
0.193805802281994
0.165846825638549
0.137694116973967
0.121147305471078
0.109037616659622
0.0991127057443724
0.0878154098494525
0.08260465775383
0.0800199980727752
0.0779869342243447
0.0802122631793213
0.0957812137722325
0.119755882392513
0.154619263797765
0.17171067315397
0.118282645175679
0.0942001528565186
0.0911154754040073
0.0791149191422332
0.0712097788005989
0.0686720650819292
0.0687896383607328
0.0695428538252274
0.0701272243686326
0.0704469576762197
0.0706469967574171
0.0715003979293847
0.071743075657307
0.0719657023511219
0.0720086445335366
0.07115766850953
0.0713531297810454
0.0712303675486913
0.0719942262030741
0.0739849326752959
0.0754746678535084
0.0752859543969758
0.0752394065251073
0.0766419051259239
0.0763904182658481
0.0747022913784513
0.0744874297920772
0.0750121543580182
0.0761617598149798
0.0766510777428546
0.0769915844071936
0.0763975812818382
0.0755157339933584
0.0750368618753105
0.0736471064028656
0.0730279679507175
0.0737230738212905
0.0741047106653267
0.0741098964567967
0.0745276754732135
0.0755161374197671
0.0758443665134777
0.0754731357169664
0.0765579411797221
0.0761268938426285
0.07604921825374
0.0750408760707882
0.0764519308248817
0.0776218865624968
0.0777422140102722
0.0769153924603306
0.0769592145343929
0.0752170822788024
0.0744648980360401
0.0739170134129351
0.073837702716444
0.0747661208768218
0.0734252297540658
0.0713703031605255
0.0981436537868447
0.137398618419684
0.149583583707518
0.161725490501499
0.158512846732391
0.19117141356842
0.169240138544182
0.165232738030597
0.171928652882277
0.169728174189193
0.161476455951255
0.135037709738724
0.118023156532392
0.113930782979296
0.109802577758595
0.10955090338679
0.110028106663644
0.10857464140509
0.103867395803942
0.0960139765631442
0.0867416307790224
0.0804036474257064
0.0764728679871947
0.0736589358589213
0.0703399520706674
0.0683677470506419
0.06653889793603
0.0652701912602273
0.0648709926130768
0.064967315862886
0.0653720981497275
0.0656513310675847
0.0658726031117455
0.0661884324706204
0.066419881579847
0.0664784169770398
0.0667548358561174
0.0671217929960487
0.0670854230183193
0.0667824058639685
0.0677556476530296
0.0674421476179374
0.0668233915664424
0.0658581582485375
0.0659684194298423
0.0660190046874741
0.0657787143062724
0.0650482762232102
0.0643104602512204
0.0634866775278562
0.0629807322099324
0.0622544246352884
0.0625137369228537
0.0627565640544994
0.0627149741396968
0.0627154699817052
0.063317877673783
0.0629992294989313
0.0624627408390579
0.0620361573756446
0.0626653424879432
0.0624198672819152
0.0638586342440142
0.0628273695671979
0.0615063763306113
0.0610226624094504
0.061532777195744
0.0617292217155431
0.0622087214398115
0.0621787699906622
0.0624802021954719
0.0625240341536293
0.0625306043503772
0.0623158639999136
0.062438614978062
0.062132295762885
0.0622230487196123
0.0624489219253094
0.0627936701017206
0.063396167680233
0.0639119630480408
0.0644529570246522
0.0642978670927432
0.0643093229127892
0.0644052280371204
0.0644407151267006
0.0643051233093731
0.0646102032889944
0.0655730061259956
0.0658296443211182
0.0660628328132055
0.0661992373517045
0.0665891256866512
0.0679933886183151
0.0686350947128141
0.0684602101174801
0.0689552231990602
0.0697098163895464
0.0699815115688351
0.0699828275779993
0.0702662291758581
0.0701316705706049
0.0696742586567765
0.0681063893111843
0.0674894783254378
0.0670245104826354
0.0664620652513371
0.066777291640764
0.0664831410338555
0.066399126925182
0.0666215176019561
0.0678632601558442
0.070585959546023
0.0732801641916076
0.0740792355926532
0.0861324661605363
0.0848037530980504
0.130780296069608
0.154450510089668
0.146682933490431
0.135426986849579
0.124239251286508
0.112432717443368
0.102401534301607
0.0912096413381479
0.0846990993625302
0.0805535408134471
0.0801209243026747
0.0816728097703816
0.0939339257812572
0.107705779887771
0.117867421272454
0.123287055133755
0.129112789303123
0.106532324808288
0.0982021688216335
0.0803474028295351
0.0724743995794189
0.0669886957804586
0.0673499185680809
0.0688975417636332
0.069755924179884
0.0699814746472148
0.0705675492573624
0.0710298056243026
0.0706253346911787
0.0703311188034197
0.0709187425854809
0.0708932819567817
0.0708924247873193
0.0706540765154517
0.0717951751782624
0.0724684580320143
0.0737653996150519
0.0740931206660034
0.0745504824978244
0.075974941315039
0.0767975944824432
0.0738249012638706
0.0733333948345249
0.0731637673654288
0.0737293629132645
0.0743242019548871
0.0752361168743773
0.0749556568923538
0.0753119483296578
0.0753279158485696
0.073881883130736
0.0733717602880184
0.0731283295898023
0.0728478570035656
0.0726083115038069
0.0734209844117561
0.074205757668027
0.0748563664387285
0.0761726093056187
0.0750297152366258
0.0747959246418618
0.0754551332459006
0.0757958437321682
0.0773660600753775
0.0772671856290705
0.0761993096799436
0.0767633701585037
0.0760384530228775
0.07471405801883
0.0738606576145461
0.0737709970480574
0.0741856354661457
0.0738948651151068
0.0723840437590197
0.0705584242565633
0.111081819480815
0.175631871436344
0.175981696298315
0.190069602561339
0.198763751979737
0.197538311577427
0.192272263557853
0.196059759531725
0.192036489451008
0.179736699754379
0.172159897541934
0.144808032115872
0.129749194292708
0.126334413012868
0.119245481491272
0.118631206853555
0.116530310236308
0.111048115657075
0.100362355256212
0.0928849961662811
0.0857272633557176
0.0821247629239713
0.0776173406081379
0.0738459086369226
0.0717006811249928
0.0696734034341928
0.0674182768010379
0.0657917362122722
0.0652086244627209
0.0651755998650571
0.0648697449379167
0.0652728637966884
0.0655458570066038
0.0657784243531278
0.0661099822224282
0.066731431380156
0.0669804036834967
0.0669275223345657
0.0670343772338226
0.0671450103864067
0.0683034481609166
0.0686006571484196
0.0687219653590027
0.0678352125733582
0.0666053851174961
0.0662320953872735
0.0654471072422662
0.0654264918090971
0.0646695272637595
0.0643466832761558
0.0636036125334917
0.0632927441372227
0.06407014439403
0.0646700575201988
0.0651238114118609
0.0650695077293213
0.0656905239734081
0.0652509994883764
0.0651956309803316
0.0648914925784298
0.0645933346389605
0.064897425044203
0.0658559154417831
0.0647444994764346
0.0638772231497982
0.0630581406002388
0.0629052617937825
0.062458348640541
0.0629464836268411
0.0632530312849854
0.0635290324217254
0.0638782618976281
0.0637482301252735
0.0633420656541941
0.0632148438055354
0.0633561054347183
0.0635610190055371
0.0638723251379019
0.0641088962539418
0.0647231019514805
0.0650323883591398
0.0651948977396351
0.0651437740039357
0.0649678029749516
0.064888187513177
0.0648825508692145
0.0650758665676757
0.0649138373534868
0.0648747434966967
0.0652753676007494
0.0653024223478219
0.0654850163651835
0.0656000979825163
0.0665671429963468
0.0668816153672414
0.0669296748513279
0.0669216303863842
0.0674033985931278
0.0679323801327994
0.0682004482782641
0.0678317415243295
0.067402882258028
0.0668651164411902
0.0659102490315558
0.0652199696272801
0.0653170004060903
0.0654638528669698
0.0653288475193446
0.0651125622337351
0.065653365786634
0.0671021481861891
0.0711145577459133
0.0744393469486719
0.0765704780331026
0.0806458518345072
0.0978323498532624
0.0971668191215376
0.132673771566648
0.144919615635061
0.140685325062318
0.132380551816159
0.123914036258083
0.115753613372002
0.105681934833274
0.0961914390553293
0.0872403787429851
0.0829881001151114
0.0809488419483099
0.0816150997345706
0.091328953916179
0.0990431917922809
0.10166406297429
0.112702797549954
0.137130457957014
0.119501438820097
0.10813671023154
0.0850905787115999
0.0754221947869921
0.0672950965754887
0.0662725753441648
0.067641565442457
0.069104648834744
0.0696490226069776
0.0702005533601346
0.070138972069506
0.0697386923335667
0.0694297486174917
0.0696521263807918
0.0698246096731977
0.0700235181604338
0.0700775184524025
0.0714884060197095
0.0724472272920084
0.0741755102761667
0.0743810220297477
0.0750773427153834
0.0754099275213244
0.0749189759217155
0.0731625160560429
0.0718898167696317
0.0716430316266238
0.0731130161006419
0.0738502730170712
0.0741867952102463
0.0741746617753079
0.0749853232147487
0.0751918721351304
0.0737412592398658
0.0713275522983389
0.071725616793627
0.0721873977784113
0.0725788728402428
0.072682825221471
0.0738446790919678
0.0749563716645548
0.0758934293824845
0.0760952271962437
0.0747578318340277
0.0753638910013978
0.0746953243911997
0.0758131314197506
0.075396977926244
0.0759863805681263
0.0744043074085571
0.0738915812349359
0.0728130162092765
0.071578342061309
0.0717700272457634
0.0715852200798411
0.0723361464305447
0.0724366203586185
0.0689232493019002
0.117961403297206
0.205110623147517
0.217212828954683
0.259299711838425
0.227474548918616
0.211516438925918
0.217458745762346
0.21854815408227
0.206824481572231
0.192030935664819
0.183925601419367
0.158353982446428
0.148200752267326
0.14923804254847
0.138149607240484
0.135877515358409
0.121052794826789
0.10987488436885
0.10136192247858
0.0920755956414576
0.0848981096027542
0.0783114059391143
0.0737678278311086
0.0725218775034456
0.0708132902667701
0.0694942196691516
0.0676315424543062
0.066059862924716
0.0656166041269672
0.0654800484008113
0.0652696194782538
0.0659480832457238
0.0662007048912939
0.0663791633970047
0.0668472691523653
0.0672902211168132
0.0675175070325853
0.0673601320354835
0.0673815669194286
0.0674873508535133
0.0687864850952536
0.0700530510052859
0.0702867107734158
0.0698587371609459
0.0693918545638631
0.0691207855364488
0.07006979684915
0.0685188614549713
0.0685774687759851
0.0685133278837327
0.0697240757550668
0.0710116503260186
0.0712054131399937
0.0699622519675268
0.0688617515842388
0.0702153259061907
0.072113213919112
0.0728596086618424
0.0712998687607335
0.0690597618659416
0.0665407090526426
0.0658663094390103
0.0648583213817851
0.0654786096815229
0.0657109442003017
0.0644013340756895
0.0642757935255088
0.0649376099660436
0.0654727166915136
0.0653425116251163
0.0664039822624529
0.0668100631126334
0.0673370008632356
0.0662612561792855
0.0660867809774788
0.0657933683794929
0.0658787246691091
0.0655941078061104
0.0653919513223835
0.0655485122020684
0.0655816927102334
0.0661547408173057
0.065576751793376
0.0652170270993295
0.0652653839980287
0.0653580442446912
0.0653033383291524
0.0653693810953403
0.0651864169474986
0.0653169586778047
0.0650950388315659
0.0651708444586362
0.0654221587476227
0.0656665184399255
0.0658080044825873
0.0669509766902062
0.0661926340313164
0.0661042777652455
0.0673550365861242
0.0674028970554118
0.0670820666833054
0.066320145437691
0.0651969484889771
0.064894893290381
0.0648851203304027
0.0653165460399385
0.0656126980267061
0.0658176187761186
0.0670345140768187
0.0708696289498762
0.073467832952388
0.0764769012479883
0.0798137801831896
0.0837672300674754
0.0873220209825274
0.128157675427354
0.124307989140609
0.202792502507019
0.245239909628384
0.235437708115158
0.185518029059794
0.149402453429233
0.131542166526777
0.11834674091505
0.104302656734815
0.0929771983274881
0.0861614111257559
0.0816474411665958
0.0792318270866135
0.0825252432833901
0.0886510673357059
0.0907518085477486
0.0943080664584491
0.140726450946702
0.0948239586305433
0.107446690155693
0.0851908493037289
0.074429762589781
0.0680654188082591
0.0666663003557575
0.0674390009255297
0.0683819519358769
0.0689481440245437
0.0693485686094445
0.0694744224912435
0.0685994274830086
0.068400123160727
0.0682222963944209
0.0682406269894853
0.0686160793945677
0.0691592233508353
0.071294707083363
0.0728611226845147
0.0734746313815693
0.074255330523846
0.0736808011228868
0.0726956595432908
0.0727356174183299
0.0718380549137581
0.070973711570874
0.0717853003348718
0.0728939578055023
0.0736552751734568
0.0752554053075648
0.0742750932650409
0.075842430920164
0.0750113180047296
0.0734032636950139
0.0729084677944851
0.0738292956770133
0.0734155669790935
0.0735121638658318
0.0739656733417551
0.0741608953068011
0.0746730444177984
0.0752193758420783
0.0751011240642504
0.0743608987546267
0.07424954640829
0.0752417407963365
0.0760597823069279
0.0753731863541487
0.0743758433116216
0.0724919120583374
0.0717958843762629
0.0714326985466917
0.0714819817174934
0.0717233928506046
0.0714458984391074
0.0727949500157583
0.0719378502016377
0.0695413017360323
0.0968441750665836
0.210863140111251
0.262218765343115
0.303663701209903
0.240944388728385
0.212178429461966
0.225325741853853
0.217179067635114
0.209458331105149
0.205195643625897
0.19732948010194
0.179701130572619
0.167615926587108
0.157718437945558
0.147162903587356
0.135449406529055
0.1162410536697
0.103482596431272
0.0976731065065405
0.0873859541249282
0.0818590550103762
0.0793578489413162
0.0754462064526619
0.0737302058526534
0.0727887519871746
0.0720956037365005
0.0697809635397861
0.067847905784679
0.067960610321942
0.0671908477190026
0.0664849840730928
0.0670137982872921
0.0669584070077971
0.0668220019911003
0.0673351444880783
0.067645477853576
0.067398566359109
0.0676066821017907
0.0674223076682419
0.0680677387618297
0.0741750803702897
0.0751719566164546
0.0750785859138013
0.0743573209656662
0.0761971759339412
0.0778967717949773
0.0768907345837099
0.075086334954851
0.0753581290642915
0.0798176766692336
0.0898614084915226
0.0909934269488359
0.091021197429585
0.0862528744993634
0.0820662221981722
0.0814544138140196
0.0847419556464142
0.082290951792048
0.0792778278320845
0.0760261944637048
0.0732473049847784
0.072005830576657
0.0709187321876207
0.0690154155295274
0.0678408131342221
0.0672585474236643
0.0677992110859226
0.0682783132596479
0.0695895369001087
0.0708477074470459
0.0696867840070116
0.0702505095251116
0.070131555907279
0.069512263424455
0.0697372649673207
0.0691690236293153
0.0687730344254508
0.068348884319096
0.0673624305292702
0.0673674992941819
0.0676671547039832
0.0685791536182462
0.0663090675545258
0.0663366525440443
0.0661781615127776
0.0660085423949471
0.0660644009819698
0.0663963772478251
0.066187221224488
0.0660926544667487
0.0661607245859801
0.065590107615335
0.0652968834549943
0.0651654009222979
0.0654008138062195
0.0650285033115888
0.0655070103418382
0.0649941292428865
0.0657058854829107
0.0658729364857168
0.065966676689474
0.0650918656265995
0.0647960655820604
0.0655516044302459
0.0677349927465195
0.0714831406946114
0.0742379092676858
0.0726665626468448
0.0738567542317969
0.0775637186215979
0.0793418225506725
0.0799942372737859
0.0820021892040118
0.0886874273196769
0.0942353933706029
0.106476728487835
0.113305915294233
0.16210944702748
0.187073643317047
0.209917948458348
0.205963230666398
0.16564358605
0.141834000399788
0.127097415047663
0.111773296851445
0.0989190420557703
0.0907747069050781
0.0831901271920717
0.0770853043305507
0.0773989894810365
0.0802688325894389
0.0825815249400527
0.0815840484391091
0.138912666054013
0.129520309760044
0.104327214796666
0.0851867392993647
0.0740167019651979
0.0691213740994835
0.0674777929096989
0.0671703966347552
0.0677500391488665
0.0680878870474549
0.0681500058672404
0.0682201241475671
0.06740137909916
0.0669637154076386
0.0675976282071613
0.0687513772558458
0.0686392122841851
0.0695011175377009
0.0711144463636474
0.0719078904809867
0.0732728768214295
0.0718465377750138
0.0718136096452651
0.0718781630679168
0.0714283980268626
0.0707660876991516
0.0707239326705551
0.0709955568731304
0.07239597246209
0.072804813683711
0.072838720114051
0.0729279048179095
0.0733473996247859
0.0735147317324749
0.0736280368750176
0.0748539429232222
0.0739428539816535
0.0724452740245907
0.0733722349525529
0.0747035142076955
0.0746118349394724
0.074724068303425
0.0754013189313815
0.0742650720150254
0.0734011807254398
0.0737270577204094
0.0742949703140301
0.0754426360954932
0.0743545700669062
0.0735037317827202
0.0726807197133744
0.0721476930585332
0.0718375374779056
0.0723869517265764
0.071698179741099
0.071432874401133
0.0720949706831045
0.0706882300700567
0.0694406717811264
0.115772286198821
0.29408575285436
0.320104141546551
0.311558567900716
0.23404569423188
0.213230017591588
0.211511473773112
0.204048965260396
0.203835522883661
0.204409747728344
0.203277883980932
0.189747155840578
0.178177528352211
0.172444201123226
0.155347015681221
0.138098763403579
0.113506043977328
0.0997921662440955
0.0957393625312446
0.0860414145989256
0.0825630463521543
0.0810658888494304
0.0770032395444449
0.0758495416860893
0.0743320825601083
0.0743703160626731
0.0712654919852127
0.0699117881971636
0.0685193858968818
0.0677775254296193
0.0670599402643781
0.0672079677962331
0.0666843452056483
0.0668126828645577
0.0675238176962235
0.0683662340637131
0.0685882175265882
0.0694062238150251
0.0708508357587809
0.0727160299974485
0.0728666377547524
0.0759849983270153
0.0772978587656859
0.0774101350470675
0.0776504519048131
0.0806598991902778
0.0856393778953494
0.0884875375750918
0.0895424241349678
0.108525296107984
0.133620995748316
0.137658197585446
0.140469582837418
0.124380955296047
0.112457689708585
0.110651586635363
0.110576657743783
0.100507053073345
0.0917901665286725
0.0881957314036274
0.0839523603136482
0.0818470576144684
0.0777534953296089
0.0752031093643462
0.0747316003431988
0.0740436135112282
0.074545621793148
0.0753671104980976
0.0765243333772226
0.0765435582098234
0.0752299880817376
0.0741773428535996
0.0736290135585782
0.0738091030070907
0.0735482764125168
0.0732708647380753
0.0730493055412593
0.0724211905403343
0.0724087295931661
0.0720323892492869
0.0713716086611239
0.0701584508036195
0.0686861062084231
0.0680779222055031
0.0671526204420427
0.0671190564753918
0.0670903627417964
0.0671101017393387
0.0668415176685838
0.0666190604363194
0.0664269526357893
0.0659511398559996
0.0656834927825559
0.0655823950791861
0.0652784739203884
0.064777889043439
0.0646316594881533
0.0648395169899021
0.0649046046789571
0.0646629488939749
0.0650293207922734
0.0647872276772747
0.0698214084839168
0.0729990100608025
0.0763475049100308
0.0803398360890469
0.0813728425569817
0.0799418757971691
0.0799512299665903
0.0830184126538889
0.0827739615265013
0.0825818267117434
0.0843855601933507
0.0903942991143763
0.0978224867667594
0.111603298485396
0.1200240049642
0.143893294122061
0.179153361548656
0.217089625761816
0.233512749990737
0.185534567730169
0.154007308143621
0.132340032081384
0.11370732216255
0.100768688323856
0.0914314536773873
0.0844000921824005
0.0761615268235569
0.0735418734488034
0.0761453383440455
0.0763212697671175
0.0814167534559822
0.0989303781734383
0.103768915335205
0.0984436951033073
0.0879133783582954
0.0773744103284166
0.0723329196242214
0.070389614179442
0.0691452830452059
0.0679090377559081
0.0674409130742884
0.0670875134007984
0.0665434830220389
0.0664051768051939
0.0664092619244083
0.0675733720670801
0.0689288521532491
0.0684115137473705
0.0689227835819151
0.0688761050968421
0.0684250628722418
0.0702517747095487
0.0704686157821507
0.0718456311489375
0.0717561488489819
0.0709448523774154
0.0710355537901342
0.0706752975831316
0.0715160904859467
0.0724021163928169
0.0721091531875919
0.0719630547763362
0.0721665164195371
0.0716544416506669
0.0715610966222724
0.0716713709227336
0.0719325686222778
0.0719199246212566
0.0718371511176925
0.073506245512567
0.0745304335551776
0.0746606668586144
0.0743418819712797
0.0737727401459357
0.0733442922885858
0.073797196343665
0.0736317203314133
0.0741901199376111
0.0748244607906189
0.0744372212479332
0.0735706964149325
0.0732131870854881
0.0729758554203056
0.0727352997274965
0.0725513807697835
0.0716054243656958
0.0709311844503657
0.070860971365498
0.0692095841156649
0.0693052663068332
0.108839061377659
0.304505962651567
0.352244447704065
0.293089437982983
0.232023741378668
0.20989890310962
0.207434181601322
0.203699155931206
0.211622918946534
0.21851449815712
0.214875032126499
0.204941452522889
0.200445197739332
0.188376125454158
0.161854982158842
0.139418722464836
0.115283129437338
0.104151165036647
0.097935550889509
0.090237418319245
0.0864747241274068
0.0833708373975917
0.081349357352404
0.0792803559723462
0.076712124659219
0.0761863637338073
0.0741953670012234
0.0725668910194109
0.0709632941508042
0.0694330994134382
0.068687876350692
0.068344653935027
0.0677628787429251
0.0705677721871341
0.071739600936916
0.0727110517426515
0.0728868026832372
0.0730040497105767
0.0723841062147425
0.0727328072939957
0.0736994979492543
0.0778094932246908
0.0779355542085545
0.0789803354865932
0.0829963369677644
0.0881709721235532
0.0935505839196572
0.101431450013814
0.110390056055292
0.19426613480496
0.269766860625435
0.28249399167851
0.271162462406836
0.239347458460777
0.188553379704077
0.175252474773964
0.160531096997042
0.127949067874796
0.109488158337173
0.106325390689423
0.0986947969505597
0.0940388708091677
0.0878348053402695
0.0845168480902358
0.0832108749072251
0.0821936272360172
0.0825081802114188
0.0827434338859407
0.0807304336239792
0.0809671128974556
0.0792563385795583
0.0769752213281777
0.076924559115579
0.0777245669288637
0.0773325990991887
0.0766610689952955
0.0763205543066968
0.0754229420460273
0.0752982654758122
0.0735856763028601
0.0716632394417747
0.0706639050664036
0.0699517194105141
0.0692335993269877
0.0692636806045206
0.0693973908366124
0.0685447016351383
0.0683309740127873
0.068330184278182
0.0677969572263262
0.0672629444117803
0.0669943559352421
0.0666319303668325
0.0664599520307415
0.0660094521473112
0.0656015478864101
0.0650937243505496
0.0648283498921947
0.0647275645447945
0.0644314965230308
0.0642605741209592
0.0691692425073091
0.0717475390793505
0.0780114780765397
0.0873389662935134
0.0905346711182413
0.0877854910777795
0.0866350226394835
0.0882213547407958
0.0883298187280004
0.0860418836754517
0.0854706463782487
0.0868336140642301
0.105535381867821
0.121564859002511
0.13485317093003
0.138025341903033
0.15586649181343
0.172756589652963
0.185757884030618
0.308489334552015
0.218937879768591
0.163381160011696
0.134533509511233
0.115504741096415
0.101608026296034
0.0911578771261573
0.0839659581735358
0.076762354261032
0.0735126503740736
0.0745510368543698
0.0749931411677354
0.0757537718839281
0.0849658006028526
0.0903963911693922
0.0914762035162504
0.085267588959348
0.077602997608943
0.0736927322618715
0.0721646164048736
0.0702298520760982
0.0685534962812751
0.0674482602271782
0.0666985164075737
0.0661541299151186
0.0662949393318185
0.0665392317152505
0.067273257718176
0.0682595340971191
0.0676149524875181
0.0673250635764698
0.0670265276893635
0.0666316924423569
0.0683667203691884
0.0690540547949971
0.0715582692885848
0.0719962808869433
0.0713139746523585
0.0720105770285781
0.0716875418366768
0.0711811460294194
0.0712629144615955
0.0723133757971234
0.0703747087509909
0.0713123655814472
0.0707565813649496
0.0710385825566209
0.0717146867933316
0.0725449791833186
0.0721913924461037
0.0716000113846673
0.0729000151244319
0.0741653448939869
0.0742796438218752
0.0733452564578904
0.0727879363280141
0.0736482934390579
0.0743144428265185
0.0749831360453118
0.0746060514533255
0.0747907200490994
0.0746462074240874
0.0742081594371386
0.0741777868704041
0.0739969985194443
0.0736101444729481
0.073891501861415
0.0714898458519264
0.0700973794227159
0.0703495072000164
0.0694507109326744
0.070300021420839
0.131183823596806
0.3328733040725
0.398791130856241
0.312492096758955
0.215548489652249
0.212872484469989
0.204452006614927
0.224983723327894
0.250872995976262
0.236487997034185
0.225617164000917
0.213186130475577
0.213537301525886
0.195534250161298
0.171438218374557
0.145638434782029
0.125299552226279
0.116410621935125
0.108712897402268
0.100461069851072
0.0951336265103277
0.0882227747178824
0.0846792987481609
0.0816253857686298
0.0807276594121337
0.0787725600383828
0.0747260134933718
0.0747214974563742
0.0737880649675293
0.0737745920281746
0.0725821944773555
0.0720587808856549
0.071764034285619
0.0708637246479361
0.0716515087773268
0.070868913371885
0.0708894625585282
0.0721792010411002
0.0717785560503797
0.0723717540976292
0.0779637671097423
0.0818566010800078
0.0829676389536825
0.0862488446351369
0.0920730524591617
0.0963389710806184
0.103832663301883
0.123977404834972
0.151293613831277
0.285173590869225
0.360928752514068
0.336365653793207
0.299689679235285
0.243984060991862
NA
0.200824850619837
0.201862657428098
0.160553428264632
0.135623687260505
0.126534703855512
0.11143409698686
0.10279168325825
0.0951884665735416
0.0913960399783264
0.0885782518170671
0.0859709314046772
0.0870240674714232
0.0876721530569546
0.0866847186375736
0.0836573935450586
0.0817421763124501
0.0795152084382914
0.0791159719962659
0.0786734778674542
0.0784828700498303
0.0780072315070745
0.0765279745004592
0.0741676980948641
0.0725628822066262
0.0710031508692554
0.0693511413706294
0.0696744901521459
0.0699292446988307
0.0704057663232215
0.0705908864654816
0.071184821535905
0.070250206186832
0.0699361690444556
0.069969426219119
0.0693349078361456
0.0684994842392528
0.0683591152341965
0.0682795419628181
0.0680077033880278
0.0672474976578598
0.0664731927281743
0.0657942180139681
0.0654315154965393
0.0650284814807963
0.0650499601719552
0.0647001113824983
0.0869711184285652
0.0907856050709864
0.0985056345286644
0.111435351482414
0.115543426035067
0.108067601594377
0.101680444675349
0.0970223064450994
0.0935322423481546
0.0899221294950561
0.088357572304868
0.090431017659874
0.123640916176681
0.140111598240924
0.151672014663608
0.152704517585509
0.180789148494734
0.198246680900651
NA
0.244980955207461
0.262925094918901
0.179886809127561
0.13805572290621
0.115677135960275
0.100987799968821
0.0922357293296938
0.0846951704267953
0.0764837519760058
0.073254023829212
0.0731008573920386
0.0742584794507123
0.0740182333005978
0.0786477007482494
0.0815118455637212
0.0839137851787821
0.0812441607691941
0.0780777963636285
0.0746738216313556
0.0732522041378965
0.0709445056466077
0.0687908327588259
0.0673314366432498
0.0659967819874223
0.0656222240255407
0.0658902720719871
0.0655216545407966
0.0656217490095788
0.0669403934222419
0.0665082207657009
0.0666049651558284
0.066230962174762
0.066186258688692
0.0673904070321393
0.0681203391756321
0.0702003495896901
0.071959675358929
0.0712681156066747
0.071500019116175
0.0722088085146663
0.0707513495086096
0.0706263047241218
0.0713023200805228
0.0704718303464297
0.0700856461425244
0.07045627684253
0.0706421218772472
0.0713058863454269
0.0722802309464352
0.0712695495011277
0.0708449696917905
0.0724936256545275
0.0739038392748808
0.0736529087897206
0.0736890884002582
0.0735985545619777
0.073751927568769
0.0753036306837459
0.0749114859390435
0.0744240246597921
0.0757244273164183
0.0755742357075748
0.0748908533269955
0.0736771891783894
0.0747251014765215
0.0748250429666402
0.0745819296115711
0.0718347870287289
0.0708103803413516
0.0697995287554772
0.0696652786060372
0.071482214966598
0.157595280730014
0.451667657796488
0.463648674174225
0.35546232816773
0.211227251495215
0.209210395505625
0.203636191476967
0.225371669909921
0.182167630192343
0.177549033216029
0.195651530952628
0.2258150763431
0.236647338327287
0.22205840166684
0.184557853719645
0.152917783070332
0.133750602159982
0.128400594804214
0.122294405324496
0.108392617504155
0.0988961589118018
0.0923979726493185
0.08902998728954
0.0877318314706071
0.0849828002852399
0.0859871343401468
0.0823919839340718
0.0815959238405477
0.078749428755341
0.0770574757833942
0.0729157364834282
0.0711227173583947
0.0708366337153272
0.0711423198443615
0.0708838679449167
0.0710988402475832
0.0720916637850635
0.0717967208434566
0.0722232361630336
0.0745693735658496
0.0812717197800384
0.0852795755694146
0.0878563756243882
0.0907067402416783
0.0944527856471368
0.10246104028477
0.116688550541772
0.144422484296316
0.19439418501674
0.30968366031455
0.325383839397178
0.290934267378439
0.260864538760968
0.124054962890103
NA
NA
NA
0.148711233157633
0.137799134743688
0.134278466174797
0.122148605017875
0.113146608308814
0.109932379842379
0.105657208412293
0.101769742217962
0.101276111396445
0.0965700300013502
0.0916659469406094
0.0883785185867218
0.0855303962935713
0.0842526674503751
0.0837428962680617
0.0821816135507121
0.0796097730754001
0.0785473277733776
0.0771221853969107
0.0749252617380998
0.0722924626639083
0.0708345305292108
0.069754875647669
0.0686639633506779
0.0685446628470483
0.0706657776021546
0.0723859146403927
0.0740134956471696
0.0736415581750475
0.0733350119563659
0.0724267629029622
0.0733515382111325
0.0718799151135499
0.0707144430140934
0.0702423620049381
0.0704595382641553
0.0695979611469514
0.0688042395418593
0.068067728361712
0.0674718251142054
0.0666809892396285
0.0661536654262694
0.0677187248594855
0.0653282258046047
0.115158467544452
0.106594066194103
0.114273756577013
0.138661400499022
0.162755916541902
0.154154708285536
0.139756663735049
0.123663423936722
0.11355168277467
0.109074994104343
0.108950376338105
0.109663937457889
0.146767548580251
0.154313284502951
0.141402449179138
0.189146588924223
0.217628606910281
0.236904384395662
0.192560310050044
NA
0.227842170782782
0.188040961258676
0.141206827081158
0.118872654592007
0.103316199106563
0.0927819085228062
0.0839125831363043
0.07835092256874
0.0750165095094942
0.0732131234155335
0.0752485229766013
0.0743263231801274
0.0761443342941716
0.0773589027621692
0.0778352188185668
0.0773811438158356
0.0784620460787465
0.0751342986064481
0.0726147709310159
0.0697303870540765
0.0682694536704973
0.0670716235668345
0.0655951763349483
0.0650075985542608
0.0649785776106885
0.0646805146551956
0.0650873622253028
0.065789097741956
0.0664040916699598
0.0663266680517181
0.0660954286264099
0.0660612650470776
0.0664984819502805
0.0668038936041308
0.0689901483685373
0.0710880177706302
0.0704414837005996
0.0715295778574075
0.0705142237885958
0.0705708610819894
0.0702334578512525
0.0707548893245922
0.0704419652990659
0.0697266679464274
0.0705491454530214
0.0709286964864116
0.0713135613943631
0.0716335207246026
0.0723947553724353
0.0724321041216996
0.0729906740634653
0.0733351118293266
0.0749435116004312
0.0739354589836206
0.0741240494788345
0.0738980524422216
0.0749185931065776
0.0753521746214788
0.0752195505172142
0.0764182402726272
0.0756768597234464
0.0742755097990788
0.0732548055009006
0.0740362252996541
0.0750089065890822
0.075015647036663
0.0719501886988551
0.0706408876430777
0.0699104407040899
0.0698551437916781
0.0793154110066648
0.172821743677337
0.409523377897822
0.479079824888561
0.349957092168908
0.188303634401748
0.204470366875938
0.189525470759953
0.183253750554809
0.17048897556593
0.193351323017685
0.24004114595209
0.30087365894552
0.30949426973951
0.28492488114078
0.21535613651146
0.169841276764738
0.149032171991845
0.132604615845121
0.124321618743263
0.119821303531429
0.102175733267961
0.0995264815711052
0.0984523982150826
0.101346297563869
0.0962974632419542
0.0938421986267476
0.0873378788480234
0.0840031833313567
0.078824718718899
0.075518832565118
0.0745042738771061
0.0727198323369477
0.0721566684298816
0.0717371769915547
0.0709926724727191
0.0711482069430312
0.072440502535634
0.0729461120344388
0.0748919469186441
0.0764199373201
0.0818958228991168
0.0845425897643587
0.0888048058467308
0.0925012160379069
0.101896937162263
0.114165093561782
0.131604595863069
0.170036727023109
0.227091717718556
0.31040386327294
0.296415286364144
0.279740529030584
0.246461367318838
NA
NA
NA
0.232482791726832
0.185452174669421
0.164494388758655
0.161603238167766
0.151129556880294
0.137666250977696
0.128626241890817
0.117900356079343
0.112970220089593
0.109140751213434
0.10191305172945
0.0979164399170687
0.095090545572757
0.0918426253709067
0.0897565969848907
0.0862246079469617
0.0834046964998418
0.0815881362746127
0.079504091835471
0.0773369115655082
0.0755515461919181
0.0740292861323926
0.0720136184877542
0.0698232394142087
0.0696227358564249
0.0698690825856531
0.0710258206495533
0.0712444313119988
0.0736336271528051
0.0735814234611597
0.0732506480239542
0.0741794940894493
0.0750751553307546
0.0747617713877637
0.0727758458506717
0.0722412809836175
0.0729976176736188
0.0718648103974994
0.0710296507919819
0.0697040054924074
0.0685454134959733
0.0680889711875487
0.0690340598061369
0.0697347300036816
0.0720911400922861
0.0977383687759457
0.102751595381723
0.110840837157606
0.126964099917594
0.191645094773013
0.193322193721982
0.178566172777906
0.162175465207881
0.149100936734192
0.141494447397997
0.128844197284703
0.145734391229647
0.181908499727346
0.183493908826574
0.189136805940454
0.195494043883339
0.23274061455723
0.23645402402563
0.22180068865322
0.210388003225199
0.245919205789954
0.20784822511498
0.156832335543615
0.127601526318184
0.108684662086627
0.0962026113045984
0.0883069638682799
0.0831655634994802
0.0782235247117881
0.0759922423209268
0.0768812615392037
0.0755547972509437
0.0766008578540475
0.0760950582464151
0.0774369128028899
0.0772568118022556
0.0779254194079853
0.0749296385538737
0.0743706606338553
0.0709310891520248
0.0691864172004553
0.0675552625833465
0.0656342244410198
0.0648064549336473
0.064714596285366
0.064968328230965
0.0657539102856617
0.066936658570906
0.0667349906863785
0.0668026799761292
0.0664729461097199
0.0664260210181523
0.066929845310133
0.0669276077496882
0.0683199663242635
0.0698909194101643
0.069733149567203
0.0706453309053602
0.0694443437039993
0.070328312635357
0.0699261308802768
0.0698180635623141
0.0703541977041389
0.0696564949776716
0.0701945719886875
0.0706455290583584
0.0718807825528319
0.0727053038269493
0.0744939054486664
0.0743642196163238
0.0742215790435362
0.0745846847713061
0.075512018943824
0.0740218194436491
0.0737675821717276
0.073083377624636
0.0737023635867182
0.0748241253064161
0.0746930139114953
0.0747576496960188
0.0739790439371542
0.0721050275307182
0.0724868489221659
0.0734533039047754
0.0744148951160968
0.0736139394140778
0.0723157320376641
0.0708499640209708
0.069785708624893
0.0695145720268232
0.0852871365810678
0.164593078365351
0.391178343719188
0.37812247776596
0.297090767492822
0.15903819558165
0.19617048241347
0.166289295779395
0.15971400090358
0.163255331384818
0.200199639249459
0.266589537597936
0.34272641420293
0.360019498355286
0.336111515108433
0.25519544127405
0.181185252559468
0.15297234720251
0.133045068462005
0.119360927914374
0.11538547759893
0.111629595766741
0.111165435180747
0.109074157844264
0.106780955510081
0.0974157674190729
0.0913773716161914
0.0862268813773861
0.0839081185477312
0.0795749746541908
0.0788463805319932
0.0766031921942792
0.0750828274576446
0.0725555470092171
0.071652835780363
0.072586144267333
0.0735708353364637
0.0743961551216526
0.0745203934130087
0.0761070336932618
0.0767873477723166
0.0798251525310067
0.0874021992009541
0.093121164096157
0.100024753519499
0.110867473777042
0.121945873693414
0.142981967337585
0.192361825683044
0.265183146123844
0.312124714116961
0.294758351623881
0.301639244161431
0.2951383045436
0.338881735392866
0.300643909231258
NA
0.250123070549715
0.208785144370388
0.174800395120133
0.179210268295986
0.167476493613745
0.148901426513696
0.136424483531819
0.125975177883361
0.121529221221303
0.115663457218646
0.109746498140026
0.102439126263962
0.099064223899414
0.0935639818551289
0.0878642116974694
0.0832181851511188
0.0813846030387193
0.0802578596610105
0.0787184213043775
0.076372867778912
0.0754729050220054
0.0735291441185447
0.0711086938812566
0.0689084627889153
0.0694834094172838
0.070444472451205
0.0708956946264832
0.0705852682841914
0.070535218583007
0.0711942577746358
0.0731421666766501
0.0748248968177861
0.0767508739000024
0.0775998354358937
0.0770479559310435
0.077028466167953
0.0764594315374986
0.0755800307434539
0.0746080877697729
0.0723624297895569
0.0708725815034016
0.0706936334910261
0.0742837291339061
0.077205251478867
0.0828092930871185
0.0979579138984959
0.114231938801043
0.130531839707493
0.184462958700203
0.211671437414331
0.210143177341275
0.201915789492901
0.193722188819362
0.181872966709367
0.168814391185412
0.154648878888333
0.163643505283582
0.176324690378062
0.183307634703123
0.195001640783157
0.203207082739242
0.219167401558885
0.228427068911397
0.225765445773849
0.253923334421417
0.268634376166135
0.229697318193446
0.179569084620206
0.143315330548881
0.118367376060847
0.103108999230564
0.0930159288024072
0.0855264343804681
0.0812300162994454
0.079789560061669
0.077859779205693
0.0763408333811605
0.0769607055901059
0.077730574929051
0.0779129528320868
0.0786103708127325
0.0791250739298881
0.0761500881446196
0.075309890500578
0.0729362076581402
0.0704032531589383
0.0679586404696205
0.0659672863364378
0.0650446523937694
0.0648742173428626
0.0657347454154019
0.0667227872467177
0.0674053265163861
0.0676612809840927
0.0669095728215379
0.0670410561517734
0.0674618795525662
0.068006334174538
0.0678039666240129
0.0689071361543849
0.0699103207867945
0.068983199604118
0.0704346675077726
0.0688184802501319
0.0687045579420625
0.0692520558865659
0.0699069311446384
0.0707643723017392
0.070897753473307
0.070912364997864
0.0714408319864111
0.0722259558401528
0.07302157803044
0.0742899060103845
0.0742120236560451
0.0749100768273503
0.0752055906349728
0.0750521031263159
0.0733890969371535
0.0728193808369126
0.0727535990862952
0.0729121543239044
0.0740390651173308
0.0732914140016248
0.0722335308370081
0.0719574443701889
0.0712928189561858
0.0718447670545572
0.0729135736515245
0.0736081302716808
0.0720543413738807
0.0716309706235123
0.0706380249862065
0.0689170398737066
0.0705486580356035
0.0890534570101943
0.150860733938756
0.39709046986297
0.332298160073676
0.250484663896303
0.107273921176361
0.188251630957025
0.152657469002174
0.146812758592288
0.169168669100395
0.218680661497172
0.271212630958778
0.323954960672426
0.387953526068163
0.38037062536202
0.304389197433213
0.192302385590215
0.146431713936725
0.1264622338782
0.115694120117283
0.116950877792965
0.117443748196545
0.118042877490124
0.110838071734138
0.104972986105751
0.0970076082926686
0.0926946166892704
0.0871492243068147
0.083580173325223
0.0799977002042062
0.0795536702847957
0.0787537794425839
0.0744010477281497
0.0711056229909015
0.072123782089405
0.0722193869933246
0.0742423748345897
0.0766654200631009
0.0778973006399914
0.0773652211215467
0.077109914840797
0.0800539261819198
0.0891597326477889
0.0992026663435234
0.103747337083272
0.113946974874934
0.127586027699046
0.159965392169476
0.227272579028232
0.301620611768576
0.293952518674455
0.282570989936621
0.301539347646173
0.313713963337021
0.36592747430825
0.288180913432553
NA
NA
0.231999442058743
0.184139643053617
0.183207701531188
0.160499240160043
0.149509620887321
0.141196563809224
0.134125300618633
0.126985333059046
0.121730386270145
0.116773303843346
0.106178685870383
0.0991410286730291
0.0905982762012316
0.085942999072511
0.0811380258247739
0.0799563615778881
0.0794976866388066
0.0778460936269073
0.0748359407215689
0.0745555940841568
0.0728879421404937
0.0708767125857583
0.0696407566674926
0.0708441481406584
0.0706427264131621
0.070810450670766
0.070910566368066
0.0711553476025051
0.0711243789703786
0.0727531935634521
0.0752267999919889
0.0774204072275606
0.0785498284909815
0.0784588497752811
0.0782647119061259
0.0789066759277642
0.0784772982163497
0.0790139188037581
0.0766260293187977
0.0762928466851296
0.0757804781742812
0.0795548739639603
0.0841663841586832
0.0948741831449294
0.105050077352302
0.118784153252272
0.139501448019695
0.180248612553524
0.241239436101704
0.24874527285678
0.233066530357062
0.226402919705082
0.199015661506171
0.181064476994216
0.167226285157805
0.169249706615667
0.175488193946005
0.187024898988962
0.199546475989225
0.203920769513246
0.213954804797953
0.219711183273125
0.222987682652395
0.266800663203448
0.308409585529766
0.247980592813183
0.195738379804486
0.150690902379079
0.122982319073867
0.106766204861198
0.0970951350202293
0.0897701917209332
0.0868345784493436
0.0838385216660089
0.0797838274316414
0.078263207447871
0.0776904523689798
0.0781677609495775
0.0783557077432042
0.0790475236647564
0.0784643681780497
0.0761104284878342
0.0761032077821767
0.0732778868534903
0.0699839379945673
0.0680761399931895
0.0666703773940683
0.0661628687112645
0.0657540196079229
0.0671141053126304
0.0682379985954623
0.0677560703097914
0.0681755507118013
0.067526045435593
0.0683243819847945
0.0685266914258151
0.068810199954098
0.0690049002829391
0.0687077587061437
0.0702811826344359
0.0705427765563751
0.069719484225333
0.0685738555456542
0.0679761010567222
0.0688651382476117
0.0685242511729749
0.0691510071896779
0.0707793174382493
0.0703152456726143
0.0708930062567221
0.0718029427272986
0.0727354910608525
0.0743654560982829
0.0746282079535005
0.0749418221833767
0.0755247490240103
0.073711609348863
0.0719202301609955
0.071040579633884
0.0729982359695431
0.0729526800622228
0.0718616436670636
0.0729946797477662
0.0730153513122598
0.0724596476340195
0.072593016155357
0.0737498533909768
0.0735702008235546
0.0738889992655686
0.0713760882963315
0.0707077368869697
0.0695791422126769
0.0682839643353449
0.0697719698407579
0.0834693335578341
0.130299649393996
0.415136092312942
0.319452968839404
0.18924916207788
0.074532326664237
0.177455234649902
0.146023616731102
0.141573596275649
0.178774687946592
0.227893636920221
0.282345608538291
0.33062868557908
0.377724367919993
0.415098556653361
0.345608192224992
0.215145689361015
0.149378973596241
0.128230680300662
0.11910844137713
0.121613879098018
0.119324142473448
0.116719840856482
0.110865113719646
0.105208195805455
0.0986870818621607
0.0905150982696549
0.085722826342507
0.0832115746800248
0.0802740066900769
0.0804182162632182
0.0774118272664074
0.0742085213479727
0.0713970451123101
0.0708379060812791
0.0719316394114998
0.0736911622084214
0.0767624719820022
0.0775605518918529
0.0775175821238288
0.0779493631257722
0.0822267094627733
0.0924690555685785
0.0994947180072243
0.102703496579892
0.114052583420911
0.138101817145587
0.183479125708287
0.262019559737801
0.280143492082032
0.275640083853658
0.265266639465223
0.291050223823454
0.326086306576205
0.314196044973817
NA
NA
NA
0.232058137204947
0.194612403434227
0.187828358122167
0.149668572601387
0.144931931537309
0.139605674023972
0.13259466390991
0.124077572370342
0.115861733737691
0.107943891603059
0.101213246526215
0.0974464379989862
0.0899400342654624
0.085752691477486
0.0807089072976756
0.0786818129931566
0.0744725589652488
0.072084288373475
0.070303906753748
0.0716578717954497
0.0725623350155301
0.072323136003548
0.0722144024791838
0.0716175270185907
0.0709782675436953
0.071188305257924
0.0712705928995654
0.0727707239921698
0.0715014726455978
0.0730230226200658
0.0740763952143801
0.0762900769147037
0.0775614761393802
0.0796995194322056
0.0807071383427311
0.0803189711695678
0.0808899539056906
0.0819134177218225
0.080891718670726
0.0828766536785668
0.0845356199915397
0.0874290844614971
0.090516418060479
0.105889312304807
0.116996996962524
0.136948281000118
0.176087187131517
0.234212323892671
0.246472477241338
0.243940386624757
0.227041976971524
0.207822661322601
0.186644448172024
0.173477172579368
0.168456758080436
0.168124441649163
0.171478434187857
0.190951591428059
0.200853288713963
0.204031119975264
0.203904335566796
0.204814857916368
0.213618647037846
0.242524072578077
0.350085084737305
0.254032833168802
0.202718370255768
0.156795738891621
0.13052959501104
0.11474874609411
0.10207917931185
0.0953700323588055
0.0917593931162914
0.0865985494310351
0.0830823760315084
0.0795151832778773
0.0792480078543636
0.0803794730263628
0.0792375935916043
0.0790144540608595
0.0787146225117569
0.0773606033614094
0.0739924682234445
0.0729577166609698
0.0699546915536446
0.0685932849714736
0.0681997689793729
0.0678051614620231
0.0672884835316011
0.0683403706178065
0.0685414428782228
0.0687955294550456
0.0690420932372768
0.0691177003145307
0.0679513604722022
0.0683021007993058
0.0696834990133222
0.0687106490299883
0.0683011980862884
0.0701778920435459
0.070835513918128
0.0699019688759204
0.0688931526641405
0.0685243951088953
0.0686312957167368
0.0685460995345989
0.0694017675550372
0.0707526019790747
0.0705410714722219
0.0700911826178274
0.0704111739880174
0.0713043115342878
0.0725228220886162
0.0730096237811533
0.0735990030858619
0.0732057180209662
0.0721333015139178
0.0714877017526204
0.0721010373847388
0.0728607608988044
0.0729929029397025
0.0724157351592202
0.0738739984385278
0.0734141544447931
0.0733059523686815
0.0728031055408699
0.0733133150763312
0.0722585647260549
0.0725365939075306
0.071729648934561
0.0703654826941724
0.0698081176207929
0.068313297579474
0.0704367282658384
0.0804799017052104
0.124879968104852
0.388970248506998
0.390602532832074
0.244906372656552
0.0898107141253048
0.195554191854907
0.138859462713195
0.140238862695221
0.185080108397369
0.234069693688084
0.276512761384896
0.332979117384069
0.391312476690731
0.448147373892434
0.385575312517544
0.254044591627521
0.157701000190074
0.133909690143109
0.119812538221615
0.120304477656225
0.120007357227641
0.111779538729565
0.104260519802384
0.0973415935953751
0.0920465761378135
0.0875640651232451
0.0841480367169629
0.08180654460252
0.0811598924487175
0.0791327579408838
0.0764419177486421
0.0739672243952233
0.0715668990757228
0.0716069728721641
0.0722171760757874
0.0737063206527577
0.0758694754289175
0.0762720119041368
0.0782253579022122
0.0810274664130935
0.0861369149234037
0.0906208757193921
0.097513736704521
0.103838958431448
0.124204148788673
0.160581806296427
0.213211500860514
0.279609333208991
0.269855807177339
0.275734116432658
0.26822242389661
0.305030829807268
0.347366027916876
0.369396414796822
0.397353438897221
NA
0.215815746456955
0.314936805277955
0.200913969073223
0.196808453332981
0.147098200338814
0.143404841861778
0.137509502487558
0.130622233518326
0.119399769670873
0.105426472197593
0.0983808949769555
0.0915803978685038
0.0918017886764361
0.0865872115941032
0.0836575780560287
0.0797189916127687
0.0753747159330624
0.0693831134937645
0.0685731913047166
0.0694245277511875
0.0724618311321817
0.0729575700744613
0.0727278447674617
0.0719405075401011
0.0722333731215766
0.0711239494837234
0.0712368201219188
0.0711472018659146
0.0716453684732068
0.0720869553042843
0.0740906838486915
0.0739386149249863
0.074761979782779
0.0764462091216145
0.0788366642566228
0.080838377350461
0.0820066364167454
0.0841410839176169
0.0852878744395448
0.0871102724730554
0.0934640839273436
0.09313259462116
0.0943427810130964
0.102698314777821
0.11614057357385
0.13430737985072
0.159792027298424
0.216527312341921
0.244786719561366
0.27214496977458
0.242851949314258
0.213457804082232
0.188154749865629
0.176330127779564
0.173569071934124
0.176989401359968
0.175996136881297
0.18254056945295
0.195930527043841
0.19844661624938
0.201191316108315
0.197473598165647
0.198118947316996
0.200336719990219
0.257289324550538
0.2846339752538
0.221650439449689
0.183735115392682
0.153373867107631
0.132290888237986
0.120505504786075
0.10908600717736
0.104044643708661
0.0974172163956687
0.090907345154598
0.084766413281517
0.0818236435798586
0.0807581688121016
0.0817997404449149
0.0792086240587362
0.0796810233282191
0.0784858752147516
0.0772920743203597
0.0751076951940259
0.0718662161159293
0.0709042190242882
0.0697105587675359
0.0693641837105833
0.068836665258197
0.0680980655266276
0.0684507160099916
0.0697591965209463
0.0701399301480094
0.0700830225893999
0.0689274926207973
0.067448976222096
0.0676696642042815
0.0682445166218759
0.0681526982691418
0.0692248533304895
0.0709470622896883
0.0719751637216045
0.0709670302762953
0.0700325010518538
0.0691491497410916
0.0677337698697341
0.0670168813296632
0.0680257357305966
0.0696785880763929
0.0687798793619073
0.069782163484493
0.0705056987787518
0.0708046106505204
0.0715987595864891
0.0725804201955628
0.0735901573378847
0.0733622222786066
0.0729030096065731
0.0728902082314468
0.0726345691595708
0.0722503057615948
0.0727863493360385
0.0740069438436316
0.0739475910777112
0.0727511700881756
0.0723834458902736
0.0725374879259363
0.072502979674363
0.0722325211155627
0.0721823277405877
0.072152603608568
0.0712242326795248
0.0694958708216356
0.0686044034070195
0.0705090773862225
0.0787057434155087
0.129895734659862
0.370770456455084
0.390757613005815
0.246912686205034
0.152838214940479
0.14498009782602
0.130138417046417
0.135331288145224
0.183831860839711
0.24195789397226
0.287737290787624
0.332292925531392
0.377575773709862
0.440272996492111
0.402673713707005
0.314906609113517
0.189185429949312
0.14539654138192
0.120784971857726
0.118228127527112
0.108173919194995
0.0990194000276669
0.0924555829597523
0.0891536332507423
0.0869667595682966
0.083764429405006
0.0805775771879495
0.0794737231574106
0.078353512442409
0.0765496903166273
0.0763066988914123
0.0737246947224438
0.0716836480690027
0.0719034219639724
0.0725877066253092
0.073055415528728
0.0746424608004577
0.0768465824837969
0.0805503959876969
0.0815799251827127
0.0888476440829203
0.0929071623571664
0.0991886667970954
0.112715286278701
0.140574570780481
0.189337129053308
0.237126089308239
0.273341860406942
0.280210350864621
0.301191084855025
0.273365123119774
0.303718624565669
0.347938402531144
0.395223582643003
0.36709786394364
0.361782045041088
0.312481551971049
0.273552360277447
0.198760220336119
0.193364747754364
0.148951148775732
0.149070206134116
0.149003974166354
0.160897231951753
0.147877050654973
0.110445325651587
0.0980073878851144
0.0943832960310911
0.0916109118025101
0.081771428882302
0.0781268705288126
0.0752666534343454
0.0734371598882857
0.0706879430173219
0.0710965263682539
0.0704024863113177
0.0717450496750614
0.0712078804367897
0.0718369080864614
0.07164856923177
0.0712479336187325
0.0706360931598366
0.069676866931029
0.0692891654088795
0.0702077490580364
0.0715201048665211
0.0722558335032554
0.074032144264932
0.0748886070435652
0.0755100491980978
0.0780283928820782
0.0813604495035976
0.0846898967604722
0.0878963236548539
0.0901151482203985
0.0947849706363871
0.0978931893399824
0.0955314921756875
0.0984204837449179
0.113511501598619
0.124120981436966
0.141205775373197
0.174187054185462
0.215495594221921
0.244106508798742
0.248528162689715
0.208557448759565
0.186161894631812
0.174540689950019
0.178795503351185
0.179982837144202
0.191313734972702
0.17746937560759
0.183443198742543
0.199903417646078
0.204687127198033
0.208623841003823
0.209529324217071
0.214663830563903
0.229290863003181
0.303245301150849
0.250106056319161
0.215875321330558
0.176061556773869
0.148346001007105
0.130639771518137
0.123139803903592
0.118250840745567
0.114608435980622
0.100265419106513
0.0926399771068487
0.0863920442974668
0.0830147758613021
0.0822725709713396
0.0841914158739338
0.0804079793282537
0.0786469520640933
0.0784770567216793
0.0763081349676308
0.0731687270274068
0.0713878920726088
0.0717827268700382
0.0704374635614768
0.0706840903546513
0.0696337352739255
0.0691955955542094
0.0689382928126244
0.0699214713324205
0.069446079681965
0.069437881485311
0.0683396491991424
0.0686503200940623
0.0685433433535438
0.0700042834870374
0.0690220366313889
0.0714873648267761
0.0724886830365439
0.0729867225937018
0.0728536126567935
0.071052442197902
0.0691683717407192
0.0690721505981715
0.067142077207389
0.0664745445630895
0.068168767985901
0.0692201980497291
0.0698290676262944
0.0700571613445989
0.0709075112789828
0.072748335660346
0.0734596162958658
0.0745604956037274
0.0736809378345213
0.0737516773671651
0.0742695319738392
0.0744433022038625
0.0736520825647463
0.0744646753654576
0.0745693981570291
0.0742385471139433
0.0738197061506108
0.0730458039178706
0.0732171477679086
0.0731190822567317
0.0730136293337115
0.0715401643485992
0.0710399146070661
0.0702454967604618
0.0691025480638714
0.069596875213906
0.0726854024545054
0.0829476644964995
0.14258577756076
0.351158602791565
0.367564398273669
0.246225895469587
0.194352571522077
0.200630301045415
0.121964977708366
0.136547651223002
0.180283690946145
0.228873237949409
0.282163582607238
0.335561458512847
0.382199614240214
0.409877452047258
0.440949897318022
0.422761812079857
0.259911072227562
0.165962048527152
0.121521708793269
0.10668415205155
0.0932965151478024
0.086006265968937
0.0825303264214461
0.0823766653982961
0.0832739357922581
0.0806188495902671
0.0779778771630941
0.0770547361065104
0.0760533761388098
0.075305725429227
0.0758973857301038
0.0738313046293014
0.0725552769268895
0.0729885304544024
0.0739328436216801
0.0742475312936626
0.0768052339043022
0.0792309143821882
0.0818702767189549
0.0838088741506233
0.0932344010798044
0.100370977144773
0.110014823812157
0.125472193087793
0.166883254804449
0.212770891107612
0.246646057248806
0.285272804356477
0.3037735752879
0.321385201662733
0.261195194181874
0.293037763959767
0.330023426543152
0.350667469686994
NA
0.328574523603015
0.342848354492541
0.233681194898737
0.194604864596714
0.182870248869213
0.157846076528275
0.156999020570468
0.167086643279412
0.206175986794721
0.150198313640379
0.116349325659903
0.0978178228120651
0.0960710644478972
0.0896045562170606
0.0819644493716478
0.0743308313962693
0.0693476941106501
0.0697334586881043
0.0693420611819655
0.0721969995983651
0.0721825802609529
0.0715560911645841
0.0704402642369844
0.0705874715800905
0.070542050756122
0.07026645342849
0.0695553268436412
0.0689090501842381
0.068558178331344
0.0687704029644068
0.0689382144688315
0.0695672707074545
0.0707471175013001
0.0724929738032342
0.0749180773908404
0.077914968215479
0.0829304681856484
0.086212687525076
0.0894067000324266
0.0933674501079807
0.0952868411757687
0.0965711666088702
0.094466964713183
0.102174792202761
0.117283687255453
0.14102169728185
0.201797744168768
0.199816074984325
0.236425302010516
0.244777354904905
0.233161940462748
0.190221685585137
0.178400106346995
0.176564069809171
0.177967640204711
0.177654646861651
0.187894404601819
0.183767189489421
0.189601124530138
0.208495546413913
0.217452952479952
0.229632656816456
0.23325029846653
0.24427592738043
0.260580549350118
0.248723106388503
0.185993179623252
0.185623281909747
0.152037976058399
0.139390921453455
0.126211124010575
0.11961754600102
0.111651667577833
0.102420018117344
0.103022664018019
0.0929402006319744
0.0872827890433512
0.0835959334783611
0.0827830557656393
0.0833082176454525
0.0779868453135025
0.0754512729404567
0.0754214031511224
0.0735909470512136
0.0713718695666021
0.0709683491950888
0.0717715136083119
0.0715813872938943
0.0704329443780189
0.0700062148377582
0.0693482398490919
0.069684129520483
0.0697265272636243
0.069467938769595
0.0694315543275907
0.0699945529097557
0.0700991890759178
0.0700808057237365
0.070515288481555
0.0719698370866897
0.0734544557041328
0.0731535415517033
0.0725638463750737
0.073011114706249
0.0720526860595234
0.0698072507061914
0.0686765606240309
0.0680471368692133
0.0663141433387251
0.0670067429616872
0.0686669657557672
0.0684759276257635
0.0696116722252289
0.0708264326698494
0.0730665021028347
0.0756240542740925
0.0776650179453603
0.0775417480519947
0.0762366450371613
0.0764123867417283
0.0749467173135421
0.0747460629062144
0.0749044110203641
0.0742128961377075
0.0738852299201121
0.0739334840809723
0.0728114848968722
0.0735009289712561
0.0730574217348783
0.072110463046112
0.0712364578506141
0.0711117480295592
0.0702005585962617
0.0695433344289654
0.0713748269325842
0.0754588664057895
0.0948170796412836
0.156472400109806
0.324838662300378
0.400209841587943
0.214617280377792
0.205927396475875
0.176552114153387
0.124326546401269
0.126159247642433
0.177188527464276
0.227475298454694
0.278585717640516
0.332472729785675
0.399612504603363
0.423619237712588
0.431841152535078
0.429483252700841
0.433196606859898
0.241719903766613
0.127765711797833
0.100043648156436
0.0838556143565468
0.0783591901631184
0.0776441417618474
0.0769149227886403
0.0745344506394036
0.0737913588888915
0.073053859003716
0.0725036737101604
0.0712493388041968
0.0699383451612998
0.0699336027990414
0.0707707140727838
0.0723139287222369
0.0736970451408068
0.0740944413624229
0.0756660285231676
0.0790367554750749
0.0836208902173322
0.0857468985330721
0.0880837057782804
0.0999418083065091
0.112684313671825
0.12064062572636
0.139071996191729
0.180995784304338
0.215061786866766
0.249257423735164
0.261316851921139
0.274758730357555
0.305205749003423
0.231403146075158
0.27924575434698
0.320853755197194
0.356949147301784
0.40006909011009
0.282023316976311
0.280863548584622
0.199752336124436
0.188310740954851
0.167612180716344
0.16882141956237
0.158513353098165
0.171325440248269
0.177524506801564
0.157270935250599
0.129177580147668
0.0891931168607911
0.0871500666504849
0.0841371269116053
0.0753070699836566
0.0712015899343588
0.0697798235703027
0.0692252104436119
0.0691169631598556
0.0687195201627574
0.0692456704840529
0.0711045423631292
0.0708016983694894
0.0701958279134486
0.0690350416405556
0.0682873833506926
0.068755322258531
0.0673253229180228
0.0660101100893716
0.0663786896124542
0.0668552193204559
0.0677398031463844
0.0694068132740762
0.0715587289775694
0.0741613761879137
0.0777653910504675
0.0812010361221459
0.0830932182849243
0.0870167771028911
0.0920538201187779
0.0932497793321583
0.0893918982337617
0.0932755267330514
0.107292021059677
0.121940536585682
0.145499490424286
0.204925282474501
0.218306385757038
0.237717103544582
0.27983582931718
0.237637627447608
0.169604042850624
0.17234846146831
0.171018176421664
0.171266839954802
0.169335477759886
0.180466517871935
0.184824118744045
0.183059192790547
0.229195288718599
0.246797847421574
0.245453253083525
0.252332855752444
0.23275758184944
0.222349310909185
0.187555831807492
0.156884447254385
0.162947716812728
0.128896788097872
0.124511877371579
0.116035820971829
0.118068708304511
0.138362976539387
0.167816491975709
0.101121533782577
0.0948308840233541
0.089389677248302
0.0839793510699991
0.0822808192477637
0.0834178344813437
0.0760818273761163
0.0747906626248125
0.074805316320524
0.0756041896226578
0.0712141148191399
0.071633395795056
0.0719314767454461
0.071766655243436
0.0705181987715101
0.0700126727852371
0.0693598194176072
0.0692770663550601
0.0693458114752861
0.0690412966174982
0.0686639892720983
0.0693322594497415
0.0701753353933181
0.0697235190207191
0.069796867455403
0.0708278488956705
0.070314707575012
0.0709439358642911
0.0717357243684938
0.0716012657247662
0.070776080373487
0.0707474015778565
0.0690598014603595
0.0686383322880876
0.0682788050017852
0.0688982749941631
0.0692450079196445
0.0690522390661196
0.0705008584743787
0.0714166138644313
0.0737359743100783
0.0762533785716606
0.0782019155319737
0.0794670973823455
0.0784656910812866
0.0769361132939476
0.0768011260291074
0.0769716145397192
0.0749385302024253
0.0746160940707229
0.0741870502216303
0.0735362901850719
0.073463451588812
0.0738517426634744
0.0724825379435605
0.0714502046382059
0.0710484902833074
0.0708111765763617
0.0708848144524579
0.0711579551607059
0.0728249820321687
0.0809983730190675
0.108132735230451
0.172170335434464
0.315995671807179
NA
0.35159964202123
0.214976704143252
0.134488181257262
0.113006907384662
0.12873617295298
0.17841414929179
0.227848007115762
0.272488830867425
0.30775247731769
0.369513578603496
0.400062417123683
0.418252201873802
0.404701972306028
0.390636050406427
0.299162404043001
0.146614545927988
0.0929556842042759
0.0779944328757505
0.0732559034028846
0.0719926469914794
0.0711856994932526
0.0699355994291464
0.0698905289154037
0.0701424114027404
0.069331952073152
0.0691912203947624
0.0692361099878405
0.0692198670211998
0.0696025264345364
0.0708772678924263
0.0732510024501018
0.0755369082005826
0.0790810251159693
0.0835878530763261
0.087032222176109
0.0910161656838997
0.0924822843246522
0.106806146145957
0.119603476911481
0.133046349050992
0.155594770361381
0.185757567933294
0.221234816151506
0.242078467199562
0.245864787887951
0.267575156676655
0.298028622390951
0.185032468769654
0.267908412184029
0.324417409344969
0.326254300744123
0.361376063975572
0.329753294284432
0.26791699748717
0.202498379940294
0.171200871459511
0.161904805914631
0.178569770515931
0.169227222566471
0.169185967150034
0.145364806352877
0.155318208627252
0.141003555223681
0.0929988141664014
0.0929144123488069
0.096802340756911
0.105009184532056
0.111330842704173
0.0676592479042935
0.0682445048165281
0.0670702344358998
0.0663589189685637
0.0666785774879079
0.0671934742299529
0.068385653200369
0.068624201700077
0.0674310908323912
0.0660593661234974
0.0673701078905549
0.0653819330087167
0.0646320859122173
0.0649021800594602
0.0654695571205026
0.0664175954215819
0.0673192657944772
0.0687503377706065
0.0714209482156649
0.0744126873852567
0.0769810983277488
0.0804505497000529
0.083887081401807
0.0879570348613665
0.0862834344928562
0.0868203013585466
0.0961926330144202
0.111053822204181
0.123765159921812
0.147069601746487
0.20919443470273
0.261464656436068
0.294852509309586
0.259469368678409
0.179932737931291
0.149643038662992
0.16476099872635
0.173637856712889
0.172082594569529
0.168531673417537
0.184290056763301
0.207902821165823
0.232738888973193
0.241664736541848
0.242724110801357
0.248295806480218
0.257645512626497
0.246321934027294
0.167536987839817
0.13990018562996
0.134040782649786
0.13260718869064
0.109189836979798
0.111765873077491
0.115184918777886
0.127034918344667
0.137362669688187
0.12766813875289
0.0852214682572312
0.0812637687916578
0.087944020932602
0.0838923199859326
0.0816080116628052
0.0819394738356213
0.0729755585145977
0.0730606302312893
0.0747321205683597
0.0762019527715758
0.0720699476515904
0.0725254941095439
0.072764639262552
0.0710014772119256
0.0715437358866026
0.0691133438042597
0.0688780404917085
0.0689058742334727
0.06870785890165
0.0689049697395531
0.0686010266861801
0.0684696627170226
0.0696279439560724
0.0686905098522755
0.07034301371329
0.0693306999748179
0.0675614297453056
0.0677308941436359
0.0696847789272799
0.0705735497031072
0.0707066141129423
0.0721999324570806
0.07191480289198
0.071564273930852
0.0710378888457448
0.0692825261347299
0.0691349884546211
0.0688408554834237
0.0701395264873495
0.0718989339701834
0.0739335810357818
0.0748524042912912
0.0771114621426962
0.0784139561555212
0.0798650361640694
0.0795594160891445
0.0778734875994526
0.0763827876164291
0.0757371323543737
0.0753449615915415
0.0748972419413929
0.075513161765684
0.0756232430707421
0.0747604078192511
0.0739655092164234
0.0719704323608627
0.0715897659505521
0.0721703333252043
0.0721439114874419
0.0736734840884371
0.0787669287227264
0.0925662899282399
0.124783062833634
0.208078453609776
0.332841038410379
0.470460531349851
0.356049784444686
0.188296424630399
0.11024348187703
0.117398643450579
0.128032745872055
0.173595174833397
0.224874460828823
0.271740017140832
0.294142087653704
0.358353572142372
0.3867388175066
0.399005395757067
0.38437877123931
0.361866334012158
0.264465420493959
0.187968734959618
0.0831180003852385
0.0740481541791989
0.0696728448553819
0.0695907310051321
0.0687249883256081
0.0681805305641987
0.0677880897469454
0.0679076200800318
0.0682018787829535
0.0690751761429219
0.0699051005950392
0.070296809874777
0.0713263532165771
0.072278797324971
0.0750242992881662
0.0782827187182928
0.0841409251568317
0.0892330850392309
0.092361108090301
0.0921763453389682
0.0959405150689864
0.114416526366109
0.130746159982945
0.144158084829683
0.162681140654904
0.189392998275692
0.218076736312988
0.205075834846754
0.201479658859682
0.223436982207406
NA
0.155433416264651
0.239376857369574
0.291912714441867
0.341031285199855
0.391631852575692
0.327717018427147
0.282283581112447
0.243572878725966
0.195974829778461
0.154178405061223
0.182301508230742
0.188674008929394
0.163325945855994
0.137770398858643
0.204814472638657
0.181924827134827
0.0958425908084724
0.0886421194517567
0.0885226846912011
0.0911215119096418
0.0866777416014192
0.0671433736762534
0.0690588947196286
0.0667463152151267
0.065663360047161
0.0658379620907435
0.06650379118414
0.067075049241219
0.0663447812103158
0.0660379788289833
0.0659163653803943
0.0653848593581667
0.0650543819828739
0.0651666013048208
0.0649482136966194
0.0653281467999705
0.0658546429739307
0.0663365138115443
0.0672932445087427
0.0688349629280526
0.0713760375898873
0.0737013686818022
0.0762052261247427
0.0793297907740718
0.079610956012098
0.0787062228028143
0.0861138537346592
0.0971579249696649
0.115607570773832
0.128993363792291
0.153159508905637
0.197059276862702
0.238840529964721
0.220168177147557
0.188931421095165
0.150771809268129
0.139948943384533
0.159806642886779
0.180617093036368
0.175750703602305
0.205542284844556
0.23660827171245
0.215667833378624
0.234574239882319
0.248107009694856
0.230174444356849
0.261892992527213
0.264025982898553
0.201171360971155
0.113348861290189
0.111601893967784
0.110822025111303
0.105396163030704
0.0944938887292259
0.103979209162635
0.112757656184011
0.118575303160905
0.11797839700829
0.110866160649678
0.0734677404685561
0.0725356940574397
0.0759851346430942
0.0761505361471964
0.0746337053406544
0.0755281841536932
0.0730158074331042
0.0735363658430931
0.072427710011637
0.0720533847994569
0.072802675190082
0.0730942307706094
0.0715983314473305
0.0714304834224658
0.0700737650556333
0.0687190122612022
0.0684167246641976
0.0684763035496889
0.068506446523559
0.0690037719457069
0.0687440803409391
0.0683989847221508
0.068117887986507
0.0676759795674183
0.0693428693789137
0.0671625868399117
0.0676527537377043
0.0718202668582084
0.0742465047105004
0.0733228376019244
0.0724235899264162
0.0718604352837454
0.0722411157661667
0.0712538524926355
0.070081844446334
0.0694729638280997
0.0695900545903586
0.0698627384477156
0.0702767979395456
0.0722485405170898
0.0744646126092532
0.0754740691321573
0.0779934288281097
0.0790850797572758
0.0793523896340729
0.079727254577165
0.0787978695939079
0.0780617871411149
0.0782369407598825
0.0791293436091079
0.0787880695119473
0.0773240534832823
0.0759964059851507
0.075917074862587
0.0739626674907201
0.0730388094606585
0.0724177663000574
0.0725414921596103
0.0752040311555575
0.0823819174427787
0.0976163330942564
0.123666298456362
0.175806730679684
0.235771919738497
0.259988190348475
0.396762283237636
0.283121930340269
0.17081526724164
0.169344678987038
0.12984279144271
0.131836775312967
0.169836578038557
0.210256904003519
0.235071524975132
0.269952320816424
0.316990830386852
0.355214211579072
0.385833201167228
0.369647119512703
0.368540163670244
0.224587509397556
0.160428970274747
0.0826097325427198
0.0720837807049254
0.0671140771035842
0.0669032009720271
0.0666332886222987
0.0667602332451451
0.0670220325649452
0.0674728393524074
0.0681321021461819
0.0693407630672436
0.0704218981417155
0.0718474993685982
0.0732880072948698
0.0755669488169005
0.0788615801276407
0.0864497957549557
0.0916579825792598
0.0941256460781862
0.0933801342477327
0.093486823516247
0.103274016569096
0.121465690948231
0.143804458428687
0.155764494918866
0.161609603888364
0.190033400670007
0.207358863407439
0.173884839984248
0.14560813967814
0.133611139036645
0.110687023171391
0.189240952197698
0.214782047724062
0.258833987789205
0.299093075355542
0.321929101613144
0.34674175595959
0.338423932726049
0.248427388227342
0.171618418793815
0.173018434823961
0.179927170370118
0.199362026692503
0.153928252120685
0.132145160907874
0.20559977757154
0.179419037493362
0.110925655561768
0.0825856002976048
0.084163460628579
0.0824029120321735
0.0759793008209243
0.0673215808162926
0.0687909838686259
0.0663807716040742
0.0653750756400116
0.0660598203382686
0.0672145630406094
0.0661452998430782
0.0653535093756854
0.0654105342133147
0.0652233464980608
0.064933634790105
0.0649432960971389
0.0651776289887135
0.0658232960311808
0.0660368580718547
0.0662015947442542
0.0659145569832926
0.065584237882649
0.0661199035352922
0.0672687282419856
0.0692175020621451
0.0707203552485831
0.0723832867817029
0.0727170864716913
0.0760340799148478
0.0870368867945994
0.0999097841280044
0.118203392961931
0.129724637000341
0.153819041319221
0.184316460089078
0.21236866448976
0.204216614782308
0.176907431320777
0.139629965856767
0.148609525360482
0.169281807951448
0.196873418530249
0.148898483310012
0.187317797777691
0.203142578954524
0.224420572198939
0.236812229493669
0.221395331377033
0.225440983905235
0.223871777150903
0.201883751998596
0.139443547996831
0.0849427394295979
0.0910164312485631
0.0901120313048087
0.0876436141333082
0.084892738205993
0.0932447488268942
0.100566688702559
0.102360836082126
0.0984948119582769
0.0798970005259219
0.0655887939247358
0.0699109003366935
0.0718664794795626
0.0774283894014669
0.0847755947435347
0.0975521692691919
0.0814975081555947
0.0709712093964398
0.0694606833296735
0.0695409223876586
0.0704819364081184
0.0702234040826448
0.0705871399551111
0.0708481286537336
0.0683423011267095
0.067366099428883
0.0669921956763365
0.0677438080761143
0.0681370686476087
0.0684170204559324
0.0695028109712746
0.0715145471271691
0.0755163024944379
0.0782854552338725
0.0731925546203468
0.0712299729175195
0.0738945660418576
0.0760048599301896
0.0748582652148515
0.073057813581098
0.0715290273992089
0.0712072933784302
0.0718026642505773
0.0708646826396496
0.0700262303260243
0.070092541075001
0.0707635160499462
0.0711803824462828
0.0722579378696731
0.0737555009167696
0.074911273659748
0.0752673667647913
0.0766000704096345
0.0788712290097259
0.0801749065593106
0.0810193898903353
0.0812375224415963
0.0811131846088453
0.0811233532282842
0.0803573848857393
0.0784405754122061
0.078032254346637
0.0784251044780472
0.0774562934997968
0.0746549260624123
0.0734938616343654
0.0733937692070615
0.0745629520713688
0.0806465112776265
0.0887980655347216
0.107283937823749
0.134462316117601
0.190783876299643
0.265817819784089
NA
NA
0.266884305739814
0.23160350339301
0.154985806848558
0.153289929851147
0.134580549519317
0.170904145981107
0.201654598473009
0.227479776104436
0.255328555763036
0.295529517845243
0.306308778834828
0.284089421348228
0.250090757573106
0.233939924229438
0.180778031244266
0.131286070826499
0.0863562083077926
0.0743460155957618
0.0653852885580271
0.0658036919461442
0.0653955454422466
0.0658776218716681
0.0661982723439275
0.0674359448202461
0.0685692604378877
0.0699153790297669
0.0711684654088428
0.0731638619237124
0.0763663982799406
0.0808562244063867
0.0878038425156096
0.0935720930204849
0.0937086657043801
0.0955523825659204
0.0981799281820243
0.10269587649829
0.113662123684486
0.135833504498306
0.159532789329558
0.161145706677479
0.164813183078788
0.198167869670914
0.21087787729967
0.18716818151193
0.171384794326871
0.180189141388651
0.147333953375913
0.169643419971924
0.206402655821634
0.254253832035925
0.287431654741572
0.334122233926302
0.339362838677233
0.310625678208846
0.225406094650867
0.171103404705864
0.168036043262284
0.172370746621389
0.194575723352689
0.156043917938887
0.135750597526557
0.147461292469217
0.14870592405568
0.105328853074273
0.0782395229961918
0.0790260869083323
0.077656501983738
0.0715224277710052
0.0670145763688097
0.0677507230880115
0.0664113008222045
0.0657623953253631
0.0661684880747522
0.0665715142188259
0.0659063616097394
0.0660118909924611
0.0653228599448094
0.0649877032417673
0.0645844675634468
0.0643613527687888
0.0645222799567663
0.0653444863557134
0.0665508553879386
0.0660649582551584
0.0655127765746888
0.0653560188118028
0.0654207350983768
0.0663741775219655
0.0672512332378974
0.0683179575366635
0.0691723089797296
0.0713410657629295
0.0774627232951017
0.0878916252610694
0.102470692682589
0.119496749637049
0.131387932093901
0.152816831235702
0.175678708462349
0.193758952474504
0.192877892906685
0.168443795329094
0.141397310371964
0.122172135834851
0.143923683607759
0.20376068946659
0.12402644632602
0.173285372695884
0.199634942201289
0.217559077943468
0.218038779236167
0.168595816534182
0.182329567524428
0.177344346036566
0.142779285132522
0.0921679203907613
0.0716024121472675
0.0789986665863971
0.0787930868218158
0.0783606357136841
0.0780610134605353
0.0855650473377402
0.0930703534638032
0.0885823233339591
0.0820701695904568
0.0739640719819452
0.0730308482688461
0.0727767696880409
0.070553503065754
0.0769391668596418
0.0820519589477235
0.0884481046237801
0.0765337777972789
0.0684635836260428
0.0674643109909032
0.0674905363532686
0.0691662846818384
0.0695926849014483
0.0674239118421822
0.0666276929974107
0.0662444163054203
0.0661400168289698
0.0660194011004279
0.0666715982459903
0.0677848870649835
0.0685022823699484
0.0694822533854257
0.0707554910702748
0.0728924896145086
0.0704903884453755
0.0714343331221739
0.0716683584088986
0.0728279008272036
0.0745448601329052
0.0734400755964251
0.0717616375170571
0.0706646941937324
0.0712607481627947
0.0718733306792673
0.0720213860820789
0.0721314689598692
0.0720181360861119
0.0728443252028111
0.07334057730833
0.0741941665643496
0.0746784288296061
0.0743032253145153
0.075217236786949
0.0766336976223736
0.0794261364415985
0.0813328903815852
0.08263239219277
0.0827518057406455
0.0834351265196654
0.0832987527609649
0.0810456113106647
0.0799019906627513
0.0811775934887778
0.0801714462823751
0.0765933454213251
0.0742026127074563
0.0740755021663419
0.0749885634705667
0.0787673869342017
0.0850008372951677
0.100695117311157
0.126983541153168
0.156861551656158
NA
NA
NA
NA
0.443345522655041
0.263820433736843
0.146718939598737
0.139253272822213
0.138807595880988
0.173429897573818
0.19540209187222
0.218157071663247
0.250470568340054
0.306172437406559
0.333729708874047
0.23919418292222
0.219644100709017
0.196381578135888
0.152005872066045
0.117923536413828
0.0881590507103626
0.0764549183860549
0.0641966117541922
0.0647942374395931
0.0647580453593364
0.0656990572225428
0.0667894867260726
0.0679813183271335
0.0692674211080151
0.0712122778625321
0.0740472832179895
0.0778593974930735
0.082945776417492
0.089836250118158
0.0915321254167911
0.0949826453237077
0.0951565541461828
0.101828081979262
0.107516739001244
0.11578906101797
0.122745220700317
0.155054255368041
0.168682211152947
0.166589637526152
0.171808982348408
0.196186325141083
0.206560594857996
0.190928941777393
0.160798389792323
0.170340073656188
0.151543173229891
0.179224279258522
0.232312593016253
0.292543015374629
0.349535162975555
0.409191491051618
0.386912711773233
0.150412749734331
0.197898804587918
0.196146719301924
0.176335841631123
0.181349358615885
0.192768793504863
0.157839057418692
0.158939863595086
0.155439128925352
0.132145463802837
0.100993396568699
0.0744916626497999
0.0748192779220003
0.0738478838270301
0.0684496705152323
0.0664335664915431
0.0667467306416416
0.0667184075208192
0.0662301372364453
0.0660584786242904
0.067536897533223
0.0682331081899971
0.0680091504237954
0.0677879649554847
0.0672204412612708
0.0653314159483325
0.0650690809426696
0.0649512404813401
0.0650768202827787
0.06514734304118
0.0650027267686457
0.064945637773616
0.0648103032889525
0.0654425557003731
0.0661017843447667
0.0668307610576362
0.0671067404143003
0.0675621562566875
0.0700432408371213
0.0777349982878077
0.0913086571811811
0.103588516585171
0.116449293425528
0.13105673861879
0.150692272280328
0.167428489588729
0.181087513699453
0.18820406837808
0.171651001947438
0.143734975944342
0.11878516032467
0.110533376613525
0.149642056491522
0.131171184656957
0.150577717002668
0.170250028647494
0.171937776610451
0.140097094248855
0.13085983107765
0.14114857192061
0.123461336207499
0.0917164499941258
0.0702359255818688
0.0699580606619261
0.0751574301594858
0.0748959683117896
0.0736511251381323
0.0748284107368545
0.0807350409816843
0.0835625758254571
0.0772436611836959
0.0737235793133909
0.0742531504567102
0.0739149882305371
0.0690032138072303
0.0685389404144262
0.0725323690815653
0.0742888899899626
0.074326336127949
0.0693104902951025
0.0661958492170849
0.0667314540656849
0.067392198859524
0.0682397798019595
0.0676253107221109
0.065045581216923
0.065804626062848
0.0664361809858891
0.0666237102845766
0.0665265058561528
0.0667286702043974
0.0676341602951818
0.0682222886520922
0.0691476190328247
0.069436994546181
0.0704074979647089
0.0709387376376021
0.071031344545803
0.0703430576536114
0.0699224006290645
0.0706375245302642
0.071242663165253
0.0709904530784918
0.0703382101389421
0.0699261229258574
0.0705508617250624
0.0716785240696697
0.0720149546712217
0.0730196722160705
0.0737386732942264
0.0743199423711536
0.0755440064285962
0.0747275671038141
0.0742339210013194
0.0756328634362109
0.0778185737593321
0.0808091820334176
0.0811979590860939
0.0813559198251271
0.0821222318554729
0.0825652744834285
0.0812760009287407
0.0801808369607737
0.0806031966268433
0.0799551067164268
0.0771540655816238
0.0747615611445638
0.074442764183777
0.0746681149269233
0.0779408724369954
0.0823869246208116
0.0956845888172048
0.11525250506308
0.130261088315682
0.129672814277949
0.263429278557968
0.471650543349688
0.386952688215806
NA
0.418437651170392
0.175038234458204
0.122323393084256
0.117300291635601
0.140993209140322
0.191683862264511
0.223902378731607
0.247457753926034
0.224631187857357
0.276956871775947
0.304762786932215
0.277097143060262
0.207870856710254
0.207859291451751
0.141761299671156
0.123531321406809
0.0888437962193968
0.0752708977426238
0.0640793965971831
0.0644762350212539
0.0649774841376056
0.0657324469476582
0.0667691179417673
0.0686205898098811
0.0702323420350838
0.072483613671106
0.0772683284343521
0.0823605683014626
0.0885315360341928
0.0934015922285611
0.093797857537236
0.0944359589904264
0.0991785279710283
0.106409111829508
0.110795036806061
0.119184765906536
0.136413533374176
0.176051304205108
0.176403974259547
0.171394030538112
0.173917082472426
0.188707481241156
0.202132986648429
0.18923119996706
0.172577165912097
0.182352135525519
0.151824227442535
0.177883076881522
0.235650980484186
0.315806027529173
0.385000144676914
0.418942758353767
0.340629922954314
0.113077915716702
0.213013559832085
0.202489382838943
0.1682344490704
0.187424826767365
0.190249969661842
0.152068205194063
0.16252819558178
0.14699587290648
0.123610588481402
0.0973038372522083
0.0704737510710348
0.0717739212648351
0.0707063105417188
0.0669756320870753
0.0668568031975486
0.0669867751708904
0.066795647614157
0.0664054836562703
0.0660103418046096
0.0670873126968408
0.0692947569778063
0.0688009308395925
0.0694393366707543
0.0698704091232205
0.0678614775574624
0.0662080919558619
0.064957980199162
0.0642729329110196
0.0638995131644733
0.0642161427004491
0.0643368552925993
0.0644356488331843
0.0649092283530868
0.0654168972413181
0.0658050195762944
0.0661739700123021
0.0670652522563759
0.0696189679090139
0.0774785789412158
0.0894267587329111
0.104352880037677
0.116346462424279
0.12637493917212
0.142532444250834
0.161188922358635
0.166695247341958
0.173810987751716
0.167018742495958
0.140597380705036
0.13013765407251
0.122850607386791
0.135527925235666
0.142388724620216
0.134891177769571
0.133237667290896
0.119925739518821
0.0987998798552768
0.100864149575965
0.102812971673656
0.0858328481973171
0.0701267298071153
0.0654565361280028
0.0681763531578198
0.0703747717435721
0.0706198885953271
0.0699416746078085
0.0707604153270232
0.075474835271696
0.0740217502692243
0.0693651925947754
0.0692881523494434
0.0679558361956515
0.0656912489397974
0.0653029805565251
0.067595003565033
0.0681512344209573
0.0683554369459891
0.0674434264349891
0.0656792543529402
0.0651709938735275
0.0675780182721749
0.0677171777530554
0.0683663488845603
0.0694784801258953
0.0665975607087657
0.0669043529051158
0.0665964778310845
0.0661356766212311
0.066431818626152
0.0670345493772338
0.0676084842375946
0.0679446058413957
0.0684158991610019
0.0692117969748045
0.0702691769477013
0.0699025135136561
0.0704987453471269
0.0704368120156949
0.0691269632108528
0.0686859651965614
0.0700193888131141
0.070890201009969
0.0715766524107597
0.0715880257173339
0.0714545763954898
0.0717321756271351
0.0724449135321333
0.0729604849772514
0.0746180700925462
0.0757789050589373
0.0761350146055681
0.0747367346493611
0.0754057927131855
0.0766227120203174
0.0773467818982377
0.0765106001081887
0.0772371264398344
0.0789136620455341
0.0803175016717227
0.080828288538453
0.081181749269953
0.0794574695150051
0.0778729903857268
0.0756688750528084
0.0751300741226738
0.0746153425794023
0.0747225720899392
0.0782055879332966
0.0829332538865808
0.0908265660698159
0.102779663126957
0.107469272330479
0.124862873148786
0.253410753809929
0.423345042919504
0.406699262252314
NA
0.425746631294303
0.295839018146913
0.121115999243815
0.105600069543696
0.104478482334333
0.121201970427828
0.149851339426027
0.18624526508113
0.206213196031737
0.225270896548527
0.242695657830992
0.262492804678499
0.237025129589786
0.22410229976178
0.204030369293079
0.128578878946249
0.111252408106306
0.0784032492035959
0.0788945681260093
0.0644666761393739
0.064871328776502
0.0655335038609162
0.0663079907635477
0.0677884142351532
0.0698193183629857
0.0731359248727887
0.0777435361904438
0.0825425630631763
0.0873484271545841
0.0910456963170775
0.0933840871219865
0.0925706149215784
0.0954579601675215
0.102621343765325
0.109040269003453
0.114195686379725
0.128028418355745
0.150342524058435
0.190626599275869
0.177141214320231
0.16810864345253
0.172067179298413
0.180448220203889
0.191891866770802
0.184771937409973
0.180030385134702
0.208419688736531
0.164758972368781
0.186166605704715
0.258376868114537
0.350111240592992
0.449361199858839
0.489944033151013
NA
0.0845105707870062
0.235459994315708
0.195168747114945
0.145804604476087
0.177913332049848
0.185182912685962
0.143101343391377
0.157896048597085
0.136965147073102
0.116851616717482
0.0909021164892445
0.0669544723212836
0.0696676540789587
0.0684131831179005
0.0670309860885045
0.0669439317806693
0.0673670215350092
0.0671616406730238
0.0668956420533676
0.066806254195461
0.0672917732527834
0.0683379330021257
0.0693642634525082
0.0692902668795562
0.068932850598305
0.0676801882193636
0.0656011751603534
0.0646768060009391
0.0638802584160028
0.0641119231557565
0.0644766205040683
0.0647734264899159
0.0647880529838348
0.0647388059351306
0.0650076271478666
0.0656190695173907
0.0661567471401077
0.0674451340737323
0.070794858745479
0.0786909062860211
0.0917560695501826
0.106927272773224
0.11158950599316
0.119898344838593
0.136189767075374
0.148275937110142
0.15340303468192
0.168190851074557
0.1872935216009
0.198750670946391
0.219208014892899
0.257668399146103
0.29385452608222
0.331435714673378
0.15750227363416
0.0885484923496283
0.0918600756390634
0.0785364036853206
0.0820507274813263
0.0800102043779417
0.0704045322593956
0.0654575533861259
0.0655253681283936
0.0670829943494241
0.0672162050243751
0.068473933528455
0.0686803562803573
0.070479856235561
0.0722664431647218
0.0681375060201587
0.0653912333174211
0.0652528911572539
0.062545733943495
0.0625003698024568
0.0645841811442947
0.0654618758718617
0.0653462202185743
0.0649582690491791
0.0642616000459296
0.0642719685020315
0.0654350170170641
0.0670245066259601
0.0685113331631788
0.0681170066233659
0.068141955112492
0.0671597862973663
0.0668816485109108
0.0663038068960753
0.0660078975254845
0.0663227340130104
0.0663740835750914
0.0671800722247798
0.0678359810037437
0.0684051788921387
0.0688648524372667
0.0693099735577776
0.0691403002049316
0.0699983817992009
0.0715528601267959
0.0707074295842951
0.0703787443663223
0.0697301567622997
0.0698456782589622
0.0704556864390896
0.0714001065706528
0.0718095409727174
0.0716724864569988
0.0719353319842315
0.072811195692364
0.0736187380927899
0.0743107360611264
0.0738617586864902
0.0748624431488007
0.0743945681147908
0.0733649967194915
0.0742922976734966
0.0746342369717865
0.075575228935548
0.076550830456277
0.0780937933548178
0.0787415446594648
0.0774260652267549
0.0756429442907406
0.0749698135501003
0.0750863527438348
0.0750597174175446
0.0759596607799074
0.078834479029872
0.0850089486632028
0.0895902265667731
0.0965434168096241
0.107074827118206
0.140861829954557
0.234031895702096
0.377207114845897
0.410259177863851
NA
0.459299589708752
0.30074619916502
0.152736726436565
0.0834278882453872
0.0966448596464216
0.0972857416102692
0.130477108227364
0.126124241747151
0.155401250781879
0.171708160707087
0.182790364505151
0.214802079973517
0.232389067794998
0.24167841048614
0.216484976203547
0.205324395636912
0.175906890758945
0.169299861001262
0.144075546763158
0.0647282289843992
0.0672198598167852
0.0645838029843533
0.065171515803816
0.0668392613683978
0.0689658954161446
0.072278354261732
0.0763238152007971
0.0809215675503531
0.0854557708256257
0.0874269676957418
0.0910440312527848
0.0912925621046719
0.0938219847248098
0.100348197892145
0.106934235474387
0.114055701629805
0.122700364929335
0.144979994573343
0.175637855785814
0.194199040865672
0.16534312184928
0.16124030202448
0.166174130261999
0.172889930377258
0.187264100959465
0.193358751088313
0.187916974715606
0.206935345490257
0.180331667555021
0.199507059706241
0.273252413034804
0.381079312056274
0.474266227117328
0.483769508181327
0.382972959429419
0.0775454844428652
0.197637404763661
0.157785733843899
0.121226886630496
0.154910527831516
0.168665030758447
0.133336248146075
0.149889614872623
0.11636216098443
0.0952702185414765
0.0771177340822626
0.064091965501065
0.0689360130223033
0.0671815793414981
0.0673256493980365
0.067575899300868
0.0685115179619205
0.0682730281201333
0.0679963180241647
0.0675655883469941
0.0671815175042251
0.0670126936500975
0.0675830826236899
0.0683848342325668
0.067664252369509
0.0671957705557166
0.0659294268202014
0.0653107820750472
0.0648171497606803
0.0646054540530286
0.0643296759144468
0.0640553820442499
0.0646978259266461
0.0651563863810328
0.0646114389879311
0.0648110038090336
0.0661504900353954
0.068511782538705
0.0726084381468091
0.0814258215764728
0.0948202648492052
0.103805154692811
0.107511341040127
0.116882625290573
0.126876110838152
0.134755736807708
0.133865952659862
0.149243844960334
0.174760837601665
0.193878592482078
0.203158981594092
0.216473579909723
0.207915010224458
0.167373595588006
0.0884554779649717
0.0823121080732357
0.0761215384791059
0.0739914281314273
0.0773460502494881
0.0755828214658433
0.0684189317981476
0.065373135887239
0.0663864678883137
0.0671506557280768
0.0682592418513701
0.0696009847317386
0.0711645460208574
0.0717952341724807
0.0680781333476356
0.0641294929143403
0.0623384004032636
0.0614399978691372
0.061121173530678
0.0624798225529503
0.0633170160363826
0.0629690314635865
0.0622592656200451
0.0621401539205822
0.0628631956878067
0.0648203155718457
0.0666795861218558
0.0676813209608423
0.0682595449990643
0.069310516837141
0.0700143301520764
0.0696580185186583
0.0688234802424325
0.0680925367462099
0.0673770222648015
0.0668279907898566
0.0670713923036319
0.0671497950722282
0.0677072783549315
0.0681268636339687
0.0682926054789493
0.0685026184017802
0.0688259792301879
0.0689737397553647
0.0703536347024683
0.0698645303775987
0.0694954012257593
0.0692712295856963
0.0687424292258992
0.0687785394974966
0.0687524081410669
0.0688082552662687
0.0691955899186062
0.0693942195307847
0.0697696081949642
0.0701085378559678
0.0706093266467374
0.07124406272394
0.0717602316797116
0.0721804103859404
0.0729917738688064
0.073888123113338
0.0744132790918213
0.0747686555386348
0.0757462551566483
0.0754902374343938
0.0759738168414188
0.0750871905566397
0.0744293107046912
0.0745904613941118
0.0748196804348144
0.0777211401074597
0.079622510582731
0.0851608919376272
0.0916127206836009
0.0985356224681941
0.106293417607886
0.121806875906527
0.154994030655661
NA
NA
NA
0.268465302482553
0.20401344063858
0.136276811611511
0.0826573598652923
0.078819642098286
0.0914092838219229
0.105432533509988
0.114531043145023
0.11200253408458
0.137358662740683
0.153548514558442
0.161244701265391
0.177820454514262
0.205383275294079
0.22376454687019
0.228291805776816
0.23084222720436
0.219814523350296
0.192292147616592
0.153832556726213
0.0643083276788834
0.07410789143306
0.0641978498805922
0.0658322551702165
0.0679301997477425
0.0711107670521161
0.0753420045791973
0.0793456614459393
0.0839017265340377
0.0867161822063504
0.088318223527999
0.0886518905964122
0.0891301292954175
0.0968301623688405
0.105965594308471
0.111352880510625
0.118009664755844
0.137790911058396
0.162039160675715
0.19516670445268
0.177985657158485
0.155773897826544
0.16019260317724
0.158224115623997
0.170755844626915
0.185789183893867
0.177902498035807
0.15792960699951
0.177624649804057
0.173830949332904
0.200420847736191
0.263038593491489
0.340291153298415
0.379755989236665
0.356984795551868
0.234285663885255
0.0957332292621721
0.158658924557086
0.130403860209353
0.117535362686035
0.160569001217304
0.151826420683353
0.119482786568039
0.128558267601791
0.0943213085546349
0.0769332911303195
0.0672806384173347
0.0642206457397422
0.0686574840694588
0.06735072997536
0.0678329570132957
0.0684221276962627
0.0688478814705723
0.0685714856396388
0.0679297117529775
0.0675630711483061
0.0670350327898285
0.0666185750481652
0.0664433040148087
0.0666712559770373
0.0674986599461735
0.0669502575287189
0.06633131777964
0.0659465774800833
0.0655149341693922
0.0649793666862183
0.0645702426044209
0.0651051959948036
0.0670241188081233
0.0664171519240546
0.0653038321439095
0.0656594244518128
0.0666655042456049
0.0711134746997768
0.0780831145904111
0.0911904367801755
0.10375491738245
0.109974790262587
0.107917789526031
0.10330819054667
0.102001781835218
0.100818518758834
0.116746853573188
0.138752883951487
0.167875410948108
0.173147766235486
0.150048019299424
0.128878844830771
0.107087311401956
0.0821281197028931
0.0744687860428838
0.0758663470413191
0.0739185129991879
0.0741281939458877
0.0750568100664893
0.0750329422395039
0.0733070447141767
0.0757893528987445
0.0835274665099596
0.0783913935711255
0.0687721582025324
0.0713963525963441
0.0719766198245121
0.0660385787988876
0.0622128151625554
0.0605365475909194
0.0602961754356874
0.0603098866017086
0.0612908977547632
0.0616519858131252
0.0617070424134503
0.0622717085394328
0.0628039042392127
0.0648353214585838
0.0674479785396691
0.0689565317174307
0.0699320755369701
0.070291342400765
0.0726732394000155
0.0740151305370114
0.0734051941324291
0.0726581827426411
0.0710584404989027
0.0702749723647102
0.0684728060564797
0.0676852057715546
0.0674706101299171
0.0674662741824683
0.0671605790789931
0.0671343597525285
0.0666622327525524
0.0667808510147263
0.0667688521792647
0.0671383189882596
0.0681777036017941
0.0685719268815646
0.0677239009789113
0.0667149712970752
0.0663648938350058
0.0662884818024774
0.0663248814322194
0.0667373913063851
0.067231320153868
0.0678539049236887
0.0683861892961734
0.0685864999513364
0.0694261786175293
0.0710213912615495
0.0715065969542943
0.0720387394703036
0.0724215461601807
0.0731126327216155
0.0731774227647389
0.0731022331335868
0.0731649402938566
0.072505613989897
0.0729930592439551
0.0734463679748645
0.0740121600567933
0.0754440157818991
0.0790749105980663
0.0829237178430175
0.088067556406168
0.0965167258473188
0.106735331586929
0.11639491890661
0.128033782127732
0.150973078287491
0.18853054543118
0.259029306621401
NA
0.363414734965696
0.130766640793773
0.107107161652226
0.0684996380077763
0.0839241103672896
0.085552246828421
0.114238458483554
0.102549782019087
0.102288465220473
0.103288599974649
0.12700690348624
0.146952722264365
0.147785110680358
0.167664520567226
0.193605903478375
0.222898187647032
0.229940943568585
0.233243048507384
0.21757406024397
0.191507198966075
0.154225055988839
0.0828486604880835
0.0806169858870287
0.0648923811846967
0.0669815971602608
0.0699067408636263
0.0744016740175304
0.079167253263625
0.0815387872695842
0.0841266580121104
0.0852157677118717
0.0857044766591065
0.0876419972983957
0.0921022551151975
0.102420012398009
0.109680526112469
0.115741497448539
0.128006323126179
0.153351786160352
0.180180759028419
0.196509163787483
0.161432380861075
0.154833839369383
0.155017952347109
0.155940790544187
0.173083859520426
0.188540142018641
0.23004800971529
0.233985309386495
0.150861395553214
0.171104916077338
0.189636769417117
0.234218668117955
0.267673938597324
0.243426135433625
0.193649799901502
0.13189854218696
0.145761042587179
0.179198674652687
0.128969660347817
0.102662340507653
0.143102906196073
0.138715016152699
0.106321630686413
0.107389450894916
0.080944103144038
0.0691040738316104
0.0647486463668162
0.0652565017308483
0.0683815529933587
0.067340001212671
0.0684347693131916
0.0689784529633829
0.0686447965300877
0.0682375962628886
0.067742905099558
0.067390824026525
0.0670607749251405
0.0669067075884446
0.0663951426511508
0.0665053826665342
0.0674403653733252
0.0679579723979713
0.0677130182752203
0.0669791147521391
0.0662758948294878
0.0652623971047892
0.0650729075377804
0.0660517088278395
0.0669314155845604
0.0664018130516951
0.0668553887946442
0.0692950737756144
0.07085617606614
0.073461924205167
0.0793727642375378
0.0820644467665869
0.0823648073800604
0.0683538743011852
0.06954570573955
0.0744455947800273
0.088080784172119
0.179469958223165
0.160485579889601
0.177207264832602
0.181829119184091
0.176175662044342
0.157724356527897
0.0904870958047237
0.0800244036346402
0.072675122818474
0.0737167302116105
0.0731024147523875
0.0716347574430968
0.0729807516562141
0.077258291527835
0.0848386545901592
0.0948944332736532
0.117621257387439
0.125636468960378
0.0829145137990844
0.0714708621956213
0.070805439646905
0.0695145764334278
0.0615784389868154
0.0607687691507376
0.0606613562298579
0.0611051357590706
0.0607600490043988
0.0613184048731763
0.0619532446286547
0.06301165611986
0.0651924205931382
0.069766352624992
0.0714744882869832
0.0715819413916175
0.0709842916409296
0.0717100465306946
0.0729631557984833
0.0734707660924234
0.0732418032240632
0.0726531739047106
0.0723319512674887
0.0736760106321367
0.0727848092044757
0.0714732233851972
0.0690081829582259
0.0680302853120202
0.0681802890965302
0.0684880753935056
0.0688644138363179
0.0682365435307265
0.067500381681159
0.0667280624385774
0.0664788968064314
0.0665187113352444
0.0667058824137884
0.0663137248463418
0.0663823569176323
0.0668339161484217
0.0670844180342284
0.0678520702471713
0.0684305902340649
0.0693424145691735
0.0698829393952982
0.0706911237852207
0.0719417635357725
0.0726869627734603
0.0729895621003426
0.0726363269530071
0.0725404785051541
0.0725020825920763
0.0720747359425216
0.0719613916333898
0.071764650907442
0.0713555047315729
0.0717498670538536
0.0729895143885314
0.0749146842435105
0.077201849050185
0.0809380830279283
0.0848444186015965
0.0911392884629518
0.100712477075426
0.111379192146054
0.124141663821521
0.131552118861815
0.139352762288274
0.1492335048966
NA
NA
NA
0.270383719797359
0.0941081327493284
0.0682994104026075
0.0572364362141835
0.0869482096680946
0.0908061960077229
0.109616556253092
0.103144516876508
0.0940107336851747
0.102389173354363
0.108677680077262
0.133351391448049
0.139727941631174
0.166052430006575
0.191371738506328
0.218971648633143
0.23602777052204
0.2467060091465
0.237552056872873
0.218470349617085
0.14910854822557
0.118068272452085
0.0713770769430255
0.0724058161842257
0.0686434349244561
0.0727861983047392
0.0764874487879274
0.0789159456159454
0.0804398642277115
0.0820296657186219
0.0836231021566241
0.0855543728200151
0.0902516148386308
0.0959471246687439
0.104828355777461
0.11100908846138
0.121720412654642
0.141891184199089
0.16720640821428
0.189865811213066
0.182296951099365
0.146779527050725
0.148272843434626
0.150780430737405
0.153877287015949
0.166504982733565
0.180162864905995
0.222146015123753
0.227622736312159
0.145348465122509
0.137399650797699
0.166181295860148
0.196370084710348
0.193449641921356
0.14798521084462
0.114548504148819
0.121057333073278
0.168721049717433
0.171916533001368
0.128327283902246
0.113716627573057
0.127193393784712
0.120932050425651
0.0955459330501085
0.0920726704046026
0.0735569477724446
0.0674483427112909
0.0647354218669298
0.0662883173536265
0.0681886243027353
0.0679647837124099
0.0693682422476993
0.0693914738677426
0.0688707088542398
0.0685979499385091
0.0695522853586885
0.0697595559903336
0.0690594803094034
0.0684758488601574
0.0683500814204854
0.0677742102392646
0.0677022707043261
0.0678169547486296
0.0675354307075667
0.0670589775691439
0.0665198928544543
0.0663140551013467
0.0665894738837265
0.0672364126914467
0.0678412123287587
0.0705377882239851
0.0736559188567514
0.0776722225442723
0.0803979858317135
0.0803805791045658
0.0759809018659818
0.0881305547700086
0.116958658128648
0.220007205435495
0.284555006988289
0.289750990102212
0.405240102049197
0.255628419744068
0.236841453372929
0.227341109255213
0.217140811679838
0.190054890468684
0.134867042798137
0.084862849906109
0.076777383602487
0.0707633822649243
0.0702791462496642
0.0703349658720082
0.0753496597934619
0.0831481583736791
0.0940274736728005
0.104873747016762
0.115704859880725
0.113954367513825
0.0903089091135578
0.0731009026629268
0.0676671991022924
0.0668655540922968
0.0676386798899163
0.0612579191406047
0.0621099238972569
0.0618433294306892
0.0614485943540532
0.0616823845935551
0.063933469176844
0.0663749273622354
0.0690376126098438
0.0717147862329677
0.0730193114016423
0.0725882057387688
0.0729260724114005
0.0733417709570255
0.0744341766900887
0.0738521791448682
0.0731847371243062
0.072216626061338
0.0719890332601623
0.072263112786625
0.0732811800237803
0.0731605026111264
0.0729113546276026
0.0735148632021753
0.0725605414889539
0.0719734991066278
0.0721848492801339
0.0728283031633707
0.0725341979403055
0.0711522555143754
0.0689818043603819
0.0676139066901822
0.0668871516901537
0.0672992621803058
0.0674828737046415
0.068041278298612
0.0689009597834119
0.0700038934772684
0.0706715797737982
0.0709832430099117
0.0719701913345267
0.0718476136648145
0.0718935905176963
0.0721944728624793
0.0733351334880329
0.073108701980666
0.0721596969344221
0.0712371529749692
0.0708939780236548
0.0705952107883817
0.0707522097701387
0.0706945129738139
0.0713990046771526
0.0727369270055778
0.0756560946683902
0.0799254931521007
0.0850304271415276
0.0922624711251205
0.095764996548424
0.105318244087343
0.116325834464555
0.127541926910349
0.14207515812635
0.142795282105324
0.148775996081333
0.142924321907838
NA
NA
NA
0.120957388202262
0.0937361763052055
0.0617787230789049
0.0604398225699163
0.0811608046800734
0.0892430490129565
0.104997136836683
0.104924339408187
0.0975726775562349
0.111361118523484
0.0999879881800901
0.11824814505197
0.133137563896475
0.157162207122029
0.194994470398834
0.217565511652655
0.243947471418289
0.254422124223677
0.245469975452999
0.217012589955102
0.155037449694015
0.154000845335442
0.125343358091666
0.0671979471803016
0.0739551397149694
0.0757172802708122
0.0769798588712704
0.0788026448181959
0.079966147713872
0.0811787550936019
0.0834735983226154
0.0874087177837678
0.0935960601179653
0.100970007126852
0.10874899014273
0.116159355173972
0.133255569870514
0.156633797104565
0.180888769447839
0.187602218024981
0.162506736309376
0.140255323302727
0.142230326203474
0.143118767683969
0.14709186623811
0.153280585890862
0.164625970571433
0.183874140715427
0.173776664351384
0.129350388592749
0.136471967865836
0.152136662649256
0.163733563676312
0.13000890838351
0.0929758151213528
0.0958827809421266
0.128386175226439
0.153890673047455
0.141049206826252
0.13334461543967
0.140291400675917
0.192888273986615
0.119005999166092
0.0895743283557475
0.0841071213206293
0.071539120495301
0.0676895374386163
0.0653743709677194
0.0669676902978446
0.0684248756254074
0.068710012273428
0.0695366704120861
0.0700668852402083
0.0707780622095696
0.0721609298060302
0.0748432873309412
0.0756390798930225
0.0747114082590457
0.0726155656250951
0.0704513948490228
0.0699389423822224
0.0691314600171396
0.0686530904826912
0.0686241967944791
0.0680582702146415
0.0678952241771064
0.068411948905139
0.0690085567779896
0.0690867825083795
0.0687628702119546
0.0765136619228963
0.0934726319931699
0.109178563881735
0.128996960000607
0.169225201899301
0.261361978131401
0.397056419102924
0.484525377371269
0.455215422828779
0.495496266254347
0.527211093270425
0.445788260147886
0.178765116344723
0.217448917318962
0.188495796184367
0.179544933988279
0.135579284652972
0.105064639401444
0.0805849640997891
0.0760217378340774
0.0736687524883098
0.0738260962764549
0.0754207361459334
0.0859560059329341
0.0989504726930122
0.107036614547381
0.111824315787983
0.121683764246289
0.0957174718105412
0.0933343362447
0.0809239837722797
0.0737204686643969
0.0751064424369447
NA
0.0623121619924386
0.0638672449531231
0.0638644071507312
0.0671548743732728
0.0679353893343775
0.0705812087474782
0.074843416813852
0.076352726310114
0.0760527882720145
0.0757628999252107
0.0762748780495192
0.0774296517276729
0.0782646412285904
0.0774139370352501
0.0757948702358179
0.0742776402934978
0.0730935468781945
0.072768423048996
0.0726270042824635
0.0733415494060587
0.0756464673464293
0.0754187524348781
0.0760780631183347
0.076842624546555
0.0755228327216409
0.0742167340180458
0.0733422894953526
0.0725153580358337
0.0710086113283072
0.0691709949228782
0.0682268169667355
0.0674940390462406
0.067651927678573
0.068645093623781
0.0691298813248536
0.0693633487606508
0.0700797472763315
0.0709304080154649
0.0713366096404602
0.0717819723879466
0.0719128379417622
0.0721345222686847
0.072163994316528
0.0718883042132008
0.0711854540154821
0.0706084186169105
0.0703945768850638
0.0704110094774365
0.0703104796271091
0.0706946023388793
0.0716953452326839
0.0741992856019844
0.0772086209400183
0.0831291535319472
0.0886559659322909
0.0981519274987513
0.10762176169564
0.111848871167155
0.120780109777204
0.130803679301172
0.143742810676262
0.154049685991014
0.158464856550995
0.151670609651318
0.132882400423119
NA
0.301753772408395
0.265366129241039
0.073800729846883
0.0769298950928041
0.0548342321180443
0.0656893542590099
0.0759907787263196
0.0793004640964065
0.091687227791195
0.0861428593649963
0.0875524880603985
0.101705291248221
0.101056756162113
0.116462057544479
0.140960344777292
0.18565017149753
0.205398570150176
0.229699747851327
0.244269780506414
0.25832663821497
0.249669510653713
0.222007794738754
0.188018642077499
0.17196042912981
0.134988624865359
0.067210643402465
0.0782633403133443
0.076866016131826
0.0789639398252552
0.0800865554524599
0.0815601073228712
0.083150914237847
0.0854135403710228
0.0895672670809092
0.0957512488931867
0.10504841015087
0.113389651022263
0.126010059834834
0.144036670406104
0.168992989345882
0.187240462012668
0.169770428052479
0.149649021933466
0.132213435198638
0.131442161979753
0.130396191191411
0.132972143698831
0.141891876356766
0.155827775474328
0.169642076097728
0.154869135677025
0.13678128744372
0.127908043742882
0.13837224328379
0.133078511588206
0.098844543167244
0.0690619506025142
0.0972453318998608
0.127602764527326
0.130760700200097
0.142603179998908
0.158446147349693
0.18114273758296
0.206857103653819
0.0975774254671211
0.0909097446049169
0.0842455157569254
0.0752581218681821
0.0709036734075457
0.0672652631803976
0.0675201795911756
0.0689768039562913
0.0687470121775036
0.0703423864719455
0.0704182327184645
0.0725972384594993
0.075681899494969
0.0772306903243678
0.0768709642411619
0.0768911599264687
0.0753303416078135
0.0720318105502482
0.0710014797032135
0.070950596540513
0.070610804207277
0.0696602274759407
0.0691700764947533
0.0692213975393901
0.0700280231561492
0.0708648731331096
0.0715533261107211
0.0756884411030476
0.0881680073863508
0.122130678888357
0.173075619776138
0.238020943787475
0.345624766599206
0.47429116523634
0.580966149867782
0.626896724032388
0.489609257536995
0.501912313056658
0.470547127356666
0.346080540005633
0.135452978006359
0.225331262741526
0.209364224526536
0.15581182293556
0.125000586253967
0.0937338214219471
0.0814116868208646
0.0777864040886137
0.0733554177637219
0.0719586244885909
0.072959067067555
0.072285150528896
0.0687309164723055
0.0782423424884838
0.101116162510264
0.124850394095317
0.215900008471886
0.136697507832103
0.0842996682015236
0.084465041398806
0.0971069639842801
0.0889922151833382
0.0648012921354037
0.0699320739889942
0.0728412870450972
0.0747753354358447
0.0771368556832902
0.0793922472762532
0.0817519863180514
0.0828583101903721
0.0821723479405742
0.081499853970304
0.0814478290279508
0.0806751553170634
0.0806594207335475
0.0801265541163749
0.0781709596401302
0.076768195478486
0.076335121607949
0.0755479749492343
0.0753230923510613
0.0754414683483267
0.0759076309985363
0.0766723212161678
0.0765514592294221
0.0757080232334841
0.0751457020788935
0.0729979544169726
0.0716661134649411
0.0710708109308008
0.0704138874848066
0.0688019119433393
0.0680824590307666
0.0678567093216471
0.0686454796071883
0.0695750747220708
0.0702057601067988
0.0704350113865917
0.0709142403626602
0.0715792720050863
0.0721251209999187
0.0724832670283578
0.0726724593600571
0.072594305443052
0.0720812055512691
0.0714344071810047
0.0710728531492525
0.0713274120981333
0.0718204174242033
0.0721656105810517
0.0723765263110122
0.073572756239425
0.0754390927184337
0.0785251842058023
0.0850562631292334
0.0942104838066279
0.10209237672867
0.11058800104945
0.118938204637231
0.127598893376911
0.137578439099088
0.147424288177707
0.158608294152314
0.160018898129977
0.157654845947499
0.13317887441947
0.112778137959302
0.198236254025811
0.191711704423371
0.130682582559255
0.0711887923086982
0.0628409746069182
0.0508677983565519
0.0613602600486185
0.0695688920330847
0.0757709967032439
0.0879821248894803
0.0966673361132755
0.134530671988693
0.097371234601062
0.116273098025947
0.131768517519546
0.166493087010443
0.213989368916065
0.248681051966745
0.233391296626997
0.240206941380327
0.251178391291556
0.238468048641537
0.215332950551531
0.198503411482393
0.175412565169221
0.128807806637806
0.0695229992985381
0.0833451548169484
0.0796805207872608
0.0823266537011649
0.0832589461438199
0.0845430436267476
0.0845155076030001
0.0878538980904004
0.094122852670073
0.104175591076956
0.11485888291803
0.128176193473476
0.137319079878024
0.157885504581314
0.178259093789789
0.182004387888231
0.152932449023156
0.134715982781852
0.123609595794469
0.119767341736928
0.123049025813664
0.121962836010496
0.133501061161116
0.141487103478302
0.160978158104462
0.14347606190929
0.136598855110332
0.116628611972776
0.11265037416863
0.0829152011565026
0.0513440988093376
0.0493810294036066
0.0871848111181149
0.138508979464858
0.133094108758562
0.169298620894552
0.196428874081274
0.20499276189384
0.234437161738164
0.159153221905618
0.096129711711783
0.0913092279261947
0.0830556399324522
0.0788624388997519
0.0745047683611731
0.0717851236059063
0.0763378530280914
0.0846790086846095
0.072559552915077
0.0697000030371168
0.071817730842788
0.0747053828893881
0.0757022393866705
0.0755435948407921
0.0752769455669446
0.0743123477496931
0.0748794603885641
0.0777289545803429
0.0771601297765954
0.0761358834492787
0.0792205943430432
0.0785735189984856
0.0752891316889004
0.0755330117163216
0.0751712160346318
0.0770566846709494
0.0875487504892883
0.111252236552795
0.16220887889463
0.242352836004997
0.339614260061491
0.430860167359728
0.50090679678355
0.532201267156746
0.587571230326532
0.443694729464779
0.439814942600634
0.360050011404203
0.2316785189444
0.156318174818664
0.229965591118077
0.211219157194511
0.168640297879032
0.13332699584244
0.0877250768372592
0.0824901101998861
0.0798036679812362
0.0907256092609863
0.127449471296156
0.219512594170674
0.3270068522664
0.263102466965021
0.063892945799441
0.0452154134495429
0.0867787626845128
NA
0.131671741568699
NA
0.104480217077492
0.133144765381346
0.0972796429118073
0.0716542214275118
0.0826146500544448
0.0802767951269746
0.0810670206099408
0.0830356093253651
0.0880271026653677
0.0906428887806739
0.0928330180768582
0.0922901679755041
0.0911181630130686
0.0901791129812753
0.0895304687872734
0.0886183982471289
0.0869034483057451
0.0848961772060668
0.0837515547149879
0.0816643998735474
0.0798261932921882
0.0782639881828684
0.0766279331495825
0.0751581565326905
0.0741881219842902
0.0736409365553713
0.0725755340363535
0.0721264424094334
0.0717610405094118
0.0707142847818798
0.0702552556985131
0.0704889669365788
0.0703686765189377
0.0701385347711111
0.0699263068983357
0.0701702024744741
0.0711893017869027
0.0717524458557914
0.0724267645654365
0.0729367331476211
0.0734619931729621
0.0736633448464172
0.0741042468266059
0.0743455387617495
0.073508113058782
0.0730432167084933
0.0721317870695356
0.0726346909130113
0.0729573700445142
0.074199824502429
0.0757900938216808
0.0769290131857155
0.0783555513659184
0.0815190674485864
0.0870904503693159
0.0962836374314031
0.104342232500343
0.112027011514147
0.120249975325658
0.129187898193539
0.142045565649579
0.155065964873468
0.166375648599411
0.16891235966458
0.163170616034821
0.145240163266594
0.120099429340505
0.123919144383632
0.258794978143589
0.155984886339469
0.0552094954058026
0.0631193569567835
0.0674439916977142
0.0523505979725378
0.0646305747726706
0.0632614464205114
0.0695730757496958
0.0747337730775053
0.0918686256099689
0.103215589364354
0.113756787646029
0.125403860378636
0.157351858300032
0.181414636214041
0.205825803571137
0.235139195160541
0.233001532823925
0.244874655855838
0.246049373926749
0.233475467182611
0.219276194377532
0.202573649591525
0.144494943308726
0.105259197332439
0.0758198316663799
0.0910087853191388
0.0848701870205807
0.0869557934102802
0.0872991790793519
0.0879043523307756
0.0907224083810519
0.0955859570180421
0.104610189016034
0.11384360046873
0.128920155485549
0.145100160199742
0.148984696550691
0.16943014486225
0.182356462025517
0.170123530756323
0.140716728536197
0.124089570204108
0.119493329039376
0.115904393636952
0.119006887387852
0.121498511885639
0.119638973394134
0.132151576634412
0.132162988355991
0.112618195552321
0.111053359517457
0.0966223081321055
0.0728614277951064
0.0573431676760446
0.0488024901142639
0.043078387184796
0.0768190452019975
0.174699345294367
0.152715982824
0.218080704127156
0.218412316739943
0.235203961197799
0.25601937161589
0.195831663488751
0.108200222116181
0.103858742837743
0.0973190924458745
0.0937395269996344
0.0882725454769353
0.0839271487990501
0.0885709884344957
0.0945193643187422
0.0801307287056786
0.0712562758800459
0.0719808712896349
0.0747459843750404
0.0770080981042227
0.0808514466808502
0.0818634879552162
0.0876533070915144
0.0998926541678355
0.106987401664577
0.103163660569001
0.101422590918179
0.10150704818194
0.104335729341319
0.101344144157251
0.0920741704260169
0.0877338465841993
0.0930461129072456
0.108417488836022
0.144799677390113
0.204827669073514
0.275637521577125
0.3358747427658
0.395030795319
0.439575217463978
0.502839065552614
0.516485362122944
0.384636749170391
0.379200121715423
0.297104754687687
0.245009388764924
0.261134753887332
0.228575527686518
0.241706483405663
0.174837114273978
0.136258403884401
0.104652802442785
0.14641847800035
0.201155965156922
0.155492247894868
0.137209129507372
0.142497825824046
0.175821204952501
0.16292757571773
0.0843173109866708
0.123561211212727
0.111724103681416
NA
0.120598764999229
NA
0.125927232430445
0.159987418797363
0.106743213673586
0.0863227236154984
0.0885733481231184
0.0854976997615192
0.0850455835451409
0.0863965370990265
0.0905485527044604
0.0923281047437225
0.0946562184368616
0.0951249952962144
0.0932213589456413
0.0922682688507685
0.0913738342079408
0.0899030210302839
0.0879343558086508
0.0860242737546135
0.0847905274562748
0.0837109561671968
0.0824153588815366
0.0810830362056889
0.0798376085039218
0.0778845847376284
0.0764469614069678
0.0753920407265911
0.0744358578884658
0.0738603564324444
0.0732536805918154
0.0732327362342883
0.0729337869455926
0.0729260094197685
0.0736485903098092
0.0739118564361304
0.0741289542500977
0.0738646036209362
0.0747152345865932
0.0749505375253356
0.0752636451273626
0.0758647961672012
0.0759312039572151
0.0765376761610968
0.0765252244259358
0.0754024989051974
0.074319491547411
0.0734786761274381
0.0728890291705609
0.0733249145230005
0.0749011839148531
0.0766527071681908
0.0793988654596474
0.0821767373188704
0.0865678435164227
0.092607831771274
0.0995637979380321
0.108231618234033
0.11458821100712
0.121560688622334
0.127504948812167
0.136898765728263
0.151722483323031
0.162545968343017
0.170496240491673
0.168522610346826
0.16131153832239
0.138950475788152
0.12940457263631
0.13490744489219
0.185592176959174
0.185676467340043
0.0647319395027713
0.0640539056449028
0.0631451693701115
0.0552929207049104
0.0545065583806449
0.06733713321395
0.0690882189168539
0.0893275204265114
0.095939691113698
0.136566582635659
0.140551315007243
0.145918182410081
0.162867895741049
0.177036940507551
0.188182008555395
0.196349739043138
0.202107262813125
0.22846185933549
0.243223176344843
0.227354257119231
0.20659787235693
0.157818638282975
0.108078198327652
0.0921540203990475
0.0864922303906898
0.100504644066779
0.0920023926676427
0.0902761593285776
0.0921688906101777
0.0949260292335963
0.0994905186653294
0.106612185443568
0.117561501362491
0.129045070724732
0.145348264436195
0.156007382301052
0.163074112393631
0.17816354706313
0.181318755151598
0.153872109982276
0.12540790230205
0.118766827243393
0.124488771504666
0.117404849243159
0.116984491365331
0.117192352853059
0.119768618895062
0.111248617785988
0.0973505857542939
0.095576445895175
0.0977544825706982
0.0832150714037721
0.0651782668746967
0.0475572544124952
0.0416895295364949
0.039664900043889
0.0713681502689335
0.176026546056443
0.196254298267954
0.233006203775346
0.226298924744342
0.2926250638061
0.296917085372179
0.239855803142711
0.118997119602497
0.116252130893683
0.112112192411681
0.110153316164364
0.105625553351432
0.102250702352582
0.102027924756964
0.106025679225261
0.0914375773698206
0.0800780903677277
0.0779120087400498
0.0804250627958796
0.0867638498755122
0.0998765039934782
0.114095171391612
0.128962384848001
0.138942304158922
0.146866222980089
0.139903400915933
0.135698279892033
0.131881606889801
0.129439084604409
0.133136076012567
0.120724050665368
0.108559585427344
0.116573768976812
0.138009024590441
0.178945591335191
0.236765859994294
0.276029876366074
0.330474094958283
0.373785628475181
0.406587101153252
0.460738043901602
0.449507664735208
0.329720966702462
0.329703149546786
0.245115895365812
0.244590765776283
0.269190445712776
0.290292132848004
0.186042836068753
0.164000653276171
0.134710738565476
0.119980012909568
0.165788449399902
0.200454619414529
0.146110853032015
0.10317696951105
0.117987756149383
0.135514038961862
0.0992161744531516
0.0894425808879094
0.092118324103353
0.0942581694123731
0.107716108212293
0.100300248777611
0.0844765732395183
0.129377488512891
0.162190654089683
0.117552495736094
0.0911633508554137
0.0887391828159627
0.0862587650725392
0.0867765355590118
0.0883963608472734
0.0913650326596665
0.0912304256647587
0.0924899988457617
0.0927385599183373
0.0926914143453322
0.0916937949766101
0.0897071086977592
0.0891502738329169
0.0880918179501907
0.0885623997675715
0.0874789672948173
0.0856866055711906
0.0846224432464749
0.0838011360428185
0.0826196187871817
0.0815912173047028
0.0802125236818474
0.0788498077229862
0.0780793006902037
0.0776304352033683
0.0773614965284729
0.0769090450755627
0.0764258970189345
0.0761941982990031
0.0766155470710648
0.0766594357384913
0.0762482915446676
0.0760435251639001
0.0765597071727776
0.0769669975335944
0.0772576999454313
0.0780854572841734
0.07855548738576
0.0788002048966582
0.0770276520195098
0.0759561956517268
0.0750516078162703
0.074630714404461
0.0741012379137588
0.0750619798371987
0.0777503916468349
0.0817651550452541
0.0850132752601953
0.0887919879617834
0.0961443301597418
0.103739799922926
0.110758588910858
0.117826214839277
0.12121800573851
0.126316733804983
0.13233785989511
0.145137544857071
0.15670026294621
0.168340022742209
0.168384600439293
0.169068733409701
0.163535671918592
0.152900083281322
0.156422731942212
0.178412827096268
0.246528853039373
0.369989014595706
0.122231508088571
0.0532808297100236
0.0567728249582001
0.0490181171849081
0.0752492081520262
0.0645247017092982
0.0807857224598242
0.0872377999082277
0.0904964084094936
0.125707297846302
0.122751912000189
0.15297647639422
0.187956971472551
0.178519175544147
0.198318875718914
0.213476985903395
0.238448738457981
0.214231387940402
0.201099284682621
0.169056891341899
0.145047754732896
0.116307545467904
0.0917833776938854
0.0912299620109718
0.0987917073750396
0.107993333549137
0.101075073733935
0.095885368963965
0.100294630373585
0.105260271406877
0.111543330037598
0.120152224510515
0.133760002747048
0.144425668891165
0.155982029477973
0.167161047471382
0.174317583402897
0.181108656068091
0.166399189154599
0.137213243168067
0.122809466748104
0.121046332813065
0.129981137066995
0.121916316616296
0.115941623517771
0.110036465324365
0.116006544636417
0.0974512375784555
0.0750400494616081
0.0727660607700465
0.0773672415706685
0.0646567764681444
0.0531456890320661
0.0424958747931104
0.034298495488085
0.0429034972621377
0.071142710609965
0.140907848433221
0.202597491849779
0.272795635562256
0.360470134260092
0.367173029667332
0.323275809390691
0.276532037458826
0.144083969807238
0.12806117978885
0.126750295810807
0.124799963011354
0.121495865198807
0.118016422042377
0.114355179688821
0.116620282108146
0.102096750954434
0.0972714480205661
0.0956711745006493
0.0990768108059214
0.112913600935968
0.135967091325031
0.152194987678443
0.162411915172839
0.168044895653925
0.177321617134451
0.163360380204786
0.16138777885494
0.15988173113653
0.157240062950988
0.153274158055167
0.147005859379362
0.138247528063418
0.140620969012415
0.162254068476692
0.194810124667444
0.221892788481587
0.244880029974759
0.279535605646063
0.333182566922282
0.333943575689854
0.397270139432315
0.395765902540598
0.298737566870925
0.291395024913548
0.187733331623668
0.182042979738666
0.224414545541419
0.35039431564656
0.250722507366375
0.151578089560462
0.133665027345075
0.111227247644724
0.155672626748684
0.185757311983766
0.144474747143064
0.104658963857873
0.149904999073981
0.110038303620917
0.0906535087617976
0.0738877946772721
0.0810780257432465
0.090158889752473
0.104944715819732
0.103082672615791
0.115085632936641
0.161690538899818
0.179776712827505
0.136086339646347
0.097214587305732
0.0890860605016003
0.0882693596626492
0.0890059393636029
0.0938543637336738
0.0952148401804289
0.0951580923980611
0.0957364312040747
0.0958698180161123
0.095775144683741
0.0954941494162295
0.0926180803991432
0.0917930876524131
0.0905096784478699
0.0899628497747527
0.0885150975314197
0.0870101664571488
0.0865867721844812
0.0865384411993917
0.0858483693462235
0.0850955311332773
0.0842541531449964
0.0833140261425952
0.0826127092293685
0.0823212107178201
0.0818307069414256
0.0811114149462342
0.0804198686068331
0.0801050751214159
0.0797722454146217
0.0792754168939694
0.0788603283664518
0.0788896739968472
0.0793883783842778
0.0803060038885613
0.0815751717468445
0.0821657081313538
0.0811311625949084
0.0799221717820223
0.0789371562252555
0.0776630716264823
0.0765733389378578
0.0751695033082552
0.0749776695985665
0.0766314393067759
0.0792999260867237
0.0852495124531826
0.0910804491491774
0.0982736278127841
0.105222403798131
0.110775279045667
0.116877100154874
0.122167126853886
0.125764598938078
0.132700412541788
0.138911067272433
0.150614293002129
0.155799510316912
0.157396655973633
0.160102728567483
0.174376019931756
0.163589133895865
0.16188048005059
0.167143981189027
0.194759742771667
0.258205443471148
0.351147695282608
0.177705369484078
0.0932309169095985
0.0561746982310005
0.0416038588267782
0.058947790032535
0.0538575433868896
0.0661089077935584
0.0792665980790407
0.0910046772269698
0.110669626679022
0.11693746352331
0.157156372606612
0.162719276943586
0.186415377718019
0.212240815090592
0.221886665974123
0.22934118084205
0.168876780549774
0.152196496320608
0.128433591834989
0.112823716216039
0.0989340258581932
0.0905543778022558
0.0986496229574747
0.112493396564148
0.120650284697113
0.114676160332037
0.106529135653048
0.112439819297919
0.119487264304947
0.123984042853003
0.132406808823586
0.141248022847666
0.151093972284692
0.164607003871491
0.175444256740065
0.182638161500965
0.180788533556359
0.151899890092269
0.134515685627093
0.128949947576351
0.13173046476301
0.158234029746553
0.127973705425795
0.121244175566993
0.115420396090474
0.127463787817995
0.116556558804356
0.0769489489999027
0.0645349389840596
0.0601895131438336
0.046658792127094
0.0399024973589272
0.0351855500962841
0.0377822092418203
0.0496216007336491
0.064116967140885
0.119582707599783
0.21750650045743
0.322239302821956
0.364077945265608
0.354381232411084
0.329033361800678
0.29446727625995
0.183314250974684
0.143356780038556
0.139738225443891
0.137709387954124
0.136844128752901
0.13325583868598
0.132847520345352
0.128014933080847
0.116015744562828
0.115213046261797
0.116510985467049
0.124830553053943
0.140434345885289
0.164182972677467
0.184619675143093
0.209582326556157
0.247906972805606
0.201380939501012
0.189076068858024
0.179036909638259
0.176427117227249
0.174156378246805
0.168357877608476
0.163423431702614
0.167490052084676
0.175084177636792
0.176491156617105
0.188075194441795
0.202935412139245
0.209871769310124
0.240589330450005
0.302377624593443
0.36821327663225
0.500610206881687
0.358423640891338
0.297219497965415
0.267613416785742
0.192229298823365
0.254388821627414
0.177052647572789
0.290616639719772
0.318745025384621
0.173251315023929
0.18869508084258
0.158099027253693
0.159012689583866
0.173719663230397
0.145817626684792
0.112210318473171
0.117566573142692
0.092774833122916
0.0977674100397264
0.0747620660447043
0.0767177638282539
0.0937783017034929
0.116650989328824
0.109369339339339
0.131462606705946
0.166595639533773
0.157980661664204
0.125767327195886
0.0846746550325642
0.0912962943581016
0.0915456260501348
0.0934586949900273
0.0944288100341066
0.0955811362145903
0.09678433894709
0.0967081622851593
0.09563741975102
0.0927978762457392
0.0971493153208567
0.0955874812834043
0.094167798766051
0.0923884300442863
0.0918078983096002
0.0906071242094133
0.0897625766626169
0.089849655754007
0.0899301017126955
0.0897084664321369
0.0884047609490563
0.0876748900637788
0.0870536027454523
0.0869024675848699
0.0865166586887247
0.0857513497079364
0.0853811719791361
0.0849343085626456
0.0847834477167543
0.0844891273150043
0.0838746421055636
0.0832311849101665
0.0832742730607818
0.0838881132495663
0.0846517077854083
0.0854574044615031
0.0844113304543929
0.0825015019264855
0.0807919680409444
0.0795266337368289
0.078305235732061
0.077843523245272
0.0777601247527532
0.0777550720398899
0.0792982886836007
0.0824137124424744
0.0875391312459734
0.0922666884400307
0.0994783383402224
0.106270408703047
0.112406637730024
0.11603772402985
0.119682418043402
0.124681242346771
0.13244578266425
0.141690931697873
0.145623861369638
0.14776370131652
0.148662195011152
0.144354519087852
0.152135241019309
0.155065487084437
0.15980560732867
0.167722576108354
0.186666571490959
0.198561839703378
0.292810184395419
0.138979528711234
0.0661312934330041
0.0479581170087625
0.0371132247312713
0.0494644846417602
0.0483444562450082
0.0714302449042895
0.0664410751285737
0.0769121822145725
0.100871517872858
0.110494390095889
0.132497336843418
0.156328055008606
0.188713230814752
0.204270100700298
0.204727545328437
0.177869353660346
0.143729648531953
0.130404980841393
0.114426060983897
0.10408090056227
0.0966269845168967
0.0990611761141632
0.114517285422475
0.128867700573554
0.13755303084165
0.131606603196965
0.125328181838822
0.122511316394331
0.129244804524903
0.13576864269107
0.143819884054078
0.151067227971667
0.160521998254407
0.171873151753334
0.185637652282093
0.193751963636816
0.179770598635725
0.145916694346538
0.139811633098448
0.141609303828113
0.145531496882217
0.166509448719499
0.133611917849536
0.127626119599333
0.119632127102383
0.117826354291351
0.109129647716202
0.0913149634380069
0.0708452741371143
0.0639062083177406
0.0490853552851265
0.037471764144026
0.0368510444893582
0.0386482165370986
0.0487425240549621
0.0628956678818222
0.0933946354040166
0.206970170826658
0.302831265600131
0.31794428603426
0.298288648229611
0.323314288422763
0.305539597089525
0.232113217253398
0.185513265076919
0.159802451884687
0.149469257636227
0.149670482445444
0.149282584913268
0.149995557358
0.142667192386089
0.130056554340645
0.134543354835618
0.137825109160043
0.144876522246233
0.162554261022581
0.179440783372792
0.191859925944658
0.200595268859173
0.20477396009262
0.205723040673428
0.198250542826936
0.192794133533699
0.193057766715867
0.188095565383643
0.180781509310518
0.183427806004602
0.186559369294281
0.197544112255501
0.1962425837126
0.190601384349971
0.193506892891828
0.220801884757035
0.350831282421096
0.328299183313322
0.420892048166535
0.535633382154858
0.37675130792754
0.323192823912994
0.284132010303202
0.204860569928084
0.167755174614142
0.127488546728825
0.17512450553418
0.283047897158493
0.219421427852159
0.212192008415258
0.204732797980282
0.180643111344537
0.180283976541866
0.151549091324012
0.125249670345162
0.108706555666155
0.100855574333405
0.116081894432363
0.095875550391522
0.0807499639339462
0.104215352195296
0.125476823365478
0.133484531563223
0.147881303202527
0.174076144582209
0.153224649307641
0.113268874140154
0.0867695260560055
0.0919783988202243
0.0933839987366655
0.0964399193293567
0.0962965125360103
0.0964816564768415
0.0953435223810989
0.094763599345732
0.0952816420578022
0.0955156002011581
0.101565817099771
0.0996898333664032
0.0988116519622154
0.0954025249018056
0.0945571090626129
0.09405114471136
0.0938307967532589
0.094989419877141
0.0948393818012305
0.0948045713120305
0.093468784478527
0.0910229528708382
0.0901966764397159
0.0900183238461398
0.0892056416518391
0.088681832842542
0.0881325705232567
0.0880343998942455
0.0877284189405893
0.0874954859859853
0.0867132321805776
0.085973276818956
0.0861213789400729
0.0864551979086594
0.0869535997177668
0.0854790635544666
0.0836282495829436
0.0811481042696611
0.0799683353869368
0.0796452333091807
0.0793868506407907
0.0792909991938784
0.0798998096666452
0.0799901434026321
0.0821461340140352
0.0848316498231914
0.0893383861843954
0.0955028043488726
0.103426302055356
0.109727532956621
0.111508911622196
0.115840358267313
0.121192461082389
0.125108175078405
0.130201966626222
0.130533473674541
0.136559155708169
0.137411687829381
0.132578698439989
0.129705088632815
0.132103715056329
0.138356388947772
0.144536156669045
0.156274154633715
0.160801450423624
0.154458043886371
0.187680498617456
0.0845131647242018
0.0498830788315092
0.047005064219301
0.0381946656562255
0.0423181617473791
0.041702280598267
0.058397147404919
0.0603324297628766
0.0717610802080245
0.0936253253880465
0.0968454617882105
0.122427044168833
0.152968733774763
0.181787050424129
0.195239691021265
0.181481686881126
0.149946893187927
0.135228523732125
0.123912965057579
0.114806671115305
0.109681713525174
0.106857166924402
0.115421216289759
0.133843357773416
0.147478434386784
0.158461747530478
0.152721675646698
0.146313869452623
0.129457570839556
0.139144303584641
0.145820298019999
0.153823924626516
0.158312840282149
0.168894244906766
0.180926678130384
0.19440192515741
0.201980812327768
0.171387500279344
0.150204797718696
0.144087994209055
0.15024440742506
0.15911110256999
0.165668762210586
0.151394711004184
0.148574121700124
0.127428299180798
0.131467363221082
0.154950232445903
0.127016829306905
0.0919718210702171
0.0718383236738784
0.0499216553013309
0.0520229680038758
0.0481949944956463
0.0481733913481778
0.0493331201578601
0.0620647953074035
0.0882812847857297
0.183452980011707
0.259114990201074
0.259899232250927
0.314716511209499
0.328444427456255
0.317762598942259
0.276374795335389
0.238414872237108
0.205889885109986
0.16767638506391
0.156852836821115
0.158795237360563
0.162439550281365
0.155534244341927
0.142918641204039
0.148915205396188
0.154432969586019
0.161702838178664
0.180626818063015
0.189411186551572
0.194111412226859
0.200363952412911
0.201971338677389
0.206015271951192
0.210505421434953
0.210786015434685
0.208155042457787
0.203900289634809
0.197596692579464
0.198070580591261
0.201081558436952
0.209073742441631
0.217179057830445
0.21406505504717
0.20969815551998
0.201995598516448
0.354846701074005
0.393371712522749
0.437008219283667
0.501513688919978
0.412074461785858
0.353644011615719
0.312741737746923
0.297953115178796
0.226893228488988
0.131352114688729
0.174273126550685
0.256102188762881
0.235174763246497
0.232775069987334
0.217084095585585
0.199191509812281
0.187478641906193
0.154867901941518
0.130620394721355
0.111314891938572
0.108233939809592
0.132991305804886
0.114360917804285
0.0989657938841341
0.113685903903413
0.12747676959118
0.140988530034076
0.16869144456614
0.184526469100334
0.1525778985392
0.115667241372596
0.0899858554550588
0.0851108382934918
0.0883297289470204
0.090685054075973
0.0919363468696989
0.0914431353036857
0.0919053571922631
0.0926360305991006
0.0926820756980757
0.0942374098897632
0.0989031083580523
0.0989581486930003
0.0991195846758266
0.0971715468617284
0.0960903049721538
0.0947207851346092
0.0963310240358675
0.0958262326318354
0.0955184450909535
0.0954660550837828
0.0954304043696652
0.0947477759233693
0.0932378749690933
0.0926995945675734
0.0919518883392707
0.0915034104724603
0.0909214951048262
0.090849331486957
0.0906066132248176
0.0902401336881701
0.0892991085113498
0.0883616411079121
0.088063693751226
0.0881918680758524
0.0875066292381874
0.0855712166601788
0.0829313954228668
0.0814333345193389
0.0818686702924279
0.0818882226706617
0.0814904088492913
0.0809000622825391
0.0814985338721573
0.0826074919864836
0.0861779643173273
0.0887658817433825
0.0906753373612004
0.0947039282611783
0.102346423887866
0.105255407373629
0.108690795563983
0.114760413267457
0.119328892636949
0.12011709579637
0.121429454496435
0.11803455495005
0.123410705287104
0.127296985258336
0.130100454179541
0.125970120764025
0.121771051308924
0.127549977326376
0.132905297275956
0.13787933912072
0.139652795538802
0.126472827117639
0.120545758246901
0.105705950585346
0.0967039479915626
0.0360065701005617
0.0383622288681919
0.0408542485630218
0.0387049011205362
0.0493121557079688
0.0604212904487511
0.0772160237995812
0.102989192273498
0.0910333664582439
0.114183114851855
0.135026252819022
0.173878191313508
0.191074721093591
0.166412084317575
0.146203885004968
0.137470447375375
0.125848270063636
0.120515582757111
0.117450084335408
0.11925531740819
0.130111664401148
0.145609587623323
0.160693390753249
0.171065344599008
0.166296890321709
0.160888488321889
0.135974998767619
0.142580855712277
0.146296086168876
0.155588699530725
0.159029595643393
0.174346625748562
0.190636213934957
0.205901210914019
0.203036717960408
0.181217762984913
0.172438545200571
0.167485572360345
0.15529232100414
0.152036291030507
0.195669920146395
0.169787453515642
0.159844308078746
0.208488132159299
0.208727083602387
0.178806856287782
0.145137957640228
0.108636882792944
0.0837530805148049
0.0659194917231742
0.067475340376119
0.0638928966780871
0.0607184543009847
0.0535279244067477
0.0646809457610725
0.0802364774029392
0.145023066160382
0.204401947030395
0.257345934729187
0.31341917334495
0.330442092813128
0.32977667619372
0.310301292629664
0.284984810411669
0.257061566921778
0.208541591933126
0.168439645653923
0.160243677355854
0.168076219715163
0.168948598164889
0.157938435222776
0.156409811402928
0.164297894722209
0.173680159935067
0.187868514083373
0.195178055605437
0.189962797740469
0.190157219137041
0.203645197352618
0.234897179665403
0.225308292909329
0.217961604434229
0.232460874186337
0.244506009345446
0.230969624197374
0.213766985880807
0.205143631629542
0.207594971382583
0.21387561960778
0.2268966530982
0.228060777131305
0.225783890629474
0.385743551416023
0.462443963147927
0.409862575851355
0.479380368742098
0.436887446084713
0.386997348836125
0.345606522870687
0.330121481185957
0.311665459629518
0.251633195880443
0.197824516469621
0.257407997447767
0.249650295660499
0.241362615679384
0.230248289992975
0.222308764677911
0.199050220792049
0.163218905026061
0.137432267262059
0.116658586635811
0.118477785527164
0.127256596252609
0.117533528303086
0.10303535401053
0.116186887850348
0.12733424262466
0.139984128415578
0.16028279754136
0.17982791568944
0.150455299504915
0.114884480538763
0.0937629056651394
0.0841255369157785
0.0906427630209438
0.0930874850191381
0.0918892461977253
0.0916089936737726
0.0924301713217761
0.0927730902014856
0.0938425490415445
0.0947518956249493
0.0984004769161
0.0978336167918645
0.0985757486281728
0.0969585308413084
0.0983738520856056
0.0958414606697096
0.095703199059111
0.0951261567785806
0.0954744879268276
0.0953165600214494
0.0946636306667474
0.0949668029239416
0.0943686971378762
0.0936313198835318
0.0933049955520636
0.0931425879239591
0.0927198754187317
0.0927452088447854
0.0929173952186155
0.0922565542363935
0.091688726826075
0.0910618147455714
0.0907359548458734
0.0903218642374504
0.0887569291408501
0.0865783050745135
0.0843207528112692
0.083536049521379
0.0845918429736692
0.0854705929549223
0.0849000847828777
0.085095935409046
0.0860736320984365
0.0873645118209261
0.0903014680667537
0.09318624456503
0.0958431022709355
0.0984341319679679
0.0999595963524853
0.10416214230622
0.110545820899678
0.114993673784786
0.11611871648072
0.11455040004218
0.116123095210438
0.112638375856537
0.11515586297875
0.114941744027865
0.116338334150251
0.112270292887174
0.114084946283263
0.115596784334739
0.114428438014221
0.116530903033277
0.110477650557255
0.101143160909504
0.0905663520455439
0.0682451606374561
NA
0.169878516448582
0.0391008173406211
0.0326561676430551
0.028378559214233
0.0274517588385726
0.047902944180917
0.0718764202695588
0.0910572005855849
0.0968256859496078
0.126906087407834
0.149840761925136
0.197764678569978
0.217946724556654
0.165433301649954
0.151475807306001
0.144732576237143
0.13699625462618
0.131711463458645
0.132054426448592
0.13819030197052
0.147992242504349
0.158958323913205
0.172483471167142
0.18144949444978
0.184223546153205
0.174189854475229
0.148322699416779
0.14471341740605
0.147465133983829
0.149632311256635
0.165631458908234
0.177620431328442
0.199625052805834
0.215347179117624
0.214271286923541
0.213796618790114
0.198628647637019
0.183722494188925
0.208434160683104
0.248483421973915
0.241338030343348
0.200512973897725
0.177160346686602
0.212772528699098
0.197100092211494
0.187015269221261
0.136329819045392
0.109306817763182
0.0951091705596032
0.0829686104012954
0.0766952936978792
0.0752311036681507
0.065338712733125
0.0630495615898172
0.0742764122202493
0.0813049404547493
0.122500609132978
0.170831188617158
0.247488885158267
0.323438587960248
0.340703949327361
0.342748906406695
0.336351988919709
0.311631349848909
0.286632920586322
0.25798803555877
0.202520735252291
0.167993116481704
0.164218930772179
0.172325655077786
0.171004829459859
0.164124551836544
0.167579927464508
0.174285217631663
0.184264754353972
0.190422043728802
0.192026593351804
0.196862296321524
0.211653658450223
0.236592237745937
0.242980170672227
0.251851478557991
0.306659315578892
0.338635713361943
0.31675212153747
0.288440181501332
0.269834031038727
0.26397156753234
0.266858522574572
0.288351754616087
0.294439232985811
0.343695481904243
0.35897638393647
0.396307418986963
0.369759452270066
0.431517093060968
0.43670723020023
0.420542428843791
0.37867520448231
0.351337440819887
0.323751884116078
0.334314182927113
0.237402823475436
0.260914694805665
0.230527898995206
0.231754749638694
0.250295864734136
0.243527069082369
0.226665666405198
0.185665121617448
0.158840197083595
0.132617319299353
0.13493666036253
0.134075250797138
0.124940241193727
0.114774964768865
0.132909811647215
0.127562394674113
0.131104549938994
0.136256587751563
0.170688065336866
0.132352667764528
0.0976487848251285
0.082627533895505
0.0842787161210357
0.0902587516167531
0.0924976859049518
0.0951309630962803
0.0916303526043015
0.093806670687991
0.0919313355240523
0.0945968824999244
0.0968937126717976
0.0949848134124819
0.0947274925429414
0.0954978167218088
0.096136957703788
0.097317028660407
0.097127153282892
0.0954805117730501
0.0938240887629166
0.0931764002722792
0.0932509340800963
0.0933412334410974
0.0939865399281285
0.0942033870141954
0.0944604490928036
0.0946524097631233
0.0944223839516069
0.0942199110199357
0.093761556214477
0.0935819565381284
0.0932146036995684
0.0927323233624472
0.0928118600425566
0.0920475885704748
0.0906767180113784
0.0901116890471581
0.0883810937653521
0.0865146223150899
0.0855434903537517
0.0862037700102372
0.0872635638782926
0.0885281807944502
0.0896195254789991
0.0915868831721487
0.0909657649347655
0.0942089902445627
0.0971998829994496
0.100380318266753
0.101884742601539
0.104201134044318
0.108000026186613
0.112676095959284
0.115787331907693
0.118448322436196
0.116920870395435
0.119332009965172
0.116510291638705
0.11979316999227
0.119212211372796
0.120470735759149
0.116324082849233
0.110180397516295
0.11179735165852
0.109545635711576
0.108738818174415
0.102566077463199
0.0957982044413105
0.0888621048927302
0.0662989721002512
0.156224419065381
0.16288999796699
0.0586984219270505
0.0264270385196997
0.0224767549810894
0.0225662371796882
0.0345480773102598
0.061268892550968
0.0954910247164814
0.136650443697815
0.213654043323395
0.260608325287093
0.211128209365136
0.203834349613049
0.170910654018168
0.162770847185272
0.158445493309818
0.157955661492476
0.153819464607912
0.156913649979897
0.166074934658238
0.165195529740382
0.168943538560051
0.180286075557552
0.195922360433994
0.211836900544033
0.195112182043778
0.171561372348948
0.149737253262705
0.149757879705392
0.15376676102917
0.170295570897391
0.185105859714725
0.212004504940861
0.22749548447504
0.231502491825247
0.198009131145486
0.205204042603137
0.210945713066959
0.2479486615862
0.290834975283212
0.269720174593808
0.248345697863642
0.21115484095798
0.208159751481912
0.181273889631327
0.170973987698756
0.142763403393707
0.129032302822069
0.114483779960537
0.106069523434285
0.101597856766367
0.0980420943123127
0.0910390584548534
0.0813051962932282
0.0845400802105168
0.091988412078195
0.115489118316758
0.164070214813574
0.247537206171985
0.321189523328313
0.361397071167901
0.362140098276705
0.360355174574456
0.332176620633749
0.302804083524757
0.276549563997317
0.238276092644235
0.188958907127922
0.165317906320794
0.16658920915972
0.174976062323843
0.17014033100621
0.168023288218729
0.17469732922625
0.183740943733158
0.189123070943614
0.194064024129001
0.204851424837582
0.241396917405937
0.271994663016394
0.276387235841975
0.283658832161097
0.429765719886331
0.429429629191117
0.37803270700924
0.331513912027727
0.305685012593326
0.291781384975326
0.287843842522133
0.298093185263142
0.305088806212155
0.32579890139088
0.318157998977647
0.343845120164251
0.35343721835492
0.388330247699165
0.406734456223974
0.41714027409179
0.403260320314781
0.372130894354093
0.332467903132455
0.344359340083437
0.255494769236686
0.270951448209677
0.241203650729738
0.241214752146775
0.246697822717108
0.295511608123061
0.262756976485725
0.212595221923666
0.175016411920709
0.172940336303132
0.157804617965244
0.140095536498601
0.132150403822796
0.127612784161181
0.147208743942721
0.126178663022461
0.130269849200626
0.121697152439062
0.162033273901016
0.105360518476394
0.0876349877023277
0.0853401141785309
0.0870265254817751
0.0887750571786996
0.0878877469981836
0.0911807585531517
0.0939937653564882
0.0989842721042308
0.097216545295289
0.0947129095107724
0.102228097267534
0.0999502868972527
0.102326349681976
0.0982982068899489
0.0924601272802487
0.0922068895882803
0.0959607718266533
0.0963660590752758
0.0925801074390788
0.0915882898340272
0.0919489133711017
0.0920188971146939
0.0927190198124219
0.0930529877278127
0.0931800641709528
0.0933076547411192
0.0929695614350181
0.0927625594381763
0.0927683647883177
0.0926287636013629
0.0930661273788035
0.0937158680880154
0.0950797136803634
0.0948243188865766
0.0924157784085395
0.089625870371287
0.0886782126991126
0.0892473514158316
0.0882011358216983
0.0896580650044607
0.0902195082047668
0.0926708565751551
0.0949368544168707
0.0968963398856459
0.0990454751444804
0.101784839427412
0.101059738457478
0.102846307385517
0.102055257384363
0.107207663198092
0.113278875549126
0.116872120975802
0.119967633494255
0.129685798178665
0.123549399688743
0.127182251984459
0.121199862666505
0.113741416213065
0.113992666185461
0.110544287192222
0.106895797393269
0.10488334812502
0.111438573358592
0.10957012865047
0.110592953352269
0.116373386957685
0.117364497265522
0.133693790910499
0.123248048389404
0.194422999509253
0.195856946428813
0.01622649232161
0.030667977991777
0.0291668211475788
0.0551277801380331
0.0940120154663378
0.12240392427818
0.147607975232854
0.228124431538755
0.255576071750151
0.233095937033037
0.213051808409059
0.201263256678658
0.186525257258688
0.184267435158802
0.186603618831201
0.193393303507943
0.190796568530449
0.19593431579821
0.202441471776275
0.206154488409038
0.196069072691863
0.193100519130973
0.200948682461624
0.22570426748024
0.217424738417006
0.207602752931265
0.166954906215186
0.15638792362521
0.155755195394316
0.175249774814832
0.19275212831349
0.226324160842831
0.237080247043164
0.216292909653046
0.192685466990087
0.206153005440252
0.214502464678219
0.246537274759436
0.282909541310058
0.258558206878969
0.254163801143546
0.236316769216415
0.209331574977027
0.183171211300085
0.172801329778912
0.146275854556953
0.138238019069188
0.139953158794088
0.131303721369115
0.117129022503689
0.110522057048874
0.110587861613872
0.111629361097677
0.108039170800813
0.114364470279567
0.128497488612696
0.17356194415941
0.255490514565156
0.314430548689567
0.345139307863518
0.352660122126963
0.374093406928253
0.365489058090958
0.31983527973662
0.260493091183856
0.249081049110523
0.207286794254318
0.172253011694387
0.166235392076724
0.174908503818578
0.174287696325671
0.170995363200974
0.173228857575595
0.183865888441532
0.196520032536274
0.21576380925317
0.244108993314097
0.267234464503468
0.281686924729075
0.272569736238499
0.387003632414796
0.440162383916163
0.423514138084298
0.389211500075012
0.351049364101299
0.320513448521364
0.301269760412204
0.291012374663206
0.289807448031936
0.29205399170092
0.295772067293751
0.291746311872367
0.311544144661203
0.319768158077162
0.354068984866932
0.362720521292774
0.381652672263081
0.396564470202891
0.38430613976899
0.347858487136388
0.339176555368027
0.27571160782292
0.270556474011973
0.251376416041482
0.248923483560329
0.280606045352066
0.287969859306378
0.267755680365849
0.238718141071252
0.200969300767517
0.177771210173244
0.164586844636299
0.149456523296627
0.137811750045779
0.141705749604638
0.139967943690603
0.132187867265964
0.121849959513707
0.109142408328946
0.125813058698294
0.0861448045933227
0.0874969880562699
0.0888980605478289
0.0882733656790309
0.0892765186349615
0.0901787484871405
0.0939406447593174
0.0958072061571592
0.0986444773000101
0.101681024084377
0.100971355180362
0.104928790060812
0.100571448404805
0.0969170453343846
0.0919580007889095
0.0893129193199798
0.087922140170274
0.0879887907717691
0.0882863223441596
0.0889332136424086
0.0888239611520925
0.0894055134699385
0.0908453285005504
0.0910736128715878
0.0912617899038048
0.0914988609866848
0.0926100825662479
0.0918046162989922
0.092910536791938
0.0939647110109944
0.0970419152245356
0.0987044115550064
0.0983872257086047
0.098765872705816
0.100919528606809
0.102401528235669
0.0965390530035964
0.0936877541740487
0.0917422080111539
0.0906093303248206
0.0924326483695681
0.0953887705296122
0.0981821977844874
0.102456774429225
0.105687067452834
0.108006587189766
0.107451187056503
0.106724609648756
0.106911371428681
0.102558873676667
0.107341642403011
0.114840046319216
0.118106813692168
0.120156834571087
0.128683015299054
0.129685236186085
0.132576650901303
0.129659626320114
0.13091468832978
0.130409209298433
0.118936097149868
0.1163024259446
0.117238136242916
0.128558817542323
0.145321551070509
0.153858406715493
0.18907195136446
0.199550428061571
0.236002871836255
0.165244468534968
0.166784135374422
0.138343409678745
0.17766494036698
0.0937618418440372
0.0824873478984154
0.145207875110622
0.2201090683365
0.28278499019029
0.139181475673654
0.253322032054318
0.237904614996255
0.228992637065884
0.213569834751083
0.200634889160474
0.196795078321772
0.18556411460638
0.183512178771908
0.189975133931035
0.19255002114468
0.200561166481963
0.2081996127973
0.218733184800489
0.212799224876822
0.207742790350858
0.217753084116319
0.239409336813518
0.234185251507038
0.228011140127736
0.195207485923454
0.166163116550248
0.161498068318949
0.176170051378382
0.217209381561752
0.239600204417102
0.223064606725934
0.196439377635242
0.189497091322313
0.194769842443597
0.206905380719853
0.2314589670025
0.259543693971632
0.249718785848166
0.245678561719755
0.233907770592776
0.215144690679525
0.201573535270774
0.195690915902284
0.191143091481805
0.182798270388034
0.166917466705585
0.158589198664664
0.144059615661736
0.133026168585457
0.135745346394997
0.138211190005241
0.142526020301841
0.145854428304594
0.147774135853149
0.182799582207923
0.257815503181444
0.280580327014532
0.323530870361674
0.349015120538812
0.388051166465854
0.401876098664641
0.345307863593562
0.253497679858069
0.254877730073503
0.231823402746076
0.186953185825608
0.174221295297923
0.177738008753888
0.17381364725894
0.172036147109435
0.175981519634935
0.191630660974871
0.212318653020233
0.231835940153389
0.243803283706137
0.2583853548231
0.255333238411254
0.340297210247342
0.465301766667176
0.472886331899258
0.434827266184831
0.396919360554013
0.367999119876362
0.330179265820758
0.300811787989413
0.283273370651214
0.277995704309933
0.276231232851094
0.275487373096037
0.273668699243233
0.276184400312358
0.281838717445144
0.306790228557521
0.340655902944995
0.333684224362362
0.35280594596231
0.363474947719211
0.345019969003728
0.318645885135571
0.299806014679594
0.258865108393252
0.237547017095153
0.280511943808584
0.279573855382158
0.287959957629877
0.278886127476166
0.259403356121533
0.217684419184872
0.174102818737447
0.16151460047557
0.155144047958918
0.147722518743577
0.151632596182658
0.139402234062337
0.138772881579071
0.122148595890836
0.112795675603509
0.111688639674912
0.0882563048227327
0.0876399910524745
0.0902721199679771
0.0912415213351215
0.0922369393156159
0.0908735992544062
0.0905750352519203
0.0912042093138941
0.091521501227788
0.0928764463121942
0.0919952476709256
0.0918335400395544
0.0893460883771485
0.0863505312442695
0.0858813892044955
0.0840185764561097
0.083488583172505
0.0825842484376837
0.0830406816075997
0.0845905120763332
0.0859687645134762
0.0860992977414488
0.0874140124567497
0.0885124676094444
0.0882639159067969
0.0883541820417182
0.0904803207176902
0.0916981347411153
0.0947906722857463
0.0963860855125856
0.0976281611422826
0.0992152618601157
0.100718781088443
0.104807197445427
0.108516817192782
0.108903865294103
0.10306034604008
0.101580303349956
0.101592870364388
0.1009855492657
0.101503695052895
0.100562681812502
0.107671043666483
0.111891133194198
0.108697988008198
0.106739938232485
0.103026080243384
0.0993339545172188
0.0996384353444602
0.098226447244805
0.0983510306071869
0.107353125747701
0.120293034281546
0.126703076314247
0.136764275919383
0.154387399636908
0.156686182151002
0.164588349784716
0.166280265941548
0.170541018505105
0.173742779810697
0.1677609909019
0.175971038181862
0.192959587383389
0.221648472125714
0.244353786464248
0.252159368423881
0.260999771363106
0.359544888520643
0.25884952569792
0.248918271406334
0.177537544335553
0.158567478470741
0.178168555136605
0.194458630219731
0.334659812930122
0.274231212155774
0.245132130864914
0.211195382438303
0.218194865398863
0.208547281560151
0.197330678906455
0.184281754610062
0.175066689333859
0.174772860893363
0.173282297398377
0.176289598500463
0.181766734565576
0.186169049515957
0.185383511414932
0.196122057973029
0.215868830152536
0.221629738073231
0.215713976120759
0.217683229119046
0.232310968451802
0.24057912706972
0.238815593126466
0.2274370485372
0.191429092467175
0.180623937630145
0.19939902601484
0.242575346680328
0.255022298141952
0.207807671895609
0.188826459665096
0.182655623017797
0.185335245958627
0.193374792468716
0.213289300083748
0.243044988799746
0.236085559735817
0.237838352109779
0.231718896369797
0.228891052771346
0.217676606374157
0.206029504825809
0.205931229020953
0.209376781953189
0.188549607609641
0.171262965878197
0.167059840374643
0.162223978442569
0.155892125990934
0.16219770919681
0.157970820958242
0.166932999023741
0.169080227480278
0.186254605225986
0.247666632288112
0.266852059043422
0.316275440813545
0.36453657158618
0.390290637750854
0.410184381154216
0.380534547105012
0.307798517797662
0.276437381366317
0.278892947234773
0.222357512864062
0.192436903400653
0.183177882903409
0.176292625554411
0.174132111517117
0.180609120633408
0.191635217514076
0.204970943370447
0.215313953526892
0.226692441607027
0.237280632852417
0.246818676257575
0.375790873953154
0.437747090740028
0.456382813162059
0.433170190181721
0.398988040967884
0.364595955425165
0.336955528166542
0.310486850155181
0.285843842723032
0.270894079658495
0.259544332454545
0.258508460562072
0.262759850006641
0.25748415819121
0.258902203615327
0.263310458449542
0.376402774393729
0.431275078937884
0.412408455874697
0.387157629017156
0.359445669485504
0.311829116092061
0.294948595439487
0.246325652392025
0.225995048296159
0.303392857676803
0.333083280994975
0.308811112647926
0.295638160471762
0.276239017980009
0.220291521059463
0.179471638813037
0.159786178415784
0.155136618198851
0.151597377097425
0.156832706854641
0.143027454620684
0.13514853522246
0.112196699873762
0.107782058306094
0.0981909489452197
0.0851005818331441
0.0844665559542761
0.0879826704784714
0.0892866672549947
0.0893464222009834
0.088238680489222
0.0868342669354567
0.0878706031111249
0.087351803766403
0.0880759358898632
0.0858657800036261
0.0835953686771061
0.0811761785899733
0.0802563721305455
0.0803346607694555
0.0806937514782616
0.080364038193348
0.079661456052889
0.0793251124653677
0.0795876105117276
0.0801454052083358
0.0826861476575336
0.0836617539219201
0.0847769680623898
0.0853103583834627
0.0859613929145413
0.0881256339574395
0.0912823930789207
0.0958785713786988
0.101806471786134
0.105455372303974
0.108345153383072
0.110325191566016
0.11756941899023
0.12067036706032
0.117194908431559
0.109025218086849
0.102633470858213
0.104965338979042
0.110333308690196
0.107727795246043
0.106001572493578
0.113717952284761
0.114471717138301
0.112832449880699
0.113123513928919
0.116463839703961
0.10486568349537
0.1039794225078
0.103589708160055
0.109751884675352
0.114716363804389
0.123838572254069
0.13370480811246
0.14668633634686
0.168084202619498
0.173838905338011
0.183616535567645
0.189420899691057
0.196583083066543
0.207282346769202
0.202550376058496
0.201835778483326
0.209722262639379
0.21278765961246
NA
0.265792571549147
0.257963685448748
0.329484059225042
0.335995278739496
0.377848494090919
0.385130885451491
0.463046709090683
0.453956313374918
0.513252130522782
0.41142027488819
0.252205071488917
0.202875234530114
0.189242247274567
0.148913552945801
0.150477532393228
0.147388321301043
0.149105113314755
0.15217438236561
0.160135107562107
0.162947288546361
0.164279914048399
0.169925773740994
0.17755847614259
0.18197897809066
0.189502610704205
0.203329194370703
0.21177490991747
0.210824727843201
0.220098246027796
0.240099649494915
0.257135043837325
0.25330085471546
0.252447859917919
0.227168092133975
0.207119431805106
0.23502185850214
0.253066718222528
0.253367909237504
0.223838065532103
0.198198789258525
0.191041099922377
0.190466466212174
0.19315275998966
0.202952715426182
0.226308629491018
0.220226461877998
0.2209021295847
0.222671333248552
0.22157799279076
0.232392781314239
0.226791765280884
0.215675065295648
0.199919440879425
0.194804759070894
0.185950326766196
0.173805298226044
0.172533987614166
0.174581599790203
0.187524183083456
0.184449468201042
0.186630474495638
0.18869846845676
0.201077813673825
0.233647487604042
0.262868427736062
0.329085192970995
0.380865504811367
0.436573544739324
0.450191712743685
0.417513493353003
0.359302829959301
0.327798342546525
0.307660824957168
0.251264700145358
0.200561664384727
0.181350183875607
0.174211607121674
0.17197011805208
0.176279701636157
0.180953664364199
0.189153233185303
0.196329616821909
0.210777370554525
0.220536201333524
0.245602929556161
0.336975937368392
0.388377660853617
NA
NA
0.360272688618528
0.351529161446208
0.332164754314824
0.315505136308323
0.292832214055532
0.282423418219522
0.266493278591858
0.254030600840911
0.260071118670541
0.245658722511061
0.245111860458439
0.272571272045232
0.336517973981846
0.393256412739606
0.405686786987391
0.394306920994173
0.363383420641919
0.316128510395516
0.286249897327314
0.283382626683369
0.280692001963615
0.305751213641586
0.275802517616562
0.275281611319425
0.278774680528634
0.267959350712448
0.212573205581026
0.178655395370542
0.164029080311887
0.155739781980733
0.150420268448456
0.159083812562354
0.145419764665916
0.129062487448628
0.113274478339951
0.106313202188735
0.0917318905048859
0.0811892369887989
0.0815475808172371
0.0819541756699639
0.0818906922871102
0.0815477145618804
0.0822565119228569
0.0820089985571592
0.083351277579532
0.0840902613584943
0.0842492845313557
0.0835657590208861
0.0826187182170052
0.0813481404121006
0.0798462011611867
0.0794328436117272
0.0785372291760601
0.0775104292180124
0.0775838938169785
0.0779066114319603
0.0780288080591158
0.0783871074183999
0.0795635019717372
0.0808025745200761
0.0826589405982075
0.0841871414637398
0.0848781058498688
0.0869769031550694
0.0888520948270072
0.0924227783442384
0.095811205569842
0.100801019309395
0.105233490212545
0.108681496956811
0.112960862386394
0.116007912472997
0.117376055238917
0.115036881423354
0.109643725166436
0.103821934920763
0.100823947816589
0.108800516772152
0.113741763707102
0.113379877799117
0.117804327515005
0.118968414171052
0.119938980941668
0.121702307659472
0.122626306587061
0.131397835889459
0.123235255166289
0.12935025615873
0.137957345429705
0.14983501705036
0.156050250383824
0.155195279832759
0.167450222955709
0.178092373933633
0.19000978060851
0.208397674815522
0.224604888782598
0.24613616116466
0.261692395985995
0.279979659173426
0.275252999121535
0.287107263008265
0.183830651457023
0.177183155446333
0.199284678528409
0.2236142174148
0.235433901725775
0.254783008462661
0.274509410037256
0.307389334865232
0.330373884740627
0.256909003080532
0.179643041616594
0.161385294497946
0.155014613749063
0.147082924157141
0.137493988498094
0.137155395778076
0.143206055729036
0.147928978058397
0.152155142111937
0.158228653776064
0.161445345688198
0.169723046733654
0.177437077339774
0.184425608261921
0.189724557177377
0.196282072516286
0.205432527484935
0.214212639953992
0.218749925945975
0.22920246212099
0.245225072444917
0.262679905701337
0.265706044541288
0.274680657155134
0.267925477452764
0.250424724549255
0.275661094884012
0.275575707941154
0.26511818459773
0.249386251622836
0.231076711171882
0.21775387652673
0.209375815078558
0.203320727737669
0.205976174566609
0.218834053404777
0.205486773278925
0.211295312549028
0.216952185834465
0.218553779238786
0.22289008782558
0.219413049704973
0.212593257320029
0.202534097283633
0.194025280090367
0.176837115152405
0.17404014109253
0.174227359328199
0.180144842079572
0.205426807251194
0.211320269789876
0.214186699669626
0.222832566238554
0.226757424928718
0.239183637819748
0.269331646410741
0.327278838531217
0.39306841230105
0.452811166550815
0.516524061197347
0.4769745788968
0.414900160357122
0.373522578637998
0.324734895350133
0.271582871945075
0.20164816550173
0.17228598256239
0.163367413745725
0.163475890060187
0.168938394175264
0.172162016245762
0.176265750737397
0.180988951595599
0.20197108493431
0.196051393798301
0.27891341843652
0.337908723953949
0.334015005442631
0.40709650129732
0.373113167126857
0.333673809149928
0.329752628962292
0.327036132484646
0.312200329660249
0.292699065856051
0.283969541536085
0.269580562049382
0.266009296087382
0.187498332541101
0.413481285041069
0.421718796233941
0.386740730485298
0.347125821615663
0.366765354016781
0.379363440917842
0.383338464585493
0.361824745516744
0.32648265552862
0.297872663567901
0.303072270954796
0.405307821994259
NA
NA
0.243611983105708
0.275992979931797
0.242788518753871
0.19564745510143
0.18232431873502
0.17155523872478
0.155952444446103
0.144934468693444
0.145563565758451
0.137027506605402
0.120074891313198
0.110635902419047
0.101950645378794
0.0881568570919492
0.0830206290477696
0.081713281269648
0.0808606698458204
0.0817660182290741
0.0817754476285025
0.0822784601326125
0.082909306821717
0.0829216864311215
0.0832587156303407
0.0824759315512581
0.0817220458021448
0.0818937005390255
0.0811694179472649
0.079697212323699
0.0787461785767924
0.0775676229170529
0.0774123980496085
0.0759628912289697
0.075861607604961
0.0776550809125345
0.0799470196323374
0.0820781590650198
0.0834822589564137
0.0839432857966667
0.0862908429652618
0.0883676883754764
0.0915378165778846
0.0952682153185148
0.100002039805739
0.105426103349659
0.111268789646489
0.114479754977944
0.118168051963499
0.120461006908076
0.126214900867372
0.13138392547289
0.135196708345286
0.130700841400243
0.124133387732917
0.107751187549231
0.108591829222978
0.118349967577068
0.125925109847488
0.13733290200659
0.141101744924065
0.13953119640548
0.138608136179247
0.140182405770591
0.140822385448365
0.135671568416566
0.144431924126069
0.152202603147419
0.16170257525092
0.168409876107309
0.174097514313203
0.181690039811678
0.191948179735811
0.211743594295291
0.229248092257623
0.252820391479121
0.280590832927761
0.290993006259871
0.321211943105788
0.383045018251494
0.287750774205645
0.177922061007112
0.164137104702465
0.147637223830335
0.149121298964183
0.147359753310311
0.148381088620846
0.153723998446736
0.161677048422005
0.164404644249036
0.138906640424529
0.147778021913689
0.156209101621506
0.165215018943417
0.168047975824961
0.160184273397695
0.132033359664317
0.144517766632679
0.147830735408469
0.155050363666394
0.158511444209271
0.161598193882658
0.166755217384978
0.17282033571674
0.178144831292044
0.185519363224956
0.194369305678138
0.203768175041057
0.212383964923683
0.223169969759931
0.231280554982507
0.243233306733581
0.255695162251324
0.259845430591123
0.264107922080695
0.269607001968895
0.247637469742141
0.285576859271696
0.295717288321145
0.286097683932956
0.273507054251763
0.259898199784042
0.244848851398699
0.226070187580785
0.208455969600127
0.202441610119081
0.206848914076341
0.193639292911092
0.19787611147851
0.205941146760222
0.208824307264493
0.207103419929369
0.198457569161978
0.192799691004822
0.19037907215716
0.186231047226439
0.179177619731519
0.1738253234278
0.174882597235128
0.176333463565122
0.198933037644235
0.218804700048419
0.229375298172449
0.2433348433045
0.259089514101744
0.259034612627946
0.280781353155601
0.343388951722152
0.413407015592346
0.459018415983672
0.525409902129397
0.501082014019493
0.442497303476709
0.397101300033297
0.347700525600069
0.283150635896577
0.210516064987832
0.168254003633914
0.151347388896251
0.148041491587775
0.151442375293459
0.154588047487523
0.160055464390324
0.166944317922355
0.183550878278962
0.190046514049426
0.220652316135979
0.28411878790187
0.345874741640501
0.384310309066529
0.373857672238043
0.330806733141615
0.308498422644939
0.312619179223506
0.303647592722737
0.290089545665226
0.281333345989215
0.270808129941866
0.263880414154559
0.224362287943795
0.420617952785045
0.437138824956755
0.414777577922807
0.35783048287971
0.366125640095564
0.366948067018595
0.3659131544193
0.348518926153593
0.335762851744778
0.319573219705464
0.310427838525614
0.518249424672158
0.376279728474092
0.307900079568145
0.300908197198722
0.290897207847342
0.236055428773246
0.19847231905808
0.188650917075685
0.174364664260431
0.167575986841979
0.153195111224151
0.150224736695377
0.139283124224553
0.125723173187162
0.123322447744384
0.114091481318781
0.0969840713515001
0.0899298061486472
0.0866586469681373
0.0847691882165222
0.084959471527863
0.0841615481151697
0.0829956893114804
0.0835523325540846
0.0841875914624417
0.0851581241442878
0.0847314252226429
0.0844969087392303
0.0846378241985429
0.086133063213873
0.0859644315329826
0.0855907884373679
0.0833592992092929
0.0830422829433696
0.0850674537833499
0.0871337223237563
0.0891602074905381
0.0891309096831846
0.0900005402273279
0.0903658469959368
0.0910841797749744
0.0924251788523977
0.0947487495727954
0.0978815377369723
0.102630580674669
0.10661415984339
0.112984452628553
0.118477734088736
0.121017709251751
0.124111979280829
0.127522018560108
0.13088372840158
0.134757279679814
0.143558050523461
0.145782667506427
0.146091483335775
0.139406890960909
0.135030681598041
0.133630612432193
0.12979484174108
0.134108202823206
0.138259761768504
0.13746810741239
0.142063770332006
0.143157135176054
0.149427304296521
0.158853685073659
0.166622826071053
0.169908621036883
0.178106217614922
0.184558594617214
0.184833807901689
0.186913531900033
0.199406629147958
0.217331822884125
0.230290979895997
0.243815008561242
0.250937560345086
NA
NA
0.34520986163672
0.287711659049667
0.211617018912217
0.165289309707297
0.136058064966325
0.12329303659103
0.120383762289738
0.120828044561497
0.125323254579971
0.132664638612032
0.141491079662554
0.152947002211174
0.164711165567115
0.174167900822443
0.181451009523446
0.181115223012509
0.122727483479108
0.141905018277985
0.140462064333807
0.144174522741813
0.146889817695555
0.149094738726403
0.153181037991163
0.15724950113621
0.163925714154546
0.16953689004616
0.175450772695287
0.185537369443322
0.194171445064394
0.203362984773128
0.213134515581495
0.221926436170267
0.233552340836613
0.246038685531786
0.254238207669872
0.258426590775323
0.261182080080803
0.238034534415891
0.348974864019302
0.363519158328656
0.340031651750401
0.313213402010888
0.280004274470744
0.24509583465583
0.225471034008519
0.208764114335746
0.198049381688071
0.194848035028683
0.187063722099626
0.191796973317205
0.195790241885828
0.196198584122748
0.202727306383329
0.180763941196148
0.171940750144182
0.168635875102069
0.171986376200628
0.177198386200823
0.171304411817203
0.168754543524171
0.171054519575525
0.195960123653586
0.219680018153581
0.246481207739158
0.266009107700867
0.356880093728381
0.33667772560917
0.327444329940672
0.363087096856196
0.421314751544376
0.46944941185937
0.515573564016227
0.490467542715867
0.446317221132311
0.424889228012153
0.382557248765806
0.296284137108644
0.197153896421872
0.15833253966583
0.144765020438445
0.136830802084886
0.136941078316318
0.137577898915573
0.140373406196899
0.150842149909016
0.163729244327804
0.16429820058509
0.203012508316264
0.261282133062486
0.356597729644911
0.398086938999913
0.400859327703212
0.36729827599537
0.322715355582881
0.305330989570006
0.297240317334382
0.287134410897849
0.287382312374098
0.277881713433116
0.261095106316215
0.243459509389724
0.330859601747237
0.363815160402408
0.389429814793852
0.338513060025586
0.35950267586748
0.361179082133088
0.345046673892598
0.336806624938585
0.344838268867871
0.35112661948805
0.413938133221114
0.486658495375794
0.358473228683118
0.301071126311087
0.288053376371862
0.261067018725136
0.219541770170331
0.201460967434006
0.191626095197514
0.179583142769643
0.170978138805238
0.158584541331468
0.150178080014186
0.137476261352348
0.129041740445973
0.129001380701578
0.123619953171123
0.110433599651975
0.104218064064162
0.0977104490917622
0.0933008138893248
0.0921352586140835
0.0890733541827242
0.0856147034439337
0.0863204327378983
0.0848524935097772
0.0854463651263707
0.0866278956834547
0.0885694375662113
0.0886362302609933
0.092643401771891
0.0950209516141921
0.0959066238214909
0.0934161066910153
0.0907219641961933
0.0923805749336272
0.0940734760441988
0.0978687358409071
0.1000442318839
0.101850277213225
0.100608009051926
0.101013922745961
0.102506608478694
0.101413337848828
0.102791023444577
0.108073040344067
0.1139150822707
0.120135516298699
0.123741797095828
0.125293408261118
0.128583294671608
0.132647981749311
0.138075820754966
0.144439928222
0.151773839984868
0.156997960965227
0.163280208377618
0.162818312079922
0.159225935151206
0.157799319202031
0.152760321748711
0.159343752830615
0.157403323134184
0.15065012608116
0.149309469611571
0.155404374860451
0.16079525506325
0.172301087218588
0.178549662834897
0.184068456687697
0.193200889710219
0.206609039058538
0.220186716452131
0.238181832737657
0.271568067598312
0.326450016659633
0.356593954824558
0.39403132084272
0.420272895905537
0.306066320218467
0.267690306091025
0.373412239822054
0.319540107697573
0.220404368226502
0.187949035401416
0.157866651996399
0.139286270455026
0.126798441406004
0.124760331996991
0.127136001704237
0.132216647708585
0.139469934878732
0.149214957267297
0.154367517525514
0.157415316867934
0.159236007903311
0.151400169286854
0.125920301560528
0.13521471991455
0.134217231586366
0.137066978149574
0.138479349292052
0.140686023700142
0.143747297060726
0.147972475317802
0.15502094166926
0.161908682198481
0.168209843321383
0.175977888356277
0.182876424737925
0.191768024585385
0.20014235374102
0.208582398784532
0.217307218354369
0.232129654106514
0.244527650190966
0.248093413754855
0.252589076785864
0.25011147553964
0.25653550053085
0.28749441546493
0.28851110055165
0.28148282955278
0.263224439576904
0.244445942102791
0.216693698333894
0.19922177276562
0.1851714442279
0.186126659652142
0.174888692140668
0.18388006011632
0.186741409205265
0.185457266759104
0.210271161954341
0.184628460128259
0.165195453114188
0.15899418486121
0.162255752830009
0.166771890320426
0.170318886737114
0.165841737905565
0.168496514411783
0.185227581511537
0.208063766471176
0.242510548067165
0.266902969955189
0.286094438307794
0.302053080543262
0.337065167494866
0.372469539951581
0.440832753670155
0.517912820229025
0.504667097930045
0.469980286575231
0.452319534382738
0.426831573849488
0.411793381201592
0.371768649044873
0.254751723799931
0.175825907925253
0.144110740367778
0.129347423694569
0.126556616847336
0.122142718752327
0.124452156458526
0.129495511340017
0.138902753072593
0.144951846815847
0.209834013159251
0.269114042773072
0.348400835081636
0.400476478409299
0.425140961048565
0.389317352042454
0.328773736551441
0.292284834974853
0.28133496809543
0.277605397812776
0.280990935366743
0.288412357865404
0.295926541846262
0.319724293112171
0.284065647584254
0.320889527171301
0.336285849713646
0.404736274557612
0.410629193167638
0.352603602031022
0.334879794300914
0.346221325005629
0.35429980625752
0.376161603378807
0.403848572269366
0.480490904639009
0.348099276522201
0.294735171688826
0.263625073308118
0.239058222048033
0.217741926670075
0.205474946292629
0.190278317637959
0.1788103455415
0.173837688842168
0.16578370067348
0.151762424868006
0.139921182558128
0.135294455537432
0.134261338319987
0.126894492207796
0.119080282445906
0.116692596339477
0.106578862823649
0.0978607879602778
0.0945959788844038
0.0944434138555913
0.0940228321606755
0.0920537022718929
0.0916270811741044
0.0926049156429117
0.0924044519879492
0.0905091692551207
0.0931444555548996
0.0951753245909846
0.0948179408566316
0.098882589230204
0.100022686309527
0.10358575196773
0.106385839592678
0.108293782328806
0.114355713856729
0.118671067723422
0.121008254790396
0.123055817805581
0.123542013508559
0.122677688731263
0.120331906709565
0.118906651156217
0.12013915978461
0.12080564013638
0.124791053146845
0.129553618023802
0.129649601693484
0.131687775424481
0.13527444342782
0.14072205308439
0.146288464592374
0.154470384868345
0.162008494452549
0.171958357304218
0.180025043518964
0.177184075786437
0.1755549814083
0.176375193284503
0.175474864451081
0.180038936460374
0.178548051805442
0.175924811963999
0.180643574529392
0.185435472253814
0.191034120881472
0.202236436880646
0.209509380176489
0.221707925099368
0.250474781581181
0.271002118340587
0.310847286084324
0.354161117546718
0.391469976814388
0.359879869356861
0.41961499215571
0.447427171576811
NA
0.227183015788409
0.309794225385838
0.248211207702322
0.228730945712028
0.229231010718306
0.227868166018378
0.207920053734424
0.186721880055719
0.169788300035214
0.167075962198718
0.17431331091833
0.177303840581876
0.163499998928026
0.171226083292357
0.170736387434529
0.168899221761102
0.149881445008654
0.129621464771837
0.135434272573731
0.133962921484195
0.137209532229883
0.139050881942286
0.141298298406531
0.142462535640571
0.145214487153508
0.149788118256843
0.155825099925404
0.161864131634857
0.166959772229207
0.173152561957199
0.182105483487463
0.191227343145083
0.198140335701538
0.205560735321281
0.216156359401529
0.230605385952735
0.225206999729435
0.233877792094729
0.23970354761835
0.252170203230774
0.271022391311218
0.270642605876863
0.263119272006667
0.253523613404176
0.242084906173101
0.219213645502747
0.195052499498627
0.181479122038136
0.171380061165777
0.167132525958682
0.168174039312322
0.170333280633315
0.171505293914234
0.167734489036157
0.166336021895905
0.155869469855264
0.147796831173464
0.145031912899375
0.155568627681587
0.161588156153224
0.158286557619213
0.158117505744756
0.173402297655055
0.191517842748745
0.231351325164003
0.265284539073137
0.286550309140533
0.32804531116724
0.356844241821964
0.408990009910257
0.479630135626613
0.554527619245975
0.51388626941975
0.487524431797993
0.47072237438573
0.450360155405504
0.429293616595187
0.408578661218296
0.362787362407571
0.217175928638751
0.143679692283502
0.121879203915076
0.119903811081641
0.118677832529475
0.12113324133569
0.121973754957904
0.127382700836232
0.128657983448288
0.250488843358739
0.333658817136685
0.344730737976714
NA
0.342451941360205
0.403905316336034
0.372584388972166
0.31208998518288
0.279712357015072
0.272783441500365
0.262296373702941
0.283121578464393
0.294988869627107
0.258538857082219
0.408673411060834
NA
0.378028663056981
0.399044432346388
0.390936949338411
0.368666333194169
0.340133281501684
0.365979494922762
0.368685986468898
0.394883555530313
0.396781114008049
0.413374710591782
0.319377345441183
0.266625454765258
0.255409982851168
0.241731541912209
0.2283396590751
0.213601923381427
0.202369764240484
0.197194403614775
0.187476832032139
0.178490736941311
0.165952396052812
0.149760168595397
0.141922223454473
0.138756694738034
0.128698454275653
0.124384110917925
0.123746342879825
0.118436274916333
0.108991712150655
0.105787527544891
0.10462302361969
0.102955190368497
0.107350814689939
0.109318228833159
0.110659607230166
0.109576642270129
0.108154956850127
0.10388958497628
0.104236220163574
0.100281393718708
0.104779963035713
0.111407545361754
0.118782976779129
0.125591038554082
0.136355298937471
0.141063672502219
0.146248809581708
0.151053706767162
0.152906095584712
0.152168505406918
0.15390378597054
0.154761879703205
0.148983285377003
0.142331406590169
0.1333430480381
0.121400946627465
0.129855282917342
0.129708020070442
0.131972212676063
0.134132482149072
0.138892827730172
0.144015387321354
0.154236047827465
0.164205934120505
0.176957706174094
0.190326891435898
0.192043875019403
0.195078142629883
0.197710131308246
0.195297824082362
0.196509706943107
0.197030618220138
0.200688509454378
0.208453908840634
0.217249627602651
0.219591783785722
0.226504299728274
0.233724932773429
0.256044094738565
0.292423645752219
0.325038330158192
0.369611133931164
0.417031977245999
0.426240595260004
0.497301571252043
0.427707064713603
NA
NA
0.305007483195932
0.294989350572706
0.28962066677403
0.317657204091125
0.355196672954084
0.404085618349301
0.447379801891401
0.465289996401488
0.394249139719753
0.293269221354692
0.348080794089702
0.293710503173234
0.180384720024367
0.176971186465826
0.174942886884997
0.162519713353296
0.125785374945351
0.137407450404351
0.136392166402349
0.137281531660653
0.138123875435197
0.139834481213673
0.141924184703096
0.144073345006533
0.145394324330168
0.146970717896808
0.151602954705071
0.156203199784237
0.161189670830463
0.168683999996214
0.175495585540241
0.18156876838172
0.187874138353655
0.19510819124135
0.200862711268709
0.21156984326424
0.217349079909768
0.221992600474225
0.230629668394668
0.246632392564488
0.266471862189428
0.263073602814612
0.254652862072901
0.241794277771361
0.230787931783866
0.214947747341459
0.194078063384794
0.180802246893337
0.167678241017771
0.16828152064328
0.167217729868727
0.170795043746835
0.166378746039021
0.163258436898543
0.162177178541154
0.161640592387454
0.1507313658738
0.143065907110077
0.139926646555924
0.157529640660047
0.155161679235753
0.156347940300586
0.159790071123524
0.183583411519358
0.22035611998476
0.25990404358055
0.294069644125005
0.335034582833841
0.380079669262043
0.426807512405458
0.52184053476253
0.560013243740242
0.495965011656699
0.493489638171297
0.481733903874268
0.474182801497067
0.468967552066321
0.434554874393548
0.40104179112492
0.333389377673108
0.177272530606764
0.124588497459522
0.125740234940738
0.125296842140479
0.122352255177001
0.116156223173429
0.104616880084149
0.17034918371995
0.317206705949759
0.386672350194412
0.397317534873601
0.375552953372241
0.342396502089533
0.352850332922673
0.348279717367546
0.296302485307214
0.270771110233511
0.263261544913898
0.23767462202553
0.259371039722313
0.280160171248952
0.267769794337981
0.307004685047128
0.316868804062045
0.32523770246459
0.411254439321876
0.405517146502562
0.417558738293671
0.37319131217221
0.375450398663962
0.378002003638037
0.395066311792203
0.389117558506137
0.387328020719643
0.296861337025346
0.264467952066667
0.265747261567035
0.256225792604505
0.245518753415432
0.232864242447286
0.215281970572583
0.207279850410559
0.195887220664163
0.187171428035431
0.181855306493083
0.168666402486588
0.159230277583733
0.152029479807917
0.141754031841321
0.139710275068037
0.133373492180129
0.130650432412407
0.121432458949192
0.112648573375113
0.107809813892239
0.105487555887568
0.111181753087243
0.117196116454745
0.121632469606393
0.122914198396291
0.123488080384512
0.121828448612429
0.112774210321475
0.103010778843444
0.106154624942454
0.113207026723481
0.121716640653251
0.128348631472999
0.134421059969168
0.142829700837076
0.147337193092014
0.150042461741497
0.151655288233326
0.149960468089745
0.151286312814467
0.154070377921312
0.154348588436635
0.149366488171454
0.147970467207504
0.120768322961073
0.127515362432498
0.127868497142169
0.13100386928515
0.134717233379464
0.136628908764966
0.142261753098433
0.147720173612697
0.161520493196523
0.173627237630099
0.189174821757278
0.201664087047389
0.209000487691237
0.216385283922208
0.218761369659923
0.21593932004955
0.217757807037804
0.215739042794894
0.224337866709313
0.233234839648069
0.23161669289771
0.236083069140441
0.252540321132122
0.286384817731208
0.314740800962683
0.336845502335244
0.399564273755618
0.400108503559332
0.500285272079856
0.504601452085997
0.382084574452102
NA
NA
NA
0.278269767450581
0.291806920438792
0.312216167270424
0.328070519908602
0.333462932536338
0.325434778825445
0.318637212071936
0.305679848933302
0.341405362026298
0.355294448871654
0.272400283637027
0.15933352468795
0.166576030192057
0.150056243239027
0.142840447631609
0.137294192239713
0.141255833896503
0.141353242812835
0.14210782641822
0.142211856177135
0.143617219253201
0.14560364367145
0.14569609663879
0.147733189807259
0.149647901530987
0.152495200493289
0.155554700078166
0.160594197177451
0.166247889718888
0.170654450146974
0.17638470911475
0.180236852120225
0.183278917839408
0.190492161356021
0.201846955777287
0.209696194348529
0.211623483510333
0.225884309891864
0.258881537336402
0.266442994039774
0.260460802473902
0.248634228988616
0.240043584831227
0.233560474116646
0.223732119619995
0.204422943789885
0.186384207727365
0.167958006633755
0.169260403849386
0.159274858917453
0.167269304144979
0.163057864220951
0.159909647778271
0.165199534324199
0.168886531350032
0.159604691670269
0.141729370874714
0.145620077600734
0.156755883618467
0.156035297370253
0.153150141839475
0.163799252530173
0.181371642513065
0.221053105577294
0.261762922124931
0.30780030704911
0.357829232370733
0.390367225683372
0.447269000739554
0.553673687710993
0.561322045216112
0.485608507251602
0.488164148810073
0.490399299527705
0.479133436729748
0.479815938664709
0.470895165794011
0.447297592136465
0.39578018950914
0.231447762718602
0.142886876675468
0.135183187504522
0.135066203828188
0.128071841207183
0.118949072250457
0.108644791221525
0.149921212517446
0.232174324503119
0.307075459652387
0.342832924816139
NA
NA
0.314836897502028
0.351730890412733
0.358541529111948
0.287880033636872
0.231688321222909
0.2383820748797
0.261736390288644
0.283554925722656
0.249508714536227
0.262269905644575
0.263989567399918
0.320553442203708
0.469851072017608
0.432990933641471
0.471786308979779
0.316782750534554
0.320433458209956
0.365577105297952
0.356560105353451
0.352648494273124
0.348291313792063
0.307665261899535
0.282013668397949
0.285193162568218
0.279862219210558
0.275739337476947
0.26212834350851
0.241540597463802
0.223272309881396
0.2071422803661
0.204072351710703
0.201183632566556
0.194415870240609
0.19068778894506
0.178329007417905
0.169728211152622
0.163716021943301
0.153406469969109
0.140881233590868
0.130471767203194
0.122901375056058
0.116689925990405
0.113267865939627
0.117689282429108
0.123067183866485
0.125593497549309
0.13036502549697
0.13274483952164
0.133808345925554
0.13425513736249
0.119647236013587
0.115290499876801
0.125446103029805
0.124769551140878
0.130894548576331
0.13440691901961
0.14340939854699
0.151348866171114
0.159101014224138
0.165052303505269
0.165954257147901
0.171122306282789
0.17659457371585
0.186989607007841
0.168424583906053
0.138196006558268
0.129534951069012
0.130411138388297
0.133972944009124
0.135329555764755
0.137866680810365
0.140326757055399
0.143399187434519
0.148138385941482
0.156595848237414
0.168253295078192
0.179527807417677
0.19511559952849
0.213108703800636
0.219626377643174
0.224657872163075
0.225386535768916
0.231872990077548
0.235319688418455
0.239249040134048
0.24385329415241
0.243243566416341
0.251936488522868
0.274384188163965
0.317802332707911
0.34190468186758
0.367007626267125
0.4331825967005
0.467590709906739
0.555120142986174
0.559087595961427
NA
NA
0.262785281015021
0.356512365423967
0.403250645227474
0.352472999954466
0.346814634959628
0.340147092355675
0.330725417850468
0.341932028376684
0.371786520788275
NA
0.210516567858073
0.246082327036785
0.19611778918398
0.169696940798289
0.157290792907036
0.151900211659176
0.151588929374289
0.152899055320371
0.155097631181115
0.151386244314288
0.150563361449616
0.149519193447852
0.150295109134136
0.150949702775999
0.151092253847761
0.152261743546941
0.154803359557452
0.15604403031827
0.158529490912673
0.160852303272713
0.165465089097968
0.169125865549827
0.173766859669802
0.175031875425159
0.176104980567795
0.180673144849267
0.190578414053323
0.201838845644045
0.206788279410063
0.218663228668849
0.262916440060265
0.268839877499607
0.25561292474884
0.24048174592131
0.229195225744235
0.221750802146045
0.215736505329746
0.204522562745616
0.190145292333337
0.17218837779699
0.169471575196966
0.160152795960188
0.166952223742055
0.167808361669922
0.169105095437357
0.171727910963467
0.182017173331766
0.174835859637262
0.164170493518642
0.151429640008958
0.151555923946826
0.157299463739851
0.153102795286687
0.163937814736754
0.180411572823742
0.22592933819087
0.273834343201423
0.332893008971094
0.379407767491709
0.419657358679273
0.476580231050441
0.561588208099443
0.532794283451353
0.463518545983441
0.482917306484217
0.498995654946574
0.489308573429966
0.48532754948825
0.520126292197013
0.49368116879222
0.424478652874059
0.336919137395149
0.213852813620773
0.160193604823968
0.143944599697008
0.141464101155877
0.120851796817673
0.220224886564031
0.257257099778225
0.313209749371347
0.342128532525855
0.407993468994541
0.382289287131533
NA
0.383861339929343
0.38210131402511
0.389317584690577
0.326674850939128
0.252092959875787
0.282843060695868
0.279206896798832
0.282991611275482
0.236870894986052
0.300854017137376
0.283164111960848
0.351079329073551
0.455463234667366
0.452783577722554
0.477671311039601
0.412919147319694
NA
0.361605737584339
0.351738102449185
0.370465202627899
0.349184377092755
0.326505019491792
0.304546870325217
0.300874357078173
0.297678170366638
0.288524566073085
0.291726413913594
0.27497051946497
0.253603685589071
0.231338056230587
0.224811951480452
0.21530598198392
0.21115544006829
0.216743844525117
0.205841642701635
0.193309297727576
0.186362274834764
0.171151186231827
0.162574513731135
0.147449356176076
0.137510056469814
0.128503883400994
0.121263249599562
0.120616264366784
0.125139843467657
0.125100812964252
0.127561468264533
0.133137318347713
0.131316048831118
0.132984591833439
0.123657725648174
0.114474691057844
0.130222677133221
0.130534015719655
0.133751872159667
0.141503465392102
0.148912968965696
0.152211086190376
0.151242330948461
0.148351012540117
0.148272454736405
0.155410646298913
0.160838348836938
0.159353688142588
0.135472323836725
0.141726398935385
0.134335051449024
0.132232426769832
0.13397674645501
0.134849484941389
0.136600869391914
0.138303110880706
0.141640939148325
0.146337333662538
0.156356679434792
0.166480909496397
0.178148366782799
0.194107962017513
0.21107892935111
0.224139369277339
0.234744238534123
0.23736727161726
0.237931353173515
0.239983762953627
0.244182381945346
0.251829530579027
0.256977613513718
0.268791257210912
0.304037744872097
0.342024851257898
0.346415621785931
0.398221351234201
0.352497982988943
0.479459856975376
0.583046297608829
0.5518005109703
NA
0.254609044648645
0.27024351823461
0.326134047153633
0.360406529394362
0.363503833800948
0.363117482648806
0.347580784214288
0.345620733792675
0.38807953476846
0.326857690086572
0.19991344492838
0.18562790240676
0.193864045671904
0.174891582903318
0.168279586095287
0.155759036422149
0.155512672653381
0.161300670559848
0.164927743982149
0.164827890547523
0.16339789543166
0.161684409603372
0.159060141533884
0.156868033048657
0.156967370073894
0.159204074751661
0.159532528109173
0.161305467266994
0.161889454008956
0.162157202672196
0.163581077843313
0.167458426901755
0.169556597827707
0.171968430358767
0.170963229670026
0.173265273231522
0.176880112001197
0.182418090352665
0.192358147399365
0.198597433900628
0.208377071934548
0.246410374554127
0.273594153719127
0.262196272887764
0.244292110105195
0.226937587686386
0.217688585834851
0.214091605512713
0.205578134825264
0.19641001807722
0.17409237163069
0.174138771087893
0.159902956863053
0.159871480241574
0.169535503619045
0.177536888131577
0.182229048719544
0.18643238131385
0.190455876258126
0.190783883177454
0.178322015284459
0.16472101660246
0.16368037487094
0.152718694005624
0.162706628188169
0.184929304092801
0.222478608730566
0.292475672695416
0.377470959368959
0.415138659067472
0.434490393261321
0.472572739360724
0.544884567966631
0.537143545084289
0.451846499244686
0.50283377956565
0.517533723230444
0.515205721989495
0.492219820369297
0.537351110848247
0.546199633483946
0.490923055537129
0.457793737846999
0.34036891096722
0.215012672313216
0.170738919798763
0.134761237948238
0.115878912853149
0.187690182603124
0.312857645927877
0.357847812398928
0.384252725809485
0.386860188966657
0.37865627895798
0.343796589227561
0.344840622474219
0.405617555971542
0.434660733759787
0.404911926389455
0.322904288460419
0.27958014769315
0.257396561624211
0.244412406220522
0.269812670852567
0.345876365641339
0.401798133246896
0.439918615643396
0.452370630149032
0.456803655793452
0.460119030215542
NA
NA
0.370340699371107
NA
0.382667382034955
0.37187381462569
0.323294995842007
0.318605208557767
0.311283273106082
0.328039011137624
0.306304770727
0.318848908024517
0.296980386893528
0.286594007774668
0.270081961419109
0.258222526294267
0.250545019222096
0.238830691228558
0.22200242238094
0.206384813067974
0.195561432200188
0.188923200586757
0.185222076712193
0.179999827304443
0.171398103851082
0.15976072362748
0.144137622717608
0.131813583005664
0.124890339193142
0.128010311939749
0.130855270318565
0.135964753187195
0.13841100839773
0.138395476697834
0.132988927639539
0.127877748951175
0.119902949182133
0.126390116785421
0.126230317169098
0.133793383904236
0.140503185713086
0.144091651144589
0.140333246041973
0.135384317648938
0.132497068424449
0.132007444785577
0.13782347906491
0.141811769206823
0.146458143470997
0.154122325879881
0.157416577538678
0.156183961149218
0.150353907997456
0.146430685463402
0.143765586392102
0.143275499711983
0.144492221708694
0.147077995579726
0.153910341703726
0.158356710283385
0.166587694753846
0.176213463829729
0.181466322706196
0.195690202445
0.211507816279258
0.219502135400056
0.227677096560989
0.233461397964306
0.243814569026944
0.251409410653092
0.263779106280412
0.278328938114651
0.301630322488728
0.328245592153001
0.354333181619294
0.354645568055255
0.353564146619361
0.288445114737136
0.508450766809526
0.578466366098962
0.43122136989284
0.154779935635309
0.266425950068366
0.286239254525732
0.330263276726202
0.365582682568732
0.395418079332373
0.422604246392689
0.445600315320493
0.415806142936914
0.249673494515227
0.242525690209068
0.185044870650096
0.192049900124664
0.185609375384113
0.174835983543087
0.170264186914791
0.159533126747672
0.161677233125454
0.16783933053676
0.174045530354465
0.176516630752569
0.173895787517391
0.172091968083341
0.170411353299031
0.167568972556968
0.166480245566982
0.167501086994784
0.167287228954777
0.167940256889279
0.168698731021835
0.168312353829668
0.167898114359749
0.171289634147717
0.170807400824606
0.168357647913997
0.16839414353402
0.171082794204771
0.170896756531399
0.173739789599652
0.180827203717881
0.189739777677535
0.198154690527405
0.223779769367307
0.276295248644578
0.27195843312816
0.260642734545197
0.233147978828428
0.227924799619718
0.225657466781655
0.221223569140571
0.214239099329858
0.191221376604016
0.192217666661361
0.17048732349556
0.169837457806117
0.171359092637344
0.178302400940274
0.1881975503404
0.196513114266479
0.201905526595123
0.197429888870738
0.191985374377353
0.166924677443445
0.159188186706451
0.155678290719449
0.170494575502537
0.207537917325217
0.232583563997973
0.326855861361179
0.41730249738101
0.457769941844898
0.454990798098324
0.511219265092871
0.509377184439684
0.540467064434695
NA
0.486425769687864
0.52493693188888
0.529125655635144
0.499661185895262
0.482712094340046
0.510263511047733
0.486695286957072
0.498159625448501
0.327113630804737
0.23275057576294
0.162584333255015
0.281868124975803
0.259034552777696
0.192415761675585
0.305277739428243
0.377562871773791
0.389971259591357
0.379452693350243
0.357568988126155
NA
0.299523674006241
0.398491696268749
0.382403033375779
0.377425797260975
0.331912994266093
0.293976632449501
0.271760773146059
0.220239036925933
0.356889789320803
0.396200761664859
0.468416000025238
0.460595675598386
0.437121050865941
0.465508996930865
NA
0.40355793985956
NA
0.441278709809286
0.455245101624917
0.440996668897651
0.384842097817777
0.307443909146205
0.32609846951039
0.321245602934869
0.336081962057071
0.30687028906855
0.292302076573732
0.257001334928515
0.230780042843573
0.246201284173871
0.259670577628046
0.263883749402858
0.236960618829114
0.229132202879095
0.216341136165845
0.215607606539569
0.20575393552414
0.197323744740324
0.193428828254336
0.194168755703068
0.181121801558933
0.159990540653814
0.141262798693374
0.132689469801912
0.132785195530095
0.134461478599921
0.14152414117339
0.140430848872625
0.139050648424904
0.134877676860283
0.133368039521616
0.125165511618093
0.127063462605675
0.126300324170336
0.130643604522742
0.128899918401279
0.12778132664015
0.126104752520758
0.127518448876329
0.129013540096987
0.129676203983204
0.133413098947003
0.140423540697121
0.148090420145787
0.156144890129074
0.163740619574973
0.168854258534651
0.169482874192525
0.165080634093684
0.15883114572462
0.1554082931659
0.155862657069299
0.155542483160877
0.157102341266138
0.162758563692257
0.165591465633263
0.169593128743373
0.178101584220642
0.187109974639334
0.198375825020313
0.212315478211294
0.220556485461816
0.2283128795991
0.241274439383189
0.252652705983827
0.27556042935987
0.299953188234809
0.329140830576885
0.356447805743466
0.359970377612508
0.390666721425583
0.304010458514068
0.343197974643028
0.450434057868628
0.470609542454312
0.327725926712909
0.15738279395165
0.281278072975261
0.311454421923819
0.354139033932496
0.390552813075102
0.397510568324506
0.393746615867822
0.38315069969011
0.348011028854066
0.247248190581996
0.229649950395186
0.208776417752777
0.202393938827469
0.184633768750511
0.18067636014555
0.180709547589156
0.172565411526403
0.173870477036147
0.17895209056894
0.183802136810269
0.19245780089056
0.19454629773059
0.19565519813512
0.192919960228731
0.1876779700845
0.183505124625885
0.184066523395216
0.181840006103954
0.180236406327547
0.181203278831389
0.180553221223456
0.179597713402289
0.179103649249926
0.176439556587339
0.175246615858575
0.174390863229868
0.175099873911337
0.174948398674646
0.174720001470024
0.176012909813988
0.182261325990474
0.191219274870391
0.210645440011857
0.256361288578057
0.270758381317124
0.263473518337279
0.247303463781821
0.241342506230863
0.242197081848173
0.241627927000128
0.228139580185653
0.211006517036164
0.213798766307418
0.194458510051105
0.18979841866261
0.182687288155974
0.186528821744539
0.19602777493787
0.198401583242983
0.205141412915818
0.199941000239268
0.209762504223857
0.167050283220331
0.163507725952871
0.163569543172937
0.176232247307429
0.222804831926878
0.254501935503856
0.386831522447566
0.461205590305315
0.481736995681921
0.474482182507097
0.498342576178833
0.495303481188056
0.49974410155822
0.475279037813113
0.47114799013241
0.484668818038311
0.478035886760836
0.461896263840763
0.473706365976342
0.513548967041757
0.506217509647309
0.480642221512683
0.41272608454964
0.360689388138787
0.259721125423867
0.394049016861221
0.396088612521503
0.318651977100507
0.322772617026726
0.345660944820711
0.364146457944545
0.357527424769367
0.349802725917825
0.261434864911557
0.359271626274323
0.330540996859745
0.305171794085881
0.280552474197448
0.27875520801929
0.284320638660051
0.238097924168619
0.201324214261096
0.348369733900996
0.395671631032232
0.465060318979636
0.482812253364452
0.427255054223488
0.462851204307863
NA
0.421324012772152
0.392151892327298
0.417011229098965
0.450500841840776
0.405128624561275
0.385738626557286
0.28297008898907
0.319949878664599
0.324156428157223
0.345483291010022
0.29165895194441
0.255393788312059
0.207110214829225
0.205282885072107
0.211722799690458
0.240329102603997
0.241256417825122
0.23470748554016
0.242761019068861
0.231337743814038
0.219685460190473
0.22010520731735
0.211471797493585
0.2009312500251
0.197992158065553
0.189404888716464
0.176783454046603
0.159880093006492
0.141036884004782
0.140429569164095
0.143499953044188
0.142062213297134
0.138410853840939
0.138229921567191
0.137380851069962
0.13599524113192
0.129451262380789
0.130094076725499
0.129556482606877
0.126105426053344
0.125316011705682
0.126608495173347
0.125844828940088
0.128092444953917
0.130248267590556
0.134408140585107
0.140543568813558
0.148713250015712
0.154957272003928
0.160764453314185
0.168626514617847
0.174019489718372
0.180019051807093
0.17947274949111
0.175209017923082
0.172372616012527
0.168066084752675
0.164888007952839
0.165643927063848
0.16853119173014
0.168345965768375
0.167172194020414
0.17158357683427
0.1784917448317
0.187019056541157
0.19849703453832
0.215939110256557
0.231446990609453
0.243671490404147
0.260532808074071
0.280616444267647
0.311040443123672
0.340049042840854
0.370652655066922
0.381089030111509
0.354526391840971
0.336679059235318
0.421063549857642
0.516167944282713
0.550608888203452
0.413309873253922
0.214689269234504
0.295846694718767
0.347807620618724
0.4002022774627
0.427645489256382
0.427726922830078
0.405973890037158
0.390477420932386
0.371525115913649
0.334651086871118
0.282158796830424
0.242463244117398
0.22530047284636
0.198605329159357
0.197213593417605
0.19434469184203
0.181503014141069
0.181633958048031
0.183874360170097
0.189478465522775
0.199712366816264
0.207751751009689
0.210772152273677
0.208990301304194
0.204686727154953
0.201039002617515
0.197931660127503
0.195775717750945
0.19549733557966
0.196860797405316
0.195993720783405
0.193823624792323
0.190471065514483
0.187706730505763
0.186096477262662
0.184515584778962
0.183358462630758
0.182059000151176
0.180440675317168
0.179321213751121
0.181974014150537
0.190131536399227
0.202313720602449
0.227060580365266
0.284146457778156
0.281773980752583
0.262719135320698
0.251937926492225
0.247436562768944
0.247528124285399
0.238779429468847
0.226870733425998
0.236249451393336
0.21977206080559
0.214762429622438
0.210415993024848
0.210006208256162
0.210745741946453
0.210887051542151
0.2069701794425
0.193339803441533
0.208738371333861
0.182272835135759
0.169591711682688
0.168725469144208
0.188747819147248
0.238170588690498
0.273509187405993
0.458434100420771
0.483081651681577
0.485869030181056
0.499811112688182
0.509054373962485
0.499723480955839
0.512170618166678
0.523847982719192
0.491467205152591
0.44486072462016
NA
0.394231829691538
0.465281661383101
0.502791198647155
0.517420664842803
0.483721281983492
0.468714594383108
0.448138592698178
0.363541622907384
0.402101664344224
0.446632547123716
0.375152017348678
0.324576088555171
0.349970281663181
0.370147275184581
0.318746821814827
0.309863942436335
0.236099840161736
0.275243268369511
0.301248572033218
0.279274365072516
0.30094631414113
0.342240304125127
0.353637921233937
0.366531421925477
0.284276185390936
0.380637647793048
0.457218197316924
0.499999014674373
0.451963700871644
0.424197796380827
0.435441185877408
0.432724744813764
0.433209885096704
0.428814101565464
0.422128321817736
0.404448723831887
0.436977373785017
0.332635595317636
0.259914964578263
0.311634936259077
0.328638028314973
0.361507870698163
0.300320814393533
0.244228584584304
0.162308912090668
0.199917498773933
0.235644880704669
0.266027992603298
0.264615501835806
0.249143751857289
0.250988747588551
0.249225249908628
0.238167654376374
0.233231961312659
0.233145688794482
0.217200021040881
0.206166895299048
0.192098982244768
0.182493488778216
0.161991778882896
0.146633870876302
0.144360930297965
0.141274396577129
0.141886395480374
0.137233147145963
0.140343836626513
0.139198480717002
0.137528908573751
0.130697144821447
0.133115802620857
0.129262605532876
0.127792469568054
0.128825235568934
0.132700336180433
0.135136002180208
0.138210642109104
0.142234731384455
0.145972975184617
0.151142179113151
0.158819781189724
0.164537196373045
0.171826748957894
0.176761905073105
0.18086699912511
0.184846821572949
0.189085478732026
0.188562648956168
0.186535480353371
0.18313509396294
0.180320287534131
0.176799657035854
0.177461094660047
0.174790448758205
0.169709102880773
0.168347822795426
0.173958710355945
0.182026883542774
0.187175335356035
0.205876573715241
0.231957398186268
0.254001500897229
0.266833578410518
0.281294949233056
0.315285300586351
0.3479222341905
0.384982882437294
0.383657824539726
0.332155732327178
0.435949396966512
0.442285078888554
0.515518486641023
0.503484718591944
0.381539520303965
0.236233115571748
0.314307977157215
0.37511205028352
0.426688050368418
0.445232818194785
0.435458373534989
0.421218485224902
0.434193695448161
0.432337276802942
0.387976162205089
0.290696297122465
0.264956337606547
0.250965190777304
0.231606710423002
0.228951042453367
0.222975289844707
0.209653734164241
0.207883069712034
0.210049847327129
0.217817807828988
0.226689584340104
0.232314327668642
0.23261826957136
0.231367650328328
0.229376326716325
0.228355801359055
0.225229847249265
0.223751316413312
0.224289361722641
0.222898541790184
0.22008605576515
0.216049449254472
0.210571214557406
0.206562838030871
0.202815751054655
0.200265214759328
0.195434353834357
0.19259362079976
0.187965543504781
0.186374819021193
0.185985785013425
0.189636039469011
0.202055172169808
0.216227353104781
0.254268158292804
0.30257400987536
0.278761638068448
0.265101705789801
0.252996179941199
0.256755020206462
0.258500796365742
0.251284630342604
0.255052418470332
0.23825062898089
0.224349030134984
0.222264734173413
0.221122900300263
0.222126889088439
0.212867149898579
0.199034858251489
0.191557942978788
0.191882461193464
0.191003645820963
0.179548203312112
0.181389348796553
0.206782579265479
0.254583629856967
0.320431347055863
0.487959331527034
0.491362609938496
0.5081172270949
0.534211745342611
0.507234355735095
0.498437629470254
0.500323123470969
0.488422498561296
0.467650490840313
NA
NA
0.466692776512976
0.505586270016141
0.482456418377682
0.459323543463109
0.482090676740787
0.472133840786783
0.449694711635335
0.401754615403278
0.425132284435991
0.455309737182457
0.46881503583399
0.384385985810729
0.385019962102651
0.417862491637879
NA
0.193317718994278
0.12615701874791
0.102437699569464
0.203464618927178
0.186088992609713
0.214842808674954
0.23225271122161
0.247003327173355
0.293354773218073
0.241378246940762
0.270339043773875
0.390621548878588
0.420603588194259
0.370838928093738
0.403936463441754
0.420349798092466
0.431280047752388
0.444752584951101
0.425960220115884
0.435810449605843
NA
0.397785810851067
0.353624470962295
0.274692886621243
0.288912828058964
0.30610277243622
0.33221735828378
0.29882460389308
0.247566129724103
0.16380324632995
0.186858934860615
0.222322938718038
0.268451348470633
0.285667656147639
0.263110040457486
0.259468369801636
0.254035969873839
0.257209290517002
0.23958952368654
0.234732279893859
0.222691178334691
0.206698913084418
0.196089305296597
0.186475327369268
0.175516478823836
0.163128330882316
0.155828137766683
0.150055589287282
0.147994632346175
0.143234551830346
0.145678753317897
0.142246491591941
0.140311119268012
0.130378870652645
0.137282121360122
0.136195430475004
0.133195362538115
0.138208246653787
0.14455625306443
0.148826574980506
0.152163554042175
0.154248877238987
0.157448992029212
0.15951580686178
0.166435476068901
0.171068246231847
0.178429350123757
0.185590435971324
0.191095327377851
0.19429822584446
0.199060653324732
0.20298406791604
0.203036318444311
0.200995669621664
0.193542170667576
0.190467150492813
0.187699464763706
0.181771618984884
0.175803252267584
0.17230443841608
0.172524757104219
0.179060270116165
0.185333337118417
0.195691403720851
0.225497983733306
0.257061952715877
0.269928953577422
0.288760894209051
0.338124925113353
0.375640128443094
0.410538321950316
0.386584374031778
0.374048341171144
0.46719472417808
0.432323106854649
0.488416180216067
NA
0.309636832210543
0.291683979645356
0.314974565542189
0.396773547182436
0.422509622381905
0.445936762927998
0.439078775310764
0.438472346909925
0.515112493222967
0.503716889366745
0.427808598707575
0.324602417166341
0.279162672129924
0.267878122396269
0.253210009871539
0.252931533096023
0.247358569265856
0.239247337752357
0.242742724872612
0.241708601626749
0.248114076065872
0.256260858111407
0.260665823768444
0.260068111113005
0.256932024376439
0.254920371119496
0.255227335261527
0.255450123421689
0.254574384362907
0.254457170428609
0.252211726066195
0.243660375380699
0.240031293594693
0.236440826223383
0.230281891249297
0.223639346802115
0.218327690091306
0.214451898777964
0.208553644683939
0.201533938752691
0.195635312269042
0.194042771647738
0.19384171082797
0.20089973878515
0.213984132328153
0.231151994033542
0.307251181504302
0.312583232711633
0.284318574692063
0.257667874194827
0.270146480895564
0.276305306380913
0.272327379031759
0.278793816369461
0.263699768880683
0.251183674907379
0.236932383489108
0.231565562167035
0.234463460061494
0.224270587661879
0.207112564027861
0.194989069316679
0.206793414739705
0.205490228168825
0.183613110549677
0.19202181823985
0.23105571199965
0.271905780594596
0.344668634032417
0.508905577762418
0.514317123870283
0.530612286180673
0.511332941030041
0.49503497481314
0.492186777174962
0.466456646511944
0.489825069588933
0.465025499140177
NA
NA
0.511814129748525
0.515953491760363
0.497847854306451
0.493450319544049
0.470163068460075
0.458763993262942
0.451005663655344
0.427100289086513
0.499188415150036
0.434020068556129
0.451835477749126
0.410815277939676
0.405214888950097
0.393936562031664
0.17332534327687
0.132723913128302
0.0595216212780534
0.101049512429568
0.0403391286059139
0.0927975468902802
0.189698410406986
0.233945792981173
0.155169163103075
0.164535843662435
0.148033105322862
0.160986172706062
0.299499001855657
0.415633406011751
0.326171214613858
NA
0.395930571165163
0.385674635622288
0.4232581682791
0.414905619513264
0.433802720075196
0.397033329368736
0.384775020259392
0.386494141288522
0.302446241200193
0.263089039636342
0.265228545695567
0.271244421764278
0.24780630577233
0.222761040641996
0.173181160137928
0.174481321220579
0.191760997690852
0.236698222441998
0.264682624291266
0.253764145758333
0.244170856204355
0.256286924332262
0.270400260984794
0.247866034050954
0.233246702563566
0.231547451558533
0.236297938151048
0.217057543065605
0.1912070378981
0.179370444467868
0.170797962982676
0.1671483563033
0.160344035356854
0.156445768578946
0.154694019249626
0.152479619106596
0.145283438990804
0.138880503879142
0.138083756836051
0.140671611317753
0.145982033373109
0.14555370754016
0.150687417310757
0.154940755545891
0.160333004631169
0.163099264511458
0.167433715003934
0.169545490287376
0.17194818237746
0.179743094566626
0.186728275079881
0.192571936144739
0.197944992106618
0.206133298773389
0.212114157554696
0.212877210366621
0.216922903680025
0.220965189218603
0.22396637996424
0.215402971507709
0.209458266891717
0.205926889450935
0.194652716740364
0.182961507324509
0.179671505930474
0.174709767572324
0.176197447006509
0.177863151081548
0.185327900687256
0.2144919365882
0.255781482255278
0.273660073399263
0.299207885510901
0.38086803411683
0.388443247849185
0.422397849834041
0.39880773935148
0.388247210826129
0.452091958016542
0.415047653880418
0.44613724208484
0.449669809182091
0.396778053363148
0.412109100120819
0.469654866452188
0.427568393462837
0.450738340048002
0.434109330221035
0.407263373446372
0.381459917333599
0.429701155857503
0.459643681092577
0.442086651365467
0.368148989495707
0.309037692655897
0.291831727653582
0.273029907088858
0.277162749383521
0.270206435237349
0.266941457182264
0.278905852364337
0.282222426709363
0.27775522666115
0.278852722955712
0.281599213262296
0.2854090396982
0.2831579302909
0.280624236076513
0.284021146732143
0.286837054563329
0.288161020758983
0.283542329280739
0.280517483389612
0.277633172048216
0.272988696251471
0.264231177641317
0.258757190846822
0.250639726329092
0.242639023873607
0.234538271303649
0.226202412227483
0.22067834148137
0.209267139297798
0.206139685432434
0.204665010465171
0.205986691100853
0.210299325391079
0.228003207776115
0.281301081904473
0.351596081362073
0.318229685653201
0.259160865613946
0.27455221181319
0.285031342502662
0.287106762727733
0.286591199705869
0.279223761040652
0.28458740848774
0.279411274901424
0.270550416689277
0.263366004468299
0.246188283052186
0.215232756502207
0.205075561321549
0.226052229722672
0.218868228971077
0.188330203788247
0.209007715833239
0.23999395878217
0.284616228037618
0.363576249595137
0.53109927431534
0.481830755354042
0.506737454353654
0.51985495315044
0.508394742050521
0.490589139141469
0.467772012325314
0.505349981741291
0.505821485869481
0.437546696530054
NA
0.512648624300228
0.492790998970326
0.507346050513197
0.498306681314832
0.470352752280377
0.427577355556404
0.391700332716388
0.370705857301618
0.506785610664597
0.480342695631468
0.489147434334263
0.479725419404337
0.442805193684389
0.396384076411836
0.337198195010723
0.24797193395237
0.11202400050084
0.0734462036289531
0.169613296422923
0.182293228875036
0.175345024696767
0.188512779592765
0.0813583931807913
0.0983586431327613
0.130274844137002
0.251521756190139
0.280036016559529
0.353691719835287
0.355729024886102
0.376424153406613
0.392336551534307
0.356020040437525
0.395138743659459
0.403800903489277
0.43365544248371
0.423617498734521
0.380549425630459
NA
0.326816064118509
0.239566415416596
0.177964522977707
0.141464011933733
0.142984891056409
0.186160771314549
0.154542385398107
0.152974800292202
0.175434665190468
0.203134858226712
0.203452416906677
0.199447285659886
0.214045216200611
0.208761485062164
0.229020788642416
0.239604005854832
0.235192144405201
0.222279439211369
0.225868770300783
0.222640593084966
0.200602556986988
0.184360620484018
0.183039114541205
0.183522894200776
0.171068177420805
0.163058894002084
0.163814790450438
0.16321458800958
0.15229497378261
0.142956626631492
0.150985304355274
0.153874247566915
0.159209981144114
0.15802377603349
0.165118150619018
0.175871786987272
0.179746282156225
0.180642648603807
0.179633887981553
0.18452562311598
0.186935792904651
0.194099820109373
0.195843322700753
0.19849632298119
0.205018912156841
0.211249519352296
0.220078318702052
0.225102787593602
0.228200060152552
0.231104629548079
0.233500727207817
0.230776967811771
0.222473349398027
0.219684989081211
0.207250634630262
0.190770408390598
0.178105097479843
0.175420314730509
0.170181778629252
0.172938461739941
0.172106174722079
0.21327804029281
0.261147807420709
0.292084560431566
0.316553384727023
0.428349241636991
0.443366264596408
0.430034095768268
0.418247174667547
0.392010296308936
0.410202824360185
0.400376763545679
0.411519698868493
0.414981676718403
0.403998196874837
0.428395820643367
0.452489523297639
0.461088257749836
0.460646727771816
0.41316980731605
0.392487805965075
0.346222980824538
0.324365490308946
0.383624154203093
0.400182260780236
0.380794534777749
0.343348154734095
0.315409475473945
0.289345764070062
0.28867612085972
0.282231075773688
0.277682724649744
0.28725997141327
0.303248902183472
0.303312279457425
0.294472221374651
0.294479072610252
0.301009078857504
0.30108568235794
0.298464446753292
0.306120644999736
0.311791754701008
0.316280362520039
0.310836161720475
0.305045653320373
0.307481600436126
0.305515246622089
0.300300657875328
0.289563779124663
0.278232901908522
0.265380091191325
0.257472873004357
0.24599439811267
0.237398233242912
0.226150283861093
0.220581821494468
0.218215371313604
0.218681188635526
0.216306478601604
0.231173658464661
0.293548520210007
0.412032524184603
0.410851241240485
0.302816960009616
0.287312011891521
0.281926292839431
0.285715415914448
0.292662128744862
0.294059864499505
0.315243166454839
0.31969574233768
0.30773354998342
0.305029259414376
0.276789342077955
0.235083573879998
0.193866747599685
0.195086730198018
0.203074311110461
0.188176800046576
0.225957637312833
0.248205808055852
0.273314719924695
0.329389182796735
0.369571868427307
0.375422217051784
NA
0.542450421519254
0.513651742264485
0.490139228786389
0.46237510444574
0.526011303302148
0.542832573501561
0.512129638986541
0.49873492482939
0.505586341561565
0.501220595044976
0.492072187414759
0.47397213118469
0.460228489152125
0.419219456105865
0.380276285871328
0.347160799330528
0.415541864197582
0.437406362008382
0.455821873636291
0.467481533688719
0.443414672926111
0.351875351336426
0.383024385536625
0.211079463221362
0.129952375130156
0.18558827206606
0.239360182226507
0.277727244877947
0.266731623481098
0.208387817577848
0.144171177772153
0.146106192819936
0.201330778499067
0.341965652996798
0.31197626175441
0.385409850239355
0.353591456940905
0.35644895189455
0.377719498543394
0.344967876344409
0.380041327065676
0.374607208654143
0.391592231959633
0.426473683112634
NA
NA
0.311153084494785
0.264586286805943
0.203672233605946
0.152088464287786
0.125311903242707
0.147221703943305
0.12538995252297
0.141242809562589
0.168878519233816
0.177692472182522
0.16998411273066
0.167220324676785
0.185228356268819
0.201551175779232
0.214072896551988
0.223792948575691
0.229446024705142
0.221926780018639
0.216230264216099
0.216204435590019
0.213437105010392
0.203870099192759
0.193331832045572
0.187721896814553
0.178626881834115
0.175310805794073
0.168195052780964
0.161453723892403
0.154307650276809
0.14852946652144
0.159994870312919
0.164575100744644
0.169357664594424
0.173715977258431
0.184963151121158
0.193225606210419
0.197149768530881
0.200487562668081
0.203530408637927
0.201951609228935
0.200918768134519
0.20272284178135
0.207929571101194
0.209637083511942
0.213339911521556
0.216019264582803
0.222982281665317
0.230238800057623
0.237116487915614
0.243197482932448
0.247643013436981
0.246850326470978
0.241099162601135
0.234887678060213
0.223463817161564
0.203221484574485
0.186974094036105
0.174748591384168
0.162680174002635
0.160440934376528
0.159390889197723
0.219421986562383
0.275680668088111
0.323472124258953
0.407354161567115
0.433123312144082
0.438108160224262
0.439453280798034
0.454007033253855
0.419277847403287
0.468325185208912
0.381184464413277
0.420712513865877
0.393207832456838
0.387183943728423
0.411799836944674
0.396905655859965
0.369677443341003
0.359123566389385
0.328838498480278
0.326593558922039
0.304639498046645
0.289036933762734
0.335377304174705
0.365607157536322
0.346341756281176
0.316784673702809
0.310768394874541
0.29258443928552
0.288862743182774
0.287315504156576
0.279614205244528
0.297624652912637
0.303351734327985
0.309524637695887
0.303540022419188
0.291058655897278
0.302764801568939
0.309558261024498
0.312753560843109
0.318250874859474
0.321082993899462
0.327510619383564
0.329008661593178
0.325353222598644
0.325569224488165
0.327371469487127
0.324016261579686
0.317554852858255
0.304560921836011
0.288865967088548
0.278079933198061
0.26642029052191
0.255874928768457
0.244087223184594
0.232642063983286
0.231340623175679
0.230994030483297
0.229456306025005
0.235081269191171
0.269962350354418
0.403154040853786
0.454323408544953
0.392746097691715
0.332130893533275
0.293235123677903
0.286825709710512
0.292889662961313
0.309536763160811
0.330928870593489
0.338806303886226
0.339064793685121
0.344015130883859
0.32501701039757
0.235952228690458
0.159587993197926
0.210542032662721
0.190041111363658
0.178792199186351
0.207077327272729
0.238693068176062
0.281697381481019
0.303965143958753
0.27993327002163
0.263449753261898
0.384430703745267
0.503968169489301
0.50959959855166
0.504666286003668
0.468488989635529
0.471543310619551
0.507689496273238
0.5210634460142
0.52060526491936
0.488395158179455
0.492003947389736
0.481484059259317
0.482281953757758
0.463326092877519
0.417565573596069
0.368146430049367
0.335047888000485
0.316648620296789
0.340047187165117
0.396497710641215
0.42955165739133
0.39372570607284
0.39633283743992
0.239598779154806
0.173257541434571
0.172158960750028
0.192096438769127
0.238781129587506
0.262455996470919
0.261470591149576
0.237403314166009
0.204735250925853
0.185662634740781
0.18675175777261
0.220585023738802
0.250083517530548
0.282194973259508
0.282996733665416
0.333044176688415
0.344956851667274
0.300411507193181
0.324551102873474
0.345766943523914
0.364895771582022
0.402737195444855
0.376821108550866
0.30900293554575
0.298998697575813
0.279397255795916
0.264878430261582
0.226505564432387
0.179805276346859
0.165018217478294
0.15098172225079
0.164798405483814
0.174686774777936
0.185970717600426
0.191706460606541
0.174814745951989
0.165813258724135
0.18709784101449
0.208181141736375
0.216662906190754
0.220694837276288
0.217344938925944
0.216304234320124
0.214858911764357
0.217207364568204
0.217386959898243
0.204993985567924
0.194886962489922
0.191201304970122
0.181817630860205
0.176353854990484
0.163339509548582
0.164653220092391
0.163591975899462
0.164949685262649
0.174182867962581
0.18033615742192
0.191313137009307
0.198552320207726
0.200248587548742
0.208008893968063
0.210517968803997
0.209417358529607
0.21073839909324
0.214180119745318
0.217983883970987
0.217327486064095
0.213867038774868
0.216201103095616
0.219909785169267
0.223805490842936
0.227898484756748
0.233753255089785
0.242052789405641
0.256900606715092
0.254339880655401
0.251023001877429
0.244559846038634
0.232116146768777
0.215181435248804
0.198192171881555
0.179966199576576
0.162478799547854
0.154240263559201
0.151637607225084
0.240721192320422
0.306832430495761
0.404101633115445
0.451275714172626
0.466168828942926
0.464656272127833
0.458790243427778
0.429719234283713
0.402231128594979
0.406277795614501
0.367777853090016
0.395329359483951
0.36886103911872
0.372332037529907
0.403837950284323
0.370434417586544
0.272911398671322
0.282225736663862
0.246149813268616
0.293195173897953
0.287434563295158
0.295498864452867
0.289319871221143
0.344247989689238
0.362342471648008
0.340887613497567
0.312156195618943
0.291724803268486
0.280219028411273
0.275276515928745
0.270911901425748
0.279471017453994
0.28604944503218
0.291744939392216
0.297331259205302
0.285240226512859
0.296444825003244
0.311125362138098
0.317343769076498
0.316948113916994
0.319659160528001
0.324768704386566
0.343637771371111
0.350788321099577
0.349145378415555
0.341829522023935
0.334275448021083
0.331244863521921
0.321316617171981
0.308101836195288
0.293945584772865
0.281211462994059
0.27202392918097
0.262395773183029
0.246983562959052
0.243172680941864
0.241677053806639
0.24493623864525
0.244826751393707
0.254512690561812
0.340677067848605
NA
0.490768807981538
0.406201563582726
0.339839732226695
0.287537630481909
0.343845669289539
0.314015682599622
0.333373410166472
0.337214689688818
0.34550396663686
0.349393052845964
0.26683789449069
0.197345356762749
0.15275570288505
0.22137691452701
0.217063469964847
0.196943697730135
0.228407302419979
0.273666174847039
0.309484704450896
0.336394193821703
0.304741339620675
0.28646105616658
0.319923997226657
0.479855863967187
0.496270974286775
0.488617510797185
0.448586546207677
NA
0.511062880606763
0.511842940032102
0.520500020658663
0.502876643171973
0.47276142473823
0.476916667329384
0.485989261226805
0.473581608807556
0.441379517597228
0.38549348092398
0.357852593863666
0.32246575852097
0.292633546803314
0.379916613142152
0.462661947591767
0.407422706721737
0.360859714463161
0.260144530218624
0.217064593604631
0.255309293134994
0.221564605553017
0.23981466368689
0.263215001946563
0.290935437653456
0.285692779797929
0.262991205227631
0.264642460616899
0.245913614890833
0.254870487423895
0.292115206539456
0.280695793062086
0.303086434166021
0.35418202033066
0.339107742140773
NA
0.256888563916068
NA
0.319823404502861
0.333561390821051
0.309928742433833
0.281768886872501
0.254776355786271
0.265289922876999
0.282280250189232
0.256339616090773
0.223847062887717
0.225543129571193
0.217863547865038
0.285829250236559
0.249655957943326
0.211311428086538
0.223010402004112
0.204704699631034
0.187708075751327
0.18631059360936
0.190933167022549
0.206712231601589
0.213485655581261
0.211853492184966
0.213661723680127
0.217352850425722
0.221033709995669
0.220852362323678
0.20982769149477
0.197220236742387
0.188625066775243
0.174398425351315
0.171108156273048
0.172644430111856
0.17704383295936
0.181252192704043
0.176854034533391
0.188982107542319
0.192872218808885
0.199885656667697
0.200796221127909
0.195908009222362
0.194771541765161
0.194910208417569
0.195822030711696
0.197208673771074
0.201781099614427
0.203567790724221
0.205274285825617
0.204663049001064
0.21431425929031
0.220403005518013
0.221780631620436
0.222312323968132
0.226094512622655
0.231609113813796
0.246118038954011
0.25315910930841
0.248198765687629
0.244340096603503
0.236554079816433
0.222462653312923
0.205831767548104
0.185443429628575
0.167490011429868
0.154451234597045
0.148844441670054
0.295591415299672
0.352546588426487
0.439911033288881
0.483509608498936
0.465002618886857
0.440461863151156
0.441639804103739
0.468620439548234
0.390782602993817
0.364705673102335
0.344275035425409
0.394280516666937
0.346249999409791
0.350452913539899
0.353810725354759
0.304365336699295
0.276804790884647
0.271797170133877
0.2564566068428
0.313074378460138
0.335865804876942
0.288299522628898
0.262885309597401
0.277917870667972
0.293691362211822
0.304365503942279
0.300986184320205
0.288845615762649
0.27273026938824
0.262651201458959
0.261079178751916
0.258242878151883
0.258823437242443
0.263644462453617
0.263187811844788
0.259174899420672
0.277657761317263
0.300102137078713
0.31504096900459
0.321806743530146
0.326055083938812
0.327657896096439
0.340949649680119
0.360567116507391
0.368059512296725
0.358299629707043
0.347403508693882
0.341863903575854
0.333380876792531
0.321696121449859
0.305117599746798
0.294090479511549
0.281634525059068
0.275207227234253
0.262206471705629
0.254051884992663
0.247487696481783
0.25117775201604
0.256509173695814
0.262164131214487
0.275093884608242
0.363710064674498
0.493289189294946
0.465329104219619
0.448385488824594
0.416314364454744
0.403630964095485
0.363266664493015
0.365383911470566
0.362946464032245
0.362804935458818
0.370445538677033
0.252484813005733
0.226381453542825
0.154101973559752
0.219851966356371
0.215734053182565
0.230253885408692
0.261272062746637
0.308339500361762
0.357579520903706
0.390269413493788
0.354680169436433
0.340067898047019
0.29547068101602
0.437480811685109
0.470032730539298
0.475403089789916
0.451609395772207
0.499966220315115
0.500957925226473
0.488532340169005
0.50084344654914
NA
0.452497647236278
0.461626345869963
0.476971672529665
0.469959176129038
0.451337210419949
0.402202110596159
0.379172241170626
0.352957533055175
0.311241937738055
0.240843028193506
0.246289337589157
0.226799537895791
0.258142387950082
0.223535822812532
0.254842248177847
0.255848148991955
0.252720741615749
0.256537315427995
0.263297557831002
0.287524377574671
0.321438590505924
0.342495391396839
0.389110684379448
0.358383793401636
0.274586352461688
0.325643620501734
0.3073010858336
0.357363886788423
0.350091461629147
0.314366929163613
0.239938206294444
0.264500773391747
NA
NA
NA
0.301069457651818
0.306352905761136
0.248982533217208
0.251802343276836
0.261120246554682
0.257551184363967
0.221664085278482
0.218924532375162
0.20865642823253
0.291684629422994
0.236431758170085
0.345500436056948
0.269962093754185
0.227408269786555
0.190170363383842
0.181599917769517
0.189794982283943
0.196988251399814
0.208423711227739
0.206906020120908
0.203232532932231
0.205541699035221
0.209504979825049
0.200920605320837
0.18802268634494
0.177226240625092
0.171104486205525
0.167217422043269
0.158914934837336
0.156430563389357
0.172550697127705
0.183541907338826
0.184611896233296
0.196480824109618
0.206206829399152
0.206593830114707
0.205134489091006
0.202466890414981
0.199603915182199
0.196486761115276
0.192189257520965
0.192596705612036
0.191420274579164
0.192637529954858
0.194141758644514
0.199903488473607
0.201753705418513
0.207596315129838
0.210911769158845
0.208740728709537
0.210755044295049
0.223021189269109
0.232129098065506
0.237438568275347
0.241053487597568
0.238141169051899
0.237325155239038
0.227224318558759
0.206943247789656
0.185198923809143
0.166913613969932
0.152185039410485
0.161595632903502
0.365776002193008
0.352687965030303
0.439277344507831
0.454768070881978
0.462756852065901
0.426157017651837
0.394937178894293
0.43720902992833
0.383135035352961
0.348744373481126
0.312566295386974
0.375227200157192
0.343067737328911
0.344164283599635
0.345760215481741
0.324259809934493
0.25995337350642
0.309679671815954
0.293021746849529
0.319964694910427
0.305091937736674
0.296679211865582
0.31170952840891
0.310332077524992
0.303012781780263
0.299477940730338
0.290672968665228
0.271587898737518
0.267599413011265
0.268165573290772
0.258351691424573
0.24853391279144
0.241687585787775
0.242343645853711
0.23877490433085
0.23264497069421
0.244712576816253
0.26963313307084
0.294011005352421
0.315039155107656
0.327791578225978
0.337912005711329
0.345148521059254
0.358680790170867
0.366640453620403
0.362266794755194
0.351979416073631
0.344575191115911
0.338581139903252
0.330599982163847
0.317645517641479
0.303608668691617
0.295315259670792
0.289685297457924
0.276482644925656
0.265074380579111
0.258070160544672
0.252559749897425
0.256920999422154
0.264196637337887
0.293852092019807
0.380870662893336
0.459184207931973
0.459703973532901
0.442334166236763
0.430076950080832
0.418989361056228
0.41041457207093
0.38870208006107
0.384998070677112
0.38281218332587
0.409478789884818
0.262909344983328
0.231010517561309
0.148109203959519
0.202503515072477
0.21847244825021
0.273156226413595
0.302957289381617
0.350746474049725
0.434584531380452
0.475378466148657
0.388925917883863
0.382830860275691
0.46560015051682
0.445336960315912
0.43594047179786
0.445308081593332
0.453590734139782
0.474604110564198
0.499173895042541
0.482877407721111
0.478009350367839
0.437230338727604
0.45077022675484
0.442778799760465
0.431291220001442
0.429412507642367
0.429815959811499
0.415012673810425
0.400645626406527
0.396072352868569
0.330662704506117
0.271540055175345
0.195634917403166
0.239519122657554
0.170211527851347
0.180291886455579
0.228066327990826
0.249397141122988
0.267024663141455
0.290711547651549
0.276438084000397
0.296827988060178
0.29507181408698
0.354177557261839
0.40816447570801
0.408170731783568
0.257968533074428
0.316756204763295
0.351147123838796
NA
0.298331074873717
0.296681589105062
0.145651340758747
0.176096561530016
0.186585892240056
0.217119394016271
0.263075462615137
0.238844386016337
0.24219893294034
0.193629910818537
0.148310909689436
0.187202607963384
0.181210966786342
0.17220086298791
0.176938270820095
0.19636691342156
0.234791699248101
0.228335228443746
0.250216128001052
0.241845525669918
0.226297083457466
0.199614444185832
0.173751035067042
0.178950333064941
0.19214211133942
0.187099328556796
0.184926032229477
0.1820129137042
0.184840653042905
0.188689663898513
0.1774818521671
0.167494616287081
0.16224539202998
0.167474104116332
0.172014257057632
0.172641679968894
0.172189995034689
0.172532575564044
0.176888343752792
0.184834677747033
0.199987659808307
0.206762585648084
0.21529417211819
0.212946867773632
0.20699178786746
0.203538625291341
0.201209250738008
0.194087357421772
0.192177896619475
0.191449683897067
0.19641830953525
0.19734739800128
0.205222776949672
0.205514117120387
0.209603258645818
0.210550458757262
0.209156607723727
0.20314234833827
0.196748028536639
0.205578097989401
0.21337385392839
0.220034035223115
0.219184807917301
0.221904776349664
0.218468949705754
0.207453780397532
0.18649509473495
0.166554043617347
0.150760400447203
0.188514348638275
0.401148980739452
0.361179933018756
0.364419052804634
0.384986256869418
0.458092224326914
0.400712486124879
0.456815483297419
0.402455022960044
0.444374779169008
0.357571933059891
0.292913023184185
0.312272876383231
0.301077389702225
0.310339414981141
0.32371304032797
0.309148412791282
0.280919745021168
0.274548019130424
0.335138658063664
0.366686811993372
0.340562008726522
0.313089297200739
0.294757662640883
0.330307545947975
0.330294145619308
0.324400337675996
0.311226557393409
0.288760664498585
0.266668760296412
0.255769409870627
0.244384873196248
0.232023155566652
0.232450596477229
0.232862638662756
0.236557554240418
0.228245109061016
0.2282904709063
0.244069582566112
0.267787806456082
0.290348183863653
0.307888588359159
0.327641099504338
0.330178006856643
0.340467385114988
0.356149772067846
0.356121326333464
0.34273329705711
0.332291922585153
0.325724049830046
0.323974098338486
0.324278550214811
0.309283725730928
0.299440407688617
0.298248774793858
0.287074705569421
0.274179527869375
0.263770017657298
0.253599809942677
0.256422889103311
0.262776032255739
0.284677956432921
0.378937886180439
0.422249495424771
0.439716774362404
0.430463257732079
0.429996552866836
0.407885491755463
0.39376961246505
0.384137043713918
0.37018759008368
0.365650746783241
0.354762356223775
0.262360441028219
0.210430626687046
0.156282704703632
0.194079306491334
0.236499447850161
0.28400510409648
0.383181104474607
0.369272276740702
0.45967542122395
0.483297432629079
0.446373347192248
0.443212186374975
0.405925726522835
NA
0.401668495121017
0.393388990547076
0.420280230261215
0.454727891513127
0.502447834360317
NA
0.496661889375201
0.455111277330193
0.396733611394371
0.435614539080965
0.419984499541856
0.402034338497403
0.403247317099332
0.441064752137625
0.435480032196341
0.337114314621707
0.338661644351246
0.27885853333607
0.209720019320202
0.159994507746468
0.190641319623083
0.237201968447399
0.209811956921572
0.263266171098417
0.285945751785109
0.29160536775447
0.321945486483418
0.344500920711319
0.323402939736323
0.348123841225075
0.321535806293958
0.316002512349618
0.406478290886645
0.404771904306188
0.369460815861099
NA
0.330064731192349
0.226585301632189
0.204590790763166
0.198296764914202
0.248813965722785
0.254882972647219
0.234860181611698
0.214839208328964
0.199971308708232
0.187656020845736
0.158191629906882
0.196936233272527
0.159627725280949
0.16992780313378
0.180670676034953
0.20077578212232
0.215549872963745
0.213664068136226
0.243423891727105
0.262160171393584
0.231606602415606
0.221760911131683
0.203844031715935
0.184789955621523
0.190814028585169
0.195598704032028
0.200828246177782
0.196376207226902
0.19750157800456
0.197070688673256
0.190575136434082
0.179851534045397
0.169460475706486
0.167316787867625
0.169402914125769
0.171235998087576
0.176313011421391
0.181064352071163
0.184249776145846
0.19201979503823
0.198023806402636
0.212514299777097
0.215611416727664
0.212391025111874
0.215426456824408
0.207843700120454
0.19806709561775
0.193246804235073
0.194158654988323
0.195284422668409
0.198443268541282
0.206610855694918
0.206662726837786
0.202461450673024
0.20864651843341
0.206402937516524
0.200570498004552
0.197142437059705
0.190619031107223
0.191719760970391
0.191875335628331
0.198832817914817
0.206786222577218
0.204650046486707
0.207884147538459
0.200761623550794
0.182012241330665
0.166333171998786
0.150796523431546
0.235631235864709
0.399333406461343
0.363830841791248
0.299570002835904
0.321516895699327
0.385726045716572
0.373262225772995
0.366639511686035
0.315722949736208
0.358194920281644
0.333868387997694
0.319595049526309
0.290739285484474
0.302221354893735
0.301472426830226
0.302653430941228
0.31180591299481
0.291286276407729
0.325258541862294
0.335328831001189
0.373692641059155
0.390900818654538
0.373803125653064
0.356042573229669
0.303015644199219
0.32259262821523
0.317069580317721
0.325456298347009
0.308279823501143
0.283681634663005
0.264378598918457
0.252767062430314
0.238719533075859
0.226801023438101
0.218679186265664
0.217349907620882
0.215699010522946
0.210207797884295
0.209578180121902
0.22205991907733
0.243664910574524
0.266865925789851
0.286775045328684
0.30122461572741
0.307769730194371
0.325528294219434
0.329480206396996
0.323034508279926
0.314524232782178
0.307017804820368
0.311483986170633
0.316163866833681
0.310581623435022
0.299426734133903
0.295573287776978
0.292371604135316
0.283168511654956
0.272445033932908
0.259478717306176
0.251414423105601
0.262765881054295
0.297193182934093
0.37481203653181
0.356963854884542
0.396997016081147
0.382004423870965
0.417263400358961
0.429893671298703
0.426401516426679
0.393333435785883
0.379126376504168
0.382070032213304
0.318359860429407
0.267559068326527
0.209012693001653
0.21060339496128
0.223939200099585
0.29809407104437
0.337765608814522
0.355906701567395
0.350625392550835
0.451467650128065
0.49215969798875
0.455500473473263
0.475080305820195
0.41270849874887
0.414626665890503
0.335406952291297
0.334500479876717
0.357025657991266
0.399807786698443
0.449438651346244
0.416716422277401
0.375491317295318
0.38226364230922
0.381932176736632
0.376077706717578
0.372081956835611
0.37755450575542
0.408682391743762
0.435588582605626
0.457039203861396
NA
0.366836110062643
0.308854361280251
0.246154573640324
0.213591608888854
0.233418966744677
0.265382785143824
0.301433800796057
0.328367646469672
0.327786817781002
0.316514413633769
0.315097447900121
0.332407634315547
0.345442059158648
0.347439269927821
0.348653159868376
0.329521039232641
0.381163905503769
0.374062531561173
0.328484065105975
0.280694370838258
0.325692869400092
0.302420578783873
0.325210157718414
0.307453298334284
0.252457836555671
0.282647286833745
0.291492002355372
0.280547657846826
0.273080948028382
0.258126500201578
0.238743453814493
0.233691318062524
0.204724434915104
0.202261885054674
0.199374376073565
0.193787798588394
0.202671795279986
0.213119292132299
0.228823739690241
0.242052537099387
0.224004037145286
0.211400382968597
0.198325631273733
0.179382718249158
0.171988382980536
0.169209598313453
0.17847386288057
0.186039637457007
0.186863993818077
0.184794186383373
0.186042769628402
0.181515306129797
0.173924187901345
0.1669302912589
0.164477466817103
0.163570213448611
0.157000817023424
0.164352660119961
0.171354585013297
0.183922213194463
0.18469281631059
0.19087674578878
0.198154040484508
0.198616515400687
0.190819635446888
0.188959566606847
0.182200317361125
0.179185701592518
0.183473568285804
0.188713251404256
0.186814045755336
0.199239524195312
0.20567705154207
0.202489100294397
0.204064628662225
0.200621411202022
0.19058865289738
0.1856718375278
0.178687414379922
0.178216762111554
0.182154929336386
0.188334886936572
0.195203543550917
0.190999132273701
0.193609571477647
0.189416497301929
0.173107660610302
0.166717542962793
0.160631233296941
0.276974514693831
0.173511435945781
0.231257945169308
0.287219136898355
0.29213156163196
0.318417693640858
0.316426579409684
0.400218908092719
0.310712699219688
0.312323525486829
0.339380610622684
0.317499164130594
0.263261603989296
0.276304381301266
0.284383555458293
0.306509421432232
0.315711739340685
0.302994815252277
0.321840010689211
0.33928891463976
0.356496377638041
0.370205982133967
0.367750927722124
0.372550036159454
0.373300879292308
0.358519807290477
0.361511999433838
0.32635919063989
0.310901521296583
0.294033616886064
0.274850270568477
0.26065602122828
0.249292790377553
0.236888967434094
0.227360797132395
0.221066926023316
0.218199827820882
0.210545606063172
0.20103934235138
0.20338279890844
0.206364450763431
0.229117412331015
0.245515471417685
0.26093200261109
0.274617345823996
0.290593272041514
0.306880655086009
0.312306884727885
0.306494563440641
0.296392503072575
0.300138002286457
0.305747430384157
0.313084002237807
0.296321285763227
0.289802713652647
0.287738294798463
0.284711113328182
0.275447824195721
0.263094763825841
0.252307762282927
0.263099200636232
0.310889529564503
0.347805187627174
0.331684131345247
0.35954692842737
0.380366202799864
0.418959004847706
0.42231747351992
0.420250039325858
0.401535220230071
0.389209197916254
0.365785887767378
0.270950955705033
0.257597468534366
0.312309134197096
0.265343555991217
0.262656434439317
0.313832530655493
0.449482934808329
0.405382237900404
0.364602072154919
0.404890879329064
NA
0.397860435897716
0.419446446933579
0.346034204933532
0.361131109511752
0.357211735216065
0.324665431890277
0.313044499811621
0.369327009891007
0.357369384225389
0.358682497252596
0.386884540701596
0.396363062931586
0.395528777146514
0.381990764884733
0.377933387163378
0.384305773472458
0.403629089544988
0.398291688054982
0.366910154102331
0.396060442493991
0.464752227932981
0.422444507275671
0.375691722396841
0.298926901599633
0.237751714679824
0.283250625190253
0.329911337498061
0.380906560811699
0.373582165278028
0.351130250479597
0.326820354176785
0.322774602843144
0.367160306039
0.369795552337541
0.363452157250849
0.341925452984441
0.326074846331948
0.339032517228401
0.31477801772312
0.294373691935824
0.331048639973336
0.326407230305261
0.35258185606347
0.349186157602528
0.319085944298736
0.305307813281828
0.303859099630668
0.283350746430318
0.289334608741885
0.283483937868531
0.282211242363762
0.239998007703367
0.263867109298174
0.234429990426925
0.224811453033107
0.215549304702956
0.213329647725482
0.210237472139451
0.253717061748573
0.241161726548864
0.235985561240097
0.211579320779298
0.198343118691753
0.179871080561761
0.166574926729236
0.165569162701392
0.162411966984747
0.174360657052448
0.182064644929524
0.178822903944519
0.173959072347735
0.168802882165485
0.166019923371327
0.159921608701373
0.15325431679718
0.148749280574277
0.146871053400372
0.156135039575754
0.156984626996795
0.164620845346687
0.169457459875274
0.177376711498577
0.178934167293835
0.183188722221741
0.183435355314296
0.181111355814212
0.179131844242501
0.178838600563667
0.177513264163937
0.179784342741026
0.180640533316921
0.184597023593678
0.190119127945148
0.194647081600524
0.194671935979522
0.192924285385457
0.190077269906433
0.182364772100375
0.172200745433471
0.165749022035587
0.168363009717709
0.164794257883086
0.176560760528909
0.181027289617302
0.184830417050504
0.175965291481991
0.165389336196287
0.165496349315818
0.166875571923101
0.245371477718799
0.139062200734611
0.111654662873784
0.175490130226635
0.261641279726531
0.263964505903232
0.234739346932196
0.327230996420894
0.301527297495132
0.341976700270215
0.311080179687952
0.281780566895865
0.255715196233428
0.260488039448535
0.26265448148931
0.277760784947201
0.267750130814404
0.272067254251032
0.2915730477996
0.322880055916368
0.339462156786149
0.324703248496506
0.335976822086146
0.353604805266492
0.394650497267131
0.343385110705429
0.371199103374317
0.41173542180286
0.354525591531477
0.322441497052086
0.301912581949321
0.286795950647784
0.276722700878572
0.269504549515837
0.260588481895066
0.243342782500959
0.239034337525193
0.230008684445056
0.219637232992851
0.212977253853156
0.202723890895606
0.210983766310046
0.223648603651115
0.238659086337522
0.255357333906211
0.268766257755909
0.286026307849847
0.296945773150563
0.299422817496312
0.293840410909919
0.293488464805986
0.298131869642121
0.301822072932044
0.29619507322292
0.288431611325187
0.28601784540999
0.283906898270651
0.275865911259417
0.266987681401832
0.258753390868151
0.261621360126573
0.318100098714855
0.333545676723817
0.312599710782665
0.386625126310185
0.409366882828472
0.414348125034001
0.380663279721349
0.398271222960312
0.392479625323311
0.372996537772876
0.352047755101957
0.286988177129942
0.341409527624552
0.346127291923905
0.295752338764792
0.277195364125808
0.313525913052279
0.442506646099449
0.423816819034294
0.413724002149531
0.412430924575933
0.401523104681867
0.402150420998121
0.376509725468049
0.364154968567739
0.381048867486235
0.367805700958846
0.336553711004228
0.327084500909201
0.369775121414934
0.336405191972043
0.354190174290452
0.364879513378377
0.374604482611461
0.375353268803523
0.359780655091854
0.356731327355783
0.371538735340065
0.391833550799493
0.371633684281188
0.386993102126192
0.383916931057336
0.396245710945481
0.40538283770661
0.314717181353575
0.292907966394748
0.285019830325642
0.284399257480728
0.344155708513341
0.388957457258592
0.411859014650773
0.386984308141347
0.353496896818409
0.30112729744577
0.382795997411894
0.398419608848329
0.40802049137466
0.373178783289172
0.30994344656455
0.322622314912866
0.308480055783048
0.299420686225822
0.332938090336249
0.340429526081431
0.35727020488819
0.352614438347447
0.33100299487281
0.300680074050462
0.309272185037935
0.296064040331093
0.314174458457791
0.325518024422293
0.34181842717832
0.330022787744964
0.284035101240122
0.262877314156531
0.231435372686146
0.220557317342014
0.206909235393576
0.195826108817568
0.217524015316046
0.225469783139632
0.220232423824831
0.225285254338331
0.211694908748626
0.197195360664705
0.184232464922689
0.174855419932632
0.169058490152875
0.165644529900839
0.173009440727333
0.170114303274668
0.169594357349473
0.162550297560707
0.157993952614972
0.152433629739815
0.152880828097447
0.145419966568802
0.140801435856142
0.140507717070919
0.146244441036284
0.142844724697047
0.142220839081273
0.145115003651566
0.151775889751078
0.159646407554545
0.164115920952363
0.169017659732151
0.170041281382533
0.164988465023664
0.164801975785787
0.163240991920246
0.166123835150641
0.178772493061382
0.186351037716326
0.183731748238578
0.183997871024999
0.180135488331723
0.174516775605856
0.170996679963747
0.164241975583893
0.160694355398366
0.163492975429559
0.159643431147618
0.164733739069113
0.168874866631125
0.169506123292365
0.162071783330534
0.157854029967501
0.163143042659834
0.174581397341006
0.23496135186171
0.132564912924025
0.126957305460456
0.158234613604054
0.177914689635191
0.179538821123511
0.169367483857186
0.215367106745651
0.292590992746647
0.29598212869173
0.268743794491367
0.204701310166802
0.225844916304675
0.230622949540231
0.234418526265838
0.257521211734505
0.258478978826066
0.271423802402013
0.28736540302901
0.307290951112191
0.354311633657055
0.321042883906679
0.368512930702872
0.366158150946246
0.348950341000061
0.30415261288685
0.306723009953153
0.323629426722034
0.331407327281536
0.318506144599738
0.288778238136177
0.281547331669207
0.272423096358504
0.262947923310463
0.261232921328438
0.248683139978926
0.237061316570881
0.23618141465506
0.240755558218031
0.241351211121957
0.242725358521168
0.249632797570155
0.245745454995088
0.24545369153642
0.252750064233638
0.258038836271244
0.268154473559489
0.28092961937886
0.289987883593134
0.289741510594366
0.292155771208333
0.289798607047018
0.291998059393234
0.286922941551648
0.283863175819267
0.284288563252849
0.283158176278873
0.283741146000515
0.275870262829172
0.268440647181963
0.26326547827405
0.312299974914101
0.372618975103014
0.348626718767758
0.372646067980022
0.377807005175223
0.356847048522473
0.32309285398516
0.331703397673545
0.372469171030616
0.376312296092225
0.367604955582643
0.332819840549735
0.357294892219916
0.357763238192095
0.339683729813457
0.339711194713946
0.355253371862771
0.389141549987054
0.404147351543329
0.396004473139162
0.417636526129773
0.394350662646684
0.400714679101016
0.397847069445363
0.389261092565068
0.378532853355442
0.373488065569215
0.332252764906744
0.280369395093415
0.327699706631428
0.308444306497349
0.344210360205893
0.354052565087196
0.366598812213543
0.356546197947125
0.34869844653987
0.343008431875583
0.322770836655097
0.361332329126087
0.372362909725982
0.391950244476465
0.396933628516937
0.410347268904129
0.44170026427542
0.434911746164911
0.430018524875977
0.417074640296301
0.399956938839045
0.345255143629028
0.416023440002868
0.402850830395447
0.361126534197734
0.41932787895734
0.488536164210651
0.464417942110493
0.441126788569744
0.416577966171127
0.376213311256405
0.310699846355594
0.298571332752478
0.276687523540559
0.278816524118106
0.30017271912684
0.320075660259803
0.332390239944404
0.333855987939638
0.346957837189661
0.310167299445616
0.298884133988305
0.299564125189101
0.309857027883063
0.332464756911716
0.351031792994031
0.355684784259924
0.316454571753659
0.295143188766112
0.28737979285465
0.261277898062377
0.236267271689977
0.202424655738736
0.208564756190024
0.26966660650722
0.214635481132686
0.226667761202142
0.219024035951956
0.2110367258853
0.201325063825892
0.184999681878596
0.178402839873565
0.170426208248442
0.165504217810038
0.166326556663667
0.167720354879434
0.170032832587638
0.161883669065777
0.155580280277623
0.14896147319649
0.146591795859219
0.139589402349557
0.139157731698612
0.137380542285018
0.135606340409317
0.132523832558595
0.132313839267219
0.137755830341036
0.14340321397259
0.147195080552872
0.150744850476383
0.152670822108784
0.154933255123208
0.149798318468151
0.145395888008834
0.14832223736142
0.157495913228862
0.162091773400662
0.165515574867117
0.16269555747856
0.158070230043549
0.155702820964685
0.154474693128102
0.156249613675995
0.157004280355473
0.159358906203573
0.155835646547418
0.1636336584035
0.165740639636903
0.162740775208126
0.157227568703269
0.152126821802557
0.16145728370198
0.175319609587973
0.225499833973177
0.162790275388574
0.121773624387277
0.137028320023707
0.147322216602734
0.150632675298439
0.153665584955871
0.167004804977731
0.183502982665149
0.158978555155123
0.201999939356404
0.161330589646817
0.183753342102407
0.199579021917748
0.212561603826819
0.242462004554574
0.238745524517097
0.251144149914683
0.271135942816598
0.289747099862798
0.328151718245195
0.302014652844558
0.340323724879768
0.363627627859121
0.381232564717915
0.329524010188991
0.305242613089067
0.290956190491952
0.269897502782811
0.287969365881768
0.277660309944076
0.281689810576777
0.27670407913405
0.277311545077004
0.281345886233739
0.275132121308194
0.263627045881988
0.258098661301586
0.255840777840354
0.25686128545299
0.261017572088474
0.268515486874465
0.26732844570015
0.2612499723736
0.257448017988427
0.258838722327089
0.259220342138797
0.265923383970491
0.276690329090654
0.28095975021157
0.281244049280529
0.279115856220876
0.276210899788523
0.272038948439497
0.269258701362376
0.272399136151195
0.276766957533579
0.279164505536425
0.277175560059326
0.273627125870643
0.263695610706007
0.287920755953253
0.38670053276516
0.405606795869121
0.354448750071642
0.374204275605199
0.297161001157162
0.318411292816931
0.31394439796022
0.34780173977734
0.308986091641878
0.346940391989399
0.348079194561985
0.35398018466588
0.351270906746743
0.344277683948062
0.360902341058429
NA
0.424381222434229
0.415745351809479
0.40470985405282
0.394836144428067
0.396012575947222
0.393660246263968
0.403036435896259
0.402980930553265
0.394336887181526
0.412113940548463
0.38026973725656
0.389418088377949
0.384593065263844
0.313407031952947
0.342352622152796
0.346994879976514
0.358255582768768
0.353816748989169
0.349889963097655
0.348119269705058
0.354802244082795
0.36173254504866
0.362955937764847
0.394000846794499
0.399211540356536
0.381939522620431
0.37374046723885
0.3730790207991
0.390932340703996
0.38743075743511
0.396531831500592
0.391470396021181
0.440304900451761
0.42590528556267
0.453511233225817
0.455414971945942
0.453122637850457
0.432617693526898
0.418488028709217
0.403307085890321
0.371459001627132
0.316295935739439
0.296864749540445
0.274311843156087
0.272920884702773
0.278423268570493
0.289691006352971
0.289346131156046
0.284536642691263
0.286311111382969
0.291662799266405
0.272751043720326
0.294434764542537
0.310769459248232
0.345210910952033
0.350559233350191
0.348552726225118
0.304941337044553
0.307942402502747
0.270991840645314
0.245085848397587
0.269237241889116
0.217909528616588
0.196092660182127
0.211464262454173
0.222742474679357
0.211433056890606
0.20141039757577
0.1990953134313
0.194426052715259
0.186007806763606
0.17380238921621
0.166952465005112
0.167959844937008
0.166352306649318
0.165632060579254
0.168369847066136
0.169894890852246
0.166496428857779
0.159645424804234
0.150739186115898
0.147217508544754
0.140777839937741
0.145263108472572
0.145564051319397
0.140427208062571
0.137320744584975
0.139195131711859
0.137542654596797
0.135912156052112
0.139840036164066
0.144888436185834
0.146565282005361
0.14632196367333
0.145879967581002
0.142764187175911
0.145703125987207
0.14328066219834
0.135122678254731
0.132295012353417
0.13051405788457
0.130120884672818
0.133990383781811
0.138307011601929
0.144814478582351
0.149592475194434
0.152867063966007
0.158274930545508
0.161462786522537
0.158519689974274
0.149907675859506
0.151148801101964
0.155687855197331
0.177275811591581
0.198778423135165
0.258056226661853
0.169089202480506
0.182879862325278
0.160848458055279
0.144238365213352
0.138722281366171
0.131453680483854
0.112767005376096
0.119261763087851
0.158215937990013
0.158150641551112
0.178008461021173
0.197693043377936
0.206373361153172
0.225951126726508
0.237837861921172
0.264552189112389
0.247902582869506
0.26750032430417
0.263807220702294
0.236999754469634
0.26388483630618
0.252143505378355
0.270463542550594
0.243482959305553
0.248553267500576
0.246989659207825
0.232934652180352
0.249909003674367
0.253947811558574
0.26034364455972
0.260356573266912
0.273991142181609
0.277363075516131
0.27243386332449
0.260283302795681
0.257496071826725
0.256568111835074
0.256311488930175
0.259518944358282
0.262058388337363
0.262903806152145
0.263623904641264
0.261142983987554
0.260152314638456
0.256665465319898
0.262222075425494
0.265016390742955
0.270802926031154
0.271207078754833
0.271019655096581
0.268550783755098
0.262866274948714
0.260327401416667
0.260917602196623
0.263463946487192
0.269365176891918
0.26981597654074
0.270652824139511
0.268323260723041
0.264392757897569
0.288962891074955
0.299985577721955
0.300813858232196
0.309797817236802
0.284640019455416
0.31768907443176
0.309857957645716
0.348234372825262
0.285980553022833
0.390035173065885
0.393654530697563
0.362443637582118
0.335548878387003
0.341133640313049
0.314388227567712
0.293997752216058
0.380613933190739
0.399040867610485
0.379039206662852
0.378342788126167
0.387548366474634
0.382177840361809
0.39057726276037
0.409239670927467
0.399947366451958
0.417044604855368
0.416320228431969
0.403795090710145
0.369400113904949
0.340858444728476
0.35844076627203
0.360198955556968
0.365901201858833
0.373196383946232
0.364341827626666
0.359065296246799
0.354156143681166
0.35117773293648
0.354678002177505
0.393000001047455
0.402122316381633
0.391793975135477
0.401847394049422
0.406823990162236
0.412066090901251
0.412209236145745
0.404874343293339
0.396325096191117
0.398842680692924
0.401122858934602
0.418335154804732
0.415159102708952
0.416725280469834
0.415514374358093
0.405531649138291
0.39148112057545
0.366029046299275
0.318546367046461
0.291272510768991
0.275135907523262
0.276728188581501
0.280648242584814
0.285148888956445
0.273135330900289
0.251158723592097
0.251318184974181
0.25755296420242
0.258843505697295
0.28798844116245
0.305718027612859
0.354059543781614
0.361453220936734
0.351971283594007
0.342312470518357
0.352284755348089
0.329740516062301
0.297962819244855
0.2297746664428
0.219610704027153
0.198282537191104
0.195920932060887
0.19519720554153
0.192328432898076
0.18974391795295
0.189655608343799
0.187746680904112
0.185754796065138
0.177029541118864
0.165520698566219
0.161367247363379
0.155440790689562
0.150849617938942
0.154111761686147
0.158659092820141
0.167369794847939
0.166079860624623
0.163059574667434
0.159026200116729
0.145071052159875
0.139879080769515
0.14407266536772
0.143232284425171
0.148572488711223
0.146195079421077
0.139512793605191
0.137551023167611
0.137156257328653
0.134550745705672
0.138550965304187
0.136864741509189
0.139458117039887
0.140565924643956
0.139723784593037
0.134782661410485
0.125080861275331
0.116972786909254
0.113228510262592
0.114596601615067
0.116897892635924
0.12188374504371
0.131749537664868
0.137706797890117
0.145733663088284
0.145594645027904
0.147693294975658
0.146709161798959
0.142785331197052
0.148811812597601
0.155466048833504
0.175608502547072
0.172640654936545
0.324548543729711
0.23831344964369
0.257975391222413
0.187924949482019
0.143697565173453
0.154045781891674
0.148625769294557
0.137673418929032
0.169988930564823
0.188377445510498
0.164618365382482
0.175789627144036
0.19374196790963
0.202828975898677
0.228700646832617
0.241419660091412
0.253339015776692
0.20071089461394
0.201090399770361
0.215077897424332
0.223236773525186
0.225498100408883
0.235447585837217
0.203245420649163
0.198327608771277
0.21885984048301
0.286071033296457
0.25721392976931
0.232781025889904
0.21546221664135
0.278229565016142
0.245288991433747
0.257817161743943
0.276717496628883
0.267814205813123
0.258767289937097
0.252741900272224
0.252235496711979
0.251837221148699
0.260134731087557
0.266842060249839
0.261096151751059
0.26236005004391
0.259460724043317
0.261037746055514
0.264393360835576
0.264059738090074
0.266403016940799
0.263338282530314
0.261710996280613
0.259637199725477
0.258539891070721
0.256665084637766
0.254312813928823
0.254164894140455
0.255777600565844
0.256120053828834
0.256964755490272
0.262040138641131
0.268492207176286
0.264180325079901
0.282919098333643
0.296304022145875
0.297880170202266
0.303717213710882
0.309521536606769
0.321741470144438
0.318482976117617
0.318037861199786
0.310934466401341
0.334599132101306
0.298769256880611
0.295731797758482
0.280278952415887
0.340821313708594
0.351878934950589
0.351282377891956
0.385802202856516
0.394594715725131
0.35677933641853
0.367335085511326
0.385013544198322
0.378090575154625
0.377903130751394
0.387197111585572
0.390498614835688
0.406856066285756
0.436815455049141
0.395788068416857
0.377961977918788
0.354242232847623
0.356341090340852
0.355922809432434
0.36424213269205
0.363888661291502
0.35440379860926
0.359613790077665
0.351545822777825
0.35492199916786
0.351485802280536
0.382812191475606
0.388280553533412
0.3924707334247
0.390983776602978
0.416567203644259
0.425460383210855
0.440818245363538
0.42525005383695
0.414634371441104
0.406149687686476
0.409667676397498
0.416135306720037
0.420830265872951
0.442603217543853
0.433975367821728
0.404542173112891
0.37668744526147
0.361760683925948
0.315143556940174
0.288427302710128
0.272527554377297
0.30475580126946
0.285224651691537
0.280811785347789
0.252464801558202
0.224234643864336
0.227934983312377
0.241649140006238
0.245387474168588
0.247933224575574
0.277158091103309
0.335176678520176
0.361001904625967
0.381805876898453
0.332692662523039
0.366459024910808
0.327482497468124
0.295731746132393
0.208683872144474
0.200890670165563
0.199716099322818
0.196889862469147
0.201884254048883
0.183944615108636
0.176423294030719
0.170066006917538
0.164088584353458
0.162963073638325
0.157500424954208
0.162873314951124
0.156642033517926
0.136795307273001
0.131797570300955
0.129382080366245
0.13472861464826
0.144772993790139
0.152693821698402
0.157412052364187
0.158477002135998
0.153653153809758
0.143378268558753
0.139896148745218
0.146306303728451
0.151754707599111
0.148591257885456
0.146922069773943
0.136970264146866
0.132597008898843
0.132722297869375
0.135065669628851
0.13269055291198
0.128428444693807
0.129720196363896
0.119884241201635
0.112952529558398
0.104801710743846
0.104474495268874
0.106277462069199
0.109204869089571
0.110716086879453
0.117627612088203
0.12445228270406
0.128748062549929
0.134991512517252
0.138958825676847
0.139831023349964
0.138535526358176
0.135673421203349
0.142394821183915
0.150028942904206
0.179299613057227
0.170425618307339
0.330377558319638
0.270720276184376
0.225666236894027
0.206555364296662
0.159534355047731
0.159060432086231
0.155600724014415
0.134996460589456
0.140529927619065
0.16113399226306
0.181451525625634
0.238306373013013
0.238273656705847
0.201750377790346
0.207075474921366
0.20287629278605
0.198046872281773
0.212931445186782
0.213086346410217
0.221318759253529
0.21456369687634
0.175247461634325
0.242219524693538
0.21344790969998
0.185173235241548
0.172509775852431
0.187010227484732
0.225088214862629
0.236351613636042
0.216452590292577
0.229192074717302
0.223314704548841
0.231861816015865
0.261445974791177
0.259706910661304
0.258732633360824
0.25291286089365
0.251913138475578
0.244204852274677
0.252966260110147
0.270613417978346
0.256441946758896
0.250052051706379
0.244933074353387
0.242384535338733
0.2471778862945
0.24969164114592
0.252228822469357
0.251810886433991
0.250890464364802
0.250329448021494
0.250059768920941
0.249266587361162
0.249502901925732
0.247505020233064
0.248629574077349
0.249115541393904
0.24943545982774
0.249653876066113
0.258404250777099
0.257329595013551
0.265697782964908
0.289487038544889
0.294658707240782
0.296333383752744
0.31246390913356
0.318661742092022
0.343861109824578
0.332808559163832
0.315589239897956
0.340547660241095
0.345398106138569
0.363469389535271
0.349993181706666
0.373775137185011
0.390382008571528
0.397179355010259
0.413981102292023
0.387106702824474
0.377065600325348
0.368659203277857
0.389445144163285
0.374867554427304
0.373587606549577
0.403486505886477
0.432458553132315
0.38708604301367
0.434842365494139
0.412032796384195
0.39636484873897
0.36671542065518
0.355709819976214
0.345961473985488
0.343876736434634
0.347458868816686
0.344868579969195
0.384342972437063
0.36919567804277
0.361889904623992
0.356530839540827
0.354957409044917
0.378369292974167
0.403928900718982
0.387137594340983
0.446800382141916
0.433146954209454
0.4139906114465
0.399268151337185
0.397453008901839
0.394307472856616
0.396908304991373
0.405214809746354
0.413127900375977
0.403434975952068
0.382901495699001
0.340070946439009
0.338985216547746
0.335716012717714
0.309945379530576
0.274223648678731
0.255760124005285
0.23602964157575
0.222267297231421
0.259025969408187
0.221378318999439
0.199505246126453
0.186212907946813
0.20636892915145
0.212409941188929
0.242609952107502
0.244966642719252
0.288648285026882
0.342457789752444
0.377842684608331
0.328458553083537
0.314722681224917
0.268087068304422
0.257600906421178
0.261032305439826
0.19142105265504
0.197127602522003
0.198378027622921
0.199760172428856
0.179107465466665
0.175155318378767
0.165214824320205
0.152125694120939
0.140169630299474
0.13746465755155
0.143416643677731
0.145104736000953
0.13692298515034
0.126211014991009
0.119364660204805
0.120895234264305
0.121678086300237
0.129786026956409
0.138507907348275
0.142142246185929
0.135030631256664
0.129608840745827
0.128433677731162
0.138965396400764
0.14433133889413
0.146410273242919
0.141332152064694
0.135588194635043
0.133050627314014
0.130125275881177
0.126589246451353
0.123489854636003
0.120679634863386
0.118945416857696
0.112584221603381
0.105711102312666
0.102281786577865
0.100432180301808
0.0997354141658812
0.103978308810938
0.109188393669986
0.112664693476142
0.118322998947799
0.123337689576346
0.125696324026926
0.129256534843964
0.133489533629098
0.134150288801137
0.132989804427864
0.142304126731129
0.155914015085705
0.19549480870402
0.183614566690588
0.309753264245008
0.248133867386476
0.207613641523576
0.209291685767523
0.183871014821823
0.163300888693122
0.169088386855894
0.166010170032514
0.171050818141728
0.184086343927508
0.199069368512033
0.221128222829775
0.205846442126195
0.187013411717759
0.190844768928658
0.183634597918007
0.177331661880707
0.184476298062269
0.205542361377201
0.190408249527052
0.171238816483987
0.141040620161355
0.15533067021931
0.190107308612865
0.187714588836192
0.159009944921612
0.15918804868414
0.168538988434832
0.179255261268214
0.181454110842099
0.202501424076801
0.206697674806984
0.209704209096628
0.222125679377443
0.233202749834693
0.222696100810982
0.210627387236704
0.24959984590878
0.234711205468997
0.237216213285141
0.241209873789929
0.238663583977966
0.233388547211107
0.233586888925513
0.228348380231851
0.22458426751749
0.22484054359506
0.226722990191414
0.231736262323997
0.23532345963765
0.240014419360373
0.240130759753522
0.239527550354712
0.237575180154237
0.234223328008322
0.232435171217732
0.234237625478365
0.232298279842882
0.237125442046911
0.24287462159648
0.249409852436082
0.25612865141037
0.278865753819332
0.290397754023799
0.29824299362669
0.310054898787883
0.328217337288981
0.362419463717364
0.350246420252379
0.360031569084285
0.36730411085652
0.374953648783663
0.367950153602088
0.373784160005971
0.390093995755867
0.406080522521956
0.41545511386672
0.42986543983642
0.422022863047766
0.4227537335469
0.380443648064686
0.408552353713798
0.39667822290653
0.382276139304908
0.408050364821789
0.404424085602903
0.412680752261182
0.407443202596157
0.385396633702688
0.387013087804984
0.370570760495685
0.367815624039639
0.361964513444317
0.351531132396962
0.349259902213001
0.34803100782576
0.370683525583183
0.363442590609021
0.359266371718571
0.358713644843377
0.361573258996087
0.361302594533753
0.356878617319581
0.349430609056834
0.427739553043001
0.438351070199017
0.426126269410139
0.391847835232034
0.38124015117869
0.385000499864809
0.410658244742689
0.366262628770858
0.343118213290316
0.351814063292037
0.285990495615287
0.269598883980917
0.292453963465722
0.293246525513017
0.286050561136204
0.253284406472112
0.207217996826161
0.231950016838462
0.239483849278179
0.194401058574201
0.187635006400965
0.178809392048151
0.191932668045205
0.204013364730875
0.244709898045505
0.249583110810126
0.251400009603727
0.270085119776836
0.315811504364418
0.333587416231305
0.303508709987239
0.274747198159511
0.23146042042474
0.212862444061076
0.259071750417424
0.183467380287048
0.19301051501117
0.183577744735612
0.187083104861096
0.173468417812264
0.168255105761111
0.161720276446059
0.148635668939764
0.136524408450432
0.124762379874923
0.130147909967303
0.134465977873792
0.133278826792854
0.134016254182956
0.130813988376982
0.122276989368136
0.115223369607868
0.121885008964734
0.127762205451904
0.127315466063022
0.121277928776617
0.11405022663313
0.117387510173163
0.12215808070801
0.129271649395978
0.133323712614735
0.133019491249746
0.127539964718022
0.126234698794763
0.121444964925946
0.117049364611485
0.118705052889958
0.115952493484915
0.110287072598707
0.102604237042671
0.0976765968926047
0.096355482784644
0.0971418362869519
0.0979218959188277
0.101391591344527
0.105476813474518
0.107753740438586
0.114259175953033
0.116552752761541
0.118005186995063
0.121223259067403
0.126490990306555
0.129740423037605
0.131851230314651
0.148508804620209
0.167920305328115
0.208561967183483
0.149814552423212
0.348242942060201
0.279761971238848
0.251577811620013
0.238662975191748
0.20338216558164
0.200855475018383
0.20117529466565
0.197806927256601
0.201794322691911
0.228925692206754
0.224014001838124
0.253300156675486
0.21253841526879
0.195675691032697
0.205821340849453
0.18450544762059
0.160356012721407
0.157152372067003
0.140830766949761
0.125859336362831
0.142229436063049
0.120059126757798
0.14710709918855
0.144807648493614
0.165286747133514
0.146963886691104
0.157582624211508
0.142344325859484
0.138426628577901
0.168023080943488
0.172940081879896
0.183894834643868
0.18439927504032
0.197995593513019
0.207951442147547
0.203078214500518
0.19963012619927
0.210440826138039
0.214606380477111
0.215745488097905
0.217237170607962
0.218320446401956
0.214510237179072
0.2129338666519
0.210665087841015
0.208439515372321
0.208533153793955
0.215372496029733
0.216597548786381
0.219793796883348
0.228677200881527
0.224124374852597
0.221251628955974
0.220870590656648
0.218461608240666
0.216898035857523
0.217767824758082
0.216343914627699
0.21810775914088
0.225550554271545
0.230088087081373
0.242390267098505
0.256649453783332
0.275323666940223
0.284742728889275
0.31118313810993
0.324939194750166
0.350901608145469
0.3715962404955
0.401848587568996
0.39935032689921
0.391537946429674
0.389698059753124
0.420712230955942
0.429157338697511
0.421431856986734
0.379293312978718
0.451942038767764
0.435375232653331
0.408358708986486
0.377513443676923
0.365128053348864
0.396130551165789
0.374635425526913
0.406627337650528
0.406862261811474
0.38879595143087
0.393390664907501
0.378407255404943
0.37227283759915
0.367071799511885
0.363975255135229
0.36734853149209
0.372786628869004
0.370718457895644
0.369099747306166
0.3979691634431
0.392252688966373
0.376943613456826
0.371520673263879
0.368785505925392
0.364825566030106
0.353826599409822
0.359490913983673
0.384536385815284
0.385785718567945
0.391150074099107
0.35731743034018
0.365403294989882
0.395898994220586
0.400533362773462
0.345816817571713
0.301514474393397
0.274663065624206
0.239464294063401
0.240141612464086
0.270704564072589
0.244230981512802
0.25513639233822
0.243567488360901
0.199093684726264
0.239221398636549
0.284048087610457
0.263142765226232
0.229962155983
0.211400420890473
0.227550304316885
0.241925369131632
0.257420907546639
0.292467375018999
0.257739915758574
0.263024334929628
0.2852926326673
0.303913050247186
0.299971257529916
0.246467213536881
0.203779684710708
0.181138534947897
0.229069903818669
0.181499603866014
0.16640110322131
0.18154931100927
0.177788120844977
0.163609285259362
0.157577922059384
0.150595945604765
0.137072286622592
0.126711617952733
0.115565439836163
0.114948346613346
0.119269367196135
0.123238377484139
0.130745202318331
0.132661625090269
0.133776755046567
0.126820146768742
0.128593336688401
0.125099352396052
0.121359356165279
0.116582533103236
0.1072708209888
0.107370213887289
0.10625404752723
0.113194465644653
0.118354866115664
0.119006360872465
0.117287730486617
0.114292415362476
0.115637905495229
0.11581914667418
0.113316084998411
0.110104823529332
0.107581286773801
0.104916207544091
0.0977147805119659
0.0964365887069028
0.0977951823155278
0.101641396258127
0.101428501263788
0.10095104955684
0.101750523972873
0.108559254572571
0.108922000378528
0.112077536313101
0.116518684947109
0.122100122676144
0.125481879546113
0.135335182097068
0.147446223902825
0.177311811095454
0.161191167527216
0.152086054934821
0.229623071293838
0.227462474466364
0.182978356803994
0.170941577546256
0.190554554852962
0.246103892331557
0.222798996262859
0.212022311319496
0.218441551964245
0.223505273625423
0.24284627847828
0.21079013763004
0.184406212052346
0.179312969930385
0.191349111914141
0.176088857928452
0.142438234381859
0.134125930118656
0.121605274216901
0.133787821229607
0.144009922926815
0.117738706566465
0.113766544923578
0.122115907555123
0.133583874071625
0.130089115056828
0.133508637369991
0.122128505025374
0.116593042356511
0.119585711909939
0.130451220476523
0.134882681701807
0.14071141006169
0.15052812849826
0.173201076805542
0.175816567669863
0.182044861158271
0.189689303374733
0.193716485701137
0.196307382872214
0.199248054812603
0.198701966141874
0.200083631044008
0.202215327202294
0.200731449777664
0.203441841263578
0.204506075718238
0.208246689338672
0.210301935323626
0.210226979033875
0.20975208904571
0.207114392102525
0.203229086521412
0.196138681953067
0.187862489270571
0.18550958055296
0.186609313385685
0.188286584279445
0.194907912205623
0.203138666140774
0.213124610107725
0.230420547745196
0.243688910271689
0.264458748861719
0.274856171141984
0.321330587130484
0.321834096206013
0.33366507167832
0.350502517349934
0.390263645757608
0.402089280969435
0.399383642137653
0.401002240048453
0.405533835225279
0.40054386934141
0.398484395749574
0.356144113333228
0.426352779403469
0.412033644225992
0.382629592516379
0.357140601557494
0.361285369158862
0.361234327358495
0.35028534851294
0.361170518371231
0.366176360772016
0.366077095194559
0.379628928704128
0.36676290896767
0.358584163873277
0.368634730949974
0.37659881640519
0.375234550890281
0.376612087971431
0.373022337474954
0.385068525281099
0.406949263659719
0.400424405303332
0.394984158203675
0.389426303309715
0.377314091966686
0.359907748701556
0.341777262714443
0.323766137914832
0.319676351337565
0.3221198569597
NA
0.325731086654948
0.307377391309081
0.35048986757853
0.356341923204179
0.332105350825949
0.287646157672662
0.257148784360118
0.242246419087163
0.242571780934381
0.283677158032775
0.230308759228735
0.221541018498387
0.202506518795494
0.186620430649007
0.286385379813044
0.281623201380305
0.265549265597929
0.230785228745402
0.228119760328686
0.273402264610162
0.243654209597284
0.269466189393554
0.288697738097348
0.248874027668265
0.241913899329285
0.262161705243729
0.270680989778496
0.25396555049519
0.216360480522972
0.18483786561921
0.165417127536427
0.168129283879541
0.164592916121467
0.157166101711133
0.160653474473914
0.184878249035055
0.160866150717044
0.152020177165495
0.145576820213998
0.134197545000232
0.119363900208881
0.110648987853213
0.111143445575406
0.116122022267493
0.116217908597922
0.116665329128312
0.118715727096416
0.12944312897252
0.135764328664434
0.134197965143374
0.132440123933937
0.126428223083959
0.119660395516621
0.113508453238861
0.109783474011374
0.108252319625893
0.111024288444616
0.11032882632786
0.110984902892645
0.113020334210552
0.116626125879146
0.112713528214271
0.11272562657024
0.112319985392854
0.109978163638092
0.107263674260351
0.104880430266184
0.0999985024390292
0.102187484615327
0.104988676012819
0.103397680012481
0.102797111172649
0.099387492963847
0.0986780127339555
0.103323960117219
0.104468648719668
0.107291935564686
0.111103148364216
0.118489170438844
0.120698865338415
0.129176705376169
0.142570385587686
0.154297963154994
0.142023956729447
0.138920592558775
0.115779544977901
0.108939484575412
0.118649026877006
0.122501224129809
0.138138407322295
0.241932786234534
0.267268617269366
0.225145610054277
0.229166907809653
0.224162987450948
0.203529511179258
0.180101380444681
0.17496605941153
0.169121608254741
0.160700273171749
0.139171283823993
0.126458650392321
0.131797281558762
0.12072873614327
0.116935687098534
0.113635436166102
0.107264335986879
0.111417259545012
0.121678131491335
0.122773448549757
0.121460162077436
0.119824020805072
0.116845598081682
0.108048198728133
0.107816459889793
0.108288397496907
0.107684407077334
0.115174222631861
0.123656240034745
0.14114600679325
0.149596375353234
0.164004049566923
0.169459999686934
0.172641099954397
0.172073112874243
0.179714915581178
0.184001803546241
0.186317491518415
0.191224986321149
0.19364756821426
0.195023778409773
0.196535809655307
0.193968647682454
0.194978523570237
0.193783143538967
0.193120465460987
0.192908717275879
0.18665141200937
0.180436628412867
0.174497004641678
0.173333809105083
0.174394653714148
0.174794954078524
0.18469320373718
0.189470852467691
0.197948150799938
0.232372055435655
0.244089777283805
0.278509743692698
0.289354971450171
0.331955698977351
0.32343249973932
0.321501644873182
0.323824233360117
0.338075421019505
0.378318789308938
0.389975613466561
0.38135926727383
0.390240719388208
0.372470185357513
0.379726971523672
0.37629984912057
0.371771777085313
0.371384444718351
0.353844378907039
0.349864293733397
0.347363050422576
0.334505226826889
0.326953417244109
0.33523513686447
0.345965314932662
0.360887415167528
0.385569878597758
0.36948659628441
0.355009098289703
0.370022810527591
0.366948171152547
0.379910767238372
0.369806131213946
0.361605365827856
0.376739375917362
0.34773750369445
0.388515941757029
0.399568429270787
0.400435116220147
0.388497549766287
0.36282054857007
0.356904433895322
0.346982445787595
0.333265811590481
0.311406862817922
0.274895185460731
0.286942753843675
0.287159139930543
0.281761947078353
0.358665331395926
0.3422051467039
0.357514883818201
0.294854463912263
0.322504932163706
0.27748661847331
0.234802636718552
0.20921676444808
0.188320841599362
0.18602196229249
0.227319018303338
0.299494540090138
0.236450709415972
0.217698275106583
0.209863992134452
0.232272119683981
0.221373159352359
0.218791817498553
0.241949445845664
0.246146863408835
0.232982548564354
0.240579306898058
0.287664649722292
0.251028174550357
0.223585680424387
0.19800783045337
0.180750657206922
0.156151656159185
0.154740667381814
0.151690622272962
0.158745792418081
0.164620922445584
0.183355422345666
0.160158479566478
0.149404711655121
0.142206913379454
0.127780793028237
0.118900088184985
0.112807162607953
0.1019863997797
0.106393829687858
0.112484793230919
0.10961508299556
0.111644124343159
0.117318381025691
0.125739126483858
0.130196627242346
0.13355655977978
0.131433120493746
0.125264105499077
0.118842423237347
0.114640435539036
0.112740953068117
0.113293545892575
0.113250257899471
0.111011508475735
0.114856881102547
0.118704312966634
0.112645615221058
0.118360550306279
0.121966506823858
0.119765476732807
0.114917824572185
0.112245893469717
0.106096862583981
0.106886408235128
0.106613179119914
0.103956119331197
0.101379348507105
0.102640426085857
0.0990576720687103
0.098436743698531
0.10037307639617
0.106562460188556
0.10848496155418
0.108993075869134
0.108408495994737
0.11923567746192
0.132501314081489
0.117702015003638
0.122392811039087
0.117165234539483
0.13351528789383
0.117831080564577
0.109750607059536
0.109759899104376
0.166394599299701
0.279548632569855
0.267863622710782
0.241298565097334
0.210902839740318
0.189187480018143
0.167379576022148
0.161140241992711
0.168803412129127
0.167121404193112
0.158641414419919
0.134640751494422
0.126380839046929
0.123517878953498
0.122178087206744
0.11869340476758
0.11360272459269
0.112105526935134
0.116401231865788
0.124336573493175
0.11800056117168
0.117560747188503
0.116523052226648
0.119487137163727
0.107626822197074
0.106197562865402
0.112891177721868
0.10911678860398
0.109650602202145
0.116686355476644
0.125384142697259
0.127702010837249
0.141773784760633
0.146540200881033
0.152664338432355
0.158556157864518
0.165291401063466
0.170126716030641
0.172731635959603
0.172683322099565
0.176318439999306
0.180167608711988
0.184274388037001
0.183545196346888
0.181589330948793
0.178252873540724
0.177541527473785
0.177305441534965
0.170747168962969
0.167017001474511
0.166977778857964
0.165336240340313
0.165730191960114
0.165438308395678
0.172043309998509
0.172824352533384
0.203192121942161
0.234702533358355
0.267305410164547
0.26164469155622
0.297158792024852
0.342123505403946
0.301263295989418
0.299361477788034
0.300061679403644
0.31728944546856
0.362419961164277
0.364627737837534
0.364076288290763
0.351231108074922
0.340342670411856
0.339526959127561
0.342863724638517
0.335093918322952
0.337840400357421
0.340256749615117
0.337744443883376
0.336111205607467
0.322808969516386
0.318103803350078
0.304560651490001
0.344595859261329
0.355353923581205
0.38449774002479
0.360922607212782
0.346131285809014
0.359823260170122
0.36244310100233
0.361167662964889
0.354534318878425
0.352339453306816
0.366698980495545
0.341482661537061
0.362107721777841
0.403637256907974
0.391980269041221
0.386400654338503
0.352976440299446
0.345572157976286
0.333755341919442
0.326838426458676
0.328888925448808
0.305875623718393
0.301065432021812
0.292427297601228
0.290802850774807
0.328880591953177
0.331817594385138
0.364805382706167
0.303257960731181
0.349796150517262
0.297779047577163
0.243939073393863
0.221771786855914
0.208355531300432
0.255881035962053
0.243764990804075
0.209562566021115
0.178859933724605
0.183044167600991
0.217765370622557
0.213247779766853
0.191786298344846
0.187264732208423
0.202342961029398
0.23534608818681
0.226947875560103
0.264321816955691
0.291266350445325
0.235492169012484
0.204563509792578
0.178214413127623
0.17705075192465
0.157029605214829
0.14578389248843
0.161930202784819
0.189684902347572
0.153912493733717
0.1610220266089
0.148076930927728
0.142044910917862
0.135561260042342
0.120136478086269
0.111342298952583
0.101516921950282
0.0791998019551102
0.0865968607610786
0.0960456923106835
0.11097619368746
0.109776245168816
0.113539743932879
0.120352007687821
0.122119427266241
0.128471584546777
0.124024884036869
0.120791885573239
0.11830424685127
0.11241618095828
0.107973572251428
0.105841501101247
0.104066485381836
0.106434065687891
0.111993108787236
0.116681680673418
0.112761119561413
0.114461880094961
0.12421799717336
0.122896015754488
0.118145253865107
0.115325190867025
0.107243258175879
0.107102947774461
0.101710193778215
0.0974930276848841
0.0995151641238814
0.0996481162083773
0.1003564973547
0.0984793405652523
0.102181812830029
0.105599047770649
0.104304266516112
0.104488478426706
0.101930529559401
0.107581490364915
0.121516378056775
0.134620983734668
0.150298586354771
0.148039963061236
0.152056299893769
0.108516597136843
0.104224925889365
0.115978330246344
0.170257537351121
0.268156516249652
0.233581385680571
0.203273867734216
0.177775636765233
0.165159999345761
0.160593053289563
0.210806843307616
0.218235907456514
0.18988092363085
0.168686866400823
0.142528670476989
0.12717520154151
0.124449816649679
0.119876575067051
0.113469641524605
0.115206412651522
0.116752528609626
0.116278645268495
0.116223143282875
0.114292928660686
0.116065220738315
0.113553070039141
0.111314087516078
0.0998234062001739
0.0989054412999677
0.104553056436542
0.1081668866132
0.107893710867563
0.109061875989596
0.114133901460915
0.123784911523714
0.129965422026455
0.135189621533142
0.142969516050825
0.150186152383573
0.153498523234544
0.155760456664486
0.158982934846488
0.159416101920329
0.165462471502889
0.166973573696713
0.170877222806725
0.17231681155783
0.17209010502262
0.170269090132959
0.167396095775688
0.163755994738122
0.161929672762609
0.16263821802344
0.164188643973355
0.165232070653227
0.160356289537547
0.158143656774162
0.158973386533284
0.159965846411802
0.184825608904762
0.205369379051047
0.250722286926974
0.256200891205448
0.281206242479711
0.31674370205097
0.275123544717627
0.2779620944249
0.284364818244974
0.290734829025507
0.308210723916494
0.304833507023425
0.317125805316773
0.302460736912857
0.297978927214436
0.28725731942198
0.27826284603261
0.287949318840712
0.299045641626155
0.29748299467851
0.289574997174297
0.314036944608327
0.296523890973416
0.27510134954516
0.280602426937789
0.309316912278648
0.351720544302665
0.368634579082261
0.365713938995424
0.361800899703371
0.340084400034839
0.343368889557949
0.341106305952585
0.359135077841756
0.346588708307
0.34367539461219
0.321311959398357
0.309498769989527
0.380752021378538
0.368761574745864
0.341727299057892
0.322478722566556
0.308339172898061
0.297497967366542
0.316915508236444
0.337435709394481
0.283354950276505
0.280659889790294
0.262771134160759
0.257086779148207
0.340635507287394
0.333743112786969
0.322266523579472
0.282708830172618
0.328447265387858
0.291501949389063
0.256403203051984
0.229932329448975
0.216699623525766
0.230975831693892
0.232429537301205
0.186456658086214
0.170419364845569
0.173201392019477
0.233623479043662
0.186774445158838
0.169572054959651
0.17337871540484
0.204984003401174
0.227849635198251
0.215114993949419
0.241961667192542
0.280144691257504
0.228464639035939
0.196778615308924
0.190902123197934
0.252335136404119
0.17495391200451
0.149935049655674
0.149917251905358
0.14825932928961
0.141758366973258
0.14627800626447
0.141235878880813
0.13917958197905
0.136641482298748
0.119780522210436
0.104985791427511
0.0966857615523643
0.0733750933116447
0.0706025086587067
0.0904376938826084
0.105383157967732
0.109341665002677
0.101707953084374
0.10467589295609
0.111739846015125
0.112924537890913
0.109363472611806
0.109416873581814
0.105767496927584
0.0979888679331063
0.0932108630370672
0.0953573523035148
0.0963722046343945
0.0976960270392286
0.103203236768423
0.105043866219602
0.101883144482412
0.10479272834638
0.106083514266714
0.1066444132458
0.115582291880722
0.111868123702884
0.100621328947526
0.106258863459455
0.105710236837118
0.101204951642609
0.100839127844817
0.106492012417225
0.103374566870067
0.10578725289787
0.11054801565857
0.105150968990047
0.0964344596335174
0.097321654080703
0.103759840970683
0.129361043444413
0.205562953500161
0.159131266344489
0.146442178664721
0.156983005244705
0.148220791765321
0.140529764825111
0.139131234092674
0.136714786236728
0.156518352055309
0.170563926252166
0.156409935567325
0.156589806350087
0.15146761242554
0.159185883728725
0.160478133376572
0.183076050435994
0.20092224343156
0.196287992011253
0.161824009832099
0.139065686959007
0.130704914671009
0.126432472401724
0.119275556565298
0.11852710368142
0.12031879981679
0.119846848998643
0.11250085369703
0.110169137662497
0.108552627852261
0.108075347593366
0.110056146095377
0.105003471434855
0.097991532630021
0.0971678124453819
0.11323998075706
0.102468652733725
0.102573069119178
0.10898189182082
0.116620435347762
0.119887700884273
0.121581797359047
0.125621393078462
0.134457989083195
0.140180601935396
0.14076082254413
0.143914359934868
0.147676103753669
0.150664292912347
0.156698301018996
0.159845500066847
0.159137833884224
0.15850913354654
0.158130965826854
0.15757181472469
0.159157328342639
0.157897503370318
0.157657174543135
0.155848116904464
0.157923658799775
0.157865903004881
0.155668212309049
0.157451531784179
0.160345188645907
0.162721286433558
0.176405061243102
0.18561840044616
0.203730564461041
0.242803942036848
0.272672912468727
0.274751038758189
0.251045382178536
0.258882232003906
0.266938643117704
0.270506476564504
0.279601766415899
0.276481147977546
0.280078914428013
0.268572433579548
0.260563112355405
0.272296130719241
0.278244292451355
0.277791061453842
0.273941164255631
0.268067730026391
0.272377969647522
0.290117551009644
0.283183308807877
0.26754375255696
0.275924882431318
0.318389010747791
0.305006278593485
0.324073932564348
0.323052293813647
0.319371795322517
0.302865563720305
0.317254057878782
0.309380088162
0.311936163400334
0.32393062979506
0.310963975196459
0.297682154655058
0.29515133491711
0.344793598756201
0.344946742749792
0.319586111424613
0.314184119008537
0.276333109280187
0.252018340817691
0.235892887073989
0.235353076093477
0.236416682242612
0.22740845585048
0.222567231283709
0.198281639083561
0.208334725584309
0.248411588931804
0.237806564176686
0.229995877590791
0.279495598357742
0.256138793957322
0.250879223420504
0.249747256359952
0.216916081990898
0.218691440960814
0.22135209571558
0.17169309252095
0.174754401726336
0.160525832237196
0.185492721632969
0.155783571803795
0.150090638174597
0.155997131770604
0.221444534410946
0.26281694368714
0.204885106049903
0.196887436689635
0.282803189077135
0.232948029915038
0.197494067243074
0.178779021055263
0.170949191915356
0.147692813944308
0.138727620760124
0.132112428218258
0.138286123687328
0.131669414909669
0.13846863609197
0.134643572647352
0.134604683450305
0.130920871639241
0.113061659285465
0.0942191258866306
0.096484484402439
0.0780009101814769
0.0670987690831977
0.0836198669165376
0.08816366847646
0.104126254021627
0.0993816780336419
0.0967122597054748
0.0991960478600724
0.100023598732756
0.0967283403982097
0.097040862954899
0.0950022395141457
0.0918185070211096
0.090235311228219
0.0901507513913599
0.0907734478622441
0.0932742277299392
0.0956471393946773
0.0956068795146548
0.0956207201130387
0.0965864440478258
0.0983393747081725
0.100833388307842
0.107123107837439
0.105792069559622
0.107800065400633
0.113250209064106
0.120012490221201
0.114587604925912
0.110859680492335
0.111892358429251
0.111510073537499
0.111636013088894
0.10816701359513
0.100546423075817
0.096219344141158
0.0990934798537588
0.11660386720821
0.113179386092765
0.26012363569368
0.186110860948083
0.176436502324723
0.144032241354793
0.143781122746518
0.142106259328538
0.138444487216122
0.138490873183656
0.137091086955086
0.131127829298343
0.198617858521983
0.154379601018114
0.140139667874677
0.138794729128241
0.145186581871359
0.179783513031972
0.194557911575898
0.160601352293675
0.141529144342177
0.132412100877539
0.125981406195187
0.126521334556127
0.129729622183379
0.129950543206449
0.125310065425744
0.118781911102491
0.112508914067477
0.109942760696127
0.105152919966052
0.0990995529096294
0.101735652749049
0.097504234720677
0.100842686696453
0.101235683093254
0.103016094831013
0.0933866092383752
0.101226426286849
0.118334942761025
0.122112456150216
0.122352276795238
0.119908980515317
0.124934387291012
0.130848782609002
0.126477749429407
0.127176846079391
0.130590572530773
0.138745797611218
0.142624177945059
0.149818961443906
0.15034147083404
0.149987394726186
0.149568185434507
0.149330052011945
0.147785257251644
0.147056844376851
0.144177523724549
0.147115272647291
0.149226740125917
0.152758311815021
0.154457569217746
0.158441920705174
0.161011555823247
0.16478775252934
0.168271664255091
0.174776901373713
0.177579400474449
0.185878506844962
0.22566186183729
0.253119752233707
0.247244521669894
0.243028929274248
0.245189460554212
0.252139493319697
0.252661269046223
0.257240461641277
0.260177826601484
0.263888258073012
0.258118695881743
0.250074909514758
0.257817010336011
0.263075014890403
0.262376059812441
0.261676853072475
0.272239828112721
0.281259624336455
0.290249639417541
0.29027179344815
0.264687723851746
0.272914879185153
0.276955653337091
0.293124629647645
0.298032346885323
0.272557435391526
0.263161472535279
0.267903364792624
0.275775934447586
0.30130034261645
0.316306544946805
0.293654474508167
0.307507369191408
0.309780983852119
0.350682993764321
0.3120771250335
0.241683726237759
0.249534749058588
0.241839462863233
0.259591829082172
0.228654704752394
0.224543130345274
0.222957250193372
0.236513678211425
0.224333036139306
0.223213850181229
0.200158794356944
0.200100372570753
0.192408640224841
0.198061473125731
0.202649919204958
0.214638099554166
0.220809412595187
0.230923102422535
0.21703522580943
0.216360307679912
0.215039012294698
0.246182690154109
0.150842517400861
0.162081380107398
0.159115455098938
0.132908628698232
0.133706378683626
0.135681069566955
0.132464325144898
0.14110846918029
0.148490604510464
0.154932749816857
0.159659273416117
0.243967960271336
0.237605543872412
0.178013563961343
0.167778447110304
0.164823109592831
0.161328185301844
0.155088473429333
0.136851371712682
0.128933909986485
0.132893036197959
0.132112585673756
0.126494269280047
0.131569461298455
0.133044496171541
0.124350089358291
0.092161683994868
0.0953180587209904
0.081033830703338
0.0769971678869174
0.0798090024443835
0.0843317025150482
0.097099766676995
0.101136384051672
0.0980406299694244
0.0956194333433552
0.0923395410516345
0.0864265324755512
0.0895443870107369
0.0917156500464062
0.0906242548671055
0.0885665771536055
0.0859053435715094
0.0857531282299699
0.0903132736208388
0.0941599752805398
0.0948229603477928
0.095437793006405
0.0959432835224587
0.097051209534929
0.099851259983773
0.104083777490141
0.107081097442774
0.101485422628122
0.125169039041218
0.129041893297868
0.123243301934019
0.116452565263239
0.120158300371696
0.118396793853105
0.11297639132567
0.107966801282919
0.103137086668423
0.102997806846494
0.10383493640826
0.127741004354055
0.12215457351895
0.172877797653231
0.167008187756725
0.15837047543997
0.144518177575936
0.126086998996475
0.113956403455411
0.116309325081565
0.111635840905869
0.114751741159388
0.11072720572776
0.121850964921916
0.103195376976649
0.106809623003514
0.116432751404502
0.124165126397984
0.128813746293313
0.126534810179816
0.12250367913
0.121652879281333
0.118176834094782
0.121296509229296
0.126034595068944
0.12657753905982
0.12389667559567
0.11690715025704
0.112170210758664
0.108338809509041
0.105914100842377
0.102992050043917
0.0981205181806024
0.100313101831317
0.092349089620759
0.119183314847399
0.106558174471949
0.106026404509368
0.0997813139910824
0.110449065730971
0.120767048564826
0.126102961759811
0.126273290076169
0.126605550936261
0.128439620962625
0.127103260219117
0.12614248547767
0.124663803028738
0.124839230263007
0.130033279924311
0.131576157588053
0.136218269152047
0.139586643556117
0.142511528283631
0.140518273161229
0.143457074765435
0.145655135197568
0.148537204651961
0.151065994684871
0.154290837563865
0.159004406119726
0.159161783556056
0.158047066343816
0.160447881074225
0.159335838294157
0.16264311061359
0.170355902099002
0.173713455031589
0.176990049555251
0.182546684660957
0.205507935287647
0.226123048683426
0.23120087531277
0.231285708136976
0.248625334087837
0.251179880405215
0.227367183282808
0.21514846564715
0.225864995420678
0.228776549539151
0.233760623207062
0.239544806045365
0.269843212432516
0.260542594244317
0.258237719281992
0.250509591004028
0.287462436318775
0.275494604570627
0.293213125259381
0.307129423998497
0.278490237603908
0.280135836233067
0.273679614297338
0.300869044667115
0.254986096390501
0.245540875806187
0.24085775724773
0.247004547371558
0.256212050745763
0.2742458418249
0.268281593811502
0.26459503561257
0.26839761371684
0.299980984701112
0.300771675092678
0.33064056735709
0.189647713200418
0.210546361250168
0.208457260530402
0.211422487186991
0.219662659406032
0.222414636501082
0.224007484911143
0.222180662311931
0.208954133377111
0.207033850409174
0.193791684168861
0.189348331446715
0.194586709385903
0.199445244000117
0.234619556306081
0.222238681938346
0.218502229775226
0.214858641516857
0.193739755169732
0.193628752844274
0.190575363130421
0.179715538707935
0.143687462845072
0.12911192507295
0.125730055087327
0.12455284779353
0.126824460734561
0.115268646028282
0.133216327256667
0.137996620560886
0.137132098626371
0.140408320781854
0.134004065134682
0.203872092779911
0.196291915988234
0.151205297592678
0.14083857220654
0.142408846861041
0.148611414865422
0.141971095217117
0.118997641936447
0.105910239890091
0.118610501837109
0.122375859254445
0.127319145706295
0.124565739838785
0.131395027178286
0.151498892812346
0.0910919224848682
0.0893832089323133
0.0831223593031393
0.0814294577637632
0.0855027269235705
0.0854335448143183
0.10004548006442
0.0955511004349709
0.0908928502397492
0.0937048547178409
0.0908178037268461
0.0866656931316575
0.0843345884418462
0.0883734313113729
0.0899553239361261
0.0906383665019436
0.0866567810577077
0.0852670437662298
0.0933901111373823
0.0956311613154617
0.0966248737843683
0.0949891024072026
0.0918257951000231
0.0934616693358908
0.095240129277282
0.0968670074901299
0.0975369625819207
0.0881974819164043
0.118623606330088
0.121000957405436
0.135305949973208
0.129883576287652
0.134527194634435
0.13598952935075
0.136277610838167
0.138700458156592
0.136514573480479
0.134361771889054
0.135872943725016
0.138180557074903
0.12746358703727
0.129553436276886
0.131530745880943
0.122070861187127
0.116215695391645
0.108713773756219
0.100915421277662
0.0997796150610423
0.0833979530828583
0.0842620988647645
0.0809121897570373
0.0916815152278223
0.0974658887252604
0.110734710299257
0.125284101252544
0.119988508989945
0.123602506201326
0.120532725361131
0.119956510374434
0.120712174804668
0.119819442314513
0.120355467013391
0.114671240950336
0.110528830641031
0.106782487209159
0.105328621705862
0.103192942145883
0.100643658752075
0.0983814642158731
0.101822352668864
0.102679903962495
0.118146922839214
0.109388792618009
0.12849490773409
0.117469687032961
0.114015834147349
0.118366387661929
0.128448032807836
0.133342101170377
0.129340148664585
0.127010758369968
0.126256831164154
0.130577484039144
0.126896505163226
0.130436751977226
0.134496172873184
0.142649668488764
0.145493264464018
0.144248995761458
0.14415753729427
0.149353011831285
0.15243745012466
0.152625981165244
0.153761059022759
0.153690814433419
0.155572025095402
0.15842350446603
0.15923477356555
0.163348219994561
0.163643080352083
0.166912815786581
0.168821521812727
0.166860661580191
0.174305212714124
0.178705184809909
0.178192548151025
0.180781932043342
0.186808585126066
0.200764221407046
0.209221454772472
0.218428372179296
0.221293025538801
0.254285479305958
0.269544844350435
0.221901427349336
0.208042227156928
0.225790947440726
0.197682066197183
0.204983053771345
0.210969140654931
0.222762394311459
0.229484810946011
0.235649827740502
0.221852289554612
0.255256059661061
0.218492847284482
0.227569384010887
0.258026603775313
0.225387763350055
0.239042213135993
0.243474495438864
0.23686236920843
0.22152214443523
0.225495978773057
0.234374330145265
0.243095797323831
0.251384061155849
0.252899658191986
0.252203543855822
0.246766237319984
0.243347683167579
0.239294156711601
0.227466117164093
0.223546565329439
0.209498258900688
0.238050654233144
0.230216150468184
0.237726733899533
0.254475032927993
0.255705456319818
0.250454310782139
0.241854378824634
0.229705945881965
0.224766499743769
0.204151596994858
0.201728725083755
0.198650701776914
0.198414191736443
0.207024668058074
0.207302231664407
0.196112489523549
0.198016102848212
0.192506740249076
0.194041612756892
0.19128634142738
0.181435766438013
0.16221896285556
0.148972695929528
0.139156378861772
0.138454850653881
0.125794320760793
0.125720212735531
0.116385806248648
0.112875672608196
0.116103041670734
0.113480920847413
0.10959444924548
0.104706109181239
0.104696858033372
0.0959393068467298
0.104707842509139
0.114279014939124
0.142203610439861
0.116622470740631
0.103197489868554
0.0903376471270079
0.166570324655414
0.128485561703399
0.130627997177561
0.131476953949484
0.138253150879994
0.223775654293562
0.139230873560744
0.114371313182965
0.0968079551098189
0.0855737016020038
0.0856906087242959
0.0888212885073981
0.0956176004809015
0.109899025618089
0.0930040614502252
0.100703646067846
0.103051233464662
0.0989208890104979
0.090982938666804
0.0922468446947594
0.0907110125143008
0.0905668029372947
0.0904953185601243
0.091040464981992
0.091072690939043
0.0944377769477207
0.0937187785993139
0.0907149719732864
0.0918951343223563
0.101629395725401
0.0998244387765551
0.0980730725131873
0.103469124367211
0.085906884649676
0.100133857022394
0.0963387972617262
0.156840229529929
0.130068645272029
0.140592902778372
0.136200765601002
0.111309973776736
0.0921853375087017
0.139074168568796
0.123477381178095
0.134540097485872
0.123420348446113
0.11204815322745
0.100290742924122
0.112468083603041
0.131461400933865
0.106897581364188
0.0977594896003858
0.0945784100788534
0.0919301268622121
0.0531824662799532
0.0713862122044578
0.0806097001538411
0.0827019534749178
0.0886387533911305
0.092810565332027
0.100013387618596
0.103843770622192
0.106731340078418
0.104840851400604
0.105160020722712
0.109021394655237
0.107624551309508
0.109124445402617
0.108666235853523
0.10753709465567
0.105201558992503
0.10055494742289
0.0984760657505126
0.0951602541219381
0.0939688847948685
0.0982738098577774
0.0995346991211397
0.117631672702245
0.108157440691132
0.133598204456695
0.121079508064042
0.121843847279928
0.135092695782394
0.138881437948161
0.139499473414686
0.136211996908549
0.136268557857241
0.137790022352494
0.140339531475065
0.143978219664972
0.158776269832149
0.161365451072364
0.166141796167249
0.15741227492305
0.156498068953598
0.157476132387753
0.150918627022629
0.154234779284237
0.152292920219194
0.154519866751611
0.152418979942955
0.155171618040956
0.153798543009346
0.156885684896319
0.162962908706005
0.169198470226336
0.175455561499635
0.173279882436477
0.168601094750258
0.174446457666761
0.175945150461189
0.177974084882277
0.181732334584698
0.191152224638921
0.203139447603665
0.208288678914591
0.215786540229733
0.21909108236505
0.245418535621791
0.251075700354531
0.224441459063929
0.20146635884207
0.195648692183831
0.188634571672936
0.193253303743416
0.200916268282497
0.218351924949472
0.213650655014688
0.21044159141516
0.20463732879763
0.210131536392776
0.200075119969627
0.202290673537957
0.213604134035748
0.212337608740092
0.255288421904978
0.224866457097272
0.223388425542123
0.215582204799262
0.22030404711104
0.224543685708968
0.236138487972978
0.250042898139624
0.263111311325267
0.267611516034397
0.228021016387023
0.220762150601096
0.221214967963949
0.215712474869747
0.217282449310347
0.214712357143382
0.240593961532976
0.25158544160798
0.245729619822924
0.264316153996611
0.275568705251135
0.273559865897016
0.269260427223132
0.261531310025579
0.247848172197039
0.22585395682401
0.219148664580786
0.214286024628155
0.215651872765823
0.21390748418738
0.20819298369866
0.207722216291924
0.217648503634589
0.24220627039024
0.210590460784297
0.202097363885878
0.186232085663937
0.172715062270405
0.159299489849455
0.143152641871532
0.13295547862182
0.116786155286231
0.123969413507633
0.122604950431723
0.1175894266812
0.11187939923258
0.0876364655966262
0.0850891780608769
0.0787777060647111
0.0891075204155347
0.0877106916112765
0.105679381068207
0.109317325700689
0.113305660873932
0.0975911856426776
0.0981378879324618
0.0958919915481283
0.167978305658934
0.12843614410314
0.125879387508008
0.126699327595721
0.127571478904265
0.170085249010274
0.147305486979411
0.148708809951967
0.14645950420447
0.115420621763796
0.100953716094745
0.0942981937011159
0.0998232984030578
0.119455174124412
0.0965805668972981
0.102971454034279
0.109077090482246
0.13101069668744
0.102255163948343
0.102825497931794
0.0967497278516808
0.0976073807819316
0.0998847809617543
0.0976214762259318
0.0919664589141278
0.0892456836564422
0.0904234906636461
0.0889105215889463
0.0903226871373152
0.099932718352579
0.100586068683394
0.100089408976336
0.0995018704637147
0.0900583117126054
0.103200932287118
0.0938897996194925
0.126901211351481
0.133845591094903
0.130785751580764
0.123545729577252
0.112989667860397
0.136947260021291
0.162499970157936
0.156948894147322
0.125467742423166
0.169107343481912
0.143708265221922
0.106355369259856
0.140049362001052
0.105404895305461
0.138503112511335
0.100068437182301
0.0756722616285153
0.0684819105227426
0.0336895238413181
0.0361017032639307
0.0626754588284176
0.0718990832366482
0.0838495271586224
0.0939203952160231
0.103472838871872
0.109124138462278
0.108622730944236
0.105026647271354
0.101770195335304
0.109716388840895
0.105415158295266
0.113280304366129
0.114105455913502
0.110890343912424
0.108780417881386
0.10792975768125
0.107174282182149
0.102725219350707
0.0990625721835987
0.0987809023586474
0.0927567066706044
0.156764617950644
0.133312745589025
0.132510738430817
0.126969389469017
0.131816153396494
0.140634713921856
0.14083841976491
0.14054899328555
0.139852929125615
0.143979967754445
0.145068997444527
0.144372978917878
0.163630366701047
0.172840158773379
0.166094031863045
0.166742441917815
0.163911848114746
0.160650486985496
0.171108207398258
0.14866532244347
0.149882583062844
0.147310134735169
0.149883083951506
0.153645587503013
0.161890294093752
0.160253482759992
0.168402588838643
0.178063202313117
0.18444379218322
0.187237959930765
0.1856555411823
0.183017456016065
0.181283940021513
0.178613781922136
0.181256206168921
0.185930772701104
0.196941010830553
0.203011671404342
0.205992953518466
0.21253532697335
0.218637133044677
0.227105837650379
0.240609559969228
0.257045602322534
0.246682290789473
0.215884418231741
0.198864093015823
0.189052136902666
0.189955690635628
0.19062817088848
0.198975839684785
0.204728533044129
0.192928100089685
0.197276398738934
0.196489749581762
0.196653483539867
0.196390830544609
0.187701462303458
0.21258091275356
0.215084094916857
0.217264737073535
0.213302595404199
0.206812401622419
0.21160641078879
0.213184293015639
0.221421351683384
0.228981337783304
0.236833551992008
0.247236598830837
0.200458112516558
0.20810917057735
0.198396311590937
0.202220024674798
0.200345063352444
0.219772300196538
0.217858872291696
0.232274990212368
0.247681226045452
0.271076125046846
0.28299424695637
0.290526409909239
0.288616712398265
0.274799066676983
0.249302050531201
0.233092337842898
0.224225220531559
0.213769192697874
0.205127408478581
0.211760065559553
0.215253873559254
0.213899982982893
0.21112420749851
0.201676852185927
0.196935267155157
0.191466880954535
0.182221533544924
0.16810070482007
0.159655373005066
0.141988036633529
0.136184800188281
0.132379502152844
0.120872813891876
0.110861358390645
0.10097563615062
0.102374896395025
0.0777747896173631
0.0524091432898545
0.0444121327754928
0.0394114158179122
0.0347014440019607
0.0602352463712254
0.0694800567589238
0.0893977453555139
0.0899715196841311
0.0838519848393956
0.104296249383367
0.104114892491392
0.112632819385143
0.12541127173423
0.155407436901431
0.186401576957117
0.152743493816275
0.147247577808703
0.143612739389749
0.156699983121165
0.126474293842017
0.111625501023301
0.108907493123043
0.117548522868095
0.111107423830615
0.140257401442561
0.108715695588538
0.119346446357539
0.118507846297152
0.14034032095761
0.100588932718958
0.105577130087302
0.102561745131702
0.0958300809674341
0.0887354126936266
0.0911422474481895
0.0904784982468971
0.0906668429196258
0.0938101057158639
0.103323155619378
0.0971756212585272
0.0953800343500172
0.0942674394797796
0.0897451619427045
0.0965642452997481
0.0885152244785212
0.0990054849158282
0.0941970315361941
0.0975651135701956
0.0990135354617249
0.0960132582748617
0.0976967445280307
0.10412872463999
0.117728984731195
0.119882552481112
0.118323563240997
0.0865145167418275
0.139756484822825
0.111317673901954
0.104535959703723
0.0956393331937004
0.0928497880199712
0.0802596088450408
0.0691515843452639
0.0326526062583363
0.0537630312374847
0.0522049032097892
0.0479973569857791
0.0605055781628766
0.0824861161525087
0.103593306913364
0.109915795915789
0.108806115031681
0.102101123877598
0.0997750413281439
0.106976384293709
0.11465523366341
0.130256525296607
0.11958705227042
0.117222669267391
0.111238927220664
0.108308519989091
0.109017802981444
0.105776782613054
0.103486565914763
0.103656272271104
0.101127110421187
0.114400743221483
0.100830701439673
0.10848333257907
0.114470616812371
0.123934570171846
0.130509253584138
0.132967674670626
0.137937931135782
0.14335635865116
0.148277441824622
0.150857229962046
0.156928300805987
0.182231914274763
0.1662343582859
0.164384815894684
0.175798496214361
0.174157181121575
0.168985791516765
0.170807601132843
0.158614125016897
0.15233388891064
0.146356740331962
0.152189785396212
0.157945881852763
0.158306648574662
0.161781433140545
0.17420502111799
0.185312715780031
0.196506173205307
0.201745496634495
0.203414321808482
0.20076027175807
0.197145552434587
0.18873996791305
0.186391134930119
0.184449349118932
0.191145573618077
0.190750677009983
0.200487910181177
0.210071147710668
0.224123100393011
0.234772922973019
0.239994497491862
0.269086628685726
0.283919659315624
0.259726174112211
0.217250075645628
0.193688937781114
0.184069959884646
0.181725347273253
0.194289409691582
0.209665631507507
0.201745610335557
0.197004054525474
0.194565744943861
0.196312941310406
0.197743713411729
0.186836897519437
0.202412377270236
0.211345260081034
0.227100397815411
0.252495511903148
0.20615231583757
0.217786842798482
0.216100210198192
0.218164307208835
0.219320907410503
0.222667117247176
0.250781001790259
0.199478895977663
0.209392817399186
0.199905894999613
0.198190671242854
0.200477044426111
0.213954999131755
0.220410268009534
0.223620656930022
0.236767296540865
0.254076492077748
0.285495519419062
0.2998624925933
0.300083616882671
0.287600400459067
0.260130015342616
0.252192717735356
0.255553146303758
0.249555678973022
0.237049451361319
0.260051647578208
0.248860602652443
0.236050989777771
0.217874985691863
0.199882974340249
0.188651730988533
0.184358688141552
0.179393272000228
0.177610912539984
0.169174384532652
0.160047534201136
0.149878615870891
0.146144269853322
0.125938466883325
0.111086628116815
0.109178448061595
0.104507858253055
0.0803802338986516
0.0604794702895048
0.0577255795112457
0.0685809342788314
0.068957863179671
0.0820670435801651
0.0933574693695506
0.10274765537739
0.092895300682068
0.0876752242795536
0.092712240675281
0.107149505704057
0.123964650102847
0.159102649679337
0.19647705739627
0.170603792547035
0.176537928465036
0.151734375151435
0.157959696286002
0.17468825823778
0.176258705904702
0.137949976469037
0.13997009719176
0.132224025571203
0.141167669617292
0.143112677411959
0.119119657464687
0.129189821785781
0.119355077957896
0.13020172520155
0.104686174523662
0.109893005659881
0.107421000899452
0.106243976822086
0.124136504573256
0.0920859705483203
0.0921001896074204
0.0931576184496395
0.0937097085756363
0.101625082807308
0.0935983679104014
0.0896792590693467
0.0944870625474316
0.0908728612437591
0.0904787282242712
0.0847795249875632
0.0919502086759097
0.127215153733197
0.181359687189489
0.125747058681847
0.107831648166436
0.0946797944363071
0.0943734258336302
0.0919013128520713
0.106784955136451
0.0958100336589561
0.0993405427072742
0.0947710865195698
0.103848568833782
0.100098141881004
0.0999160150706801
0.0956091119637684
0.0864878607618616
0.0544429787713157
0.0258416500507606
0.0441422298951648
0.0570992160863029
0.0695070377592769
0.0817970630857682
0.102280537781618
0.110403469714489
0.109405734431923
0.10403029958741
0.10418943880898
0.104732533722985
0.110663337302308
0.117696491119522
0.117631703360677
0.114084778239078
0.110602849957557
0.107747731914685
0.104973820388564
0.103502204316005
0.106943541826087
0.104743694501098
0.105692012671731
0.105444165665393
0.105906715875176
0.0968469651639717
0.101289324665875
0.110571786510284
0.123020387871033
0.12859920922276
0.127704878277609
0.131161781344542
0.137145464701352
0.143532917591679
0.156505932899481
0.175278527907578
0.177198399068716
0.169397044667526
0.176715750413452
0.182076799935671
0.176482318184763
0.168679097703431
0.161690924016685
0.167987865565758
0.16546763035357
0.155367893337615
0.157493744879433
0.165956628582814
0.166292563802134
0.170783359571278
0.192631290759684
0.219674529325663
0.299694157900386
0.221099401186532
0.222756159419467
0.208543421782463
0.217628779067395
0.210494664839958
0.20001987631319
0.196235829874296
0.193288323981417
0.194729608200456
0.203918937089638
0.214014574256948
0.24626687023371
0.268958261169016
0.259925576179387
0.271349551299634
0.285275076925493
0.265853246003662
0.235416339623797
0.19929145541563
0.180849445994066
0.180248390047487
0.19401918325741
0.208091521086589
0.218306212077067
0.213749674294198
0.211209150331975
0.217309915185628
0.217529891358089
0.205042287719435
0.20338858995155
0.22199984572488
0.216820265953707
0.224868125088599
0.205706232274051
0.207588250713899
0.208985078008008
0.210549139316121
0.208549298340114
0.207550967159598
0.228809813626984
0.226596671572273
0.267101212539803
0.19256222400348
0.201612817212968
0.192330184115624
0.216974491065464
0.214284334882171
0.211335008913694
0.210137453685705
0.222652098193839
0.249742519536345
0.280041496669674
0.271423835374355
0.26996232728533
0.255884796297415
0.25521006091303
0.27466521667647
0.289094698008456
0.289790491623143
0.3605658425562
0.282749413304059
0.239448314943973
0.215257911753834
0.199449711182454
0.19114114473904
0.187966874024965
0.189944876691873
0.190665952904107
0.191558023915082
0.203478332165671
0.165556003588436
0.157293468572181
0.139281549786252
0.137523416843208
0.12816871249685
0.123893232954788
0.111785998028554
0.101165034535524
0.084040970900822
0.0837095217739789
0.0719454216269645
0.0787098348717754
0.0845215901599322
0.121378587442587
0.102006433220235
0.0981790783431956
0.105935583451814
0.115373121904675
0.143428050686406
0.176308727864256
0.186474727711918
0.161382657372212
0.172762030726417
0.163059512276268
0.179106790993434
0.158773908640615
0.182120852413769
0.144023403529181
0.168644031861019
0.173194687239177
0.143161043801965
0.166893892771329
0.139251515541542
0.164914975819512
0.128172817331821
0.121361461253724
0.119003933474492
0.124186832847595
0.128817219453093
0.157557055713922
0.1492694942645
0.12630337731436
0.0997938224072396
0.0992098332176602
0.0986556127556522
0.0991933056187363
0.0947356034108756
0.0904513332074822
0.0840341442466458
0.0810264678036016
0.0824119803530783
0.0785060311635984
0.0818393712758631
0.0865570348972168
0.0947262772379305
0.0892632384945862
0.0782039190706717
0.0705622471934893
0.0691843669236772
0.0528137163625813
0.0586304073071791
0.056944154988406
0.0701683049872111
0.0847710884327215
0.0971358216320295
0.104756464528834
0.100906137068202
0.103863743694817
0.092881257671167
0.0803059233596511
0.0586746620089186
0.0769798449178027
0.106776514079561
0.109194107575164
0.109951059575259
0.130242337839241
0.120977695205074
0.11704630960492
0.114765973526867
0.115941804144068
0.116068980973827
0.117675997810155
0.119837771576272
0.121025958240178
0.121356873681632
0.120272575313219
0.11522471047293
0.111638259220442
0.108687064268166
0.104642929235811
0.101443190697398
0.0985496427783438
0.0944422729782475
0.0976543155835946
0.0965008481502417
0.101343326262288
0.104463822477975
0.120019507871464
0.1219388849132
0.125378371450976
0.128481484468462
0.13682601256151
0.142587642378132
0.159905521618529
0.179848100516206
0.15827125690733
0.169580758198552
0.183019355386216
0.186067064314163
0.180074860374025
0.178371621982119
0.174546837836159
0.173713012591091
0.172818378557058
0.165777993010042
0.16590956406179
0.168616839972685
0.169216230072491
0.176228389328173
0.190814269203757
0.201521374549474
0.218216994377437
0.204423333028078
0.203718671509843
0.192970704826404
0.207647785915113
0.204619548218559
0.203129164176538
0.201705540768168
0.203120313625032
0.206296878091399
0.210199963712672
0.218222285461516
0.260092530794173
0.279940556069073
0.258482258417635
0.250982788291154
0.268081741043644
0.252942694307399
0.236747771573713
0.211848885857873
0.186784071892111
0.180164295070212
0.187891395089046
0.202824436163867
0.214746454148044
0.218255706191489
0.223722947064291
0.232166694447783
0.232025799794473
0.21214819184324
0.190563615144868
0.23230841441203
0.217066109877848
0.230600415599355
0.220662297782364
0.215227472726384
0.212141134182288
0.208874057084547
0.207536529266494
0.204901543307855
0.216863948811499
0.21645478802262
0.223203124828465
0.199664407068591
0.208680827158873
0.20770213639383
0.228725313040184
0.227250210648465
0.218890576780424
0.208082576691782
0.220061926602219
0.23495231934475
0.259008054472573
0.237481254919201
0.21696777544356
0.207589093548816
0.235749007731293
0.254765847589362
0.302488614725097
0.291994873608441
0.351779778894281
0.283623640892245
0.244154699642923
0.228043773141442
0.211052629533907
0.209611557503014
0.205090145804888
0.202931519620992
0.194769968539879
0.185475267094868
0.174065249669352
0.160489962097877
0.162681554100523
0.155040914696251
0.154187605154334
0.147730299614026
0.144812759721335
0.141132515241041
0.129546104103293
0.110786501442292
0.110748973941355
0.102340856663307
0.101020698437201
0.10250465430885
0.117021613628098
0.109703810578843
0.112564710257562
0.120247409006904
0.125992265375198
0.141787825780026
0.148852700491481
0.156168974064453
0.163040920656582
0.175998969704227
0.189501256172761
0.208891049759359
0.205688544398968
0.21218621193809
0.175628683747258
0.210655517447284
0.181009451527915
0.156494915625999
0.141115670150736
0.141288596474637
0.154381740781272
0.172744876171741
0.158036410071505
0.113413838373677
0.124233075281079
0.119698923985796
0.133144070722186
0.140991803322501
0.147952121743962
0.106436653622989
0.102655685104785
0.101334095815462
0.101366794939241
0.100760233908108
0.100226302527629
0.0835691414341436
0.0779831019341477
0.0685561424707283
0.0637753034054572
0.0638794019942144
0.0610143345762673
0.0684484073761255
0.0811489843840252
0.0719098061706974
0.065126250395773
0.0575224611053004
0.0578280485584641
0.0580953438884761
0.0730184887575954
0.0790312015054093
0.0885936489600776
0.102413867505788
0.102041591833857
0.0962760319145267
0.0965147088375936
0.099463738242966
0.0938751228221697
0.0929542330717208
0.0974799180334254
0.113892158400674
0.112281449977612
0.110346351234619
0.118190157543047
0.11483268018249
0.114783083685451
0.117213960110219
0.115337917375254
0.11387054702425
0.113513679905354
0.113821357160188
0.114219994077465
0.11531441673804
0.119307802456491
0.117284012776252
0.112259568644585
0.109236734050101
0.102295925986895
0.09761937866853
0.0973397206725821
0.0942221543609204
0.0938622623150877
0.0973833251006525
0.103696028147481
0.100258904539176
0.111666818386597
0.117836133306808
0.117780348791186
0.123876564431586
0.130197764243752
0.137972170202547
0.162308325311121
0.176883198156876
0.160286758715597
0.171777686211611
0.178124051184768
0.180677194229547
0.183636953596989
0.187318344162057
0.188648011938122
0.188545870812874
0.184340780376351
0.175751255396849
0.169401642576577
0.178428591785824
0.182397549765872
0.18703670313489
0.19248710967383
0.201851709917933
0.209956144766722
0.209705007232566
0.218013347923003
0.214396401720319
0.207113343611887
0.202123267937294
0.201433464440536
0.202490160364606
0.207851262356315
0.213148638006457
0.216257012041108
0.222161102632515
0.215109628821338
0.2165362441135
0.214948344782734
0.21882152962134
0.229102589585918
0.239145633094274
0.240263075751067
0.231766043240047
0.199454754677643
0.175972306269788
0.183370220156865
0.185234798464103
0.195338287057238
0.194270662390346
0.20745782245275
0.239775778960997
0.286265949062201
0.28112148702582
0.210139704268569
0.239277518946642
0.238286567932228
0.238984476139724
0.225680738798139
0.218857819641468
0.217326948487044
0.220441680650517
0.21699764721344
0.212103548214375
0.221254813807679
0.219347362169847
0.226694640970897
0.22316569079028
0.236263591809162
0.252187587084969
0.302652724398237
0.21954871579836
0.222728827332528
0.215606501624918
0.213625585098165
0.214498631870913
0.241554557186682
0.222661479003309
0.190891698358402
0.17430186503918
0.180336118965193
0.157466009261142
NA
NA
0.236147465925354
0.238235473938931
0.233517298925433
0.23442035174459
0.234933753772595
0.255971217191171
0.231734714186906
0.227994067311708
0.207895267792523
0.191145159383323
0.178416290635212
0.172459463846065
0.175535044652961
0.17443157788577
0.175604220674322
0.169309446075482
0.165555611051916
0.166742109386436
0.162429877989275
0.153886207830067
0.148954959072563
0.146652921596583
0.138757630601186
0.144019698396359
0.127182016794727
0.115875652190027
0.11669972646669
0.126909819286402
0.149190745151946
0.165384707825265
0.164087907759635
0.16037224880809
0.158709324247805
0.156049750480184
0.155528798374484
0.16012190213386
0.162934576085282
0.196921944723654
0.156157722507966
0.151460904612996
0.142855073264918
0.140679333549568
0.139874409892958
0.140377758310961
0.159874174329637
0.145927171653787
0.134404464283703
0.11285285082287
0.111323450459419
0.110781854530272
0.118240817009082
0.120914691130513
0.12786983919454
0.105440826911796
0.0957347800461256
0.100922307712806
0.0954723642725428
0.0961750573501414
0.0914618424292783
0.0804599106437003
0.0701867956086667
0.0634269522279937
0.0568208941889201
0.0537359638575231
0.0548109010204506
0.0526672713857482
0.0618297481466657
0.0583256291421271
0.0574591570745871
0.0637993321989938
0.0716561159709959
0.0807073285354734
0.094118468452888
0.0978618033165792
0.102242835312942
0.104683505481865
0.106220124319086
0.101570976720321
0.094104320089919
0.0912883765135502
0.0907720232592159
0.0966147867655969
0.0990458314792955
0.101919502410232
0.11163489822701
0.115536798777975
0.115946923535603
0.113950949029463
0.113838273188273
0.109346567505547
0.106673436087508
0.106344496664958
0.108727111467721
0.108841917150784
0.111411072298627
0.111965728066401
0.116676115586611
0.113617719765725
0.109189878744874
0.107981970358038
0.103823566853001
0.101995571378129
0.0996548942547241
0.0974221020716124
0.0971831730434042
0.0971055982868102
0.0979396707086003
0.0960930704562331
0.108695523313481
0.115508666447602
0.114999672657676
0.120570226028769
0.127944573532904
0.134261053399186
0.158656577033113
0.174372993904364
0.167026194252803
0.169864352513666
0.173783730979367
0.178886443548923
0.183881235225586
0.18836940506761
0.19177903156398
0.191370438949316
0.19234533662348
0.188223693640781
0.186535725766219
0.184028262301581
0.183120223661168
0.182839793962463
0.183596033766707
0.188074220335597
0.19546380494117
0.197673119122133
0.203083734679045
0.201029492437146
0.199541171448179
0.194273132716849
0.19254520905722
0.195351246616
0.193066291738993
0.193339498692939
0.193005715138711
0.201521937043117
0.224820774293081
0.220564516502498
0.222796981456957
0.225920559476359
0.228411279881255
0.232243387719746
0.233591939956162
0.232283577384019
0.224554501132509
0.208551198431343
0.186436534047784
0.174784535863075
0.180672133900502
0.182384573883683
0.192191410427921
0.212919456104579
NA
0.248078940394143
0.244932824185046
0.248810069121268
0.244809012724333
0.243251479510424
0.234969305443906
0.225515795402568
0.224467299644717
0.222966216753131
0.221704615839313
0.218719181457845
0.222374777896137
0.220222735314994
0.224132073524754
0.22609894841377
0.222373513467015
0.222381726445897
0.234714232719754
0.215694016027921
0.217563307865254
0.21706185367414
0.21421093440279
0.208569960229705
0.197573509264035
0.207163646624989
0.214293873151287
0.20315927823607
0.201325158943937
NA
NA
NA
0.200185127139284
0.24853634582987
0.251596553300775
0.269861297873394
0.304114928350536
0.342667938006003
0.259446366600925
0.242792588659939
0.212077762720674
0.193302666848314
0.180211403172924
0.178150461117628
0.183500826767163
0.184299366399579
0.200520500283277
0.184901925272194
0.175661427031409
0.168155781616278
0.163909854991763
0.156421686515555
0.154579914344852
0.150906972806838
0.145986607502034
0.142089536002611
0.137920725573748
0.128878679079444
0.124961062965323
0.122708419617189
0.140723684574254
0.175940062623392
0.185651182980256
0.170716035677674
0.17181345341277
0.161180227804051
0.153528635562013
0.151809986714906
0.150401026830465
0.153509875816036
0.145755750897664
0.143411252202955
0.141051330685268
0.148898125952175
0.159901297101643
0.16704118265894
0.177302082650657
0.163651083996388
0.138588191123823
0.126933976074885
0.11502129422797
0.109176547846449
0.108542966907405
0.112424222498456
0.112828613711968
0.102711798868682
0.0954885232859004
0.0908161325463358
0.0873036493125795
0.0816637787898213
0.0804958233977438
0.0730708740075857
0.0656463894135131
0.0623724878731459
0.0589596970182943
0.054370765831884
0.0833123230689636
0.0646945457242638
0.0702783023906121
0.0701241478649666
0.07271956244335
0.0800835335289922
0.0875066863551222
0.097191918556064
0.106626174538591
0.107352069243347
0.104893076769581
0.102909892788093
0.100311656351674
0.100327020938824
0.0997223471748241
0.104717073472695
0.108482772472683
0.110897460155998
0.112157834100551
0.113025728498092
0.116622983995351
0.117621538236068
0.116405089075207
0.115254827117349
0.112382886677099
0.10621979419483
0.101294483482179
0.10189977947355
0.103932725409425
0.106339539536239
0.111794759292567
0.109826926334773
0.111142301939081
0.107796362443465
0.107687605184621
0.10598161440055
0.10433109864583
0.101781548339693
0.098457443921148
0.0970613812460375
0.100101252499205
0.0948939499303924
0.0913961681449971
0.0896733154744973
0.099872395467893
0.106823832559106
0.110198327996895
0.113643227333275
0.126168438786744
0.133978064085748
0.15738115781064
0.175678230257662
0.175590317512776
0.169673809542367
0.17496336272962
0.180424014460726
0.183035725386669
0.188351119870483
0.19210102438411
0.193242672742784
0.19488316860754
0.197691038862962
0.199790740325342
0.195262510831364
0.191142958443645
0.18609333584494
0.185406162710276
0.188608823208797
0.194729892830031
0.19512812732197
0.196010246467376
0.201384693526804
0.199317424597627
0.193073448721537
0.19240439956965
0.195459416634825
0.196516426557017
0.202512723156837
0.209242543261135
0.215499455342539
0.214915615696672
0.210933377004819
0.209175605478995
0.206796775366855
0.206839326726006
0.206091566812115
0.21041510912638
0.213902358195815
0.219959033964537
0.225798344981843
0.231746910863942
0.223134564938498
0.225530088788446
0.233071885941564
0.248570064129044
0.27291718050949
0.286633881321357
0.275273187932856
0.257227558137017
0.254730390769026
0.250688825445
0.248135670247905
0.241248997019891
0.238154253133239
0.231512621580777
0.223283282252251
0.216079328300967
0.218102761040025
0.218392141238731
0.218528592525803
0.220356261760778
0.224137637948606
0.222742243731673
0.216369630884839
0.216951785120764
0.214987231170452
0.216520177604383
0.214210085569016
0.212135867792426
0.208405526164842
0.198077698315429
0.19240465431118
0.193650851035878
0.19556007709763
0.199017794296344
0.206002702858275
0.202365908149052
0.215434286231093
0.255810558425916
0.254696008307864
0.26504622516688
0.254727091557405
0.313527140088646
0.263391053726098
0.238097772609281
0.215876682963886
0.198037166415246
0.18788113207479
0.18195734855981
0.18204707821059
0.189144248124294
0.18486384407115
0.238512267449885
0.213324303385208
0.191303402439466
0.180619419530641
0.17061659943763
0.164909939107086
0.157210061714673
0.153651138346275
0.151658394864732
0.14822154627919
0.147565844948637
0.144259023146125
0.142373531248599
0.141894177080882
0.141224181895405
0.148881095220677
0.166550260352852
0.162097441412899
0.163921419657253
0.159858881195941
0.153226421844292
0.145121426120971
0.143926827609044
0.139992763354679
0.138105087241295
0.135318577564634
0.132170817833217
0.133645097644151
0.132094625370358
0.129203777598536
0.131630173401364
0.129298346659103
0.122396324732182
0.118912274825284
0.113501979214527
0.109545209945721
0.110544229027419
0.108466877979324
0.107746146233207
0.102353141865138
0.100181355177646
0.0990165502878407
0.0992547343242288
0.0984422866284964
0.0967467081330428
0.0911223646711113
0.0924127012951577
0.0903637869834901
0.0891583352423579
0.0827622777709703
0.0914207693533091
0.0827232273102858
0.0817917026932952
0.0815416705374948
0.0900682870173869
0.093845143292316
0.0963892479688722
0.100055360774196
0.107234568359119
0.112919276165996
0.117364856847584
0.116247430879605
0.115541951348444
0.11842180577419
0.122187814026057
0.12386742538348
0.124141058929198
0.124221403422769
0.120876562501745
0.117950878166937
0.114006430261952
0.109658200184465
0.107060364477
0.107039570419483
0.101961857906505
0.0974209550978807
0.097674351310201
0.097008219480499
0.100152926231426
0.101711613239847
0.101932171560385
0.102546118549473
0.104849305793386
0.105981555145926
0.106479669699576
0.11106666767054
0.110801193191799
0.109024849374303
0.105184972934836
0.101001146466775
0.101467162135986
0.0972449859700198
0.0955148533881737
0.103366097372149
0.11029292333013
0.112654133358644
0.113477709496326
0.119568209361902
0.131333490594662
0.1427027516079
0.163879548153194
0.178862067081606
0.178054196518549
0.173770038707449
0.180598358663672
0.181552814124126
0.184154365752589
0.188154770022101
0.188266076811379
0.191411616875976
0.192513995975693
0.200962897130235
0.203807643059109
0.19828697331789
0.193846817494119
0.190738229118809
0.188043551577971
0.184276391783149
0.191919659127418
0.195987326828302
0.194404448480608
0.194154614642786
0.192976730229015
0.193528456751194
0.194019378139705
0.196722517389189
0.198812924634427
0.205608210295477
0.21195201466223
0.215984309640273
0.212690283404867
0.210655652036104
0.205333623993879
0.202418095552888
0.20293585105629
0.205770616602412
0.207101110411621
0.210416396525234
0.21506618329849
0.21505958534823
0.216606943066401
0.214406891106985
0.218363306139671
0.226738906315336
0.238618020162755
0.256292544564889
0.272276755794679
0.26090539846318
0.255573924253504
0.250303766050807
0.24427508121071
0.240708964070616
0.238269288121998
0.235773610833263
0.23223866075349
0.222553560562215
0.211674897982936
0.208231310718773
0.203749700733009
0.19952693776017
0.204057816816007
0.20144313529297
0.205229785926488
0.205374846020451
0.2057301249471
0.207898996667109
0.20473772507308
0.202368349940314
0.202009498571856
0.200687250372387
0.195568575742469
0.190416479353301
0.19031484370565
0.185941479790594
0.186350660787756
0.190704870857508
0.205089010103366
0.203974680425071
0.23786503813317
0.230302650353384
0.256410600484442
0.246693153053682
0.235408901819991
0.228476708576082
0.221430777619859
0.21466155222113
0.202428751119417
0.192644908847666
0.188918481607025
0.18451894189201
0.181359410625425
0.170011299507748
0.163403048331657
0.222782274587317
0.195017047848121
0.180171847334195
0.168023438209085
0.164830288122136
0.157993941867284
0.148817208563722
0.144069014550983
0.141326647307027
0.139529525365674
0.138060064526751
0.139687152925849
0.142702454322995
0.145474746570386
0.146203694215101
0.150236867091827
0.155233783839015
0.15672038115264
0.153635881614762
0.151175311411506
0.145351173666654
0.142288496234473
0.141323961417155
0.137972070892329
0.136856699161104
0.138498394164203
0.137825485777197
0.131787389541897
0.123549132952397
0.120444669299895
0.11834096406911
0.111934646978721
0.112416950868399
0.107849083091832
0.104145239235239
0.104767511525026
0.104578024993271
0.10580814086203
0.100242914093733
0.0973371835629186
0.0926779733156546
0.0935103458190217
0.093399167099777
0.0927956560895185
0.091128515458519
0.0945439383904162
0.0972788765089225
0.0985560539798156
0.0979596949382751
0.0941980437438014
0.0895764170573278
0.0865053882065533
0.0853722143422562
0.0880440053241788
0.0878052990747908
0.0913727020840176
0.0955659143390931
0.100969110131586
0.104350176311328
0.105354636888754
0.107789604465256
0.108347409629566
0.113537886301778
0.114642859794005
0.116657516400578
0.114954652201586
0.11568895565552
0.114405753259091
0.109403952866012
0.104969696710954
0.103343420818063
0.101127461510872
0.0976162656048984
0.090853424196097
0.0884396820087448
0.0907954405706983
0.0922813742345236
0.097702337690646
0.0997644935915794
0.0986928563417254
0.0990919207476325
0.102824243233549
0.103632935767819
0.113859760526362
0.117377254469343
0.116359185935556
0.113591126872726
0.104872068045493
0.103542577987846
0.10367636618056
0.102555020579532
0.0977939276716339
0.103095830930836
0.110426692243053
0.113048455143767
0.116498989635546
0.127021819667453
0.13862505963824
0.150118985437859
0.16513509330979
0.164401580580497
0.170667032838573
0.179207090871158
0.183453131847022
0.18331552402298
0.184757416356205
0.185993868586292
0.186774445888446
0.187216426942715
0.18998898666058
0.192397732219155
0.195550584106706
0.196707902113347
0.193602464126465
0.189899807129363
0.180021585514641
0.175533362886765
0.178664360761831
0.186215064785897
0.188732777181938
0.194279603053083
0.196027376451796
0.193554352612717
0.193251820630063
0.193856922616587
0.19838760303471
0.203266318624096
0.210002017988719
0.211520928302856
0.20024275392275
0.201563170877553
0.199592591371749
0.196297600380072
0.197755035779736
0.203235418816344
0.205834755414213
0.214737969869749
0.226580501747234
0.222887664993748
0.221443544130131
0.211140829121824
0.21015085338071
0.213583436370663
0.221386045657879
0.235688815929903
0.251916482741673
0.2519397752004
0.250859784847847
0.246828295942329
0.241545782612364
0.23694430674459
0.232895987264913
0.231218881063362
0.229041237409596
0.222088128077512
0.211399385303424
0.208469169871735
0.205349644352325
0.203260897888675
0.200418967151751
0.199610694397559
0.198800220418041
0.196606239292843
0.197355970139874
0.201063935563512
0.2023478303443
0.200641812060836
0.196455407005396
0.193128252411904
0.189444213523031
0.183067355229074
0.180419105446151
0.180791888241595
0.177201895436921
0.17752639401954
0.18795485461596
0.183997739711728
0.24634485068518
0.218374484353851
0.275410665279622
0.234142574669583
0.232842172128219
0.220284217353917
0.212391035319618
0.202616458081748
0.188936212146732
0.181810977817452
0.172820975429955
0.162557000524256
0.159840109970362
0.156287249914483
0.150847388606252
0.149544655125021
0.144083872773571
0.139094397953628
0.139996848811382
0.144309218571678
0.142284107603794
0.13528988347685
0.133946907088825
0.131333128180594
0.131100297883416
0.13185293599346
0.133327349840548
0.139048073962127
0.14031758133098
0.141812772299032
0.141507685057469
0.14158140304716
0.142122489582219
0.142479492507946
0.143504052281068
0.141082063300566
0.139576612144266
0.139932497462928
0.138813610051824
0.139473043011186
0.140119694505652
0.137648613332321
0.135589316434364
0.125423293231854
0.116595849237539
0.112489583718924
0.106030216995872
0.104035019160106
0.0977645370585091
0.094221596584128
0.0958272214576777
0.0965762356067414
0.100084467540531
0.0977638645433409
0.0972767120917461
0.0947089956729048
0.0921732094258814
0.0928808681928366
0.08900741262515
0.089893463722699
0.0918964923332182
0.092738783580496
0.0922256758608073
0.0932118780639939
0.0941844127910545
0.0937936604931429
0.0924773486062624
0.0933690940922246
0.0951671439625823
0.0977540061047992
0.0998552163336513
0.101753450626841
0.100743594702441
0.10210087063712
0.103371412316892
0.102885496737229
0.102718267650706
0.105073726373064
0.104842325938417
0.104301489062802
0.106148845836007
0.106125954732748
0.104899654503686
0.1031515012973
0.102001748399324
0.100903516649595
0.0986267197503213
0.0968295118277341
0.0906320069091619
0.0857610709274336
0.0847535574764853
0.0869414955299702
0.0934048020971218
0.0972126062744009
0.0995398376044526
0.102249790824046
0.10909500829426
0.113945256122569
0.146574342109038
0.142658667309679
0.122431014787157
0.118079171468595
0.112868369428646
0.11224406831271
0.11014148354304
0.1090636594049
0.108160095783957
0.113857694546908
0.11720107874901
0.120770687031142
0.127850583951789
0.13670480841856
0.145083463006827
0.15578239643218
0.168517173637677
0.16446213229264
0.173947298947768
0.179059956482558
0.180840348611742
0.181864737983379
0.181763891389768
0.182502199506374
0.185017808940271
0.187559017936178
0.188627761008154
0.186476434866889
0.18689914960102
0.190943506302026
0.19475627745723
0.192452788263776
0.185783825662933
0.179838573129664
0.178181415778175
0.182994081843129
0.183585527779416
0.190174719210637
0.193389165037512
0.195037131925915
0.192031901284004
0.191362237273345
0.191323327402054
0.190142321365715
0.189234352317712
0.196503065695288
0.185014751106006
0.185978575162517
0.183378361393247
0.185094029763856
0.186027729075612
0.189815918948699
0.191238404977776
0.198918408348988
0.213539959722499
0.216673772083096
0.216593771530905
0.210266968930891
0.209606766260251
0.208678746030695
0.211426880719744
0.217031802569033
0.224943438398472
0.227794720631488
0.231091251556332
0.229684094773345
0.226837426083386
0.223057014331407
0.22073969618995
0.217965889669736
0.214094740745533
0.20734165316581
0.202986052080667
0.198392760508977
0.197505244116221
0.197204813783255
0.196249397968411
0.196578461319578
0.196365906780462
0.195248869812729
0.195224232588069
0.194386728263631
0.196915507691575
0.196400218883465
0.192932021515643
0.190551741843866
0.187609598208969
0.18192116916466
0.177916352850413
0.178283145463263
0.178374595520841
0.177094089678252
0.178117821573054
0.172375331846447
0.206048519924084
0.18914701442509
0.232117883696689
0.206740842324425
0.197578132285267
0.19252302305727
0.187591689434277
0.18288473026661
0.177323489864363
0.1736383306233
0.163532202405794
0.156153197418612
0.152937753476078
0.148897348185505
0.144528306478661
0.142140969965164
0.14094589633275
0.135517132113449
0.131748894001907
0.129604054979215
0.126223211211587
0.126562432424992
0.1264131802795
0.12793134560603
0.129760746587226
0.130003060665211
0.130807941908758
0.132300680991865
0.132467273262014
0.132155389589287
0.13215218858601
0.132101860344182
0.134598605899775
0.13572226988209
0.136914991169903
0.140760681136157
0.138826595058194
0.138302188682718
0.135418775753014
0.13472039746412
0.13121004866315
0.129002311297728
0.125192698718359
0.118248053853152
0.113960036634739
0.109670004520563
0.105540433317837
0.105316888980729
0.0998233482819207
0.09398418029333
0.0940548709333435
0.095541231881311
0.0978259010678603
0.0966530196706879
0.0969141303579463
0.0960386345719914
0.0961671947890525
0.0964029992942217
0.0917130442831895
0.0946367566944767
0.0953551839582865
0.0961119192718932
0.0967500009723395
0.0968683388959151
0.0964533090505162
0.0965893481972562
0.0967463017020557
0.0988754396272
0.100943831514962
0.102237062492863
0.102209887475663
0.102755960673776
0.103165686109638
0.103155491981069
0.102219252150953
0.100589612066298
0.0996156251108061
0.1001299185527
0.0995167247545658
0.0964441591242601
0.0976308721315439
0.096257654734039
0.0970708186569238
0.0968111107973555
0.0969922797192151
0.0951068895011267
0.0926723404577541
0.0924065342612416
0.0925309517010291
0.087107518288699
0.0811102389420107
0.0807594596441734
0.0917557775909902
0.0965955570090043
0.0981933994309266
0.101759017717997
0.103140040031759
0.105985857657863
0.114233042546755
0.114765962316763
0.1162212253691
0.110861650096953
0.108519393746773
0.108127393908524
0.108001259049309
0.105863431880433
0.109242132667417
0.117561639021572
0.12218112331375
0.129189634311896
0.135273887073248
0.140796026822199
0.149162653332221
0.153722132081253
0.164460583770211
0.165964227424008
0.171033711212056
0.173402595407626
0.175958554818047
0.178492114239148
0.177776042521118
0.179048254078507
0.17952496238687
0.180058300650939
0.180881964006877
0.181877202156329
0.182971141681332
0.184347199972837
0.1874621363057
0.190207676770702
0.190219565509306
0.187821538136714
0.188066686821976
0.189330416359012
0.184603428911314
0.183868051208416
0.18627497754956
0.192927460206972
0.192010236171599
0.189666401672259
0.185679923688361
0.184403014630393
0.183495301018049
0.185054630764857
0.176594888224881
0.17449067146705
0.173846136352323
0.171662254192013
0.169062592010915
0.170977598972846
0.172751305259183
0.181828421409658
0.185872860629239
0.187549070062416
0.189377689696742
0.190123995440018
0.192706124897866
0.194616785286797
0.198737282337315
0.206793612971338
0.211628288104331
0.214259109363732
0.214025441384244
0.211075157981136
0.20995933143412
0.20786564374485
0.206937901313486
0.203895561933222
0.201118944946344
0.198597184676234
0.196145461788923
0.19429307527518
0.195357273174395
0.193119916093743
0.193525872414216
0.192903582346146
0.189759283239943
0.187999629776461
0.185885134688549
0.183336984139841
0.181658339531623
0.180948334666781
0.180722987165334
0.178334340201321
0.175414601189477
0.174248966783335
0.171504534992738
0.169022694246494
0.166249349652727
0.164043506449178
0.16427111019138
0.163590004937843
0.16895639850209
0.170758356333013
0.17621105649447
0.174130091947748
0.173978683768534
0.172630473431432
0.170934733307308
0.169812263611361
0.164604946597208
0.159661124164085
0.15617821149996
0.151476869655526
0.146502094717099
0.139126096673046
0.134907370109976
0.134577505223199
0.131482122734343
0.129506075998215
0.126115054196598
0.122482236003238
0.119490415534012
0.117594161494794
0.116697688520075
0.117369637447844
0.118438293241964
0.12224719287345
0.123806773937307
0.124817105492826
0.127232073505775
0.125549530573056
0.125450189985818
0.127843559621136
0.127622364830635
0.12884161100709
0.131047049084453
0.131315742452648
0.130612193135098
0.129941897867227
0.125906714853576
0.123445755085734
0.121273306712393
0.118982874685919
0.114892002793346
0.109657796773309
0.105805940767766
0.102983898107904
0.0999632096816808
0.098176528591038
0.0934303527813701
0.0892717305988105
0.0875756247157922
0.0907402834056852
0.0939278687031882
0.0961265766763652
0.0942735364213049
0.0933258779807363
0.0926989863218571
0.0925453052861516
0.0878982329253247
0.0901869797487535
0.0928015183323327
0.0938658459729159
0.0950698172299128
0.0943278710318328
0.0944237165642024
0.0948705303465209
0.0955552589335201
0.0959048227387182
0.0969060379278104
0.0983126457551518
0.0997494720385332
0.09889900795125
0.0994252733148226
0.100250016189142
0.0998038721316052
0.0987133046817964
0.0973202077339109
0.0962123677899919
0.0939843384301434
0.0916001619364689
0.0924479218224205
0.0930873302749441
0.0951198162701977
0.095118683279871
0.0948620498486514
0.0929147599510943
0.0923137988651639
0.0908928742302791
0.0896549697654248
0.0866970858140951
0.0865381535316249
0.0871380852894751
0.105880036292832
0.0965003969694178
0.0944757671180654
0.0930835324105571
0.0953205455686427
0.0967588597091299
0.101399453532543
0.102563062743955
0.102154437303051
0.10149777657828
0.10186072340501
0.102559991944348
0.10611726113633
0.111805554572124
0.117940141675476
0.125591870077103
0.130197934552756
0.135622992917325
0.14239886410066
0.146172533845155
0.150906715672527
0.154945770025622
0.161628568460176
0.165810080289763
0.168073151267374
0.170906481651544
0.169287118059729
0.170456527523494
0.171658556868135
0.17267126545757
0.173015268562129
0.174373610235215
0.173943972206585
0.174028755932361
0.176889740745466
0.179750046373023
0.181901929232394
0.185189598046584
0.185807020128826
0.184176906321765
0.180850420613341
0.179589214151503
0.181143963156877
0.176133928615392
0.172771442058444
0.176049670700064
0.178678907225073
0.17926708822679
0.177376721448977
0.175776104426363
0.174843855585748
0.176518318646831
0.166064468448103
0.167418004005437
0.169392641302495
0.167558788859836
0.16526771698666
0.16797995818064
0.173735122679222
0.17580532751699
0.178167741131949
0.18070382519821
0.180982278688752
0.183470368667452
0.18493886307548
0.186281541562357
0.190843245860331
0.19698433036148
0.197854947840493
0.197853345141884
0.199101738949459
0.193814055487159
0.19082784150195
0.187568721341697
0.186502312513445
0.186280532336088
0.18547548790215
0.184396977866413
0.184922677231356
0.184864538150117
0.1848259701088
0.1844724618171
0.183773075980054
0.184683257012076
0.184930726538223
0.187068424537712
0.185382610320991
0.183657934555605
0.179434170340978
0.177082647845614
0.172144299664366
0.168391423852337
0.164493699237345
0.161304315546572
0.159791364812849
0.157982207963873
0.156432742605111
0.156440575411969
0.155871164680811
0.157028338099326
0.157602474201959
0.158419489642455
0.160458379289988
0.160323994827035
0.160491427144314
0.15984074546757
0.160225908618601
0.157925317063954
0.156615980228168
0.152997545230278
0.148528134006846
0.143879014907663
0.13691945761839
0.131909981455558
0.127873228037633
0.129039257320676
0.128660642242496
0.124685297514549
0.120708761788914
0.116277887396174
0.112379937230773
0.110670978149435
0.109771816364016
0.108807080195191
0.109890724097339
0.109943246341651
0.109593190665669
0.111693442103785
0.11113855905348
0.113175153771148
0.114034636540266
0.115629667666966
0.11500744008924
0.116127065051761
0.116509423235548
0.117507724195694
0.11847176521732
0.11829376975366
0.116411430066291
0.115059494475983
0.114049798634793
0.112614795666213
0.110572080054223
0.104567625818772
0.098793270257411
0.0981914823177795
0.0968858189766575
0.0961783885432729
0.0925610540075885
0.0890466036069198
0.0875760152190651
0.0884649397823637
0.0916868707112782
0.0944080366842535
0.0937626118623732
0.0925244517665969
0.0920979098726809
0.0931696454473678
0.0899637519135147
0.0888000019713944
0.0908806385455931
0.0909929942838748
0.0912196883310995
0.0900085402488934
0.0907942354607205
0.0909690025545284
0.0923473203269534
0.0940166962057333
0.0954624070961287
0.0959121551338685
0.0968399772153373
0.0968979623081058
0.0959428230072429
0.0951942589264542
0.0945238257570836
0.094981442955937
0.0938135358607934
0.0911816518061811
0.0884881273575718
0.0876030289549889
0.0888412655600382
0.0906843594415297
0.0916259093084132
0.0906343210600261
0.0898794672852335
0.0889712221651355
0.0871177767949531
0.0872665254672246
0.087136349762989
0.0837397323909232
0.0824904596183508
0.0842771251723488
0.0848867557990653
0.0851234771646823
0.0876842553510538
0.08761915842889
0.0911496208684012
0.0930636425028619
0.0939585130641956
0.0978669595904294
0.0986152485897166
0.0997353062307879
0.101371490422351
0.10356821278359
0.108703323908953
0.115232090359831
0.126288719452802
0.131472945789903
0.133962685928676
0.139532664743516
0.1438922906824
0.148601421453986
0.151709854251009
0.154982291542259
0.158649906551429
0.163941333471585
0.166546105181723
0.167193652688245
0.16845931852246
0.170024052957562
0.169685043718173
0.171638739325962
0.174108634028408
0.17415996484031
0.173862068398117
0.173817763546754
0.17737037646648
0.18108492767677
0.181869451885118
0.183050281445384
0.182190219475586
0.179916990230244
0.177456191327532
0.175105093650445
0.172744868086866
0.166390438549446
0.16382679378589
0.161479101219582
0.161165195989795
0.16240566198216
0.160957692329303
0.162692700301069
0.164720452237885
0.165981889747344
0.157458131130258
0.159151469871031
0.161560760234332
0.162283160103436
0.163590226363016
0.168451327508026
0.1714991797105
0.172248789616335
0.170748470209393
0.174472607607464
0.173577318851265
0.177583427540679
0.176326194470771
0.176651865767676
0.177083500103483
0.177645016264067
0.179250616468503
0.180888078871721
0.18194594167772
0.181263196936994
0.181085641227568
0.18008145288227
0.177521940443411
0.174147260611947
0.170859311778354
0.169968527555705
0.168258847574195
0.16723542593611
0.166552732178867
0.16567615071984
0.163794134211297
0.163819523765747
0.163902149742399
0.164845585486219
0.166091904104646
0.166687258282357
0.16494261654003
0.163260577980483
0.161274227322948
0.158474836723452
0.157031559449186
0.154338498698629
0.151799286042941
0.151956433756713
0.150801339133296
0.148156304760926
0.146383593508514
0.146229780564968
0.145334545897488
0.144849590753728
0.145997911459747
0.146473300463092
0.144657413588798
0.143393879000949
0.143030445708673
0.14260778757894
0.136898876470331
0.132114418856079
0.128193657768146
0.126276266429983
0.124424898946582
0.123112089528547
0.123943955471395
0.123498187032576
0.121229992139913
0.119723190615705
0.116845806283776
0.115188861068442
0.11234572156739
0.109768645355277
0.108766092130062
0.107989708167642
0.107816194305183
0.107246486047877
0.106586425037641
0.105006545873591
0.106397075243217
0.106713555679015
0.109382421909577
0.10810551394521
0.109192888578834
0.110449405491181
0.111105747919951
0.110376053561191
0.110171690143678
0.110598145211598
0.108269245178055
0.107575562537175
0.106413798597897
0.104852809610191
0.102249672153953
0.0974094214545057
0.0912234608104108
0.0893530018897591
0.0889231645525992
0.0873932598115628
0.0854492437754696
0.0842916678324311
0.0841413224977438
0.0843876181307633
0.0866566701461699
0.0883796844582078
0.0901809328052759
0.0908800759922442
0.0903425702605162
0.0904292272377215
0.0897109403177349
0.0865294621782486
0.0869652077490994
0.088165601834751
0.0887075162823453
0.0880858895344152
0.0872202829596595
0.0880080936285387
0.0884018202482189
0.0888902001099806
0.0905553078144687
0.0914905042786013
0.0923050648075051
0.0922050240978478
0.091990819517315
0.0916349385132491
0.0910863369011643
0.0907893510933008
0.0884957471512994
0.0860137402478441
0.0856472611808694
0.0862826123285798
0.087327386883503
0.0887432309248331
0.0886846473919447
0.0886516062835046
0.0881286764672513
0.0870401802128415
0.0857757497886785
0.0850411533504284
0.0838070507180189
0.0833803077367131
0.0842484267180045
0.0839145431260321
0.0847797081636906
0.0861226399309143
0.0892173018097457
0.0907349338100446
0.0945248351727085
0.0943776288254621
0.098389989791326
0.097361817130976
0.0976225385897338
0.100169919913556
0.104497841809913
0.108485287023074
0.113439855230514
0.114277260961371
0.12244424610784
0.128704943023171
0.133971498066331
0.140755732733848
0.147260752944585
0.154017667743701
0.157448602538757
0.16017793999743
0.16394563399134
0.167691859879753
0.169738456299081
0.170648424956624
0.170915667779327
0.171743644217426
0.172532952915619
0.172911117735907
0.172935439142218
0.174543202497308
0.176978862786381
0.180666546777502
0.182135964286413
0.182496871787446
0.182432246693227
0.181016878524377
0.17854060082444
0.175249944087355
0.173244626597124
0.168817605047342
0.163198667283143
0.156098627562545
0.156080980609441
0.152319919729453
0.150594180673307
0.150564638104297
0.150356861296564
0.154291867333369
0.157101405376775
0.157373348405908
0.146871706489766
0.148864937042612
0.154760424302211
0.151188956699789
0.1525295359786
0.158958571720363
0.161003406202317
0.1646219975309
0.166647902861606
0.166390533561043
0.167959368344894
0.168098612732679
0.168025238533874
0.167989392115211
0.168607494919095
0.165256268115615
0.164293997462328
0.165666389281123
0.165952418149845
0.165306559355285
0.166116273155762
0.165403097108981
0.165429548350403
0.164620292664771
0.164819862592585
0.163817060590728
0.163480424947445
0.16313124904005
0.16143134929224
0.159636994324558
0.159172505619029
0.159216415950795
0.156970714487839
0.156311433112853
0.15524932756586
0.154811170877705
0.153550638299227
0.15251975886298
0.152018800461853
0.14998486023427
0.147954262441446
0.145945164190297
0.143396844694446
0.141295758222495
0.13934035511532
0.137124656064077
0.136012595691705
0.134179086565891
0.132224932184668
0.132640791559523
0.130668642343893
0.133748862075593
0.132051937867538
0.127827255774119
0.124937635531334
0.12218625455571
0.117627827121001
0.113557446154773
0.112133167497436
0.112806653259677
0.112379872223582
0.113193864685176
0.113318285125037
0.112574425990963
0.111321852469454
0.110353002305028
0.110297651724108
0.110194715307892
0.108239012988844
0.107918535033649
0.106596862601783
0.105251988901119
0.103914592234713
0.104391130787469
0.10397531523483
0.104249086078783
0.105889676627357
0.106472748410721
0.107631564893025
0.108655682139871
0.108418184436279
0.108535089455952
0.107719410441796
0.106381096139499
0.105794947847883
0.105323531099151
0.103452684332027
0.101083328488902
0.100195688800576
0.0994217493130922
0.0949531879493531
0.0900722707459433
0.085914151172986
0.0846932306535742
0.0853760383147544
0.0847244436350598
0.0834249722907444
0.0844281933719106
0.085295236216768
0.0854252355951875
0.0863268291550402
0.0880493821533647
0.0902896323376654
0.0917542015191687
0.0932662248071953
0.0923090687928273
0.0924704248849161
0.0908307039442085
0.0891501421278059
0.0906070267363453
0.0900927120153442
0.0902645252263238
0.0901779218411183
0.0900269563690582
0.0898815013647889
0.0905743381982268
0.0903503488542701
0.0904412240190184
0.0907825362167323
0.0907124644052266
0.090369297118876
0.0901033063738771
0.0894585818237105
0.0890656699056708
0.0870198636593571
0.0867334043735593
0.0871913623650602
0.0851610163302586
0.0862585025246375
0.0870956990945804
0.0874172490165704
0.0866396475486108
0.0853705158396054
0.0842304681112983
0.0822287849018754
0.082279304277237
0.0844591742211329
0.0850290719947774
0.0851042448220344
0.0842423724966814
0.0868353515006558
0.0885089011188503
0.0898407981022325
0.0928612672205161
0.093986768890089
0.0981530912347213
0.103050781629425
0.102860307667222
0.104268154773335
0.107057620971741
0.11063876751009
0.111915337236864
0.113073560581722
0.115443436624028
0.120575747041279
0.126361991477665
0.132478383600518
0.136040644457868
0.141003698622883
0.147864913560351
0.15425679530127
0.15900882097403
0.161763832713439
0.164351651160672
0.165575859129076
0.166637185371585
0.166597271303104
0.166170143253369
0.166017924539723
0.16644710056512
0.166437335750834
0.166879066465917
0.167975040190869
0.170149993253589
0.172183641184815
0.171734273402086
0.170856934539402
0.16892855077796
0.166629204141442
0.166021185523238
0.164029194406084
0.161408304866081
0.155409253170707
0.149928568346562
0.150476324796249
0.147635854355972
0.145343985044578
0.143512278076652
0.142904040748563
0.143312936688901
0.144247723024989
0.14559036144917
0.135503153720831
0.138217287529655
0.139943870548969
0.13700185022416
0.136766619781467
0.137546300451631
0.139576047398124
0.142794183841417
0.144330681147463
0.149978864780771
0.152098944487817
0.153846821050941
0.153074053145785
0.152475423859616
0.150902776451679
0.149489997721607
0.148225797864553
0.148320575750673
0.147429323856945
0.14715475976936
0.147809776835567
0.148243978583404
0.147600837857594
0.147528138977494
0.147153258111313
0.146697739928827
0.145865720844361
0.145930551599008
0.145203459235144
0.144730156818673
0.144045584945128
0.142846342690852
0.141744402162622
0.140949380552452
0.13959449350127
0.137822821056497
0.13634626823507
0.135221604757984
0.133364563820364
0.131038464914331
0.128538298203167
0.125390448210391
0.122917950756639
0.120648639686083
0.119620869735263
0.118352562655911
0.117462039673062
0.117714650266828
0.117413469984856
0.11562404061424
0.117115330725505
0.11488814677618
0.114251891734934
0.110846539490672
0.109180764411721
0.107922859724058
0.107870793495794
0.107353989696613
0.10719881182019
0.107068043300334
0.106197628933757
0.105296359116014
0.104929188924191
0.104037856427906
0.104847890465193
0.105817354976815
0.107087019191576
0.107502604059953
0.107759650803593
0.108834875160205
0.107238637186474
0.107105122970029
0.10522782870923
0.103897906647366
0.103383357878979
0.103455514329258
0.10423001355978
0.105522232105289
0.105706637047636
0.104805754433983
0.104352688070066
0.104571924448702
0.104078973778412
0.102631216928982
0.101614598401771
0.0998767820768299
0.0986860035488959
0.097301651028957
0.0939571632129993
0.0916675008802344
0.089090482454414
0.0872123630166368
0.085409527526421
0.0848216520237612
0.0853639158971334
0.0856745835267448
0.0854648393737523
0.0854759374342786
0.0863499008734517
0.0866508290132095
0.0874678920278982
0.0887617473039388
0.0900756510437895
0.0909418207363296
0.0916740795080501
0.0922197182144829
0.0918449958251053
0.0919666395626461
0.0908786217897286
0.0892915600584131
0.0900330661005175
0.0905217380157529
0.0902553035126929
0.0911733717722292
0.0905812089073787
0.0903757951795274
0.0905314219679546
0.0901011633738322
0.0900318501771136
0.0903347270871866
0.0901235734416279
0.0900032167968928
0.0893616588306413
0.0886725052764161
0.0872646254950996
0.0868442532330798
0.0863431063227668
0.0856610231007399
0.084681244076501
0.0854277178303648
0.0861488454634538
0.0852456274679714
0.0846889281620181
0.0834140348242727
0.0825640755198111
0.0825548292422594
0.082900772371354
0.0821538783941068
0.0821168087855172
0.0817193294289142
0.0837744487558427
0.0854919997110347
0.0869223296349487
0.0887547402953888
0.0901341083088717
0.091981773621277
0.098036436265706
0.099390954522914
0.102419091617086
0.104973796955252
0.108939150243017
0.11453530062559
0.116133969800172
0.118542882701361
0.118782417011809
0.117790807595326
0.123520303916076
0.125647391694144
0.129671917285864
0.13365545118091
0.13777483801324
0.142248161452257
0.147820901410109
0.153052274762159
0.156558595121071
0.158671926391955
0.160205571390774
0.162493650833089
0.162747473604852
0.162210342050644
0.16137809858373
0.16107515414897
0.160799972412964
0.160835435664778
0.16168755668239
0.161857100945466
0.161286640463378
0.159701733626562
0.157150303639583
0.155623513290225
0.151758975914639
0.146529026892763
0.143135661430117
0.141311249320514
0.141009421513337
0.137967361502755
0.136514440685172
0.135424035881104
0.13422730221779
0.133589358043169
0.132253153900447
0.133141241756944
0.127009904700116
0.126748253331593
0.127512484953307
0.127084087673177
0.127480239628917
0.128325950188036
0.129760543890425
0.130085743306847
0.129677617225585
0.128950013953115
0.130785167395808
0.133496282877421
0.13492712462258
0.136740208085763
0.137418344255506
0.137551379441733
0.138487714945261
0.137985714026378
0.137946013849849
0.136931176267657
0.136082848216327
0.135796373766374
0.136789523629411
0.13698305364209
0.136549159888404
0.13600693910041
0.135923877951335
0.13564097777451
0.136089833630978
0.13519218574085
0.133858698901569
0.131983730578392
0.129728443838216
0.129056541879817
0.127079164781029
0.12550665959158
0.123947796056188
0.120996382548871
0.119210443562841
0.117347513848618
0.115888255972126
0.115059361875699
0.113993837251841
0.113677566759341
0.113282131307866
0.112985752500075
0.112899376215534
0.112374660178297
0.111431193641761
0.110544133676823
0.109140645881663
0.109263683896542
0.108597443779564
0.10786183473223
0.106139587231851
0.104748933951121
0.103453002135273
0.102414841467783
0.10157846572826
0.101138649750791
0.100491989139499
0.10047891143443
0.100360313415442
0.101084912755555
0.101249175699255
0.102905779585927
0.10414517071128
0.105192987930529
0.105502977775644
0.106616547663554
0.106545522122296
0.104895014014714
0.103392226281181
0.100853426683764
0.101421590890416
0.101432044697626
0.101459892582196
0.101924654537022
0.101640638106284
0.102825271739467
0.102451206882073
0.101666151447869
0.100143374848589
0.0990037329052381
0.0984239972983705
0.0975438714936687
0.0963401160854828
0.0948385954448495
0.0936118669498249
0.0914894017111995
0.089196584259884
0.0885253421160608
0.0882396202011656
0.0884477500413431
0.08847580485446
0.0891958221585429
0.0897838229782673
0.0898023191476273
0.090186558801012
0.0902360948440437
0.08972269398917
0.0901253769291544
0.0908247533215368
0.0916603761582447
0.092494607568962
0.0918041663841159
0.0921506169854593
0.0923334744964479
0.0925954085651958
0.0926068536820872
0.0927566827565542
0.0924745572034494
0.0920484048133759
0.0920220822460727
0.0922549027900664
0.0926288186168517
0.0923922509538384
0.0925548112210702
0.0933455623344033
0.0932358004842428
0.0925402286321078
0.0918987955846081
0.0913636802907008
0.0889329712972957
0.0872337059483183
0.0864050055832861
0.0863859968081914
0.0873651506934927
0.0873524904056887
0.0863023370201589
0.0853767233730434
0.0840102808487053
0.08311471609755
0.0827840969252107
0.0826775611165693
0.0816661379483813
0.0805280106303596
0.0791345615782779
0.0791617767090847
0.0796896922308023
0.0796531351709081
0.0818293072066174
0.0845048444891011
0.0862391599359344
0.0897156470493385
0.0934127785140295
0.096828482803398
0.101363902219075
0.105381429345002
0.106149534073964
0.108802530513829
0.111643245988478
0.114627354280746
0.123355144582883
0.126134716593836
0.123814122497466
0.118228190442868
0.116025268908002
0.115650801000705
0.11712322566906
0.119927234104861
0.122033128226227
0.124685044362295
0.129243695390597
0.132883148471105
0.13564327271184
0.137261275083493
0.139170032675721
0.140756163099137
0.141396180864104
0.142288793434565
0.142763291232203
0.143536757103271
0.143321207798174
0.142357316828506
0.142227682697619
0.142388092986708
0.141128947958934
0.139083366108754
0.137289554874887
0.135480350117233
0.131857983506465
0.130151863849655
0.128917819612634
0.129762979860616
0.127917042958612
0.126415629197914
0.126280648554226
0.126455795155752
0.126222690910031
0.125890649886639
0.126529595909031
0.120086906747287
0.120366955056967
0.120777372509571
0.121356497111473
0.121429167079182
0.121630888573436
0.122059398209521
0.122507521049755
0.121611414821596
0.121742905854359
0.121445467479019
0.122471552756977
0.123783700743971
0.125407402896832
0.126108059088383
0.127386696312496
0.128231639638623
0.12842309645993
0.127774093909665
0.127964895419477
0.128068258602913
0.128673727574644
0.12852315824827
0.128653822509056
0.128520816717484
0.127598206343633
0.127084435152929
0.126196930200705
0.124930770767166
0.123799255671
0.122405789233953
0.120907197094235
0.119724964695122
0.119018922214623
0.117969337709435
0.117058907351964
0.115971645594106
0.11422236926702
0.112690478000345
0.111724771034944
0.11055521822525
0.109810116389677
0.108843904630051
0.108329209980864
0.108244016195208
0.108007374212395
0.107011951181952
0.106267379731829
0.105538808604308
0.105220041032262
0.105331060131757
0.104639470058233
0.104318697351924
0.104099513753457
0.101784437146992
0.100800077048818
0.1006302409809
0.10024139620032
0.0999062484168053
0.0994431260015465
0.0993327379837989
0.0993933801100306
0.100748400027025
0.101906976711704
0.102319437997965
0.103988998201144
0.10335855636817
0.102740026467736
0.101380828803521
0.100381737044793
0.0993600604104681
0.0989629811990335
0.0975283895533642
0.0976267412403006
0.0981645056021944
0.0988165579441589
0.0994732902639547
0.100976538301276
0.101547726087929
0.101889335049994
0.101833373215195
0.100579207440178
0.0987387346716995
0.098137023270612
0.0975559261759496
0.0963390418396998
0.0952672331099743
0.0927576616100065
0.0910406861261025
0.0894257830157735
0.0892906085064137
0.0886636668386574
0.0890123200605862
0.0892363808294658
0.0893435548752152
0.0901977493104132
0.0904992752627796
0.0912003659632547
0.0921095590185354
0.09227269031236
0.0919875541994469
0.0918048165094562
0.0925066547720518
0.0924637738646759
0.093660357907181
0.0933262170605363
0.0933669329611554
0.0936884919029366
0.0935877235736646
0.0939477242308204
0.0939817654731629
0.0947136457637406
0.0956267328522994
0.0965892214134047
0.0961913607371188
0.096276613410037
0.0957282032437206
0.0962662727393522
0.0964174481783116
0.0954704679933708
0.0944517009088939
0.0941356980286887
0.0932205465577322
0.0916823908739853
0.090200831995112
0.0901266216595213
0.0896842705193272
0.0887940167848666
0.0882711983381254
0.0874383177051813
0.0861836305539016
0.0860112312446078
0.0849779495297914
0.0838746963887027
0.08317563957753
0.082583916290722
0.0817650291302118
0.0787531047671872
0.0769896335900847
0.0766339171223365
0.076949232316032
0.0773498267064427
0.0785928925920003
0.079632765480975
0.0805941359099641
0.082844254523148
0.0867428693252061
0.0904252309782129
0.0943773015062989
0.0988230444247907
0.0998777911323472
0.100603463603049
0.102080225481797
0.104942004305498
0.106871569571808
0.108800931507728
0.108308185007333
0.108934150680652
0.109095766461801
0.108553948273697
0.10805112082627
0.109470159535885
0.111501302875323
0.113508798312648
0.114255090245987
0.115998327504294
0.120085446113211
0.122131422409327
0.123675401867879
0.124591258592994
0.126152362580141
0.126954262135131
0.127249931692625
0.127631255048838
0.127398617539973
0.126883681864384
0.125945586940726
0.124262022035714
0.122690316632816
0.123153563330848
0.122352814906947
0.119393294356942
0.115911027747655
0.117291786046941
0.118576611180574
0.118586795542646
0.118864502440685
0.120034385119012
0.120093244271625
0.119016155307704
0.118522064166392
0.119047376370702
0.114574698869347
0.1148315123305
0.115884229993563
0.115444578742526
0.11483944209217
0.114797645571084
0.113725140073627
0.113185534812803
0.11181767511917
0.111845195848576
0.111507089123087
0.111778215834854
0.112758423349715
0.112917412391701
0.113645436569213
0.114172491507064
0.115547315715786
0.11618624314984
0.117374952855884
0.117850962679155
0.118245743345839
0.11810732608707
0.118449346286315
0.118473390314034
0.118395009744607
0.118389450448329
0.11802058695281
0.117672882242995
0.116899585841993
0.116799340373062
0.115846832808975
0.114915402025078
0.113944864211716
0.113507700292275
0.112986058114392
0.112112975445827
0.111879167282932
0.111366501734339
0.110191296292522
0.109725973184589
0.108747669027571
0.108441895287308
0.107699054127915
0.106662168949953
0.106603684366284
0.106133153249297
0.105773030306323
0.105453001068888
0.104368338007451
0.104584929400581
0.104687854067737
0.104569143193071
0.104122611275981
0.102736505185987
0.101781326236984
0.10188838484698
0.102073155570629
0.102449194301447
0.102528281517835
0.102519614904641
0.102796978572794
0.1027542607889
0.102534051136984
0.102731798494146
0.102400937830932
0.102334094160865
0.102172984138533
0.101690076202804
0.100578353886952
0.0995410233414036
0.0985566522425192
0.0980951900587973
0.0978053946635986
0.0974222225033458
0.0972163256464979
0.0977284297772133
0.0981055626256532
0.0986143190402481
0.0991749171127427
0.0995578304165468
0.098947997383909
0.097899899723713
0.0973428775801061
0.0967856714311294
0.0963987357845316
0.0970907676011525
0.0963486583369035
0.0959591369560013
0.0953527742432386
0.094438911220385
0.093514398331482
0.0929714746799275
0.0929351344262763
0.0928009124474801
0.0929988075636474
0.092920814734454
0.0923519997423235
0.0920609968688353
0.0926639158880694
0.0921732112003966
0.0922857050246701
0.0920670983398745
0.091593082960227
0.0915990034722461
0.0912642456201031
0.0909482996970501
0.0906850987614296
0.0908659670974776
0.0906469569064476
0.090612413395991
0.0909574354244385
0.0916750168399749
0.0920992178260321
0.0918735703074426
0.0915902431851689
0.0915369782132393
0.0921027118174533
0.0923422016060251
0.0920315501166493
0.0920605360922448
0.0920587664380538
0.0923735067450918
0.0918566843059585
0.0903540652170721
0.0894695262427301
0.0892637254938309
0.0890401852989687
0.0885310452330007
0.0878720731549253
0.0875259749893108
0.0872922244584222
0.0863931932560681
0.0866271387922322
0.0859611760764115
0.084693612016503
0.0834783872327807
0.0820641985442931
0.0805827965548996
0.0794852808274925
0.079254541673016
0.0799546572629594
0.0799500137621636
0.080550427653649
0.0816021294394405
0.0820948124528826
0.0826424323849911
0.0836623461494286
0.0846310323812517
0.0862049761278198
0.0872353223058511
0.0880692865064621
0.0891445088649279
0.0896562053195838
0.0903962563932118
0.0913936161467122
0.0925631753768897
0.0937075360859854
0.0946993285108086
0.0956164072343666
0.0970738727465891
0.0986934953315445
0.100384833847906
0.102639230302024
0.104314188650901
0.105819807657369
0.106329367825103
0.106755515037197
0.107607313632164
0.10811423813339
0.10792191195516
0.107256203409092
0.106632350295754
0.105561798662201
0.104914951996931
0.104567073043918
0.104366958935391
0.104419484713389
0.104928957493414
0.105618358858121
0.105766923310637
0.107478269160904
0.108394423816527
0.109925304780463
0.109951773268543
0.111185495946085
0.111846296097143
0.112810872358103
0.113312866041793
0.113843749715906
0.113695346288657
0.113830161132148
0.11417600392938
0.112747157946212
0.11300319667989
0.113116265784583
0.112650422610618
0.112186073488387
0.111270478134486
0.110739799389096
0.110654971358553
0.109595342438855
0.108427309863972
0.107959543562308
0.107957373432775
0.107317302043082
0.108078217322383
0.108059464974819
0.10761317165865
0.107952927950358
0.108378913426539
0.108411970455785
0.108732372354136
0.109418325873198
0.109736764742025
0.110157586302655
0.110329666048798
0.11017230203386
0.110289570546433
0.110663847226189
0.110971248702814
0.110659103713231
0.111014494470721
0.110840129046252
0.111199281975452
0.111448570086868
0.110924273879492
0.110943866508804
0.111144401125568
0.110657057989169
0.110176483202144
0.109951703116473
0.109060269682502
0.108440625788433
0.107721626522917
0.107009050410301
0.107031996107957
0.106725490071864
0.106014194316492
0.106078316185981
0.105643710676425
0.105966495830804
0.105922140867245
0.10536889926487
0.104739657317451
0.10446461653336
0.103162925470395
0.10332444481586
0.103366574737271
0.103542659348705
0.103844430366106
0.104070305241581
0.104832001708648
0.104440230443216
0.103629247248268
0.103477648984865
0.103052593249333
0.102941283630479
0.104052945114347
0.103881128070119
0.102979670308572
0.102569621610806
0.101928206327045
0.100873511530091
0.0999817645534744
0.0993931689332365
0.098756988739935
0.0976673165951331
0.0973306040748285
0.0973599223607479
0.0978775597592726
0.0980472677562257
0.0979214613046106
0.0974144682473638
0.0967261824380716
0.0959876893522394
0.0951224517073938
0.094344219885977
0.0936875635469286
0.0941617562093815
0.0943939507336814
0.0951374979044052
0.0948107723167446
0.0940387182485188
0.0939842311561616
0.093468224582547
0.0929698038776498
0.0929275604516255
0.0928536954788291
0.0923731346191577
0.0924003610634685
0.0915456513446512
0.090791744919174
0.0906178126423572
0.0903411862784348
0.0901552680810652
0.0894702787154869
0.089475180096991
0.0894543774841343
0.0894123047125453
0.0898006262998074
0.0895115936425368
0.0897389558751414
0.0897577957503207
0.0895977321061826
0.0890912531369544
0.0889455696198936
0.0888796299462618
0.0888678545719257
0.0890852618185473
0.088968302200165
0.0890750119656499
0.0897096313289079
0.0896433156062909
0.089217006314012
0.0875928008752794
0.0870546538315275
0.0870262217734834
0.086800946430595
0.0865587459326896
0.0863267259491754
0.0864605604397806
0.086623652760043
0.0864837775761846
0.0864227745082424
0.085555823776731
0.0848941560230816
0.0844836910606893
0.0850385479429713
0.0850476545562755
0.0850343097952073
0.0841839912719093
0.0835801368215443
0.0837919122669717
0.084178739870015
0.0846053938079882
0.0844861745967266
0.0847800337127127
0.0852999576580067
0.0859914593757832
0.0864728560863611
0.0874515111734238
0.0882118593404682
0.0890072886745213
0.0904206628797754
0.0907900599178359
0.0912292833400907
0.0916072283427869
0.09162767872586
0.0923074194805976
0.0931721972657759
0.0942496119313836
0.0956003467457541
0.0965873604241558
0.09786977280787
0.0994584007870399
0.100120945954531
0.100824759931607
0.100859537350768
0.100882283183537
0.101080292342609
0.101408655168157
0.10128813351917
0.101403678092971
0.10142301435936
0.101735984773026
0.101838510881814
0.102201056662177
0.102571923211408
0.103657502320208
0.10469987797164
0.105098983381122
0.10494751018361
0.105396730842447
0.105279603405077
0.105933456578211
0.106473455626369
0.106897207950596
0.107812495241472
0.108618490444962
0.109976877100787
0.110226193434761
0.111504149625455
0.112391570701875
0.112817116147692
0.106491654666067
0.107062797160754
0.107308217253249
0.107122251986148
0.107065493655527
0.106578165977955
0.107013333580903
0.106821754425546
0.106091848539489
0.106003001344318
0.106325893715346
0.105678368344815
0.105461131706862
0.105367329734039
0.105657526790891
0.106231961309111
0.106020125637456
0.106390041978137
0.106187136914762
0.106593257426604
0.106657884047536
0.106577836991583
0.106952092602744
0.107130210366388
0.107061805252733
0.107489406360023
0.107042694703993
0.106644978308907
0.106351132237865
0.106237863091856
0.106371269573634
0.106513357220738
0.105977607223091
0.105899571889805
0.105468235503839
0.105321570632962
0.105142153007139
0.105237602568819
0.104856788244013
0.104554730844832
0.104747807163033
0.104742164071103
0.10465827719654
0.104925409667553
0.104973609780546
0.104715255390375
0.10522864750229
0.105061031464154
0.104446243109472
0.103911746032585
0.103841676929902
0.10340708837818
0.10324371188306
0.102577642864441
0.102852911179431
0.102085150571639
0.101794067224781
0.100640296097247
0.10072715834305
0.100569997123129
0.100524133216303
0.100296021071544
0.10035694243587
0.100078219168749
0.0999525548770317
0.0999704475653763
0.100349523339663
0.0993429520518371
0.0987804684185959
0.0971289084753882
0.0964219042528278
0.0959426130569057
0.0959768788725672
0.0955865967245002
0.0955713587784066
0.0953718916289371
0.0956378095095725
0.0958086913833152
0.0953876987160436
0.0958369018819699
0.095561632380225
0.0953134462592239
0.0955041679373845
0.0954463421128834
0.0949676635707093
0.094177033505085
0.0940862226324929
0.0945951654772674
0.0941455188112029
0.0942650467088714
0.0940426677661031
0.0940073416890396
0.0938241710695864
0.0933383052439225
0.0929039721107359
0.0926374513420657
0.0919942598888809
0.0918768954223362
0.0915090545395608
0.0912880232118041
0.09094442984968
0.0908443067242443
0.0906737419273722
0.0903444989904605
0.0896625687554643
0.0892613411116092
0.0889909883106422
0.0885925517406295
0.0883488952956655
0.0883666848000272
0.0880896332946607
0.0882420556188824
0.0879821373428918
0.08793314723769
0.0878198294103699
0.0879198548740562
0.0874938556944713
0.0876535651650471
0.0877852632179129
0.0874958856224301
0.0866850999929657
0.0857398629762275
0.0858418964280605
0.0857350099009786
0.0854201102277334
0.084927818915222
0.084458212388188
0.0840834738537251
0.084011326955312
0.0840973078591369
0.0844014664761917
0.0845919728251919
0.0848063939810728
0.0848129534042515
0.0844959521941082
0.0841716744949604
0.0842004443949246
0.0844210059787851
0.0847618970039467
0.0854224940808042
0.0859091352095074
0.0857884431016382
0.086611071885608
0.0873771232872778
0.0886384955102428
0.0894075944064813
0.0898923189377654
0.0903834430619578
0.0908104026154313
0.090733247028615
0.0909058201858161
0.0913484260027669
0.0915292255502601
0.0918576466585329
0.0914421404652833
0.0915318816714164
0.0914264335201245
0.0911284957284035
0.0914211158929307
0.0919267885355597
0.0921185552479193
0.0927910072229963
0.0932539629101135
0.093620958876961
0.0936269384142942
0.0939627186234251
0.093901364456876
0.0945116126641211
0.0950708442139536
0.0951811985443506
0.0956372798520017
0.0961732716337901
0.0965370766641187
0.096756913354984
0.0973236732889542
0.0975469953197433
0.0984891166514106
0.0988512128246299
0.0992057668719659
0.0998239605137654
0.100051211207544
0.100624617390722
0.101382631600955
0.10259520619857
0.102930800566175
0.103694929321472
0.104460746711366
0.104773081819396
0.104750348962693
0.104939470814759
0.105294237287104
0.106278040893628
0.103632027963145
0.103939379396945
0.104573051543999
0.104802892796518
0.105418799587769
0.104938560689386
0.104809462515904
0.104766031519375
0.104294718782358
0.104653149545521
0.104513033097668
0.10481406649996
0.104281529399294
0.104093562140572
0.103593271957578
0.103911751433118
0.104252726197496
0.104054123432479
0.104471712731383
0.104251998360882
0.103851972290972
0.10376505044679
0.103462103227055
0.10371240601557
0.10289252164213
0.102851321507158
0.102468018974973
0.102468050254127
0.101977328623704
0.102637174846145
0.102322307612656
0.101954060457192
0.102244844796953
0.102316803672068
0.102105320765347
0.101706711207872
0.101803783559363
0.101780629601977
0.101470803319596
0.101307624521267
0.101129452024986
0.100654050124582
0.100217846330206
0.100242635734844
0.0999876106012533
0.100095680799276
0.100019521728481
0.100037585254754
0.0998900138091113
0.0993175051588619
0.0989134805217115
0.0982044145326212
0.0979148371122506
0.0970660776507906
0.0969774000668918
0.0962412502999084
0.096345096036547
0.0962390810759637
0.0963827590594429
0.0956415711892843
0.0956870549245439
0.0953641563137324
0.0954260722811659
0.0953921764227228
0.0947653884254769
0.094702893819787
0.0937601820885073
0.0934851071254755
0.0934917825177694
0.0936576084312946
0.0937383307606323
0.0932712650910034
0.0934537485699505
0.0933087177333419
0.0935361885518658
0.0933636658089414
0.0933686591437175
0.0934426613521156
0.0933323397652593
0.0936489245971241
0.0935107526761671
0.0935785734736732
0.0935341148565159
0.0936995447813454
0.0934829350119554
0.0936442663139608
0.0939880767246308
0.0935943678742458
0.0933737337682782
0.0936632062358437
0.093463274379126
0.0936006525185209
0.0936403144665746
0.0937243246294046
0.0937912574113389
0.0934111930352334
0.0934775945843501
0.0935223184311497
0.0939593744359227
0.0941835883946378
0.094325905828481
0.0942344088094572
0.0940688777382388
0.0937246934588456
0.0934649166585482
0.0930751502396497
0.0930478336146402
0.0926002813504367
0.0927038859451502
0.0923009744291398
0.0922310046582118
0.0917769746990672
0.0915580872423291
0.0914063503588377
0.0911466025297469
0.0904758623891188
0.090331030995673
0.0898593468848086
0.0897776489642955
0.0893647916058202
0.0892934367638449
0.0890805843901377
0.0888970183416978
0.0885278466742155
0.0889679139896644
0.0889111051834117
0.0884543027641873
0.0887494743790346
0.088686118578315
0.0877597872268173
0.0878623601239008
0.0876687957038485
0.0874117858720252
0.087147036770015
0.087674786158363
0.0879495978794688
0.0879049814704616
0.0880088092496882
0.0885404779531284
0.088543608760805
0.0889123328138479
0.0887185516550423
0.0888867732721897
0.0892996348424401
0.0898454717497264
0.0898547295384964
0.0904182759873627
0.0907365791318848
0.0912675784555824
0.0915972309964246
0.0916500218275166
0.0920103735182888
0.0923628673779301
0.0924632877287605
0.0923338828803371
0.0929977007114515
0.0929873141082131
0.0930305466316726
0.0930048164252171
0.0933674952992695
0.0935761583370264
0.0933961638278409
0.0932401909324961
0.0935351366245839
0.0937418814991895
0.0939935247212893
0.0938172930975738
0.0939139527387154
0.094346793363116
0.0944501528997562
0.0945383786593575
0.0947400290643325
0.0948440478167652
0.094943271507364
0.0956320214123075
0.0956509226909605
0.0964763235020386
0.0964114618330025
0.0964788064792566
0.0968377558795906
0.0971896885085401
0.0973484981816959
0.098237514467375
0.0987388787560612
0.0988557627836354
0.0990190922288671
0.0996985923732552
0.100287007376599
0.101268056792829
0.101583067017055
0.102555886295475
0.103241395095672
0.097465767443135
0.0978433283083572
0.0977253806318948
0.0975155681749761
0.0976632700312601
0.0972797595911088
0.0976500003865578
0.0979434044767474
0.0982736517788776
0.097906236423263
0.0975119644554874
0.0970838318305774
0.0970636663303686
0.0969652826310084
0.097059977910351
0.0970413860703931
0.0970742194276965
0.09732304656622
0.0972670299709884
0.0970237496945557
0.0968789213280859
0.0972132547408597
0.0969639712056431
0.0971529845159769
0.0973848682365203
0.0971408850102772
0.0972409915931652
0.0971257527020706
0.0970722928092208
0.0969792883962063
0.0969233065489026
0.0969034169792305
0.0964507086385131
0.0963143953636703
0.0963490818097977
0.0960269718226233
0.0958850154546579
0.0958269367635955
0.0958405448485894
0.095465687213959
0.0957931164509285
0.096046924430246
0.0958369984746903
0.0959108024644017
0.0960285519598036
0.0960843364867136
0.0960468997773562
0.096357429943711
0.0960157403014692
0.0964149321441435
0.0960464005487715
0.0961404753456354
0.0963765187847035
0.0965242058315358
0.0967069201472461
0.0967011368949624
0.0966964856073595
0.0964135682826502
0.0963651613601318
0.0962377206531842
0.0960055566528564
0.0959702679085156
0.095804212234414
0.0962652652914958
0.095691233731574
0.0958307606878915
0.095935301500965
0.0954105668120531
0.0955678883440837
0.0957170801214691
0.0952439293768956
0.0956496846509197
0.0954500176214853
0.0955192423881297
0.0953072747013474
0.0953259860596092
0.0953121123887601
0.0953634209940572
0.0947407214775892
0.0947005211399401
0.0947039803743338
0.0950657143079351
0.0948637613109896
0.0950686458609383
0.0946367803261594
0.0947138701245361
0.0949621998704512
0.0947942525316986
0.0943540738008872
0.0944705136938086
0.0944278406184376
0.09430676425683
0.0942461690881997
0.0942314166598098
0.0945611205430352
0.0948722757987362
0.0944534934889476
0.0947394022002491
0.0944915914797808
0.0949419716248993
0.0946409706084952
0.0946295532175444
0.0944273150377072
0.0943754047859158
0.0943713067543866
0.0942114267434249
0.0944412502531038
0.094332069701447
0.0942959299707827
0.0940415142397663
0.0939504566352375
0.0942645532925901
0.0944684268779511
0.0941528442899804
0.0943306620448038
0.0940180837858825
0.094082103093048
0.0942590737153344
0.0939795877007534
0.0939789128606469
0.0936589960614217
0.0935693018486546
0.0936835646905494
0.093249692883471
0.0927346504916612
0.0928148311784055
0.0929105975904577
0.0925189496588378
0.092601323006817
0.0922894295936697
0.0921853964058408
0.0926530279754349
0.092489596999454
0.0928097069039622
0.0925351968232592
0.0922297315867139
0.0925065159722808
0.0925047868885381
0.0925333202163578
0.0925643124715827
0.0925381418516984
0.092733900371586
0.0926240086298703
0.0927838908325001
0.0928826407163056
0.0928493587149514
0.0929580947388922
0.0932906477452081
0.0935330421245822
0.0935414475477916
0.093834555027997
0.0939712638233809
0.0939399642302962
0.0940757418751771
0.0944944490408523
0.0951958783659575
0.0948364015019251
0.0948350223402007
0.0950164341453118
0.0950467901156681
0.0952163703184249
0.0951215844165773
0.0951256483284307
0.0949451446311942
0.0950086124824683
0.0954596957638119
0.0953289945395257
0.0955474986419057
0.0954580279483549
0.0951018087174606
0.0952751930395741
0.0953896458342001
0.095103992704455
0.0951908658269065
0.0952759417064974
0.0953776734162975
0.0955997110700401
0.0956738958945786
0.0958383686548756
0.0956170814569035
0.0958988115145066
0.0961284836730171
0.0960600507170985
0.0962049167368006
0.0964994284603073
0.0967601894446135
0.0966450936795314
0.0968201933769982
0.0969491238692311
0.0967827283080633
0.0972006051320656
0.0973538934762453
