0.0697532667664415
0.0697455285483478
0.0697477551858536
0.0697596321617924
0.0697630500167813
0.0697928222081944
0.0697979628928188
0.069802356101778
0.0698428877645925
0.0698846107363608
0.0699401464881026
0.0700065642823609
0.0701050494887987
0.0701618933392753
0.0702171721638696
0.0702502256045115
0.0702698613273761
0.0703004955679125
0.0703556077872416
0.070405470201506
0.070438507871915
0.0704553529886789
0.0704682875174924
0.0704732407466627
0.070469239480705
0.070461750554056
0.0704739564093214
0.0704895353874796
0.0704745606815433
0.0704826546530281
0.0704913477927655
0.0704901199146489
0.0705025453694349
0.0705088977600373
0.0705330319630173
0.0705458048504921
0.070550381192999
0.0705516652936207
0.0705548070229601
0.0705671141853736
0.0705652261190993
0.0705792316593822
0.0706068477552836
0.0706326676476149
0.0706468410107309
0.0706677264980059
0.0706821920241237
0.0707080768118106
0.0707104440090994
0.0707266444826654
0.070723332046008
0.0707335585627654
0.0707437598477012
0.070763132608476
0.0707669187765967
0.0707549511995788
0.0707279977057476
0.0707194083968481
0.0707202976521315
0.0707146218048883
0.070710542746461
0.0707029489697669
0.0706951950830267
0.0706917446702325
0.0706581954324107
0.0706580601993868
0.070658916450849
0.0706539038939306
0.0706294946056535
0.0706196107032427
0.0706097931400046
0.0706050127555474
0.0705958135434037
0.0706044864195767
0.0705996716945393
0.0706060881575261
0.0705926578916946
0.0705885251597773
0.070578354941366
0.0705514946803616
0.0705513187764763
0.070543105600186
0.0705372395816626
0.070516715548463
0.0705313816823544
0.0705475566846885
0.0705442358881689
0.0705257061805792
0.070503000797783
0.0704752981203337
0.0704641228260071
0.0704326428409574
0.0704289414463527
0.0703663292009852
0.070355233027307
0.070332635837487
0.0703209766972833
0.0703090677056129
0.0702752052773029
0.0702631636507128
0.0702577275196623
0.0702521258159294
0.0702467369202699
0.0702343889519597
0.0702142276921385
0.0701956567739459
0.0701799872435407
0.0701617753188611
0.0701507063481743
0.0701521300145903
0.0701275646258022
0.0701021940871134
0.0701225419382538
0.0700981805343958
0.0700905277378336
0.0700769316671576
0.0700399865160695
0.0700230141575645
0.0700066604975176
0.0699829752243415
0.0699632338494732
0.0699550668619928
0.0699424930706503
0.069924426966673
0.0698986655053149
0.0698453827625185
0.0698360582056251
0.0698063456617237
0.0697804560338471
0.0697548010504618
0.0697503610034715
0.0697375150813442
0.0697205270659322
0.0697004951099799
0.0696962244854195
0.0696702724624633
0.069637653847146
0.0696143693759171
0.0695861281520739
0.0695920727122523
0.0695804849458455
0.0695900153156194
0.0695839503406495
0.0695568168584471
0.0695416323791145
0.0695346957483559
0.0695245962493595
0.0695138087731143
0.0694974458879021
0.0694849119765924
0.069494692708585
0.0694907161173952
0.0694808403937128
0.0694840480683644
0.069492005615247
0.0694970950297025
0.0694876437243853
0.0694846992304286
0.0694882000103277
0.0694913606594066
0.0694947967533396
0.0694923262206046
0.0695064911774072
0.0695030027058142
0.0695199106583607
0.0695329095245475
0.069538581853773
0.0695508870057395
0.0695600494955555
0.0695748647929091
0.0696019590518312
0.0696068175933477
0.0696266537984423
0.0696352292644732
0.0696976747734249
0.0697182823386687
0.0697287094898894
0.0697429121195581
0.0697609990147585
0.069789218871007
0.0697974501398647
0.0697805480116295
0.0697862289268063
0.069795364652665
0.0697964316543745
0.0698022643603543
0.0697693645235583
0.0697696106423509
0.0697615578296896
0.0697632955593318
0.0697516675150342
0.069758541168293
0.0704514467324092
0.0704858081611028
0.0705199976355351
0.0705539581752204
0.0705663420386028
0.0705662826061311
0.0706100042256454
0.070626463516504
0.0706440871069394
0.0706939912572316
0.07072908418329
0.07074842008471
0.0708051017342496
0.0708193890519355
0.070852151469601
0.07087651309789
0.0708574013252119
0.0708610379185638
0.0708303414532252
0.070770834761884
0.0707298728140828
0.0706452000732585
0.0705645622593772
0.0704808558543554
0.0704013204368008
0.0703245701838988
0.0702666607391995
0.0702099170141468
0.0701798891504602
0.0701584025818959
0.0701720397939083
0.0701394724644806
0.0701297744253288
0.0701016441689041
0.070116027562876
0.0701194700508831
0.0701334799594762
0.0701372254394579
0.0701442506837579
0.0701640488643697
0.0701841460430447
0.0701879604257032
0.0701954050613476
0.0702245330688113
0.0702608380503016
0.070303778636163
0.0703179374163389
0.0703656998288877
0.0703966312433307
0.0704243638722986
0.0704633601913173
0.0704976411422446
0.0704989049524287
0.0705101262673545
0.0704979274480599
0.070513995034794
0.0705092224728572
0.0705059344023702
0.0705233667717695
0.0705073063895776
0.0704990479530931
0.0704958674760149
0.0705027184863988
0.0705193990979632
0.0705051316110945
0.070494322174887
0.0705073736966016
0.0704979726537367
0.0704798185483439
0.0704445827998061
0.0704257450674869
0.0704162690984117
0.0704128783342948
0.0703931797510498
0.0704078079003827
0.0703831959428871
0.0703749936996016
0.0704009593117521
0.0703886293222376
0.0703935107013663
0.0704157966055804
0.0704316893357251
0.0704627648231852
0.070476312763397
0.0705476234819891
0.0706154084977072
0.0706454248172141
0.0706744785204629
0.0706478898335125
0.0706192579551831
0.0705958336742292
0.0706181571701912
0.0706279265779368
0.0706569635812536
0.0706746567172077
0.0706146960361158
0.0705911102844356
0.0705618129117701
0.0704698792604556
0.0704077631391133
0.0703497620841437
0.0702958520776931
0.0701980822483202
0.0701457012972217
0.0700346227768522
0.0699644483475825
0.0698993535179136
0.0698136459259476
0.0697203154258807
0.0696464072502275
0.0695628177065011
0.0694847886629046
0.0694287679869305
0.069389450005341
0.0693223620088947
0.0692737678259183
0.0692234257361271
0.0691559503506817
0.0691195813436245
0.0690824736115566
0.0690443488863394
0.0690116500658205
0.0689618145045332
0.0689013418872353
0.068839633465065
0.0687814326293379
0.0687427316946734
0.0686873532394123
0.0686438927237896
0.0686021094266877
0.0685490010629619
0.0684951279786743
0.0684903824316645
0.0684854558239792
0.0684540082945422
0.0684269762754535
0.0684003890647501
0.0683886590850385
0.0683636245783243
0.068348484461866
0.0683326278857454
0.0683237052353785
0.0682932055929462
0.0682763712883939
0.0682568029594908
0.0682603109550581
0.0682673736729476
0.0682873692518794
0.0683109497820077
0.0683195711901096
0.0683171018462483
0.0683476301445726
0.0683635195308329
0.0683834690278035
0.0684282980589061
0.0684735738516136
0.0685041564773545
0.0685216632925733
0.0685515824299791
0.0685717034525415
0.0685864921561779
0.0686286278924924
0.0686613038503936
0.0686913386861562
0.0687535863652818
0.0687843940005578
0.0688187162395084
0.0688342528962904
0.0688782585896095
0.0689140449760025
0.0689499958850684
0.0690213587683922
0.0690674924005892
0.0691464128565582
0.0692176044913018
0.0693100709070942
0.0693805997595482
0.0694965843687654
0.069580738650039
0.0696998559136731
0.0697915358475601
0.0699067754715818
0.0699963272442747
0.0700988840225776
0.0701418208739115
0.070187151214201
0.0702291320833363
0.0702663502611228
0.0703156814303242
0.0703523892940203
0.0703934149382568
0.0704107504082652
0.0703301366013147
0.0703575138008262
0.0703772260442265
0.0704419205034992
0.0704907351377517
0.0704975707745578
0.0705658888363277
0.070619061179836
0.0706130207900092
0.0706728174362996
0.0706701070204969
0.0706288015935812
0.0705810628968325
0.0705357305404431
0.0704663431878375
0.0703998077147341
0.0702675238355664
0.0701185024245089
0.0699955530763455
0.0698744599380131
0.069782203976525
0.0696959892670568
0.0696343502873354
0.0695721730958048
0.0694974258190962
0.069429488285024
0.0693549074436777
0.0693072480245116
0.0692883953593715
0.069239623255258
0.0692149985187476
0.0691967609111492
0.0692247299384649
0.0692788034099914
0.0693183257877199
0.0693604037215279
0.0694111672558121
0.0694332379366898
0.0694588754211005
0.0695219119384159
0.0695980220219729
0.069644611759932
0.0697222422156495
0.0697731743248543
0.0698068865448205
0.0698681560533854
0.0699353400961491
0.0700346310051721
0.0700667360957376
0.0701086387117229
0.0701520633300945
0.0702265561917635
0.0702835454882654
0.0702896290934617
0.0703241985673762
0.0703599734303146
0.0704506410998362
0.0705458541627545
0.0706220359908099
0.0706201564291454
0.0706187224254787
0.0706686783885523
0.0706561483790421
0.0706531896082962
0.0706436773611561
0.0706039211000641
0.0706058765093399
0.0705746331743214
0.0705819923771417
0.0705944846420829
0.0705733344343618
0.0705393892930961
0.0705464122338629
0.0705908048051842
0.0706392708007343
0.0706709114825349
0.0707063222548239
0.0706723030571315
0.0705703428582098
0.0705200215350164
0.0704309159862717
0.0703062106870863
0.0702089232036325
0.070064273551645
0.0699292902751123
0.0699172707698907
0.0699054195942198
0.0698926024175363
0.0699132866726891
0.0699437995438523
0.0700059694182954
0.0700253219917476
0.0700291429622109
0.0700126924826969
0.0699468222841929
0.0699018608615243
0.0698477939321841
0.0697255400639488
0.0696478042384141
0.0695387680500063
0.0694141948700613
0.0692671622790324
0.0691357005844871
0.0690291739742278
0.0688832153942282
0.0687473736496416
0.0686023459867759
0.0684968482035553
0.0684445856333831
0.0683611221983508
0.0682974746665951
0.0682208509985364
0.0681028859547204
0.0680323658325619
0.0679814169995462
0.0679260021702972
0.0679205845653388
0.0678643197481538
0.0678349040667184
0.0678261475327235
0.0677922061120548
0.0677513338132331
0.0677535155385153
0.0677523810477673
0.0677302554286705
0.0676697186588797
0.067661079626661
0.0676564995232996
0.0676527936984324
0.0676706909604912
0.0676878048953915
0.0676896441477087
0.067683229857133
0.0676915656308896
0.0676943646835237
0.0677186198300793
0.0677706404274237
0.0678309468156377
0.0678671275256607
0.0678668081314354
0.0678332701743985
0.0678390040768202
0.0678442512978147
0.0678631563975263
0.0678724509987486
0.0678889925268944
0.0679036557040565
0.0679115537776817
0.0679096592118592
0.0679247531412181
0.0679384291468008
0.0679529509039352
0.0679541173719032
0.0679759459158573
0.0680299895135723
0.0680970244289586
0.0681816842154807
0.0681989405171016
0.0682281798437324
0.0682456594586382
0.0682627905112729
0.0682764507290567
0.0683151466502384
0.0683504296250418
0.0683794106210279
0.0683780700571566
0.0683976388030527
0.068452381973329
0.0685186392999819
0.0685668085135383
0.0686415649614937
0.0687154027146585
0.0688042181271201
0.0688828252091578
0.0689316772139657
0.0690290337969274
0.0690740577934842
0.0691414218937562
0.0692283055048104
0.0692919357238706
0.0693884175044302
0.0695089716171627
0.0696600024384805
0.0697862670516951
0.06988226988208
0.0699792709768975
0.0700616124777414
0.0701477999308365
0.0702404075385557
0.0703359675683895
0.0703275993938439
0.0703031345524464
0.0697287773167352
0.0698475751261481
0.0699237276960642
0.0700317349070166
0.0701573219660385
0.070270663879968
0.0703527802093889
0.0704635494365848
0.0705249120587346
0.0705718723437249
0.0705402056666363
0.0704575251754146
0.0702977232843045
0.0702270755616968
0.0701155452490083
0.0700227007559732
0.0698877397174873
0.0697374233467056
0.0696159333682389
0.0694415528524696
0.0693124296876042
0.0691896478880761
0.0690651068398921
0.0689874829730843
0.0689301241736674
0.0688680937857014
0.068806500196967
0.0687771529214473
0.0687852254221476
0.0687908704600818
0.0687901745410136
0.0687988864125263
0.0688279587893866
0.0688682929441058
0.0689413183587146
0.0690483593108359
0.0690224533377815
0.0690087045263345
0.069022648470997
0.0690257350297069
0.0690898164580344
0.0690621295067594
0.0690891225290032
0.0691058814942614
0.0691578054711994
0.0692327587572545
0.0692709345248756
0.0693188136674613
0.0693762183444864
0.0694144750377577
0.0694989037403297
0.0695648918511033
0.0696457423338846
0.0697220609222541
0.0697606811235881
0.0698296523213928
0.0699431884513384
0.0700739698949021
0.0701506661563383
0.0702285661667703
0.0702988929483284
0.0703739873840268
0.0704121546548296
0.0704426838467274
0.0704759552192861
0.070471036898448
0.0704362429550276
0.0704193601715096
0.0704501931850085
0.0705022847713789
0.0705577403762009
0.0705817174620891
0.0705884925926057
0.0705988398171208
0.0705453070961158
0.0704402477997903
0.0703200149982139
0.0702806092300755
0.0701574364207695
0.0700626861397229
0.0699663369727497
0.0698259230683952
0.0697384317882504
0.0696600117935218
0.0695741275056475
0.0694776811573428
0.0693256321885649
0.0691441930845662
0.0689326617230693
0.0687984858741099
0.0686760611222206
0.0686082446966903
0.068543028097246
0.0684117788581011
0.0682893742429292
0.0682669127469591
0.0682519667559529
0.0682935784663597
0.0683577466086465
0.0684406668635904
0.0685352843173453
0.0686329732514512
0.0687187380029251
0.0687606516153365
0.0688577219206327
0.0690390587677659
0.0691232559576823
0.0692053958071607
0.069204304955014
0.0692271894717283
0.0692094467783026
0.0691423622840536
0.0691250093552953
0.0690884197818916
0.0690593953826161
0.0689841157344292
0.0688922231661421
0.0688507598120207
0.0687557214887367
0.0686372046128478
0.0685106803693421
0.0684012838655559
0.0682528403370617
0.068108587084498
0.0679554055074111
0.0678741764363847
0.0677575591517773
0.0676838579577144
0.0676002245354815
0.067576641569077
0.0675648147636766
0.0675593993854581
0.0675656728023475
0.0675679939151368
0.0676665517098839
0.0677280074388202
0.0677716382970585
0.0677323224162142
0.0677266220963975
0.0677605364986431
0.0677974852267268
0.0678327291636703
0.0678585815900901
0.0678692612501847
0.0679088752646297
0.0679569262542342
0.0680254799724696
0.0680774575059032
0.0681125370310397
0.0681224097695775
0.0680999716421109
0.068048462402451
0.0680098269772042
0.0679727007269814
0.0679372756756846
0.0678945736999477
0.0679150224522221
0.0679254979963413
0.0679049899808253
0.0678839203048618
0.0678997347059229
0.0678763914876579
0.0679092069646818
0.0679446934025018
0.0679959974192816
0.0680599614406085
0.0681107818636683
0.0682007921744786
0.0682697819244353
0.0683246632590338
0.068402978247443
0.0684593455394517
0.0684712810309125
0.0685022487616505
0.0685233566721632
0.0685821216257499
0.0686549648221097
0.0687668980313236
0.0688518632113811
0.0689246490690354
0.0689970480983364
0.0690295118281967
0.0690523980391441
0.0690294182817405
0.0690467563139325
0.0690669588913057
0.0691582746596719
0.0692811625207769
0.0693390173747709
0.069426624334004
0.0695082034608764
0.0696144086140024
0.0694581274743548
0.0696321440692715
0.069889181367603
0.070093991350116
0.070306969266419
0.0705483047981929
0.0706678580189522
0.0706864896661433
0.0705778472735051
0.0704321606018574
0.0702259796582674
0.070027729717661
0.0697578153085956
0.0693942751783562
0.0691322031463795
0.0689014701497903
0.0687040497427154
0.0684937647226568
0.0683520256066765
0.0682054661781503
0.0680397343439104
0.067915838775786
0.0678710195991884
0.0679057713633234
0.0679536991569581
0.0680104317944192
0.0680893798274176
0.0682153782810154
0.0684453147292869
0.0685625856053698
0.0686550466060878
0.0689069440673197
0.0692032968418281
0.0693929996806735
0.0695184954332371
0.0695618358352959
0.0695575300488363
0.0694043137582051
0.0693274167797194
0.0693149747980443
0.069289069815228
0.069246835620889
0.0692872287843431
0.0693794663322343
0.0693452983068306
0.0693767864527223
0.0693403744829485
0.0692410711436151
0.0692285590955245
0.0691292283228194
0.069047955023861
0.0690395160672539
0.0691041454105247
0.069187846540337
0.0693245621502386
0.0694361305975356
0.0694752226099339
0.0695442770303566
0.0696820220708607
0.0697939182204227
0.0699101399454797
0.0700652696963995
0.0702148389177845
0.0703196772684275
0.0703763886014107
0.0704411424110185
0.0704729602802271
0.0705028391113273
0.0704970349918638
0.0705140608233296
0.0704094732840111
0.0703735405427971
0.0703000131841854
0.0702731259951855
0.0701777228137515
0.0700203981983876
0.0698658713779323
0.0697462518937043
0.0696715576868415
0.0695419085331395
0.0694693485653451
0.0693544423005943
0.0691544211154902
0.0689181004103728
0.0686641936476749
0.0684625811304468
0.0684059020052706
0.0683996568730839
0.068351349483882
0.068355231571819
0.068441045046936
0.0685683232174128
0.0686044903985319
0.0686718013399659
0.0687576264763025
0.0689485568287165
0.0690926000829262
0.0692605037686888
0.0695267397119033
0.069798843518351
0.0700995392728932
0.0703286503960283
0.070568049999979
0.0706848253279029
0.0708297916889085
0.0709823251411026
0.0711221855417358
0.0711944086802902
0.0712208041743965
0.0712484259720658
0.0711854396167571
0.0712040464727453
0.0711552797330414
0.0711698693786639
0.0710733854236373
0.0709599229870898
0.0708170263897315
0.070627501685305
0.0705160580697317
0.0704319208164171
0.0703376072850886
0.0703092720591917
0.0702184742827645
0.0701191215246332
0.0699816458855966
0.0698506711742375
0.0696384300525442
0.0694507016290944
0.0692639251979019
0.0690930253011142
0.068997204584686
0.0689372778901427
0.0688252873967919
0.0687096193427191
0.068630174060848
0.0685058145925405
0.068372593277641
0.0682742820670103
0.068202681909624
0.068129203817996
0.068065435335908
0.0680214919553272
0.0679528672572281
0.067873471432382
0.0678042879123011
0.0677772904408643
0.0677368977756041
0.0677562691398231
0.0678062684859391
0.0678501912321061
0.0679088015715544
0.0679363867223843
0.0680017981372793
0.0680426164900823
0.0680497570462083
0.0680286242152507
0.0680475984020299
0.0680677506738484
0.0680814851046287
0.0680161998925098
0.0680257278262413
0.0679952589926381
0.0680088319071605
0.0680292107202236
0.0680681746834276
0.068051277664485
0.0681249221374902
0.0681762138335623
0.0681799609279347
0.068232065456134
0.068248866046773
0.0682801931687584
0.0682729129829424
0.0682839721955092
0.0683090668404749
0.0682911459109653
0.0683854289557617
0.0685082162055053
0.0685993635922572
0.0687044297750904
0.068765893744085
0.0687931963844967
0.0688299229416561
0.0688146548263478
0.0687528762404238
0.0687623263655891
0.068750677738392
0.0687769985030009
0.0688024314788127
0.0689353274419459
0.0690713554634389
0.0692397567875673
0.0701520821410648
0.0703740741690247
0.0706053829712809
0.0707679966838483
0.0709138467021246
0.0710644334218745
0.0710949571968105
0.0710416674050768
0.0708784965646474
0.0707115115622062
0.0705487781470628
0.0703509412812022
0.0700027616625804
0.069562902657918
0.069185024782766
0.0688518366622785
0.068476690123073
0.0682797886212733
0.0681770662901957
0.0681349328644302
0.0680439527317243
0.0680189967651228
0.0680911856857176
0.0680679143120312
0.0679902892918644
0.0679103651171466
0.0678587489278032
0.0678081127615991
0.0677370424037732
0.0677118652111732
0.0677784042139018
0.0679030972598873
0.06808648754698
0.0682042738203945
0.0683225403239874
0.0684550342222304
0.0686088805507987
0.0687849688454055
0.0689276662345002
0.0690002536716423
0.0690824761949458
0.0691074698185773
0.0691846895998744
0.069237417066706
0.0692898831634121
0.0693602106125169
0.0693357072496168
0.0692340072626956
0.0693046729847431
0.0692905928035991
0.0692489028154838
0.0691960491817907
0.069168864119104
0.069177649204679
0.069202345065127
0.0692910628748338
0.0693055203912231
0.0692913004535881
0.0692943864720112
0.0693016306629428
0.0693850475961118
0.0695416286133097
0.0697530673235566
0.0699550183391488
0.0701972552497222
0.0704406138821829
0.0706632209062416
0.0708110764662826
0.0708822140789028
0.0708219333136099
0.0707555502837503
0.0706931183803593
0.0705515112599935
0.0703924830540397
0.0702343332755566
0.0700855413261669
0.069886052141605
0.0696595939506951
0.0694881242136721
0.0693083876125554
0.0690663235948925
0.0688032636232747
0.0685871871821183
0.0684680458166199
0.0683530714912743
0.0683519842035986
0.0684234505856222
0.0684945366515545
0.0686225920426948
0.0688801795533425
0.0690865135724453
0.0693158175955799
0.0695532914992914
0.0697754568119586
0.06992572768336
0.0701656095836162
0.0703323098566708
0.070374794772956
0.0704933860280962
0.0707446964366139
0.0709599219338476
0.0712310917190357
0.0712333950858978
0.0713330871219921
0.0714611033341791
0.0713067968930579
0.0712759519097994
0.0710875120637105
0.0709105385606347
0.0708511388387756
0.0707626919304508
0.0707257023639509
0.0705908737618475
0.070500931430794
0.0705001121129165
0.0704087261314499
0.0702871137046853
0.0701729964609959
0.0700895850574716
0.0700270162627637
0.0700305502652894
0.069986200772872
0.0699702745807253
0.0700356434838866
0.0700145536106211
0.0700343544502984
0.0699934652472579
0.0700192276227909
0.0700815390499895
0.0700684575838892
0.0699527038168249
0.0698204287131761
0.0696833140798465
0.0695743858059154
0.0694110320117472
0.0692039731572965
0.068989963563927
0.068842980477521
0.0687034585625562
0.0686124660411855
0.0685262922752507
0.0684073948282621
0.068273963766364
0.0681276127415789
0.0679376418877951
0.0677931255707178
0.0676652828795466
0.0675992420421734
0.0676292460321072
0.0676481519208077
0.0677181782397991
0.0678087379326757
0.0679810547833481
0.0681427563265705
0.0683228796602766
0.0685177401926956
0.0686599969924315
0.0687023009854446
0.0687084306333239
0.0686285083392408
0.0684838848180796
0.0683920049570431
0.0682824969727017
0.0682523670845022
0.06822206792979
0.0682957851278346
0.0683365996525709
0.0684297208363933
0.0684321479371338
0.0684078406225691
0.0683790765148374
0.068333794385862
0.0682946168716669
0.0683217075125348
0.0683219343463072
0.068305174628151
0.068270198882179
0.0683191883936637
0.0684069538782213
0.068540246322991
0.0685646527222294
0.0686134627297467
0.0686194256496565
0.0686843146603527
0.0686765802100543
0.0687706659100702
0.0689511659899444
0.0691664576725184
0.0693335070977452
0.069536020144268
0.069748065287978
0.0699649757437649
0.0704305319245264
0.0707171735267836
0.0709928645582387
0.0710876520629141
0.0712233733995153
0.071399423935704
0.0715190866470494
0.0717257541151192
0.0718412302818069
0.071884074496026
0.0714816722896307
0.0710142079991453
0.0705474384536173
0.0699969246530679
0.0693916017873964
0.0687892899716513
0.0684375432379555
0.0682422369723993
0.0680851455340501
0.0680505130510214
0.0680155860546713
0.0679133699077238
0.0678846131157357
0.0678285007469072
0.067558607633463
0.0673687489772417
0.0671954073002381
0.0669387000101241
0.0667879612707006
0.0667287508818846
0.0667385679368426
0.0668668553365899
0.0670467772462321
0.0671572159210672
0.0673305310404571
0.0675568016702767
0.0678767064834938
0.0681561358968534
0.0685550477999992
0.0689048162705123
0.0692123174463369
0.0696484413483145
0.0700142676357523
0.0701428046836469
0.0703011833303476
0.0702275583291015
0.0699797147674466
0.069866989454316
0.0698467868583646
0.0698368495076823
0.0698530501585656
0.0698635368700363
0.0698585209850264
0.0698823252113021
0.0698229631519187
0.0698168633441024
0.0697970301425625
0.0697468085204846
0.0696947650337512
0.0696331293649929
0.0695537249960533
0.0695462939207381
0.0696490482848486
0.0697725698358079
0.0698951986571161
0.0701342069082097
0.0704401770110503
0.0707238163634922
0.0709384942804967
0.0710103111814511
0.0709056511525512
0.0707997042443308
0.0707315315912005
0.070608574978833
0.0703819427548265
0.0701121311175794
0.0697508517969238
0.0694875968125468
0.0691449975947104
0.0688775084504896
0.0686737512412405
0.0684174179654267
0.0683209194081736
0.0683284881431139
0.0684564002229014
0.0685042181459941
0.0686842365033833
0.0688765683384905
0.0692918473597687
0.0697455850279707
0.0700376250183094
0.070291160277649
0.0705705276201124
0.0707847856175507
0.070917130092336
0.0709633617059196
0.0708134871829375
0.0706431620238754
0.0706609794755329
0.0707525105406378
0.0709098786438747
0.0708427403874006
0.0706904646464837
0.070567148862107
0.0704579774092585
0.0702368404630758
0.0701001914508173
0.069960168587079
0.0697279860589625
0.0696455532174566
0.069482910468923
0.0693567136286857
0.0692559314157944
0.0692354397460505
0.0691992326754731
0.0691616435871327
0.0690937459975621
0.0689412471378824
0.0688714536749167
0.0688106866478102
0.068896508250666
0.069028389284543
0.0692219611604687
0.0694232413106555
0.0696436795485081
0.0696973795081663
0.0697776799392134
0.0699079481939627
0.0699778765698122
0.0699222976601606
0.0697587854406218
0.0697884460160037
0.0697456660501599
0.0696350220518263
0.0693876667810201
0.0693790632821083
0.0691536696807914
0.0690983065757934
0.0689284710890415
0.0688243028141804
0.0689139915714006
0.0689374592906256
0.0688540478947474
0.0687167239628724
0.0685732435135465
0.0684681586276128
0.0683216378205084
0.0682214755253387
0.0681023670383307
0.0680580435549642
0.0680741983724841
0.0680510104904223
0.0681429215544785
0.0682647560142214
0.0683790786259523
0.0685835801935807
0.0688017942930551
0.0689377220781536
0.0689702741867604
0.0690395416582419
0.0690476154834745
0.0689785980646577
0.0689336453335956
0.0688737843658273
0.0687668518595536
0.0687499054508429
0.0688059275797961
0.0688050696359875
0.0687060907410696
0.0686188281409473
0.0685534999321097
0.068542149454513
0.0684645176690565
0.0683839922179419
0.0683377463448274
0.0682159754282508
0.0681469394059695
0.0681827225483949
0.0681440199515832
0.0682785485298863
0.0682794361519942
0.0682725078544848
0.068352120386045
0.0683742778372294
0.0684860414407222
0.0686817741484805
0.0689834582313939
0.069329242699722
0.0695685574210083
0.0698002532423912
0.0699818150652866
0.0701723723481626
0.0703469474880243
0.0708301099434634
0.0712655125916846
0.0715314336388789
0.0717932459524544
0.0719594402414103
0.0722526003314325
0.072255126718837
0.0719934417891289
0.0715049192407114
0.0708985642956386
0.0703572458608128
0.0698170119934854
0.0692977675386147
0.0686761011221945
0.0679541575534125
0.0671229643508815
0.0669503578973973
0.0669559113198657
0.0669685863666918
0.0670855696213395
0.0670874174027141
0.0669320606081034
0.066823848228542
0.0668889001856217
0.0669089457758334
0.0667717647028521
0.0666053519180156
0.0663348556385186
0.066264428688464
0.0664384847866344
0.0666181315560845
0.0668987815582407
0.0672561855665821
0.0675744925738798
0.0679144401507732
0.0681209073103647
0.0682783943581123
0.0683552074294074
0.0684843412903764
0.0684820723045966
0.0685722994308697
0.0687654281629039
0.0689322432966684
0.0689110851744276
0.0688485333168162
0.0686692622661977
0.0686121040823335
0.0686504953541703
0.0686854518348839
0.0686959625138989
0.0688972401274631
0.069080362286512
0.0692443480000295
0.0693004855033171
0.0693405673043081
0.0694982753765167
0.0695778189604253
0.0697056040775021
0.0697993041646217
0.0698519904253537
0.0698216119086864
0.0698556590688612
0.0699530585237372
0.0701426359445968
0.0703270313403478
0.070471053345299
0.0706058792713294
0.070766628674493
0.0708445588549233
0.0707783656027655
0.070787951616705
0.070791593502363
0.0707594256994299
0.0705279605848698
0.0703274706246563
0.0700541689360001
0.0695960689406518
0.0691398963378808
0.0688433826425077
0.0685323489626827
0.068351101210766
0.0682907440225378
0.068392353980793
0.0685388919397329
0.0688032625820723
0.069147332781567
0.0694511933181083
0.0697859636727941
0.0700751738223033
0.0702032868054172
0.0702626894121544
0.0703137019218311
0.0702334399683787
0.0701543621242752
0.0701161301796955
0.0699641357728189
0.0699541725629224
0.0700667560212598
0.0699620306944894
0.0698108702844011
0.0697403612243348
0.0697697636042112
0.0699511801345114
0.0699940917319571
0.0700130389108505
0.0699550597317704
0.0699649127308478
0.0699956634380895
0.0700422110376623
0.0700289884243103
0.0700011983404143
0.0698314810137441
0.0696946220458903
0.0695505896689184
0.0694385373940029
0.0693467175556123
0.0692587065306324
0.0691422118678242
0.0689540575586297
0.0689915138923756
0.0689765687763127
0.0691167538083733
0.069241996730122
0.0693530507986415
0.0694889361343463
0.0693391122855331
0.0692210628530327
0.0691480511119126
0.0691039163883196
0.0690381633345982
0.0688216356057396
0.0688404405969823
0.068880421664921
0.0687544278264261
0.0687735284444393
0.068872422524245
0.0689347923727945
0.0690006577802973
0.0689088636017888
0.0688586837453344
0.0688060904649641
0.0688106727701758
0.0687730531186651
0.0687293478921806
0.0687174812683461
0.0687971950213725
0.0688012733758052
0.0688482935583045
0.0689063990193577
0.0689225925998757
0.0689748226210162
0.0689518155051395
0.0689064455919156
0.0688750420347154
0.0688412437701191
0.0689116126224081
0.069066048909952
0.0692471378419137
0.0693614461357742
0.0693845616195403
0.0693558485616561
0.0693446716125694
0.0693306064411947
0.0692783712051421
0.0691503077458885
0.0690440335959598
0.0690009959254766
0.0689622788999305
0.0688809483640686
0.068809787588543
0.0689168970645089
0.0690054227601237
0.0689916845904091
0.0689431724273507
0.0688159435600203
0.0686734363239667
0.0685110276560858
0.0683958832425457
0.0682680422512141
0.0681428858071355
0.0681037426017374
0.0682642777771843
0.068339656140556
0.0683534014718509
0.068414132343216
0.068597343950023
0.0688297327168489
0.0690281027098166
0.0693514962914296
0.069557942062574
0.0698997282148168
0.0704433842094455
0.070910586395645
0.0712955279575617
0.0718109574033311
0.0721972206839319
0.0723260553685015
0.0721474806340002
0.0716174407110432
0.0709908797287347
0.0704159670510761
0.0696761044719718
0.0690540873751647
0.0684798709581387
0.0679904271137776
0.0677538309313749
0.0671792224083757
0.0663077572451415
0.0660021599827237
0.0660864522785867
0.0662583452996579
0.0665687811160088
0.0668694399259262
0.0669599679745032
0.0668609085070768
0.0667884000760584
0.066691044024515
0.0665446581626887
0.0664515590720615
0.0663564084708411
0.0664438003761829
0.0666645660540697
0.066953339051375
0.0671857780050909
0.0674141371954282
0.0675914015722011
0.0678184800152129
0.0679023329345391
0.0680007446412615
0.0679679494593316
0.0678916597492475
0.0677678256652424
0.0676822383666617
0.0676513136386255
0.0677355567565513
0.0677477310779455
0.0677340123985367
0.067727574870886
0.0677074130198592
0.0676755236353067
0.0677200835473133
0.0678286209630039
0.0679535039490923
0.0681156177832678
0.0682931053172263
0.0684960548836835
0.068649852568254
0.0687026819951801
0.0688280704747802
0.0689491586806421
0.0690660727766376
0.0692039301885286
0.0692887129256829
0.0693446055087274
0.0694125179292111
0.0697213784119809
0.0700371149495754
0.0702967268923865
0.0706035303298252
0.0708670417414366
0.0710064152946045
0.0710506145452518
0.0710356511693316
0.0710578581057488
0.0709917301840299
0.0707651700862557
0.0704573503091846
0.0701390179013289
0.0697901776032586
0.0694671350849116
0.0690887055903207
0.0686054532652078
0.0682917825999994
0.0681569531475085
0.06811401682687
0.0682180754151615
0.0684271006504492
0.0687449154378809
0.0691686839786717
0.0694297229516744
0.0697453542001606
0.0697507259773992
0.0698628299127591
0.0698921098778393
0.0699888047149884
0.0700859503809961
0.0699522190413288
0.0697745978460215
0.0697051800189806
0.069703207693055
0.0696784598816196
0.0697732026258637
0.0699269831420395
0.0699920334201804
0.0700265242085895
0.0700439067902446
0.0698933717943111
0.069947497750336
0.0698451689990255
0.0700041612361168
0.0699711597240192
0.069861546311698
0.0699154049496973
0.0697052266139817
0.0695698755246767
0.0693360845153133
0.0691423936529676
0.0690137987082979
0.0689082050028254
0.0686356995419719
0.0684177944774591
0.0683593548361375
0.0684097375544832
0.068701676169874
0.0687989909787198
0.0688486271054129
0.0688410309922457
0.0687874025970201
0.0688885174547845
0.0688812934715988
0.0687444484243602
0.0687357309962791
0.0686253216198813
0.0686620748309848
0.0686338080821995
0.068438170951712
0.0684840538716107
0.0684261175859943
0.0685950721617229
0.0686679686490556
0.068601427340927
0.0685995166437839
0.0686982817409247
0.0687501848950704
0.0687544818129308
0.0689054024975679
0.0689155890044679
0.0689415175334473
0.069027913901442
0.0691828876247137
0.0691943828612817
0.0692015361049022
0.0691465482989819
0.0691446301433309
0.0691921299190072
0.0690969176948986
0.0689115134119617
0.0687076011599277
0.0685063300767784
0.0685010928809988
0.068640913435037
0.0688086253075065
0.0689451972415992
0.0690489838858422
0.069023899403571
0.0689744555488487
0.0689794250030994
0.0689653327565954
0.0689775989440798
0.0690036679896007
0.0689800116932887
0.068995756294095
0.0691717873930753
0.0693452576653645
0.0694000875106755
0.0692831086631756
0.0691265460006064
0.0689152327683824
0.0686770537365067
0.0684596607490399
0.0683125780756366
0.0682730967389184
0.0683024693239729
0.0684086436950367
0.0685693514797481
0.06864848919109
0.0687067726896873
0.0687686691269807
0.0687946539866419
0.0689453380984471
0.0693163177333959
0.0695581355822242
0.0699418663945845
0.0715843741158636
0.0719973144483873
0.0725768462597118
0.0730586234294455
0.0728393482498279
0.0721228334608898
0.0712335195454547
0.0705274597349284
0.0699432751626806
0.0694620260993769
0.0690123449397924
0.0684822864784888
0.0680379962969139
0.067712841404247
0.0672559312552569
0.0664810537315364
0.0656360898131169
0.0653758221029117
0.0657518269285525
0.0660870385993796
0.0663595991679232
0.0665140487209789
0.0664823296854235
0.06625247654229
0.066176588149824
0.0661473861100455
0.066111173636489
0.0661341548554784
0.0661938988440689
0.0662870446192542
0.0664121954207707
0.0665925743562635
0.0667557884089279
0.0668777605604738
0.0670351809277549
0.0670578365165149
0.0671202358819713
0.0670225406705652
0.0669714234275696
0.0669287685318075
0.06685717125102
0.0668204248335389
0.0667485301792284
0.0666871612976313
0.0667532831201053
0.066816052134001
0.0668272194101098
0.0668525784376835
0.0668584401686796
0.0670040471854284
0.0672723825517554
0.0674619132214963
0.0676417793074501
0.0678251048523573
0.0680694388699749
0.0683211883338277
0.0685805274826041
0.0686899176602485
0.0687475090603486
0.0687098742388305
0.0687419768170658
0.0687710305515307
0.06877483063681
0.068757055331916
0.0690318997405187
0.0693758818431025
0.0696704778011416
0.0700314205047454
0.0704570128628673
0.070817753551816
0.0709620710666793
0.0709808323275206
0.0710785073680615
0.0711798195705867
0.0711202973607643
0.0709679419842128
0.0706734595824449
0.0703237065455755
0.0698729467621438
0.0694602179311985
0.0688695418077889
0.068242883895299
0.0679288849525908
0.0677839918398478
0.0677691359048468
0.0679063454977695
0.0682713474411693
0.0692849637587587
0.070217578039108
0.0698838825198157
0.0700001766225943
0.0699998553628454
0.0698239541719074
0.070202980470378
0.0711786574892718
0.0713648910268065
0.0716467022303871
0.0723450140653373
0.072694043293659
0.0726494668975313
0.0726128932461938
0.072683656007655
0.0725345412874764
0.07259208472793
0.0725112232171794
0.0725291602845104
0.0720978417356603
0.0725937900982357
0.0708456819144297
0.0710767105470877
0.0704425857892843
0.0703358426803527
0.0699561992509168
0.0693717084760246
0.0687847488006076
0.0684103157820848
0.0681587893935496
0.0678863328969448
0.0675488401082098
0.0674085585357065
0.06738002267355
0.0674933718098457
0.067668635759715
0.0679691274323663
0.068108260309728
0.0682351123022252
0.0683866636081563
0.0685680132524086
0.0690076669266585
0.0694476270727641
0.0695361345730669
0.0693874369441692
0.0695088211000809
0.0695830444299815
0.0696619421879242
0.0696249593184951
0.0695729678873005
0.0695727645599322
0.0696345417852037
0.0692224531291864
0.0686417834814207
0.0682827690568059
0.0683386739061402
0.0685596956849405
0.0686958537126217
0.0687995603618112
0.0688617667313669
0.0689903811246435
0.0692015569872374
0.0693176828144198
0.069426844381894
0.0693858868111107
0.0693251029834541
0.0693286637722035
0.069338985541976
0.0690820876584615
0.0688923826286494
0.0686383536288544
0.0683178149795143
0.0682936568694022
0.068385388436059
0.0685645325115537
0.068626685036781
0.0686786835555523
0.0688759266767835
0.0695594635933767
0.070116393399466
0.0696310654282224
0.0699255120160975
0.0699558716928554
0.0700097159778202
0.0700499832198853
0.0700639327101952
0.0696692662228725
0.0693480380508942
0.0691205099531684
0.0690871751617917
0.0688136521694655
0.0686901666931585
0.0685251421706795
0.0686335583999171
0.0686376738992861
0.0687245480150456
0.0689820508329951
0.0691306917797251
0.0691843315489266
0.0693585231238272
0.0695118840008454
0.0701024422728259
0.0706577999709932
0.0708374763806909
0.0712142765831415
0.0715736976729858
0.0719014266683282
0.0723469320416888
0.0724640789855641
0.0714707691425942
0.0702388033087657
0.0695903453630838
0.0692731827323038
0.0690336830191063
0.0689689397226141
0.068950145296904
0.0685557280321432
0.0681745053171269
0.0678181719527243
0.0672971342887183
0.0664689101560387
0.0657707494857673
0.0655973183937112
0.0658239422804764
0.0659685400100093
0.0658383357367892
0.0656640411711525
0.0656463586300886
0.0654933458666639
0.0655957483353561
0.0656121452461953
0.0657452115682016
0.0658818255501109
0.0659858293397048
0.0660476291835244
0.0660661705357842
0.0662568494958526
0.0663595206790146
0.0664292563992823
0.0665590930840046
0.0665519419407417
0.066674576224764
0.0667861694444571
0.0669074096638963
0.067062043521245
0.0671524643292507
0.0672251017530852
0.0671878180403112
0.0670926962868669
0.067056212360892
0.0670708067013752
0.0670818762540727
0.0670891573346916
0.0670344234894049
0.0669797938315114
0.0669435734832323
0.0670879467916393
0.0674830782114795
0.0677547737092763
0.0679445996046763
0.0681769892283582
0.0684796530069113
0.0687218488390589
0.0688499740291081
0.0688814138865396
0.0688278903794265
0.0688164821828182
0.0688168481058218
0.0688669416963147
0.069025972787115
0.0692202693171046
0.0694375240378753
0.0698466710591131
0.070306122070937
0.0706725588701427
0.0709555614951191
0.071062665118472
0.0712478973012936
0.0715022637537046
0.0715913409681698
0.0715079204504524
0.0712677871448559
0.0708283928640111
0.0704059384319173
0.0699474153687609
0.0692307805816755
0.068540250609782
0.0680640065380734
0.0678297411961502
0.0677986062797012
0.068016871814638
0.0685237521177568
0.0699518689486148
0.070442154813801
0.0705171131368257
0.0707614192792326
0.0711214486550832
0.0715962250962474
0.0717205304531787
0.0716507170272429
0.0715384317356561
0.0712572478830403
0.071426915845208
0.0716016726160489
0.0716507367700599
0.0716973682500216
0.0712265332847224
0.0712117200274595
0.0712977518996412
0.0714470752762677
0.0717001979771448
0.0718118422676796
0.0718517877562988
0.0717864876222791
0.072149997225978
0.0721127678816137
0.0719859932213928
0.0709173022500039
0.0696991145882267
0.0689757541216544
0.0684497732626519
0.0679693943365136
0.0676419784312358
0.0671259507362656
0.0671422442007247
0.0668690283206203
0.0667715529212003
0.0667421272874399
0.0670292920149293
0.0672600063532662
0.0673114427467034
0.0674603811988354
0.0676974522937383
0.0680421911441642
0.0686219948204329
0.0692123720468844
0.070062270838023
0.070549575198253
0.0708526317868532
0.0710000457665075
0.0710782152101416
0.0708514124217952
0.0706471230617659
0.0704764246292991
0.069734653396831
0.0690267188416636
0.0685498001881465
0.0680452401647861
0.0679287692770071
0.0679796940734476
0.0681106974852383
0.0682752745669693
0.0684509131930355
0.0686559839859303
0.0688887301869924
0.0687943203075222
0.0687237371626857
0.0687788569521612
0.0687164455372301
0.0685750831676647
0.0684256831112568
0.0682656673685941
0.0682336944257825
0.0681585587052713
0.0679602984561323
0.0681804553691527
0.0683867217599663
0.0692236837725229
0.0698746374496616
0.0697331788970006
0.0693544307990453
0.0695744442676503
0.0694078040861596
0.0694425186425127
0.0695228750719873
0.0694890226036553
0.0696312302418554
0.0697905226994449
0.0700035300768135
0.0697543251722829
0.0695123815355754
0.0693525602167548
0.0690727126507875
0.0689059268002268
0.0689588340490728
0.0690697261143385
0.0691718738700429
0.0691443074413039
0.0690031732484412
0.0689055155317928
0.0688669168208948
0.0690147474567493
0.0693914483322139
0.0698019704613309
0.0701743139855004
0.0703704913413366
0.0710169254083115
0.0706071634638028
0.0706082548721954
0.0704130513164354
0.069876914926909
0.0688527366667683
0.0687486643341971
0.0687939678834119
0.0688868143617242
0.0692591600899477
0.069488789259543
0.0695577195519264
0.0692513417373122
0.0689842139056329
0.0686088848738853
0.0679154619792697
0.0672657886073641
0.0664720728669085
0.0659061878196193
0.0657196956450849
0.0656632880612925
0.0656150740675182
0.0655869762534205
0.0656353823216467
0.0655956353985557
0.0652557436980873
0.0651427800594665
0.0652852927464616
0.0654338621583191
0.0654065090015156
0.0655731106372262
0.0656198204687685
0.0655775069118141
0.0656666105286969
0.0656499877998911
0.0656192561511911
0.0656937100585659
0.0658702629424693
0.066113575763747
0.0662314017912728
0.0663464912065281
0.0665567419677193
0.0668865488320559
0.0669891150207861
0.0670296221419466
0.067345972674067
0.0676511773676635
0.0679197670004942
0.0681860978634213
0.068403658724419
0.0684624524975336
0.068228519759505
0.0680257505785628
0.0679100155575786
0.0679493257349818
0.0679476419787265
0.0680621403392023
0.0682978327328068
0.0685762188712378
0.0686293052322046
0.0686948807537734
0.0686816668553988
0.0686596864617367
0.0685906447485094
0.0685602045052121
0.0685536808587843
0.0686862308859604
0.068800595312403
0.0690704446408703
0.0693895293145126
0.0697030479174416
0.0698744958929199
0.0699584586147035
0.0701390769339422
0.0703987116878183
0.0706443544779074
0.0708611567023339
0.0711168075042367
0.0712053353693608
0.0710214430515011
0.0703324509344937
0.0695122146944436
0.0685855316438288
0.0681323202423747
0.0680548174639839
0.068090877241126
0.0683285116253081
0.0696873559774783
0.0713692457878168
0.0713724161767464
0.0707577124300694
0.0703526508097159
0.0702712675050206
0.0703840446390471
0.0705539423474004
0.0706131023718238
0.0706745280903377
0.0708184747886156
0.0709902172535515
0.0710400151785476
0.0710467725645015
0.0708640809365756
0.0709131098985981
0.0709444579219332
0.0709844054539202
0.0712603536818823
0.0712283020975928
0.0710651242674893
0.0706707744193326
0.0701681925721029
0.0704770681927865
0.0714680169427414
0.0719518539930726
0.0721688355371618
0.0717248858915721
0.0708301698752677
0.0704867973697565
0.0701783789048046
0.0696627678756455
0.0689789456851414
0.0687870807495148
0.0690752164685712
0.0690422987634792
0.0689051014165261
0.0686787656926558
0.0686131633365531
0.0684025417656415
0.068280085696266
0.0681170999995376
0.0684570559567311
0.0686743598946266
0.0690347900551693
0.0695707523259388
0.0699207528360919
0.0713379381920329
0.0721191634239602
0.0716625151478506
0.0719555847966351
0.0718048094820593
0.071374897392591
0.0707915492206549
0.0700274334476482
0.0692352921822586
0.0687938524745658
0.0686450405937257
0.0685537277511992
0.0685858639720199
0.0687545403964249
0.0686402055614344
0.0685653790917421
0.0684348162998809
0.0680225217940165
0.0678158066618612
0.0675996736765986
0.067412323054393
0.0671995508683707
0.0672970306473346
0.0675641035703759
0.0678394199171456
0.0680811383126444
0.0685424073581259
0.0697042715641907
0.0698891060216682
0.0699758872323162
0.0693305526369416
0.0693472429255841
0.0692726613743954
0.069377821687106
0.0694910525804289
0.0698276289197554
0.0700413531285366
0.0700964959032416
0.0700976808413509
0.0700190881137388
0.0700525366690599
0.0703351516701157
0.0705606412533052
0.0706760485055753
0.0704263487865087
0.0694166365532194
0.0686681271993386
0.0685097095050303
0.068363492935964
0.068294030632072
0.0681620634660912
0.0681966530514489
0.0683457343540527
0.0685759068969669
0.0688669249360512
0.0693205515855559
0.0697324965062727
0.0702826959277325
0.0706982226235635
0.0697084047498188
0.0693528603228197
0.068573008626643
0.0681240573382935
0.0677111609635603
0.0677019273864974
0.0679118821130625
0.0682181708469117
0.0685694910922626
0.0687066330471293
0.0687492016832052
0.06869895720343
0.0682480404354671
0.06795764123574
0.0673615559465344
0.0668908010658982
0.0664376112554266
0.0662761529957892
0.0661598903946325
0.0659831638711507
0.0657843206933359
0.0656094186481595
0.0654862467589979
0.0652342410123976
0.0650358910773179
0.0650663938555971
0.0652942946771835
0.0656360910726648
0.0657037441766992
0.0655419897701727
0.0654146749480946
0.0653771101284473
0.0653650136182331
0.0653098390537548
0.0651448005112043
0.064872985994284
0.0648719146035456
0.0650599692312655
0.0651902216768046
0.0653609922873118
0.0655543883574225
0.0656969938648278
0.0660436314675791
0.0661650977089684
0.0664484917569195
0.0668200096742338
0.0672052785212803
0.0676705128489896
0.067951863209373
0.068223067793765
0.0682770977333333
0.0685811178950273
0.0686367035968795
0.068467837369221
0.0678761294661642
0.0674445190348031
0.067365229975132
0.067485245631392
0.067546899563891
0.0676553856604392
0.0678131501382629
0.0680063498866525
0.0680639540349692
0.0681473616710337
0.0682697344004616
0.0684099324216338
0.0686305468152786
0.0688975200521375
0.0691122896434334
0.0692558282769621
0.0691177520099677
0.0689606034741188
0.0688142865523407
0.0688344870533555
0.0689926395555301
0.0692769173204324
0.0696435070552251
0.0698720085968261
0.0700586121272171
0.0699826887361257
0.0695567229492603
0.0690158248434346
0.0685596120175386
0.0683465529958935
0.0681400354338646
0.0681160455730279
0.068198329662651
0.0690269983524723
0.0699945115077223
0.0705018857232527
0.0709527907790306
0.0705961029167547
0.0704076779187244
0.070272562825971
0.070414330592058
0.0706041746230272
0.0709814319036036
0.0715262796326448
0.0714509324541295
0.071488725590113
0.0714869767218677
0.0714367471521777
0.0715824859754113
0.0715515385676745
0.0711710726395982
0.0710129191335711
0.0708549088061216
0.0703667304851506
0.0698308177359529
0.070134925067875
0.0704991009155008
0.0711032290342344
0.0714153212684741
0.0713809904560884
0.0711889954520177
0.0717969254401299
0.0718039277352327
0.0714328472797185
0.0711104268705006
0.0701585828833175
0.0709896915745474
0.0713442464728121
0.0712359971751581
0.0712075240437573
0.0706975795074717
0.070519088158369
0.0705164000717261
0.0703120818919594
0.0707235204968836
0.0712522664455626
0.0711325210707277
0.0712634495111061
0.0713947651189115
0.0718800224441757
0.0736865644516187
0.0718135864566967
0.0716554842671781
0.0718351677697333
0.071239913766894
0.0714613907023314
0.0712333071202032
0.0708470059588133
0.0707627764565975
0.0704937531793825
0.0701508658982441
0.0699165280882292
0.0698359896234279
0.0697892533384032
0.0701977319469746
0.0701247199059272
0.0697275424178872
0.0687736340672707
0.0680364102818734
0.0673082714039116
0.0666426179877666
0.066506015405607
0.066507745925292
0.0668388841048299
0.0672723614698287
0.0694018313205052
0.0694346655808939
0.06879856598866
0.0687714745147889
0.0685376770531387
0.0686886155711291
0.0688631982609136
0.0691985068734461
0.0693812539208315
0.0696303075624187
0.069813187195835
0.0699710666942283
0.0701209822909904
0.0701695146228948
0.0699588195320911
0.0698142610347324
0.0696783781585909
0.0694941739985287
0.0695062360332822
0.0693356865619038
0.0689868371621299
0.0685470219310797
0.0682469426154041
0.0682438351783022
0.0683549612651451
0.0683190908591915
0.068372761272253
0.0684008194231201
0.0683793867140009
0.0684355848568016
0.0690296876679434
0.0697677655050686
0.0701623504864047
0.067373853272502
0.0668341313284566
0.0664401045857162
0.0662253173781189
0.0656105358378844
0.0653931268786052
0.0653375884367029
0.0651497713675614
0.0651022235178823
0.0650321979087446
0.0651299624013985
0.0653873446563361
0.0655944581896786
0.0656716310724279
0.06594438511381
0.0660365726481562
0.0662287376356438
0.066523055474945
0.066711818925165
0.066673571272609
0.0663915774637089
0.0659826582774617
0.0657288486091732
0.0654362071441371
0.0650198286657438
0.0648578527903097
0.06503883868963
0.0653826917268948
0.0656517452783617
0.0659088524844027
0.0658757960482503
0.0659011734001757
0.0657826910645973
0.0657076753049215
0.0654067638151469
0.0650844353420371
0.0646093755019784
0.0640720186442463
0.0643437813709669
0.0645687973139472
0.0646908651947956
0.0650830260762609
0.0659343387568267
0.0662337433163593
0.0659968241963189
0.0659340751080855
0.0662743630852709
0.0666486401884511
0.0670600559410642
0.0673847030681236
0.0677650580829093
0.068019590183081
0.0682158714962041
0.0682428030014617
0.067938905567914
0.0677571586515384
0.0677828438409528
0.0678034918000693
0.067798592819797
0.0680710669958821
0.0682952992363308
0.068358237027992
0.0683216586825099
0.0682089189002964
0.0680713400637682
0.0679686707803613
0.0680526219416759
0.068174751844865
0.0683834218834566
0.0684897235405894
0.068485050038051
0.0683806895452924
0.0682899264604023
0.068289279637682
0.0682940828051411
0.0684229793384352
0.068526118059318
0.0686262576333994
0.0685684329510768
0.0685106056031838
0.068553784319402
0.0684483725709872
0.0682970299070126
0.0679167631109862
0.0676772892176268
0.0676559394017892
0.0676320502582972
0.0677245030930248
0.0680389860682948
0.0686874125039029
0.0700224966344205
0.0706627082820926
0.070430978613124
0.0704213670052709
0.0706962146594907
0.0704341764188259
0.0706342148582664
0.0707909067526151
0.0711428386175994
0.0713479971122387
0.0712342179520411
0.0711289628175554
0.0711666528656497
0.0707440710595148
0.0704609449605072
0.0706047029282376
0.0704566757267628
0.070186494446651
0.0699705314435922
0.0704433090753167
0.0706245277676821
0.0707559530474982
0.0709537822732261
0.0710604057373891
0.0709175540684387
0.0714361642504847
0.0716716306815865
0.0714854772048214
0.0715514069151189
0.07072215422782
0.0707661416386409
0.0705398532761034
0.0708922467552491
0.0723563183254224
0.0724492165513893
0.0719850430599479
0.0723074394337026
0.0724796431774622
0.07252627653766
0.0724361747255113
0.072226549181406
0.0716945578837806
0.0721576621564232
0.072360445015617
0.0724502656398326
0.0715596874750269
0.0719687224470215
0.0711135684397565
0.0713625349313028
0.0718400380322129
0.0719046125892458
0.0718428981854116
0.0716580729118475
0.0716688977390893
0.0722155856584325
0.0726104387916434
0.072370006030128
0.0718608097243041
0.0720442625216275
0.0720498738788217
0.0719198054562655
0.0724355905911298
0.0721814714218837
0.0705979751066769
0.0685950805881172
0.0670855252255288
0.0652410955612373
0.0650549267961845
0.0659339249710453
0.0673803759490883
0.0688838094999567
0.0683332892558238
0.068163117204718
0.0679759689845192
0.0680743265164912
0.068479634782353
0.0686946485712529
0.0689217719605822
0.0691033164647375
0.0692641181755887
0.0694719013505992
0.0697613269591783
0.0699675742004494
0.0699733684440749
0.0697636371254126
0.0692356745357315
0.0687583433290864
0.068612684033317
0.0685459355514144
0.0685483635965859
0.0690450727636909
0.0693517238593644
0.0693930683766698
0.0696418702956433
0.0695373586298157
0.0693017753308464
0.0685962611881088
0.0683019998324655
0.0677439730997403
0.0673219586759983
0.0676119883731437
0.0675762178956162
0.0663217855616731
0.0655397211872475
0.0649017667856197
0.0640975593230689
0.0634283163169945
0.0632609036382197
0.063114813259467
0.0631271902590292
0.0633237041194413
0.0636733195966745
0.0640719098633407
0.0644789159808328
0.0647715412797139
0.064927551039511
0.065244851758624
0.0655704595814639
0.0654551911595898
0.0654583349711662
0.0656994748482694
0.0657252457284449
0.0656158489975563
0.0656762199363762
0.0656611985331737
0.0655471284829001
0.0653982614377402
0.0650980881101986
0.0647741111376515
0.0645735977870139
0.0645610366618091
0.064887931316971
0.0653370595590534
0.065542836840817
0.0657247853923216
0.0657835810540651
0.0655433447461955
0.0653660391181023
0.065275428428793
0.0648306892228796
0.0644381567022614
0.0647560230535021
0.064604439519662
0.0648943521069272
0.0662444939099115
0.0669005126348382
0.0667236104838981
0.0663719127986763
0.0662693791803198
0.0663911395497323
0.0667046342543743
0.0671578343222582
0.0674291595353321
0.0677305935422842
0.0679401164872399
0.0681773684334992
0.0685403449940101
0.0688361041308509
0.0689205423650502
0.0685218555396226
0.0682433948070218
0.0681938637895714
0.0679702258515125
0.0676019049368956
0.067280389127539
0.0671723226882499
0.0672264819144723
0.0672703077158686
0.067392964384585
0.0676659045312649
0.0679111907289324
0.067915391257489
0.0679965173839734
0.0681532822132263
0.0682993967693059
0.0684286589380254
0.0684396860025823
0.0683831803942072
0.0683198771645977
0.0681558534190244
0.0679623344189507
0.0678528851869855
0.0678351116727377
0.0680034442117542
0.0680055413813171
0.0678706196111832
0.0676921139294317
0.0676441403963167
0.0676842109894852
0.0674445050140407
0.0674916050739307
0.0678326872433757
0.0686253181540007
0.0694000398378939
0.0699230836961819
0.0697916152326861
0.0701044809767253
0.0705278425910529
0.0709991906329381
0.071469786762387
0.071833321264028
0.0714122380467158
0.0711969397532456
0.0708203828661601
0.0705773248455154
0.0698603846149092
0.0695562910646604
0.0695661681054928
0.0695030644524867
0.0695627589629644
0.0698596151973841
0.0701842603143016
0.0704502480904835
0.0707242759151341
0.0707229236488644
0.0709469657844655
0.0708397529314976
0.0706609410447051
0.0704366414729235
0.0700231193588819
0.0697883124780396
0.0700544958378956
0.0700178335619666
0.0696798918280942
0.0705741765910853
0.0718794807229742
0.0722046296278475
0.0714482230377564
0.0713690439766002
0.0715144734969572
0.0720825422423107
0.0726097414693559
0.0725797089439667
0.0726741493232439
0.0728092602915095
0.0732765614914225
0.0730758679895329
0.0726123635880691
0.0725110504452488
0.0723172413431689
0.0725145637526458
0.0727394477736755
0.0731408390896818
0.0732869417042211
0.0728675395852829
0.0724621931189843
0.0728157593870213
0.0727567139589612
0.0729793837244102
0.0732957470159414
0.0737322000049139
0.0740256737708712
0.074003380549558
0.0739781622767486
0.0732343793556597
0.0714498299621946
0.0697801592807869
0.0671979175384962
0.0653739116734341
0.0649745402376166
0.06526406571934
0.0661001382159198
0.0679408262962166
0.0674381239545052
0.0669491784578824
0.0667582677286593
0.0673257761211289
0.0678255202210864
0.0682825398146676
0.0683752968173505
0.0687313533166568
0.0691123935613391
0.0690938387293489
0.0689979724123623
0.068895873838285
0.0689551172734811
0.0691536322268383
0.0691673775661775
0.0689406804018259
0.0693069458374636
0.0693242960102258
0.0694139395731764
0.0694840885419817
0.0696857492825584
0.0697388634948334
0.0703381143464121
0.071056431123745
0.073596666944024
0.0714028927571503
0.0696575690484952
0.0682903716517611
0.0675121041419421
0.067117439695195
0.0667173204528403
0.0663834025941908
0.0657637235950608
0.0651472439357005
0.064363652929954
0.0639499135673983
0.0639717032813053
0.0634821740935097
0.0638982492272918
0.0643006418871692
0.0647718162905389
0.0651891998828222
0.065335401235035
0.0656680822940283
0.0662446323372646
0.0664833109192555
0.0660803385494222
0.0656114067183113
0.0654888779989579
0.0655793255677871
0.0656409276481217
0.0658314902093221
0.0655433616444225
0.0651893967704088
0.0651694432809062
0.065130868667351
0.065044569728204
0.0647453524309031
0.0644669937257543
0.0643068361466852
0.0642068714147128
0.0643676867329076
0.0647444777422216
0.0650980884861059
0.0652695322448621
0.0655181416649145
0.0658827868068573
0.0659396562339181
0.0657154981584173
0.0647350713767067
0.0647356380544408
0.0650805560647956
0.0646059995732618
0.0648213515417397
0.0654394192915306
0.0658188104743008
0.0656534043396565
0.0656686870425928
0.0657943766984851
0.0659388348442012
0.0664058450893829
0.0668182394068392
0.0671749733355576
0.0675833703822587
0.068065051658963
0.0682944237874436
0.0686586423671111
0.0687004418589383
0.0678403226874449
0.0670659359231521
0.0667945430364889
0.0666366627393456
0.0666886373684582
0.0669003251280452
0.0669165408996118
0.066762295837575
0.0670797706812259
0.0675194529333199
0.0682433948514913
0.0692605129020407
0.0698200560466669
0.0699001166790264
0.0695535804403533
0.0693340500163318
0.0689377928970744
0.0685964424131777
0.0681561687714682
0.0675766114070152
0.0675043239892033
0.0674973166021191
0.0673102855150625
0.0670247312115173
0.0668688277944988
0.0667295359797712
0.0668164384254809
0.0669226237670073
0.0673713028568589
0.0679153436785543
0.0682224769667238
0.0683843030468689
0.0686090798759014
0.0688714664780849
0.0689651492752991
0.0693450082318365
0.0693419062829538
0.0694140887977258
0.0698632106467206
0.0701620750120751
0.0703943658909493
0.0706927643757455
0.0705686008121677
0.070499115330374
0.0704268622801052
0.069477792286483
0.0690713262652439
0.0688830105568489
0.0688049661532052
0.0691607186171893
0.0695394340850148
0.0697048994130089
0.0698864614886862
0.0700646568671611
0.0702230446286587
0.0705036125732914
0.070668432140093
0.0704474555846259
0.0704816546727491
0.0705907932933073
0.0704401165784498
0.0701548005266508
0.0696070441388839
0.0688061209238072
0.0689984514058164
0.0699772513265542
0.0704536605171749
0.0714159058237607
0.0713230696538086
0.0713446959157348
0.0716049133227635
0.0718755315702767
0.0718834314673969
0.0715858441777561
0.0712410358082142
0.0706932752133449
0.0713226136632177
0.0719145694961682
0.0720508105133002
0.0717139500093434
0.0726424132016241
0.072859380773145
0.0733782760927872
0.0731871209407533
0.0727080792280169
0.0720167549658957
0.0718623822750004
0.0718588154573448
0.0719676392553559
0.0725580286382449
0.0732448201983571
0.0752171557553164
0.0746873501229509
0.0746431999343679
0.0753909216930881
0.0727435749244504
0.0717626259899007
0.0701710214712667
0.0680179874722713
0.0661530119596593
0.0653030598236387
0.065977202548451
0.0663962643386801
0.0675119636798521
0.0678037663858936
0.0662688787466112
0.0657047377066542
0.0658566626835689
0.0665023732671177
0.0667367664454433
0.0667240401744443
0.0667909898518492
0.0668433591020077
0.0670842661112833
0.0676041034087689
0.0682008106741013
0.0689390203188142
0.0695630163549335
0.069838514657537
0.0701296762874097
0.0703521174190411
0.0703624886773387
0.0703635609816464
0.0699907060983272
0.0700826612049107
0.0703811378137723
0.0709683369568234
0.0716332133248165
0.0735364055564277
0.0741239796881706
0.0745716828491301
0.0728429313334152
0.0711195305694019
0.0704360731014848
0.0675250644373016
0.0692963411011267
0.0688177696656781
0.0686353270424436
0.0678640965511108
0.0665493767317283
0.0653944825787844
0.0644615499436559
0.064859803719145
0.0646768124173871
0.0651644264831973
0.0656590566718979
0.0654878127418217
0.0672620794594954
0.0681106885501717
0.0684182827609626
0.0676395625671453
0.0670599289217015
0.0665789400309179
0.0665054724223259
0.0661484565524069
0.0664644971629423
0.0662138865380384
0.0664875674804215
0.0664710437673379
0.0668352404509469
0.0670357764408989
0.0664324173432348
0.0655258683832463
0.0650544486357661
0.0646237301394658
0.0645677194142601
0.0648314454416226
0.065306650196785
0.06559171677465
0.0660144812532797
0.066778242843524
0.0670248995811265
0.0669051065604033
0.0659319433270005
0.0652079824366938
0.065941408129846
0.0664864974738852
0.0657479765169205
0.0661268992357259
0.0653584292067366
0.0651356449640948
0.0650101087840021
0.0649973222563898
0.0650122549563643
0.0652471221486247
0.0655073702671667
0.0658666453511543
0.0664177520448234
0.0666737254944432
0.0669976824889909
0.0669886392551754
0.0669306447635324
0.06636598910858
0.0661606921918914
0.0663084033128463
0.0670332659453564
0.068050153807484
0.0684704338742609
0.0685832640654372
0.0693225468379219
0.0704407063731558
0.0709081892015073
0.0715554524526332
0.0719345352711279
0.0715105255060649
0.0707225947229892
0.069370882892097
0.0681283378383919
0.0673599053676242
0.0670501672746345
0.066853965709458
0.0667037853475986
0.0666618327229834
0.0666324378824306
0.0666147841280595
0.0669259039932638
0.0668369921754069
0.0670047879279768
0.0674148052515077
0.0674604028965983
0.0684591880752252
0.0688475710733633
0.0691776956407699
0.0690160078260705
0.0689753795390185
0.0691000773524234
0.0690714060546831
0.0691565194047529
0.0690703963263975
0.069217172418851
0.0698496942392081
0.0702816342215289
0.0709899664278663
0.0706485146834202
0.0703284315205017
0.0697690334359307
0.0692767327547761
0.0687851616219203
0.0687845502369941
0.0685106274765701
0.0686157856183688
0.0687616043941755
0.069179787386973
0.069472730866639
0.0698751079616826
0.070159192026576
0.0704641275375667
0.0709062120095564
0.0706058100043054
0.0704635624868446
0.0702556313848555
0.0703543459481964
0.0699238091867861
0.0691030569340719
0.0689165070939018
0.0687037270923018
0.0695330728251649
0.0698099169817365
0.0706372528169934
0.0711607310935436
0.071288212916491
0.0711600836313876
0.0713402551760864
0.0711715519759346
0.0713210245290772
0.0720335135646056
0.0706436856773296
0.070562637189579
0.070746102885449
0.0711437304288492
0.0707352427117677
0.0706329372913835
0.070084235023845
0.0704331021023396
0.0717126564283924
0.0720464779501988
0.0713442960913706
0.072037381146974
0.0709376713712151
0.0711550805862151
0.0706369098488941
0.0709142954083636
0.0726542309584102
0.0738100662180682
0.0737890082282746
0.0739890712005886
0.0739714960875927
0.0721069118256331
0.0719431478496146
0.0713250450860626
0.0700172823819756
0.0674719360724481
0.0659592222743012
0.0663303781236711
0.0672869239286033
0.0665783446128038
0.0666242668401953
0.066091491336753
0.0661381725079505
0.0657781334095468
0.0660769710289041
0.066673294019632
0.0669413827860804
0.0669313283766793
0.067172490025934
0.0678026206619085
0.0687565672159601
0.0687555143034001
0.068917226000675
0.0691964655504739
0.0693190390065348
0.0696317732862693
0.0697062178815623
0.069915937831789
0.070004725276414
0.0700148224167101
0.0702695286996412
0.0704632041608049
0.0710036653881246
0.0712799354274342
0.0720055015248887
0.0733507628587357
0.0740727356086104
0.0735215067734321
0.0718425109558714
0.0716188883962395
0.0701544421955883
0.0696266934538952
0.0688476224780241
0.0686750438335992
0.0681029705259794
0.0674521103354369
0.0666775179906932
0.0659667624473078
0.0658556236067507
0.0656819649438049
0.065496425792099
0.0659123597064657
0.0664139729942729
0.0672626884188529
0.0681348773979718
0.0686196116472778
0.0683819670042824
0.0681461135484426
0.0678737129277714
0.067290946425503
0.0670682602429676
0.0657987208076478
0.0668169878527159
0.0683362716413904
0.0676564694085757
0.0685691129040496
0.069163683330837
0.067949586559135
0.0672740143993969
0.0670005458410807
0.0674880879178797
0.068036681411624
0.0682513844970541
0.0683967251165017
0.0681994631037984
0.0680781528911408
0.0682601439239068
0.0695509674197916
0.0709248035478593
0.0692351858338646
0.0678301317587255
0.0665146944015766
0.0680139567068051
0.0672404939434317
0.0677546080842953
0.0682463435638811
0.06812164677551
0.0669630802043294
0.0655803081809367
0.0649693172846745
0.0646744440195775
0.0644445351743072
0.0645024478928171
0.0647814658568579
0.0648052142920815
0.0648186736600011
0.0650292326704264
0.0651396562180552
0.0654039881130336
0.0659625088272292
0.0667173729032378
0.0678952011455189
0.0691206300243363
0.0698056160074533
0.07039290622325
0.0704633052218276
0.0708806379941779
0.0717147230489721
0.072640931451229
0.074052360390999
0.0730054348397519
0.0716264824079743
0.0698118298299204
0.068350284856727
0.0674831527277558
0.0672555026128858
0.0670885758297179
0.0669304435037944
0.0668155123721794
0.0680318027862341
0.0680622626575265
0.0679948547266732
0.0681319100772072
0.0682913246667627
0.0689091410685492
0.0689338002826366
0.069418588777097
0.0699642178733216
0.0702891517420763
0.0701984757325494
0.0702703902861402
0.070399619384219
0.0701423039192669
0.0696532533971422
0.0693825151995693
0.069566739398203
0.0693428768098641
0.0692967505666759
0.0687607590863867
0.0682454483501459
0.0679595895224264
0.0673366920054387
0.0667133815794553
0.0665804456802383
0.0669376401853642
0.0669723186399016
0.0673211326624421
0.0677460945631668
0.0680595735870129
0.0685376100224653
0.0689303927147741
0.0693013767949446
0.0695099694654572
0.0694520929861173
0.0696496208231436
0.0697201635725105
0.0700812869236427
0.0701171640223058
0.0700746567145815
0.0695001454872004
0.0696787507474892
0.0696580004660299
0.0696705776572606
0.0694650656927646
0.069933500406936
0.0705929396006504
0.0703094427438419
0.0699720572749677
0.070089076078331
0.0700339508062414
0.070545005205566
0.0710724407334292
0.0697968187284779
0.0697861735031783
0.0697857774108857
0.0698791144450104
0.0702879390089296
0.0693575280869899
0.0691266853935388
0.0700770219312743
0.0702235358890717
0.0706069936391909
0.0701308789339318
0.0703186198101483
0.0693539141953551
0.0699308494108566
0.0702896702682498
0.0707888817673944
0.0715965412440215
0.0732238273439538
0.0735324605234745
0.0739351185722883
0.0741689107939339
0.0741585195443446
0.0735499254582984
0.0722647682562993
0.0706772852635382
0.0688387394004157
0.0665733757409911
0.0666281165907503
0.0674177357270662
0.0661462978024917
0.0660201026568431
0.0660742600455727
0.0660224875964523
0.0661280164155998
0.0661698904449879
0.066338477231536
0.0666590264568216
0.0675484724833391
0.068303986238898
0.0684647213322583
0.0680777417473633
0.0679402266256688
0.0680524703160975
0.0685764272179436
0.068762697949311
0.0690229687181881
0.0690824666905121
0.0693969717312009
0.069632363669749
0.0699122685138334
0.0702881711361158
0.0706018657847126
0.0708402798410394
0.0713389054711025
0.0718539280825424
0.0731659153854262
0.0738514015285835
0.0735805894498343
0.0729567641935298
0.0714348663212412
0.0702292535388907
0.0699005678728084
0.0694581822525109
0.0686655099155835
0.0680711270947762
0.0674261445614843
0.0673626361944677
0.0670471795895391
0.0667067674747944
0.0665304685308368
0.0668564407001662
0.066575524594702
0.0669263541989528
0.0678194142875069
0.0687757628583422
0.0693727698980571
0.06968667744789
0.0693892290624601
0.0686255834310149
0.0681606788081985
0.067718313084425
0.0671471058605023
0.0674673094500383
0.0686384580256107
0.0678434407153487
0.0683083552740115
0.0689689871528393
0.0690446577524001
0.0692272778161402
0.0691936029523111
0.0702797454453991
0.0717848677300168
0.0723158889136131
0.0709934487774307
0.069590928895562
0.0698574869186233
0.0699451221932164
0.0708765222968969
0.0709466430613079
0.0692297627002476
0.0682774035613757
0.0681203309995582
0.0686539668531336
0.0686678315068186
0.0700226988512205
0.0706300246574321
0.0713491868042425
0.0698276395328646
0.0686403432444641
0.0676417982761715
0.0679577333370381
0.0672508860139187
0.0651296693039329
0.0649342697038202
0.0648230882017236
0.0647211720507499
0.0651897608449764
0.0656251585269045
0.0665576768391307
0.0672783440092561
0.0678378126574076
0.0689607909853859
0.0705286498182812
0.071513871420594
0.0722413432957308
0.0722424442961073
0.0730960733154501
0.0737193272799128
0.0750554266025872
0.0762167004238755
0.074990060239049
0.0736808825033176
0.0725230701545606
0.0713095914911774
0.0707023769478554
0.0699431778049722
0.0686707226042683
0.0668904147633339
0.0666026656826127
0.0674650639823461
0.0675874749856581
0.0673940005319323
0.067922050405635
0.0684140283221933
0.0689029879392018
0.0694816111047907
0.0704805697584337
0.0710252820890357
0.0708575361457968
0.0703391561903508
0.069613005903254
0.0682762335473888
0.0677594232478242
0.067209198184959
0.0670980093928025
0.0669597362886935
0.0671048445754318
0.0672403468917324
0.067131042202014
0.0664390147413857
0.065922841106161
0.0648124843066958
0.064782463455499
0.0651924009390829
0.0658754188222472
0.066378407504556
0.066407932679291
0.0667809876072561
0.0671703863501016
0.067484121475681
0.0682258529613295
0.0686528507772728
0.0687654317249702
0.0687936070495975
0.0687762965506224
0.0688818954872307
0.0691756584046101
0.0695462235202037
0.0694385074471373
0.0695825351523565
0.069999937116644
0.0706011995297485
0.0709364478735587
0.0699698798974412
0.06982505984366
0.0706917471910083
0.0700439782228056
0.0700591735771313
0.0705382779021835
0.0709099785625053
0.0720277844831572
0.0709681395650486
0.0707708225918699
0.0709947517603034
0.0700308206231048
0.07020099454659
0.0695536919550855
0.0697685304875106
0.0692974417563496
0.0703473145208968
0.0710784350016278
0.0714203895201587
0.071053961730482
0.0709460569759363
0.0701273978556618
0.071026346916609
0.0715731555430026
0.071947380805005
0.0722587171019576
0.0729156983807092
0.0743625647580682
0.0749547957233805
0.074417065966153
0.0733171702022331
0.0729973056778995
0.0707302121570943
0.0700169357122511
0.0699092844678535
0.0670148542816266
0.0648668950603841
0.0661150787858589
0.066659356213285
0.0661286769737692
0.0663007615241001
0.0661571445113749
0.0659658842053264
0.0670809693451038
0.0676459194043694
0.068314708084041
0.0683521701991633
0.0680684809111813
0.0680572709448895
0.0678153459117698
0.0674665288166632
0.0674215275174367
0.067721714196074
0.0678810544794851
0.0681190908447323
0.0680628418877981
0.0685606225831309
0.0691761647453334
0.0695773066617843
0.0698816804172153
0.0703880693911879
0.0708004746862251
0.0713880971915174
0.0721225436603098
0.0726799551472967
0.0729044831267481
0.0725916619977862
0.0723412716039836
0.0713757590116396
0.0705751164659245
0.0703501615047249
0.0697105678625951
0.0689743044158806
0.0679594855838742
0.0675250835043838
0.0674310492543034
0.0676842187277315
0.0681405161544157
0.0684717956967722
0.0677765961190859
0.0675795671286681
0.067307382577849
0.067844885886164
0.0683442349950111
0.0685128013808969
0.0689091071706763
0.0687049303738962
0.0686258975460202
0.0676111753744791
0.0672914033305688
0.0673263819173715
0.0678756395718394
0.0705248312404544
0.0683786872708538
0.0669134827948662
0.06707684249409
0.0676048513147863
0.0688921973900976
0.0695511963597145
0.0710792310955341
0.0713899825521454
0.071131342310969
0.0715453498957037
0.0723057242408188
0.0733377037266237
0.0742286152305668
0.0741060232755184
0.0719875523295197
0.0694833326715499
0.0685228462377864
0.0684316044511517
0.0694729390902243
0.0709995477017097
0.0711065875685525
0.0707918521029425
0.0700932265295771
0.0689742156294977
0.0689071165248355
0.068556954205789
0.0684579328285217
0.0690298981076154
0.0679783936205539
0.0676233047292242
0.0666026999212762
0.0666622072444662
0.0663956147211073
0.0663251938876711
0.0668102341077622
0.0672273215473922
0.0686689151038727
0.0702811596665568
0.0717498910962905
0.0733044181747221
0.0741396333316618
0.0747862903418388
0.0750905846963298
0.0756848878610596
0.0752305392171865
0.0755585893723308
0.0744804766836662
0.0731698791171481
0.0729625208821468
0.0717008148619594
0.0712173108299083
0.0709678106548115
0.0692452279175482
0.0682264978930169
0.0681971176750363
0.0679677158353241
0.0669811531570217
0.0668328105418152
0.0674391857705419
0.0686474896190664
0.0693126632858383
0.0690939985019642
0.0681998291580473
0.0676047559609521
0.066930986438548
0.0659721120156238
0.0653584590517736
0.0650791653612542
0.0655639770351095
0.0655524093294957
0.0652904491857632
0.0658029458227894
0.0658905026982447
0.0663105183203266
0.0661411277049124
0.065840572674235
0.0650052547887073
0.0641457559048641
0.064154994073072
0.0650187528558872
0.0658190378119448
0.065656344036514
0.0653332288346103
0.0656039471850272
0.066443281013257
0.0669065568980877
0.0670404041002737
0.0667951509261848
0.0669763356064526
0.0671662782750844
0.0675723228219077
0.0680763891760953
0.0685840559735632
0.0687764349992316
0.0688877256688234
0.068993179377913
0.0692913799688328
0.070160379174381
0.0702580984654222
0.0703270766006076
0.0696428944282593
0.0703140094721876
0.070365044926967
0.0703305793854917
0.0696835627125701
0.0691175816297558
0.0698012831699412
0.0691197901094136
0.0679955974208647
0.0688678042973013
0.0686946543630557
0.0689178081828878
0.0686220194416645
0.0691983769523823
0.0699502195775586
0.0703784627960748
0.0701297555222641
0.0704862704695473
0.0700206427891493
0.070246981178199
0.068786921310757
0.0698199580789503
0.070342990803695
0.0702242014223547
0.0707873613167622
0.0712678510588964
0.0726712463975556
0.0719542831106661
0.071079139373816
0.0704476651418843
0.0714050269165707
0.0707138107376393
0.0700323101679849
0.0701968722349688
0.0687901855715235
0.0663715932437549
0.0650519979727763
0.065376767170748
0.0653361686412589
0.0655922231801943
0.0660429221670216
0.0669656602979409
0.0678097163711653
0.0678957805965657
0.0680385602423447
0.0674705458771561
0.0676099717834778
0.0674156240045172
0.0674446731739976
0.0675809336927077
0.067692016439526
0.068007397666872
0.0684540942052017
0.0688362817100131
0.0689575715872737
0.0689701673495911
0.0690399194523162
0.0695453989700943
0.0700752295706354
0.0705905392415638
0.0714616291388334
0.0717184411263228
0.0722478800637387
0.0722284965870513
0.0717431345999203
0.0709760836832883
0.0706201493941312
0.0702362490844352
0.0702814125697183
0.0695164885198335
0.0688921008034215
0.0683154012186954
0.0680918824281336
0.0682210718774793
0.0692648690907379
0.0697870227580385
0.0692929509032585
0.0689783686785833
0.0691056766624164
0.0683699487982983
0.0679936555122368
0.067700972657697
0.0673958574358348
0.0670780724037301
0.0670785001133232
0.0675203366312486
0.0682441225380818
0.068266938680964
0.0674582611948403
0.0671764465145246
0.0671474369996807
0.0673534625125988
0.0677980690581322
0.0676384611787398
0.0679072486121744
0.0689935674474762
0.0699540058634767
0.071490597563169
0.0718458175612025
0.0721528157221006
0.0732346299076797
0.0748037729474002
0.0752988533740439
0.0755442568978783
0.075152663735559
0.0742740883276111
0.073075612871264
0.0710202150143746
0.0699715794198668
0.069524929943257
0.0704412587528224
0.0713526054978294
0.0708182291769014
0.0698470036590568
0.0687099750162541
0.0678399904924523
0.0678804289970253
0.0673391980992777
0.0676064642482462
0.0671808537045223
0.0669049669886778
0.0664399561671811
0.0658144056296879
0.06570790886999
0.0653745131487701
0.066434217915158
0.0671721481691206
0.0677137141090706
0.0691446555311612
0.0715560576242579
0.0734461466771597
0.0752223699523939
0.0763761644312333
0.077360214610691
0.0767288188502174
0.0772551988239234
0.0758786247969766
0.0741039450894321
0.0729447863837327
0.0725843054647401
0.0713750958116893
0.0712503571850348
0.0707606384034817
0.0705026957114803
0.0700201801507885
0.0685855418070853
0.0686244963693376
0.0687003025080521
0.0681450658252345
0.0683464340777138
0.0681132542917837
0.0674203499491563
0.0660582025597659
0.0653944820117693
0.0653512902631993
0.0651940824174383
0.0653804892600873
0.0654447708810198
0.0653145090700447
0.065222852530786
0.0651886963368661
0.0652505464250554
0.0650323302577358
0.0649724472473648
0.0650186487719591
0.0651568200893548
0.0647130599953871
0.0649522348495613
0.0648255270276379
0.0636363738265292
0.0641269522213617
0.06448408657612
0.0639892152196237
0.0641208116694314
0.063964722172812
0.0643953853016987
0.0646350284070746
0.0652353976511011
0.065981816304377
0.0664699762478916
0.06729429268765
0.0676756384940556
0.0683221492651843
0.0689211187854381
0.0692034523641316
0.0689238776167237
0.0691647370402107
0.0694041281632022
0.0698012918575532
0.0699052030841635
0.0691701676889382
0.0686590244140657
0.0678603677470094
0.0683782087685901
0.0684900347264905
0.0685174771004532
0.0679531157072222
0.0673080146227298
0.0674010267054198
0.0685970910228155
0.0691854059964826
0.0694988511512663
0.0701072835372904
0.070052388041853
0.0695830320978367
0.0697464023231865
0.0703704929438486
0.0705584402285451
0.0714212271369554
0.0712256723770494
0.0707993131694926
0.0701990002238294
0.06982922463288
0.0704278668613051
0.0711866340750903
0.0714703454224431
0.0712634738520224
0.0716001620610682
0.0715602503990228
0.0721117556648047
0.0720429464009087
0.0711890958443183
0.0707646734849543
0.0701032718402061
0.0685274283616576
0.0687104095235283
0.0678827407625828
0.0677547918708204
0.0655557473920062
0.0644075910607839
0.0640046518764048
0.0643869728229171
0.0654289211731413
0.0663140849010749
0.0667812092950626
0.0675127452588338
0.066911537630673
0.0656054732732184
0.0656866432322735
0.0659352324911063
0.066621930513628
0.0672038648960525
0.0674538259819678
0.0681117429770591
0.0686455272809209
0.0691104412223054
0.0690166370692999
0.0688733380329188
0.06880475572074
0.06857266917274
0.0686280329345661
0.069405870098007
0.0700032189949988
0.0706634405611729
0.0706716997021209
0.0703915047026576
0.0699112018052825
0.0694398935660724
0.0693671938542294
0.069529352788354
0.0694398989797116
0.068582542028643
0.0684504893321607
0.0680778153286873
0.0678616734119908
0.0688212022389513
0.0699978663872053
0.0701306385759458
0.0701934945410451
0.0692184306007513
0.0691426613562576
0.0684875172396159
0.0679746926197301
0.0671403409118759
0.0665534722040011
0.066551961901498
0.0665947783034365
0.0664303506358007
0.0669600576040197
0.0671156698956181
0.0664547043988866
0.0661316126222847
0.0662634331936234
0.0669892887025151
0.0657631594545865
0.0682432143265003
0.0689008976418144
0.0704187553092463
0.0710860249647607
0.0711406438654446
0.0710013681906531
0.0715615626807231
0.0732406557682616
0.0757494274512404
0.0774281371584626
0.0788476823226326
0.0782867048206441
0.0765642431095616
0.07513169453301
0.0742594998858942
0.0720092689247821
0.07081911274584
0.0709156223647851
0.0708656419325328
0.0702080112655555
0.0695103715985521
0.06868666704374
0.0681702812375697
0.0684482496660317
0.0689164314640646
0.069575187224973
0.068831005768518
0.0684293677191154
0.0688214199487283
0.068673478718117
0.0678384838038273
0.0675032722810423
0.0680686376118987
0.068723972964358
0.0697533685945059
0.0701664303764893
0.0715930152790909
0.0735339490054375
0.0755553473829594
0.0774209662800893
0.0771686196345283
0.0765725787981993
0.0752073725013193
0.075052828490992
0.0730167823014177
0.072405189581156
0.0717745774851605
0.0710377702174125
0.0712761303487359
0.0708357961573259
0.0702980066564254
0.0704327082886985
0.0697201361766175
0.0692935844779418
0.0690121454761653
0.06773342306669
0.067298836414767
0.06670677541749
0.0665015052220153
0.0666904011037683
0.0666373024220708
0.066683860551011
0.0667620948704843
0.0666452321294643
0.0658552704161737
0.065584678261294
0.0653496937798485
0.0655284679278913
0.0650802204047182
0.0646541106190756
0.0643330874141858
0.0643538086850937
0.0641780963054214
0.0632767858816796
0.0631537308772953
0.0629101570499578
0.0637998287366581
0.0639007227181477
0.0639048581565856
0.0640721160057329
0.0645791965384707
0.0647042324905899
0.0648202852984996
0.0649380966207188
0.0646841753804572
0.0650991829790391
0.0651593093686637
0.0655705806102515
0.06640589907411
0.0667108666809927
0.0671841005212749
0.0672527214180778
0.0674238876801923
0.0677257435726156
0.0682829171676408
0.0681336273984411
0.0677867899789015
0.0680623853425417
0.0677283005226825
0.0677259719953308
0.0675812105206476
0.0677432357191684
0.0678599643105548
0.0673206516326642
0.0673726399414117
0.0680586118206323
0.069930109739829
0.0703442342395104
0.0705692476690697
0.070028688333849
0.0694871080410904
0.0702688929204986
0.0707300058193211
0.0708578540469681
0.0717487492697149
0.0717204027410853
0.0715199868015237
0.0711748753225211
0.0724666146063467
0.0729492484137079
0.0738968926018626
0.0736215865565111
0.0734508737828451
0.0746874923711501
0.073842874573107
0.0732709208173887
0.0730066439274894
0.0725655297923963
0.0719833158930818
0.0713924277111586
0.0713602178454619
0.0705511269637617
0.0689266992574984
0.0676309054146799
0.0664681782978349
0.0658229940340743
0.0655834687022894
0.064768002967805
0.0654203346467145
0.0662416673331639
0.066822596710619
0.0667381384146185
0.0668881135490844
0.0665518334877358
0.0665349524368903
0.0660164003148804
0.0653642658172603
0.0649434880157091
0.0651070699156982
0.0652599134310859
0.0653079544497447
0.0651666013903315
0.0656326384973593
0.0662030168315944
0.067407844208959
0.0678808915558494
0.0684212382564921
0.0685661810343495
0.0685942624329143
0.0688127706799956
0.0686847168140424
0.0686179230386745
0.0686927026130765
0.0686022321670737
0.0685308332549091
0.0686863304955586
0.0685548588890712
0.068621389654
0.0681281723288238
0.0686211553114677
0.0686323157072951
0.0685324709750775
0.0692018373885459
0.0698884437201616
0.0702239209410906
0.0698299007661244
0.0696307150827785
0.0699459030232737
0.0697102947771063
0.0687397807942673
0.0680699945959284
0.0678793056328388
0.0680543516772399
0.0690248828427648
0.0679029642995797
0.0688681022532267
0.0683542750776547
0.0677046638881049
0.0674813895103363
0.067521285773493
0.068836530721484
0.0690188098352383
0.0704573814729936
0.0724070441959581
0.0724872450046906
0.0742035959334928
0.0746745136580233
0.0749442374835624
0.075149101690632
0.0748141814692993
0.0749902801483034
0.0759840465664748
0.0772120950739176
0.0778158062336163
0.0766323504459119
0.07567405542653
0.0746056816431775
0.0729991949333082
0.0712506546484108
0.0697134289869589
0.06930898638378
0.0693047692588452
0.0696359697642625
0.069740092970444
0.070229773058648
0.0701333504061268
0.0702990436164702
0.0713261139163813
0.0723823211438869
0.0724241244544993
0.0726755183514091
0.0724944975287122
0.0723011115355794
0.071884213927526
0.0719533050925658
0.0726491705118859
0.0738765558564975
0.0745515890166867
0.0749320787370984
0.074599011729128
0.0753513806527563
0.075897032640864
0.0753379600034599
0.0745572357882377
0.0736635460257083
0.073276183192931
0.0716933974695838
0.071100461439954
0.0706071494612523
0.0708312793496158
0.0700517942378551
0.0698404874467174
0.0686200293174443
0.0686063384816891
0.0674689038616369
0.0672143661400364
0.0666510437431268
0.0657933438501923
0.0657983972603248
0.0655589570360876
0.0647808383821305
0.064903506738654
0.0648549936682755
0.0651066091029302
0.0652271516310116
0.0643128510334459
0.0644068928784458
0.0630336226395117
0.0627872662380375
0.0623836999027154
0.0632090195341814
0.0622600364983295
0.0614305830021643
0.0617313343948423
0.0613768927992333
0.0615438360208113
0.0615437402113075
0.0616183138789371
0.0622572491403311
0.062548453724253
0.0632336780054668
0.0636974250010348
0.0643939512802024
0.0642948543296907
0.0647935043163724
0.0656935140332415
0.0660015373442535
0.0662832776067659
0.0661944549739141
0.0655204555218326
0.0658335119435885
0.0657570780868942
0.0661232433106407
0.0662834546537482
0.0669805870687023
0.0673196554135372
0.0681796953646347
0.0683789642989411
0.068110177293625
0.0689001659535834
0.068483428138296
0.0683618494306988
0.068172579463382
0.0687916970827802
0.0688284201267541
0.0686227139820152
0.0688180215896638
0.0698093144744136
0.0719811603618555
0.0707847205260395
0.0699438719847094
0.0697852189450812
0.070393028811453
0.0700765705861971
0.0713621767418731
0.0703690974184717
0.0714146646256863
0.0709154443815145
0.0706423604933456
0.0724674014743875
0.0715196431648598
0.0725352068555233
0.0733036857597164
0.0734338795505832
0.0752798037391149
0.0756810574310308
0.0755767489014649
0.0754103073293374
0.0749360666566358
0.0737951550117184
0.0723769743836895
0.0730187581370893
0.0723829604153815
0.0712967699908313
0.070484046306437
0.0692557626156283
0.0680821937391295
0.0666924782313503
0.0663747017410339
0.0670237781428943
0.0668568933782114
0.0667353551136041
0.066544034343648
0.0656492880147661
0.0652994193913296
0.0645882056253362
0.0641790786506421
0.0640409179428382
0.0639903576926277
0.064005557426666
0.0643444061799476
0.0647838847542139
0.06489292713613
0.064590837473992
0.0646629948089602
0.0643159003636339
0.0649749635964585
0.0656815667907597
0.0663208737910355
0.066838752463005
0.0671078304469788
0.0671239865534881
0.0673083781552336
0.0675445375031335
0.0679406946962549
0.0678382938619224
0.0679552866033381
0.0679830884529286
0.0683062058541157
0.0684853794705641
0.0686595864773863
0.0697189191805152
0.0691046106186199
0.0680805732442814
0.0687836927925045
0.0688818572377856
0.0694024786116701
0.070621876705292
0.069990835889998
0.0697896280305259
0.0699123014976473
0.0699188593683926
0.0698942495600966
0.0702127414359621
0.0700809472569943
0.0687837619100451
0.0673209729852914
0.0675612885626437
0.0670275813499158
0.0674603341968475
0.068090196180513
0.0675583404599959
0.0687392788042168
0.0713546225747374
0.073400094639538
0.0738422771667973
0.0741346768949008
0.0749389172850447
0.0734868543766742
0.0726480483875303
0.071787628226875
0.0724180223912989
0.0735951610248925
0.0738793744608852
0.0749040443856585
0.0760525209907134
0.0762377857615183
0.0753505383825179
0.0752044266235817
0.073659428968172
0.0708931630918077
0.069084628207039
0.0689844843856711
0.0693654413847633
0.0698635853953496
0.0702027046673698
0.0706429994823135
0.0704646498471306
0.0705218179857177
0.0722081309996417
0.0724289805967783
0.0720603886443044
0.0725777238129783
0.0729283054256797
0.0735745668280377
0.0734955868029512
0.0738980366069548
0.07419051869362
0.0743994081141902
0.0736672578894407
0.0735787636802391
0.073144346293129
0.0737633867149924
0.0737718882586225
0.0726880719653292
0.0719661619976066
0.0712574313663207
0.0720387654112399
0.0706645259998888
0.0709705274541326
0.0710079991029004
0.0705956069684775
0.0700191522642146
0.0689264789783294
0.0682603704483088
0.0676837140844499
0.066645835156053
0.0661747621925485
0.065301839500715
0.0652296171485616
0.0648853399017973
0.0648227740740587
0.065276678987883
0.0659482337385697
0.0656425413625215
0.0649131665672422
0.0648117638112029
0.064378911006219
0.0639963518214625
0.0631104685516764
0.0639886865654758
0.063476659446317
0.0634945130131114
0.0623995796385438
0.0623480423693845
0.0626414904063967
0.0619594336143802
0.0619074672339633
0.061501624647792
0.0615573756158837
0.0620125020280249
0.0619572241258259
0.0618529976278309
0.0621795191774904
0.0626558790794014
0.0638766998533591
0.0646200529251708
0.0655474225465932
0.0662774094334514
0.0668047564653333
0.0667480029754217
0.0666371933702966
0.0663552003246645
0.0665360986191019
0.0669214776338957
0.0677734619757532
0.0684225056153655
0.0688687522749621
0.0688795194851697
0.0689146594266792
0.0684944825418476
0.0693411907041202
0.0692329666824669
0.0686270849116778
0.0679587350934235
0.0685753715559663
0.0690583080468696
0.0691227239481363
0.068800565175982
0.0700807788525929
0.0711683802310638
0.071251477694128
0.0705398516499852
0.0695700902694441
0.0707689100557914
0.0732375733150333
0.0716346013550868
0.0721058347500954
0.0722361921473701
0.0731670908547008
0.0728589460413889
0.0735154678845281
0.073798445873409
0.0739337208088552
0.0750937011810017
0.0746399401553868
0.0746620767853003
0.0745946445244942
0.0753436250742087
0.075097703500949
0.0748396237097205
0.0743142996303105
0.0729748196461561
0.0733204654496759
0.0724839196284645
0.0712929938478571
0.0702520061808781
0.068918809012606
0.068209840807135
0.0679037851994207
0.0679340218776013
0.0670069761028055
0.0665927651869313
0.0658715137970622
0.0645754233023776
0.063851099634172
0.0630804909467334
0.0625182855415539
0.0623473415570585
0.0623967341916623
0.062703260160074
0.0626291019258019
0.0632930077561152
0.0640070904545666
0.0648165885643934
0.0651119437570172
0.065451919474523
0.0660045496491495
0.0665150097152583
0.0654852666261465
0.0653475355967963
0.0653035024325419
0.0652316174507805
0.0655958246324754
0.0658804007913704
0.0665013875329556
0.0667263521520812
0.0670619002673746
0.0674153492720911
0.067585062988455
0.0679872527078901
0.0687020658356965
0.0685502242152252
0.0686248146926637
0.0686042487276579
0.0681155819792978
0.0687409548842775
0.0688268379312848
0.0692809598625978
0.0698240813458795
0.0700605284939026
0.0705880366750816
0.0719480781338474
0.0708926230831414
0.0700133489480449
0.0695478688823517
0.0684123737017006
0.0670503590894989
0.0663789171835044
0.0671648177220015
0.0674547583939542
0.0683085440959144
0.0690932707992109
0.06932540436914
0.0711786230541969
0.0719961199272378
0.0731043641543792
0.0735997883605601
0.0741087676572423
0.0734160528618915
0.0734418152601236
0.0720691008485748
0.0720806421389081
0.0723913450510804
0.0715927345809526
0.0716564207674824
0.0719807720775008
0.0730705888616525
0.0742881426587882
0.0750176807949515
0.0742400858646093
0.073425530558223
0.0715881099963306
0.0705048533044081
0.0711348030326439
0.0712946589596021
0.0713822126832027
0.0715179188921706
0.0723356876327277
0.0723750863970877
0.0729480846527051
0.0727401017386965
0.0735823632338066
0.0727368233463781
0.0734947321151753
0.0737899860488288
0.0749199451396592
0.0740155985900793
0.0728359407587019
0.0715937191611674
0.0708490698618503
0.0705640872872214
0.0702759226525978
0.0713012411993811
0.0718265886107568
0.0723280426735835
0.0716102522830471
0.0704300030752849
0.0703153775872961
0.0708059432743934
0.0689572628410648
0.0694495272834697
0.0687350542905444
0.068635258187942
0.0674736377180705
0.066732165330691
0.0664144896306554
0.0656074035040914
0.0652127500558949
0.0648978464595994
0.0644421401711444
0.0641163613012556
0.0634527433349888
0.0638713741949829
0.0639969651643014
0.0642366864565074
0.0636462873812088
0.0633178876954501
0.0627328571645208
0.0616200568320615
0.0623886350581418
0.0625608534707398
0.0631133453576615
0.0630963829159059
0.063087398026569
0.0626129660732874
0.0626336681099505
0.0626449813846423
0.062508835063437
0.0622334916220387
0.0629155209550219
0.0633169695416027
0.0629111202496879
0.0618515302909234
0.0618122652276082
0.0626118483936028
0.0632318975414421
0.0641010931659124
0.064767632031521
0.0653713888558907
0.0658495068481505
0.0667006536525778
0.0678199040697892
0.0678986139725319
0.0676449065133546
0.0673688780285355
0.06747989185732
0.0681874314562966
0.0676409646730616
0.0673214821204598
0.0672219432680163
0.0669360971493736
0.0666425265375466
0.0677177226564441
0.0686442147766737
0.0691471569956821
0.0686604152152041
0.0687121754655664
0.0689005374359258
0.0684516628876937
0.0697269933415109
0.0709326750765983
0.0716399511897665
0.0717034472923437
0.0726543259594717
0.0712055137781098
0.0727203380716933
0.0726649049831082
0.0727673605733907
0.073983588905245
0.0755757613655162
0.0758079804742003
0.0751705511917679
0.0753429485747396
0.0749627720285852
0.0751458560736091
0.0756805322992143
0.0749081084171493
0.0754758548989948
0.0752131148524241
0.075496027591555
0.0759057760824514
0.0742364290042267
0.0732712824796201
0.0716143833594854
0.0708593780100486
0.070581064696388
0.0693232658875503
0.0694394829108047
0.0692223123580048
0.0677617502915925
0.0673716608963725
0.0663065025372643
0.0650505624181457
0.0646451957113706
0.0643065615746508
0.0639114230529331
0.0630839493254793
0.0622907893284798
0.0616205278289611
0.0616493488448737
0.0620426686173593
0.0625385906908291
0.0628642956249457
0.063202772815474
0.0639097798735486
0.0643932770835604
0.0648890302992638
0.0657691774677788
0.0659483832277943
0.066315496628742
0.0659098291350807
0.0659212156323316
0.0655324136880371
0.0655004317713649
0.065885254756691
0.0659953525253064
0.0666922842669275
0.0674805127239474
0.067119878212348
0.0670721380071971
0.0672155445592189
0.0675741012741419
0.0686522643110233
0.0677807773768157
0.0688058840885286
0.0682579275559648
0.0685418435799338
0.0692723347634978
0.0688772283315704
0.0696316963215777
0.0694534093992462
0.0690116079359343
0.0687631445373763
0.0684879100328394
0.0672211545451255
0.0675559870234554
0.0671385155324942
0.0669159833394072
0.0670545767319531
0.0673964195219503
0.0689520929708091
0.0685686330832914
0.0691401695193349
0.0690691211390454
0.070318460064638
0.0708446851660581
0.070663444174511
0.0718713104090351
0.0717364050717192
0.0719518505559824
0.0729339370038042
0.0728679327157552
0.0724161574179078
0.0719705597643751
0.071733294659912
0.0709676693767957
0.0718378736211789
0.0723174064468715
0.0732104866993631
0.0738065312916259
0.0740870525787803
0.0732793818435454
0.0726596686920887
0.071343188193282
0.0706840988528543
0.0705064238550932
0.0706329258290782
0.0705932623453753
0.0709323189427176
0.0703345049982347
0.0702755794206553
0.0710625945483962
0.0714182396848223
0.0719229406258043
0.0722963470032496
0.0724882645913352
0.0717591692577349
0.0709558316457091
0.0702853199423992
0.0700399465967689
0.0696958113811507
0.0697284183046588
0.0694235633888295
0.0702821588410952
0.0714848644925383
0.0724743058058559
0.0723266325610697
0.0716558624138843
0.070519707712175
0.0702204788452275
0.0705622143590708
0.0690890865578474
0.0687054736209001
0.0677461488720028
0.06708919231917
0.0671120846289037
0.0661138840832757
0.0665907996995696
0.0664554255082435
0.0663492376213858
0.065641207535256
0.064525767583406
0.0637148115071768
0.0633971326193709
0.063497813629699
0.0633010025077738
0.0627523620435199
0.0626439803172194
0.0619148507457192
0.0617678890933452
0.0616433807110481
0.0623520711072596
0.0619557645015416
0.062374687846563
0.0622710530362858
0.0629143153458368
0.0628544356787038
0.0621870612976465
0.0628163304532549
0.0630787357172251
0.0630679137900289
0.0634630505023134
0.0629481842916142
0.0634315738588946
0.062803099642536
0.0631938233943742
0.0638968452705852
0.0649658149101128
0.06546484389294
0.0665015693444821
0.0669890086715538
0.0680255889469841
0.0685064725918062
0.0682233241387769
0.0686842541302341
0.0686447655879372
0.0690544747206772
0.0692021222381565
0.0695339214263516
0.0690776081339852
0.0680849493663979
0.06744532259504
0.0681164052469152
0.0679660011210314
0.0678977690865908
0.0680147694756819
0.067521194466505
0.0670838300840743
0.0685438909823793
0.0693025913071088
0.0693532346832465
0.0691673549052878
0.070472584834454
0.0717116201372664
0.0720672899304246
0.0730738578636427
0.0739618587285137
0.0737260137212715
0.0741845327169467
0.0751380616489173
0.0752552810621595
0.075611819888722
0.0745615003375455
0.0751633277791255
0.0751297756340523
0.0744758263695464
0.0750273259686648
0.074140278059896
0.0736191778267414
0.0749557345332651
0.0750123961281408
0.0748973818469622
0.0753286269509408
0.0746840069594907
0.073821842571499
0.0726293688472928
0.0709341972229468
0.0704129138947765
0.0699029186434273
0.0676192355826291
0.0680942237331365
0.0675960428914785
0.0679363305586889
0.0660968837353188
0.0639522984195903
0.0627836551588303
0.0624474484620992
0.0621851731686802
0.0618122671246458
0.0612484752237626
0.06121264181643
0.0617290311033518
0.0623331739564619
0.0625228054812208
0.0631406913384407
0.0628171759635469
0.0627798276670938
0.0631586775216362
0.0632852508019752
0.0635862258409098
0.0641106292975243
0.0646456582085727
0.0643348307400194
0.0646248421271606
0.0646883384845941
0.0647260713175637
0.0651648696578092
0.0659785609659167
0.0661621170542993
0.0679984669157148
0.0680930794069896
0.0679960161672602
0.06806160148285
0.0680399458885025
0.0680038745229443
0.068074252670719
0.0688396049345917
0.068388087997817
0.067756107528557
0.0675745832545939
0.0679462716466372
0.0686645463891457
0.0685796279157014
0.0682968368386521
0.0685813337897479
0.0676152223061966
0.066769694144543
0.0665357043910629
0.065648313237416
0.0654429776176805
0.0657120217163423
0.0660362682591328
0.0680815267709202
0.0687268347411853
0.0695992311634221
0.06931019514799
0.0687325018400199
0.0697531023468132
0.0702258877483573
0.0708001231412461
0.0711371959173356
0.0712856207681976
0.0715864521904958
0.0714319440366748
0.0712683472315982
0.0705740452927838
0.0708926422589344
0.0714102159457953
0.0702935846631122
0.0711655784984267
0.071317471581425
0.0723738061592737
0.0722628105065131
0.0725477811783303
0.0710573419561478
0.0708654253023111
0.0695334693746702
0.0694457463234365
0.0697717784985578
0.0697971284653821
0.0689733633831233
0.0682777585755499
0.0690913263432631
0.0698544606005298
0.0703134687606652
0.0712872178963054
0.0705974520434983
0.0709467608367295
0.0701211837039959
0.0702562893583999
0.069673400860789
0.0698656195127957
0.0707997917756843
0.0714150472707922
0.0726215570830014
0.0725929000882411
0.073520193253218
0.0734170713638994
0.0723585025025448
0.0701844121403761
0.0699095932782796
0.0699631675493277
0.0698402301424641
0.0679419675272109
0.0671291754596618
0.0666150885840376
0.0665114787399323
0.0659434820591077
0.0659047545083411
0.0659588297201958
0.0658175352667657
0.0651954195522239
0.0643774083441533
0.0628969630363766
0.0629605097673343
0.0624637352143956
0.0619265509319996
0.0611717661974282
0.0612500597260384
0.061207153010483
0.060680425588721
0.0610072746484173
0.0607622125684162
0.0602606475938954
0.06006182190071
0.0602835508215839
0.0601884004123679
0.0611941345320453
0.0617818113191521
0.0610730002063263
0.0604034609170041
0.0603731902279242
0.0606982406378349
0.0614963404795463
0.0624211273612355
0.0629564352274732
0.0642497865385673
0.0648557536090965
0.0660595492115225
0.0675071433110152
0.0692975777068743
0.0691451486108332
0.0682402522995446
0.0682632613784917
0.0676563576102458
0.0680082240304464
0.0683344099978089
0.0698039209381642
0.0711967632790157
0.0719442079056334
0.0713659640883664
0.0696173661736284
0.0692346922750583
0.0693680878795348
0.0696445959005401
0.069340495866398
0.0685867341572045
0.0686972820958672
0.0682728376466453
0.0688314691587419
0.0692045911488892
0.0694953179718245
0.0695609518557232
0.0692780087611101
0.0708422912020799
0.0724205300268977
0.0720150304805992
0.072877225990144
0.072953086269425
0.0723445758074196
0.0735715882120637
0.0735855975842209
0.0743605888373294
0.0744224733016352
0.0737527448027868
0.0743753510484876
0.0749303519076148
0.0739694112925944
0.0738946774109859
0.0731350817777558
0.0733964448886385
0.075465878965456
0.0748202869364065
0.0735135312177963
0.0730919403523227
0.0741197403287212
0.0737082210581427
0.072892658508571
0.0708718276457386
0.0690179207006401
0.0669960546130362
0.0648011102914995
0.0647744102221689
0.0651305240890577
0.0649807177700691
0.0648390134567009
0.0627956116520729
0.0610098322176886
0.0611318146366913
0.0602244984734683
0.0603893462518519
0.0606451097608697
0.0612037885147806
0.0623952793804007
0.0627381720885206
0.0636233645371815
0.0638923730080555
0.0641007972236472
0.0639430124913772
0.0646638049707693
0.0645601412144466
0.0642867628802009
0.0649988553796407
0.0656938159943311
0.0658600102848458
0.0659177908424657
0.0666848612336978
0.0670846994030911
0.0675597638954224
0.0672548978295456
0.0669399745629999
0.0667919938187917
0.0667244810294941
0.0667910384933582
0.0676501944193045
0.0685702129783824
0.0684116293485559
0.0686349369063422
0.0683142166689578
0.0676864909296439
0.0677481496991947
0.0673410558860724
0.0682999172976993
0.0680693159476194
0.0672823510871968
0.0678293150627679
0.0678722523883094
0.0682384602416612
0.067183067024458
0.067440817414004
0.0672934272713838
0.0679915391256438
0.0682653939271867
0.0680866709596189
0.0691051151456364
0.070892732282128
0.0697621846544753
0.0687616008683068
0.068936636101293
0.0697980187259441
0.0695808624642624
0.0694997881008853
0.0697269528340781
0.0697018342930998
0.0700004300898913
0.0704128301125041
0.0709201687198772
0.0706287408641123
0.0709335562464866
0.0711328997339577
0.0709638702733665
0.0715193441934958
0.0713357934840692
0.0709112861927947
0.0704671408288485
0.0699086730379732
0.0690920619546146
0.0686681526515007
0.0690236156613445
0.0692473600893166
0.0689015800690659
0.0684405002240699
0.0682763327284904
0.0684008776586475
0.069018810849955
0.070298989428665
0.0700592551835253
0.0698315037924747
0.0702473423169379
0.0697225266379048
0.0709391820449805
0.070561923040141
0.0709513161836369
0.0707750513362587
0.0707778693425655
0.0721913479498215
0.0743898437716939
0.074470585854465
0.0730049181197463
0.0713299414301099
0.0702936753332402
0.0693723379731744
0.070238743665493
0.0700552739996907
0.0678640852683004
0.0667640981513401
0.0658980325365178
0.0656830658494522
0.0655684517777086
0.0661937693023393
0.0654724599096334
0.065578150596474
0.0656716234884956
0.0645565596680272
0.0633479134041615
0.0622728137423608
0.0614848158852671
0.0612992928852673
0.0610713116593565
0.0611445427301593
0.0611742026074093
0.0603350227246604
0.0606180655978983
0.0609252134870058
0.0605922738219234
0.0602982391778659
0.0600030160451681
0.0597458631795521
0.0592668391222735
0.0602143147383911
0.0600409125857195
0.0596569065622287
0.0595708132901914
0.0603704464057114
0.061198389635464
0.0616251074577687
0.0624775125693332
0.0627189442507328
0.0644486083385611
0.0659527878426412
0.0677244014255936
0.0688911455665624
0.0684483295001375
0.0680307980672668
0.0692556564948288
0.0694788063529267
0.0692016734080759
0.0683166508824618
0.0691440995369664
0.0704860949213789
0.0725518647167182
0.0731868417879654
0.0729877560367649
0.0709642612417524
0.0711527965739032
0.0710611029515236
0.0702913065906287
0.0705971624216634
0.069845097802346
0.0690411291299948
0.0698241754754798
0.0704640609947067
0.0706542950670503
0.0704341707212793
0.0703673511143493
0.0700994178234951
0.0710835871913105
0.0733481249554865
0.0727201586102157
0.0725495451088772
0.0725217038428231
0.0728432717412015
0.0724430613050744
0.0724407645977449
0.0726130379086869
0.0725133636428197
0.0736736150788378
0.0742320190618535
0.0742158147235499
0.0727711514578636
0.0724116109925508
0.0723864758217806
0.0731096207535012
0.0740266082470884
0.0722619827839928
0.0728860922752571
0.0733194282347349
0.0745487202668162
0.0724356920940816
0.07119708595775
0.0685726931999901
0.0667805175110122
0.0646683208803783
0.0640729805164561
0.0634644071749056
0.0637807250050083
0.0637825453929111
0.0631229921826744
0.0623284729401064
0.061310407672448
0.06102245207535
0.0604272860300104
0.0603186348989979
0.0605355901395417
0.061194032829571
0.0615523508523517
0.0620602729691836
0.0625622604514583
0.0631821446764478
0.0631811676869252
0.063280119674711
0.0644359016575864
0.0653785473292907
0.0655225788839767
0.0662900782683072
0.0660951366819956
0.0663582207324134
0.0668570914791692
0.0670896660772083
0.0681026092409019
0.0679255014371754
0.0679956593462297
0.0677597761718946
0.0672702441056083
0.0670770176605354
0.0673695490333299
0.0688739231531601
0.0693702742783302
0.0695695572768158
0.0680028431670927
0.0679100840725664
0.067716487918429
0.0672972629947646
0.0674485153097499
0.068294628403466
0.0670228038056419
0.066603050135622
0.0680749664550693
0.0687663448118413
0.0690082695113824
0.0676254014064113
0.0675452451268597
0.0676620361440895
0.0687413013923899
0.0690023062288601
0.0687238750085052
0.0691530336850607
0.0706926509849108
0.0712749866588574
0.0704627003944827
0.0701405313441541
0.0700947805618165
0.0697686947104325
0.0701010809046291
0.0706621980875314
0.0704560530455265
0.0707328046492399
0.0708914143992009
0.0710674830283505
0.0708223361252042
0.0718821116870191
0.071047018400442
0.0710648948773587
0.0704303711917917
0.0701140729951432
0.0694167682835612
0.069182782407504
0.068955263342216
0.068253701745174
0.0679729312147741
0.0690600971829531
0.0685683808324661
0.0683837707342606
0.0678032312836088
0.0684975091968889
0.0687415410247945
0.0706043416963794
0.0692026889437185
0.0692389550766126
0.069157581529968
0.0699229335743654
0.0703041254166922
0.069895479126232
0.0694521852728774
0.0703031901748116
0.0708984353511652
0.0714166866371486
0.0723148643304687
0.0727030154875812
0.0715326044262256
0.0702343653002884
0.0685882757762298
0.0674790738188771
0.0686029579717625
0.0681465971421726
0.0672496838308703
0.066616048126299
0.06548975145456
0.0649543468297422
0.064793246477742
0.0656279018256599
0.0656400108510053
0.0653165097322507
0.0650964216494963
0.0641665090177249
0.0635231103542046
0.0623662744378769
0.0615947303899028
0.0620321072242186
0.0618743993402901
0.0609436867515985
0.0601643616735911
0.0593340623762649
0.0596741767137268
0.0596587909900728
0.0597240888262266
0.0598265168034294
0.0594778016064605
0.0594693714506695
0.0593837442085134
0.059363789831978
0.0600078339708037
0.0606845233327957
0.0617344976437264
0.0625294683415334
0.0632067710733214
0.0633057486501389
0.0629781463773259
0.0628709450093909
0.0632775138562622
0.0644328295109182
0.0652570812601538
0.0666697761555509
0.067942397274434
0.0691974197174447
0.0693298698709591
0.0694731960827144
0.0691821736743938
0.0679117929215984
0.0682637352662442
0.0700803771593253
0.0696411274403074
0.0717634885947038
0.0718052905040142
0.0722576567647504
0.0734632980279249
0.0728326241908222
0.0715971269364553
0.0711967063482282
0.0715946724667193
0.0713050262300604
0.0703785994382154
0.0710216184043526
0.0710070768539173
0.0720880809087098
0.0719232774076314
0.0710700059092115
0.0708568328273018
0.0709527287662725
0.0726093879443734
0.0725616285536622
0.0726616752263603
0.0724254794804053
0.0727946811487481
0.0731564841761616
0.0719964450018956
0.0728387489703767
0.0716825304666456
0.0724984063913331
0.0720458925602888
0.0717102983949335
0.0731949959688545
0.0733360327029858
0.0729340519993564
0.072627557851796
0.0730826240588012
0.0724579319604677
0.0725880402063258
0.0728376073559163
0.0720425728389577
0.0711600647255957
0.0698860476572456
0.0674965597041379
0.0650625443719362
0.0612620090423158
0.0614194886422967
0.0612291111205754
0.0618691315986273
0.0618573199350334
0.0615683310440057
0.0611498003137893
0.0598670687696494
0.0599405353733064
0.0600193511535114
0.0603111929061001
0.0607326097942374
0.061214338411156
0.0611416923824284
0.062036628295569
0.062056633216797
0.0621756180045827
0.0627898514188371
0.0630562006332578
0.0636311962243617
0.0646200139918941
0.0649516998136409
0.0654368404703867
0.0660271764501438
0.0659727340501613
0.0663111402990793
0.0667607764864852
0.0670430100578773
0.067701457187587
0.0679904886898823
0.0678325630342344
0.0681166027954375
0.0682198259822995
0.0684394875970962
0.0687523252802836
0.0693420208747676
0.0694567056823666
0.06814191877781
0.0677810163387766
0.0677691647447793
0.068044470132015
0.0686730116249433
0.0682409292934368
0.0683197231764822
0.0689577886785007
0.0698515930902598
0.0697014081154387
0.0691048833013133
0.0688036728205923
0.0679972707877791
0.0683107733340285
0.0678508867903031
0.0682991094920961
0.0687755419271354
0.0688650390940045
0.0698174813631102
0.0707147367122397
0.0711304820810042
0.0709416213932843
0.0697830362774344
0.0693848914903025
0.0702530240190392
0.0698668863726359
0.0692871849973613
0.0694328741019834
0.0692664672136627
0.0695145998404617
0.0691044090949442
0.0689948664417917
0.0686131215207028
0.0688035473914491
0.0692647649633619
0.0685805288158812
0.0676601107820222
0.0675012082859151
0.0680436970072505
0.068050325062246
0.0684167580854118
0.06952627493797
0.0694849458193669
0.069133395277217
0.0689716759720594
0.0686953237441833
0.0685070890576622
0.0680570037637225
0.0676409479417562
0.0679108056618984
0.0678000905190511
0.0683897633446492
0.069126550479223
0.0701966142273753
0.0705898648130387
0.0709655152885574
0.0709233780205311
0.070845447736896
0.0708398408257214
0.0707527935380558
0.0701172954001743
0.0682686227306598
0.0663320469952611
0.0660577892718617
0.06687260995432
0.0663950400362397
0.0661457364772323
0.0660386846245899
0.0657567374965753
0.0662100224102344
0.0658138740464325
0.0653285529809547
0.0649430987912141
0.0643769778590318
0.0638253328070372
0.0630782568258832
0.0633645525968503
0.0621169324671235
0.0613673070011339
0.0611736683496887
0.0609229043708533
0.0596254075334997
0.0588971381506187
0.0589596570214712
0.0586631430875458
0.0585307523499808
0.0588020384523462
0.0594921970977425
0.0589612466627095
0.0587179001182646
0.0597437873536664
0.060881532244853
0.0617428192644892
0.0630971476063775
0.0644929534941364
0.0652695848779321
0.0651939545309003
0.0650263604988068
0.0647991263932588
0.0639494142914568
0.0642047782376303
0.0656551307299953
0.0671486467548412
0.0686940444167501
0.0679522794533974
0.0686123281003456
0.0686851513849539
0.0680891289199443
0.0683140582120656
0.0681993688868442
0.0694067368360894
0.0704384841330194
0.0706506521075727
0.0724512897325544
0.0729841965475274
0.0726285924554392
0.0729527026927087
0.0724754769031228
0.072074919102201
0.0724087833911807
0.0723269139910537
0.0724051868816688
0.0716326144537011
0.0712852894677092
0.0714359613177114
0.0714077981342179
0.071493480887162
0.0713145028796295
0.0700682098921655
0.0696159896680446
0.0708962555029787
0.0716487862074363
0.0724702464978045
0.0722013215014021
0.0726019997318886
0.0730528333399734
0.0735046073917955
0.0729193473241
0.0724450203051227
0.0714186815259647
0.071740271185172
0.0724110186280735
0.0727663074854085
0.0729327125214274
0.0730974774598751
0.073118167846907
0.0727498372085767
0.0734921356367341
0.0735614175899681
0.0723544128617315
0.0707192222117377
0.0697079563725017
0.0674807950293691
0.0651335349752515
0.0617650211614414
0.0631270807549724
0.0623932744760865
0.0610489022480979
0.0605947728171148
0.0604263788055388
0.0604751954768108
0.060199292781188
0.0604618692186474
0.0601003701775454
0.0599685322801484
0.0599733960850322
0.06013174762966
0.0601719513522546
0.0603639498044984
0.0607305205665998
0.061302187992073
0.0614171290981189
0.0623400835595736
0.0630857153260495
0.0631999916217725
0.0643734717381288
0.0649355324332912
0.0657146310907284
0.0670071097945141
0.0665936405226763
0.0669102794797911
0.0673191236529432
0.067585002974287
0.0683902319200926
0.0684206286574676
0.0680673877658802
0.0675028539082276
0.0675732633962908
0.0678582844101193
0.0680141618136416
0.0682428841508867
0.0679770983307199
0.0661488229617914
0.0675932436987635
0.068396543926619
0.0688563556788183
0.0680759451276335
0.0677504687689372
0.0678212703542631
0.0677912991928146
0.0675534488672235
0.0678398266935268
0.067814321025035
0.067581934200639
0.0669699047731598
0.066832592412645
0.0668050590643178
0.0674900460516751
0.068419222666755
0.0690254189907409
0.0696060847563101
0.070342290674478
0.0702987511884776
0.0712464221990104
0.0710508825803038
0.0701603948519293
0.0703419718009
0.0704310933582264
0.069933974852521
0.0699313940124678
0.0692550048383993
0.0684098552061248
0.0681897464660932
0.0678601955402652
0.0666491393620622
0.0662423541536628
0.0669211628497632
0.0669069016726905
0.067009975751353
0.0661343405450565
0.0661565126160852
0.0665904505583681
0.0666230067203918
0.0675272968869898
0.0692262233238879
0.0679906083423195
0.068457238567826
0.0683445442062647
0.0674733242571835
0.067527651582263
0.0681183073949706
0.068288806413667
0.0691724914423575
0.0697944196690586
0.0700203595603575
0.0709268388482655
0.0702003579522731
0.0695409601969543
0.0686464636183675
0.0694124365239562
0.0707578038746944
0.069273853026067
0.0694860960260142
0.0671717445315379
0.0660443078306036
0.0654662430039887
0.0650855941941962
0.0648478426149569
0.0649999973359539
0.0655212114897706
0.0654144860725391
0.0655084959472951
0.0646807010287551
0.064514202827981
0.0638630877379488
0.0636550303373546
0.0634022774638809
0.0626320370304551
0.0620548521391007
0.0609821835362587
0.060638046197731
0.0600603622902913
0.0591677464664503
0.0578442338672801
0.0580680130381342
0.0582894882148968
0.0587920536200642
0.05888980153983
0.0591219670852802
0.0596054747414731
0.0597416605550284
0.0605353034420675
0.0621457411854765
0.0642561005255062
0.0663209647240457
0.0678603624329991
0.0681360846506947
0.0687285126485066
0.0684166704280248
0.0674693200643126
0.0663679234518134
0.0664979729965017
0.0680535401914447
0.068736102045958
0.0681903802924301
0.067095727059393
0.0674517774634551
0.0685508607829102
0.0688293307291993
0.0685573582884547
0.0682552398941804
0.0691857838467862
0.0698619181485563
0.0705271840957741
0.0713721372924916
0.0730918426790631
0.0735127599680698
0.074390745389042
0.0754783015789059
0.0758787440429902
0.0755801214839328
0.0747756359713176
0.0740258752374974
0.0731540445444486
0.0726430225988032
0.0724512294104553
0.0718380661751147
0.0716278032143718
0.0722292498704709
0.0713646566109543
0.0711178816847584
0.0708134794294639
0.0707151085907065
0.0713730841559615
0.0721168297577182
0.0722760237606186
0.072846793895187
0.0729752512614439
0.0719616521852344
0.0705304344029944
0.069905336768761
0.0694497251853557
0.0702840633233052
0.071755818659703
0.0735372242884048
0.0721056306036108
0.0729098386327868
0.0729577636193098
0.0736570441270069
0.0722855982625786
0.0729196130446507
0.0721709708568686
0.0696195194848331
0.0704363560323232
0.0674814642601773
0.0613579392703157
0.0649750880071196
0.0666222832907243
0.0644549732476191
0.0632737513838387
0.0618195552523147
0.0612939097496419
0.0626270672547486
0.0631653231006145
0.0630299377947972
0.062752117768203
0.0626587428025866
0.0617182055202944
0.0609506099482068
0.0609965889801521
0.0604003411973311
0.0604805234267664
0.0609830168512766
0.0620758452787116
0.0628762830310955
0.0633579058807918
0.064657115640976
0.0652156706482772
0.0657133467096127
0.0666204443841381
0.0672131205681043
0.0671928004111585
0.0671535050000052
0.0673813930843184
0.0678986528000364
0.0680931086821672
0.0682945678691748
0.0686317149589358
0.0688090642519412
0.0682575688320118
0.0682313835728376
0.0681968376759086
0.0679036775103938
0.0666111845168904
0.0670942261379651
0.0666834763164405
0.0669609874184339
0.0670127196640784
0.066073562441123
0.0660819698163369
0.0663440517987627
0.066120622229307
0.0667162815133402
0.0675114291963339
0.0676522519707583
0.067486698521601
0.0669696983429298
0.0669855826222945
0.0669067739311812
0.0674872475471817
0.0672259769621565
0.0666914589929848
0.0665989855000535
0.0670997454819074
0.0678847932869382
0.068671235637445
0.0687691956619619
0.068712780166327
0.0687056404590484
0.0679283068994462
0.0675908295901358
0.0672878113594151
0.0668218599861881
0.0660409656968475
0.0653097741129119
0.0643514784837915
0.0635594585572489
0.0645248456002114
0.0636113851554865
0.0646618373935887
0.0643539662761324
0.0631875527450215
0.0631284125280051
0.0640441081485784
0.0653545879405307
0.0657309755619721
0.0664398626394459
0.0659888602007952
0.067565160285317
0.0671902942449865
0.067232682082642
0.0669218807519595
0.0669059103665631
0.0667239125510756
0.0667713299240681
0.0674761922448272
0.0676915941180952
0.068164265407212
0.0681550904521995
0.0674176804708347
0.0673694896198879
0.0686178508565372
0.0684268306171238
0.0678391078974956
0.0673592834961754
0.0666213543019492
0.0650235451937945
0.0640562841969647
0.0642646454667162
0.0644080787434445
0.064972446966319
0.0648951308187326
0.0654313868960648
0.0652296839904659
0.0645435917395672
0.0641029706141858
0.0638193501537758
0.0642954745200296
0.0631282612734342
0.0616444074837752
0.061072604828844
0.0603010915755459
0.0603783577716931
0.0593750223538445
0.0580817315773629
0.0582926416441919
0.0594404605245885
0.0595347528445317
0.0594003527132
0.0593609767325341
0.0596536096915656
0.0603568526399942
0.0604704138752738
0.062208099318638
0.0654354658446457
0.0701946556799507
0.0721841764801501
0.0722336239101415
0.0727306665057553
0.0719123541107436
0.0703350308019643
0.0687203300386855
0.0672123418475506
0.0672255285981966
0.0671563049194973
0.0667121531471625
0.065813548490632
0.0662028200845064
0.0673667778652798
0.0685582915661161
0.0682349628263774
0.068850570937373
0.0675993272834424
0.0690810594753579
0.0702027764286138
0.0718439246452424
0.0724661693240626
0.0726291807462389
0.0716600012192779
0.0708463409933744
0.0709575686092407
0.0710945299256864
0.0715617730512971
0.0714836133087841
0.0718017722460941
0.0719031429047796
0.0710362754137795
0.0712529105863936
0.0703650740147278
0.070467756617576
0.0701171673982541
0.0702763089981153
0.0703802314016377
0.0707183247980304
0.0702982646397166
0.0701696692092032
0.070626121122773
0.0712213093942362
0.0717339912022793
0.0722143130332741
0.0723442351037567
0.0711680538969765
0.069873603509543
0.069964831561113
0.0711090921398951
0.0712116582193865
0.0719341443257651
0.0721264077598367
0.0713159474343944
0.0727893616923762
0.0715504949379231
0.0713431533726596
0.0711277641339296
0.0715828518209266
0.0686332505073894
0.0696252530579629
0.0625961507169143
0.0685775721556701
0.0835635907995966
0.0746825987217975
0.0692034987448616
0.066530203939129
0.0649404497933607
0.0646605583074691
0.0655451409673511
0.0656111005294347
0.0657973888629438
0.0657495509058125
0.0653575746832479
0.0644979204892518
0.0633108239268986
0.062222540369357
0.0616154429481063
0.0611212209588428
0.0614662785750817
0.0612864196442476
0.0613353489821233
0.0617694047048907
0.0623233718501346
0.062981811518856
0.0639192775946396
0.0652609330706708
0.0658646920817484
0.0668925740970985
0.0672503074523046
0.0675953048503757
0.0676028613520584
0.0678432704945599
0.0670792037205251
0.067673409324256
0.0669213245136051
0.0663835354493252
0.0670273170690992
0.0670872919968052
0.0669269075943917
0.0667207975278031
0.0667535678723723
0.0659295088298315
0.0659067754648859
0.0656396549827451
0.065542399928504
0.0656503721177189
0.0658762649272797
0.0659301887682208
0.065790798957891
0.0654871174125714
0.0647727166434253
0.0640794171147558
0.0647743491177494
0.0663634472110183
0.0667958106200378
0.0677428180992782
0.067374797865744
0.0666396834806261
0.0663515814611774
0.0648616960500057
0.0664250540522072
0.0677175255815649
0.067946122257119
0.0680295997755781
0.0685572310285178
0.0679965266300138
0.0676556275103403
0.0657662972766978
0.0647629654446601
0.063672651945972
0.0627943388375821
0.062795178652862
0.0627601485755915
0.0621848879147926
0.0620795096390732
0.0622856734653188
0.0629170595759089
0.061807116312086
0.0615740641914847
0.0629038589914907
0.0637156011018457
0.0646275497770531
0.0657706007993547
0.0655693200502111
0.0652297415772673
0.0661160217162146
0.0652324886373097
0.0651814739723214
0.0652791310110716
0.065391762329674
0.0656260895060043
0.0660592659350066
0.0666283055152521
0.0672080404907207
0.0670669619553136
0.0679754912197645
0.0671320004635841
0.0671927638855291
0.0666960487990463
0.0674780707766159
0.0661145086906484
0.0653038382984333
0.0638028858950636
0.0638123645017657
0.0642481790602506
0.0649904149834358
0.0648075736817633
0.0647044159893208
0.0646704693545848
0.0642466075769708
0.0636220552270621
0.0636914850161766
0.0633728901230566
0.0631960008830359
0.0621108302695747
0.0610876676494491
0.0602927668672153
0.0586951600723849
0.0576476761703007
0.057855442104374
0.0593322677533601
0.060153194735502
0.0600695440683862
0.0601092794143927
0.0605743003572531
0.0603479585441928
0.0600368834090932
0.0602859978523222
0.0601552229886068
0.0626361014312952
0.0672510954741739
0.0727507196707806
0.0758230512715734
0.0757116520000075
0.0741123990961465
0.0724888246701445
0.0705030386222333
0.0706812910812094
0.0679951446920677
0.0667735350835443
0.0662706409885717
0.0652040739518157
0.0658124438878278
0.0665781998676462
0.0681838329864895
0.0681806452549101
0.0682300792098918
0.0689606737297143
0.0686370231334418
0.0704831551317913
0.0705128727534998
0.0700187139144013
0.0692046893712946
0.0681944436496169
0.0672617916973088
0.0685003561289902
0.0683803641686607
0.0687344707293492
0.0687784152874086
0.069417882276829
0.0697427170543123
0.0706072171554706
0.0703862714527809
0.0707199669954107
0.0699309274976705
0.0698309515587892
0.0692133073670274
0.0694966490978132
0.0689151112044695
0.0692131965093153
0.0693824555312406
0.0705987183132277
0.0700562874830301
0.070441279969138
0.0707525286196767
0.0710852257966131
0.0700443237340001
0.0697986388717711
0.0691337624063866
0.0690468922972955
0.0703293372220852
0.0702700530156804
0.0705364566701454
0.0706113917811256
0.0708251483064229
0.0719585479904486
0.0720221652900755
0.0720937104341037
0.0716618958083912
0.0716810842012761
0.0705602101525118
0.0683350651024913
0.0634433471514186
0.0781032514168769
0.0816017211014491
0.0754020492301691
0.0730575313385597
0.0699883956322432
0.0670641778459388
0.0679170981434391
0.0695635714061965
0.0697583942412402
0.0699734225617401
0.0698123156755258
0.0682835154467431
0.0664885556128227
0.0654323988186327
0.0646852357436084
0.0631644348127169
0.0623358083294641
0.0625693037635389
0.0618559485452715
0.061840308540608
0.0615168661410055
0.0613753300176182
0.061317384901066
0.0618861267845218
0.0623478226891287
0.0639252543078297
0.0650399082686063
0.0659431393410053
0.0662470552142387
0.0664747994120374
0.0662861599850691
0.0661754058876526
0.0665552371905327
0.0667560501411829
0.0661902836370619
0.0671407024887446
0.0671256509562099
0.066753504402743
0.0669325188113395
0.0671960243757588
0.0668355771940637
0.0666769247078939
0.0662373684327932
0.0657034931394515
0.0656013261652888
0.0655752043007742
0.065300274274685
0.0649588375901566
0.0643536610155195
0.0623385668964725
0.0605855436429772
0.0606267237485264
0.0620658755659696
0.0631924117067506
0.0642549257687574
0.0652569180520385
0.0650370570095246
0.0651372441573683
0.0650616731670545
0.064198492589795
0.0645943600646323
0.0656104760863538
0.0657398744959584
0.0653817953868898
0.0657512785085052
0.0641482298980389
0.0625994932426445
0.061676547178392
0.0614833514743249
0.0609299531167307
0.0597981305705339
0.0598431270338536
0.0600767488040658
0.0605127506704809
0.0614539006819682
0.0615545980907651
0.0611397718659514
0.0603840054681074
0.0606547171928474
0.0615561878155169
0.0625685911247411
0.063285859348637
0.0627333717106461
0.0638361193291168
0.0639034106625808
0.0641441070961955
0.0643688923315503
0.064523422359813
0.0649482275186065
0.0656740499559238
0.0659561255919581
0.0667682823116215
0.0668245441899309
0.0671910160132351
0.0672815828745313
0.0669187934820798
0.0659711312204353
0.0657881106534863
0.0650268651185143
0.0648471250659253
0.0639858989347403
0.0641929533879217
0.0636102942715144
0.064277724374388
0.0645875649903817
0.0643470059809244
0.0641269047458022
0.0640669284417262
0.0633949136982863
0.0628261650308784
0.0634422392864655
0.0641962421385623
0.0634863209674437
0.0616780678565173
0.0596770149696836
0.0583757832666384
0.0581389725657503
0.0607311834663727
0.0619432472981077
0.0640272421842358
0.0645676384186546
0.0647399587401128
0.0643500216491683
0.0636187826507754
0.0624929077298274
0.0605999268079303
0.0611411159389869
0.0606554296070283
0.0664872077180449
0.0722507673632419
0.0769678522586839
0.0794431201212843
0.076144196693341
0.0748694746974978
0.0726516536551209
0.0705728198975949
0.0698442616414989
0.066679934379109
0.0662734514212737
0.0653112385748278
0.065075015428946
0.0649569833627728
0.0655636021471541
0.067289871553701
0.0677261608602697
0.068471598409928
0.0683554799576837
0.068221935449304
0.0701180962135678
0.06910608634078
0.0687387206896125
0.0684324639003575
0.0677907804718695
0.0687540294917798
0.0697968654110759
0.0698846467769819
0.0707609933955053
0.0702198139413972
0.0706750477893876
0.0707890036758343
0.0709773477890356
0.0707441728814377
0.0704651682673248
0.0699087347171589
0.0694147340511043
0.068453602483379
0.0687327702842732
0.0693504171788352
0.0694739234286893
0.0693841600765768
0.0700251106974143
0.0694744856748771
0.0700465245588879
0.0707115838131617
0.0710515503548528
0.0712359753592443
0.0697920063861883
0.068813759243265
0.0694391265114431
0.0708170361924935
0.0703449282572874
0.0704841924112495
0.0716264666304373
0.0723923811604637
0.0735974699595041
0.0741518269735351
0.0732996194717533
0.0718040523099513
0.0720083115464392
0.0711627344960459
0.0683870892014923
0.0649066120677907
0.0840498649787511
0.087523042793119
0.0802288056468017
0.0785720694515144
0.0750468315978611
0.0727803154561646
0.0741408495930532
0.0761544847977492
0.0773838329971218
0.0779387089244215
0.0759892741047245
0.0721906606750653
0.0709119365449709
0.0690328881263134
0.0654221726087958
0.063127149324037
0.0617012841246691
0.0616144278959179
0.0610641219114394
0.0610470619303435
0.0615211813338485
0.0617651841873968
0.0614474231912017
0.0610692128435896
0.0614695899716837
0.0620069096562756
0.0632246884996375
0.0648124561437385
0.0658717496503931
0.066005631025225
0.0662379912483732
0.0663889001332614
0.0673248836125316
0.0685364144290286
0.0687101845636955
0.0684352944585099
0.0688240382686105
0.0680129874837424
0.0680656891941333
0.0667206009497489
0.0661460570116589
0.0665443550554922
0.0664488516398945
0.0665821996031385
0.0658008273607771
0.0654445951721882
0.0650546202310572
0.0642556322008197
0.0635807237075938
0.0624907795922425
0.0608420162954657
0.0614380959589708
0.0615006445834948
0.0617410822414155
0.0626445095967787
0.0619197829110089
0.0620088530712717
0.0616719867890152
0.0615617849507736
0.0608754707179321
0.0602036864786205
0.0601667321447199
0.0604554264941805
0.0600343391110169
0.0594549861329508
0.0602061697840645
0.0588018664697863
0.0597194699814172
0.0598543008947733
0.0591674483878057
0.0585737211611156
0.0581001663182254
0.0583863122467306
0.0586185820117772
0.0593493587493442
0.0590087223036428
0.0589655095458431
0.0595593231972585
0.0595020394658417
0.0596914047488572
0.0597874514175957
0.0604927246957871
0.0610916532711905
0.0620281142579699
0.0627289460941988
0.0619158275023204
0.0626646866543589
0.0634166115271938
0.0639839469751053
0.0639164851433865
0.0649053816137184
0.0652054715703639
0.0655132429398195
0.0665780086601908
0.0672685483617123
0.0661291902974246
0.0651477669173758
0.0639951302945912
0.0642934580466216
0.0646455315019909
0.0650821359160238
0.0650256557677198
0.0649263910280774
0.064092574386515
0.0626368342589463
0.0620084633870573
0.0624010822694377
0.062962932115661
0.0635693633924686
0.0642919764920215
0.0658655255649345
0.0651968971882948
0.0629572541108216
0.0599279734484067
0.0587835102235079
0.059303543176834
0.0624213806755237
0.0680826208041262
0.071465491269082
0.0716376945476889
0.0712134772101504
0.070183775603883
0.0692060396070032
0.066928671340327
0.0647332343234279
0.0634100863539605
0.062515902199457
0.0624815453277477
0.0806183862538984
0.0865116210232986
0.0856718424992257
0.0829892289142046
0.0777438612337735
0.0772031895635838
0.0753293735206008
0.0714191760286714
0.0698470430223368
0.0673518327362335
0.0666736140891757
0.0654888154338182
0.0642002460159354
0.064670630306314
0.0657937480754239
0.0672218517173853
0.0676772950824227
0.0672741656607784
0.0678667892516641
0.0681288428438467
0.0686442894200842
0.068432414433132
0.0682804479534719
0.0677680357992195
0.0672913984186173
0.0680420116064534
0.0687683970378889
0.0689250182086623
0.0686679440389646
0.069428606309714
0.0702066550503152
0.0708311294193014
0.0711767550492884
0.0715516358533141
0.0711668094587392
0.0697540972386156
0.0686777537378999
0.0686924566008724
0.0688678561090731
0.0688428622839177
0.0691189676851827
0.0689749144907259
0.0700450134402449
0.0695520999072539
0.0696114922109138
0.0699151225637668
0.0695913213631184
0.0706525976704172
0.069993272577834
0.06978130935302
0.0700546658430847
0.0704051321515188
0.0699262437673615
0.0714226103829056
0.072092044730458
0.072726808950634
0.073868674093004
0.0752523450100346
0.0736094119608395
0.0734147522980749
0.0734429558402378
0.0707388917287218
0.0675546446537612
0.0664889359850277
0.0876646582963256
0.0892168055943071
0.0851412591809585
0.0802087266042459
0.0769412943722757
0.0756352963638197
0.0805806660264845
0.0844475841728501
0.086735432863516
0.0863663504848699
0.0842540658877562
0.080242616862803
0.0759050436635957
0.0730526833609777
0.0703547761870624
0.0675216149636854
0.0659420971727283
0.0641748189481639
0.0642097818834185
0.0624323452180507
0.0626871904666621
0.062429342442835
0.0622531587758289
0.0619840729650043
0.0616934104420112
0.0619673553476547
0.0638669770823964
0.0650883790903191
0.0657295077206974
0.0655403483608393
0.0666104132347911
0.066552993408746
0.0674343629863936
0.0677990286301862
0.0677887264021673
0.0674251266297446
0.0675910164734951
0.0674773289083389
0.0672146936049441
0.0638073702605664
0.0634305947564967
0.063753261224164
0.0645238034926167
0.0643284691622468
0.0634869793466208
0.0633721542201024
0.0627700367368054
0.062369072186945
0.0613658658062819
0.0613936092832825
0.0612624935532369
0.0616316539373532
0.0603825619334137
0.0603746121372905
0.0604551155403006
0.0597632073537927
0.0601292068653976
0.0594605243430819
0.0599434938381207
0.0589142668814549
0.058476805354477
0.0571701908551667
0.0573536597496155
0.0578993902286942
0.0586175850249899
0.0585770610976634
0.0579449969305536
0.0579948923458279
0.0578752779562351
0.0578468609025081
0.057253520856907
0.0566926575341557
0.0565722470409999
0.0569229157041138
0.0576868808370044
0.0583402443211078
0.058458649189082
0.0579791502599576
0.058168277132783
0.0583212670639187
0.0595600576265419
0.0600112659107497
0.060459660052015
0.0604719437756037
0.0610965626893489
0.0612381885554088
0.0617265996585871
0.0626766651603643
0.0633507799725447
0.063855522941879
0.0641252402128075
0.0643980748933585
0.0651582229389483
0.0665555315599903
0.0673476625957676
0.0660603285455868
0.064410434762171
0.0636462827753282
0.063293216378153
0.0637508532975015
0.0658479388372705
0.0663665704429772
0.0647178347414187
0.0629655494683149
0.0619968061066809
0.0624030466242696
0.0630429413893581
0.0630273853115224
0.0633957039585313
0.0649736445597224
0.0642350211015165
0.0624389810116472
0.0604542125999657
0.059783196403268
0.0622189777666115
0.0634633425034812
0.0697762801195808
0.0815266243351883
0.0846442975963428
0.0830257582971779
0.0804312898683018
0.0774006589544909
0.0739432425998794
0.068947002773364
0.066572507188779
0.0649030500676098
0.0643999832159001
0.066810479084616
0.122281434927545
0.126710571767383
0.110879084244408
0.0922164473280587
0.0824304371190886
0.080750987038898
0.0777674362257022
0.0709270447238083
0.0684777954636118
0.0671503525654872
0.066251269285772
0.0646526709380527
0.064051227392873
0.064721578298249
0.0650283177766844
0.0657348690165659
0.0664791999284179
0.06716376294054
0.0682802888604212
0.068852718254355
0.0687754511243435
0.0685137807580863
0.0680671995226747
0.0679388373709244
0.0676633311713587
0.0680367373123386
0.0676720535966427
0.0684231660405951
0.0688194969261077
0.068743204318377
0.0695672115845822
0.0698387531196762
0.0708543454582806
0.0710958648029197
0.0707995530326537
0.0704246830360307
0.0693281206157908
0.0686254220180063
0.0679952318157243
0.0681988144266141
0.0684899652304964
0.0687616020880664
0.0694814702778143
0.0696483894214115
0.0697959643434993
0.0692985056447256
0.068973282824244
0.0704436024433601
0.0702776679763807
0.0703024116239784
0.0694405775958874
0.0697543410546191
0.0698885814804135
0.070074052888116
0.0710748976054806
0.0715739108090871
0.0728164958626124
0.0725339831986453
0.0720206956233717
0.0716085346831053
0.0703328534455606
0.0687095021499387
0.0684724340177776
0.0654061333691658
0.0799581165912566
0.0839897877088943
0.0902376280451898
0.0883161094763267
0.0842776985776076
0.0842917145741133
0.0900736969349247
0.0966942743685497
0.0977437698091241
0.096033960853935
0.0937447449781952
0.0859908979181489
0.0821114720639925
0.0790305820999711
0.0752475914423693
0.0720721497641369
0.0710269631740801
0.0682329526483909
0.0671640248069498
0.0662738381458135
0.0656674828570687
0.0650455445701349
0.0634213351880978
0.0628139682613588
0.062423655717514
0.0623855636564696
0.0626760086789878
0.0632926531275972
0.0639655236815057
0.0632018036455126
0.063681995969318
0.0639109181125217
0.0642333950048623
0.0647074248925469
0.0640692609055629
0.0637842302956244
0.06450291186847
0.0646253241627632
0.064919839649401
0.0622981782299064
0.0626345157467516
0.0625834077869558
0.0627991217236825
0.0623425554979461
0.061970087939627
0.0617096390418471
0.0609192564248655
0.0611573555759031
0.0608945618474898
0.0610975791073374
0.0603268651466014
0.0602600846314051
0.0597633863562784
0.0592418470320928
0.0586569342873076
0.0587950670490432
0.0588320776976759
0.058240456301504
0.0583789351258596
0.0572211428567646
0.0574820296019464
0.0574121435696505
0.0568195445931172
0.0560643646619652
0.0549846282247419
0.054569879346171
0.0543921423245446
0.0545995522087495
0.0549021133075907
0.0547104987445503
0.0543681182330292
0.0541533224914073
0.054556724353207
0.055648720343142
0.0560965927028039
0.0561623216551942
0.0562951647780221
0.056500682709647
0.0563353569707604
0.0571973704349637
0.0581023360096505
0.0586210219645283
0.0588644370771873
0.0585332318140633
0.0591063561049297
0.0601350861212174
0.0613526088515124
0.0615347655501059
0.0617790511602121
0.0626010780651989
0.0633859295420275
0.0632739432083223
0.0638820743512527
0.0651442158953572
0.0649675334266524
0.0649044353165486
0.0648335263945226
0.0637151414117235
0.0634772192934158
0.0640017276408028
0.0670704910586041
0.06799587625182
0.0666187896502973
0.0643576587265574
0.0630144942289171
0.0640282185757327
0.0645304391628983
0.0637391211919597
0.0642831636281987
0.0644936796347343
0.0624882537300877
0.0609112323661959
0.060515496990945
0.061397287250729
0.0668032475720011
0.0662369854629136
0.0809412436371237
0.0958778972944099
0.0937346089121271
0.0903189200009518
0.088341280603624
0.0839350766511585
0.0793031174409402
0.0726980263199782
0.0687726015418765
0.0658252148400967
0.0646980744052424
0.0675681522282182
0.110152270238007
0.119440701715508
0.126100948951916
0.0977984956678575
0.0885730138523992
0.082014212300725
0.0772943942868917
0.0714824388156532
0.0669262490746722
0.0659728289329788
0.0645558365715455
0.0634921855437664
0.0641171696432874
0.0642519599925599
0.0645523728443358
0.0651739570262015
0.0666142723834088
0.0674448125297098
0.0675209285922996
0.067434854987501
0.0671295063548838
0.0667505227270573
0.0663124256507308
0.0666765097660777
0.0672131558420154
0.0675601063785033
0.068116372930009
0.0689983531354784
0.0692917107759151
0.0692981080371493
0.0689934634259744
0.0691075658629444
0.0704046499554871
0.0714595617590449
0.0707297401293667
0.0704065190886161
0.0697205002984715
0.0682510544278067
0.0673660612224251
0.0668847146014539
0.0678546483196124
0.0677757541111886
0.0686290471564135
0.069457473192004
0.0694185230978653
0.0682529237143318
0.0678932942982921
0.0692715619187563
0.0701035704992412
0.0697679467299773
0.0694315482576438
0.070686159767097
0.0711222270693956
0.0718724155247655
0.0714008743131969
0.0714775148580249
0.0710810820709561
0.0704186679139133
0.0708445298860699
0.0697074194051965
0.0692328505437909
0.0689064664853441
0.0680973600742235
0.0639391334591931
0.0795878324929695
0.090391775125528
0.101079610417366
0.100165827455639
0.102410844078086
0.100495410968746
0.103428288575968
0.114006089343853
0.116843451048412
0.116362785668447
0.103328317516282
0.0925150518519084
0.0873355801328259
0.0832810762719634
0.0822950506632297
0.0811235452026036
0.0789655941179255
0.0769244415338718
0.0755647448759695
0.0729895777748339
0.0714841164167037
0.0685985797828448
0.065192777953843
0.0636345874464583
0.0621380777509295
0.0608814502106535
0.059826779622703
0.0597937020642116
0.0601527724630426
0.0600263684727316
0.0608235251973634
0.0617829414016542
0.0620169473731931
0.0622862861285216
0.0621480178915622
0.0620303541616409
0.062107952791862
0.0632720882841872
0.0625137964840185
0.0605044474631237
0.0604584433145845
0.0600306406632476
0.0593770383601776
0.0591604987035133
0.0594832701017645
0.059308021455593
0.059245342678365
0.059707232651257
0.059703658128724
0.0600105782904219
0.0597446306543285
0.0592287238525906
0.0578640782097724
0.05771297671913
0.0575804818440944
0.0575106457069794
0.0573572903657386
0.0579251796393813
0.0582220016496385
0.0575881376681114
0.0568317986517735
0.0557439461188858
0.055100296134545
0.0549611905088395
0.0552267516535705
0.0561300854091675
0.0563255480444815
0.0558640469030791
0.0557189538464397
0.0551910918592336
0.0550132356500138
0.0555392941665344
0.0558442861009254
0.0555287990964638
0.0561160459447384
0.0551380192724354
0.0549051680233845
0.0558112873704114
0.055357879596577
0.0555609863442069
0.0565403914017098
0.0568598399358871
0.057441652970922
0.0580426044302271
0.0587043723108507
0.0593006283305824
0.0602953138117963
0.0608164472404693
0.0616255022127433
0.0621275016500909
0.0623435719597759
0.062824991959143
0.0643817201317742
0.0641992097057721
0.0645483899131057
0.0645694617638212
0.0644427508729093
0.0650164142851016
0.064322642157677
0.0656215394749937
0.0669892348490969
0.0672173741475459
0.0657740369543004
0.0643432262441069
0.0634401381586409
0.0637739484549209
0.0635584642544973
0.063047739009246
0.0633298791322694
0.0627015817719536
0.0612229741158296
0.0597870991570369
0.060515736499315
0.0619682392490226
0.0688276001982406
0.0695179335570233
0.100495748752191
0.156292782418249
0.134127860266743
0.112341726347903
0.100293864105277
0.091611559277723
0.0849264488220373
0.077336384290242
0.0721067288043492
0.0691149545119233
0.067383056389823
0.0699546238744051
0.0930409317591587
0.116619399259471
0.133149297290929
0.148276913433198
0.0971494999756474
0.0811177312709584
0.0761598292539705
0.0715687258653896
0.0653855068812779
0.0634549607073507
0.0625592635050911
0.0628833625478905
0.0633381564523973
0.0633757896954222
0.0636731907677639
0.06435961825393
0.0655238545049257
0.0659232548449541
0.0659160503498295
0.0653026981124264
0.0652148338809047
0.0650206599825231
0.0652509144323584
0.0664862897327086
0.0674993426448256
0.0682789725561271
0.0686063661063813
0.0695003727000377
0.0699849828349524
0.0694755370796665
0.0686640105737856
0.0690503468233001
0.0695066419283982
0.0708022651914063
0.0713406569352246
0.0703880639329427
0.0697331678364795
0.0683319156090951
0.0676136587089716
0.0669760255534614
0.0676158044431215
0.0677948072480972
0.0683413275384281
0.0691571202002966
0.0696653086952309
0.0702076490826344
0.0680923620163805
0.0693105909091555
0.0709657952708716
0.0698787172178408
0.0688619313074789
0.0701437872654735
0.070556467911597
0.0715683135801475
0.0708322376725119
0.0705918059138617
0.0703456366290411
0.069897495144392
0.0684658681362213
0.0680733416890009
0.0687973181629412
0.0689727452058788
0.0671821893018178
0.0730073020490622
0.0949789223160677
0.109226807856464
0.12255930456949
0.119914676296662
0.133902048412271
0.122343416470618
0.122593442572685
0.137643404358243
0.137946700992031
0.131745675562315
0.110737561239983
0.0982939023321565
0.0950715849885159
0.0915408176545073
0.0917729041622121
0.0915665967882653
0.090552591772875
0.0878501255397254
0.0841361673415484
0.0753739079583363
0.0715999543304571
0.0692106362206723
0.0663817069547315
0.0631873857973729
0.0612038140091025
0.0597008948171537
0.0589985110032993
0.0585051745892923
0.058480393308279
0.0591568136251972
0.0599802288838448
0.0606339396404948
0.0605376478242597
0.0604272395960653
0.0605131367713893
0.0601583586248957
0.0605761187277472
0.0609128505133383
0.0608163501498333
0.0597208949747953
0.0601991276026824
0.0592427804085983
0.0585463536238446
0.0584778998405845
0.0586015131749831
0.0583873333362498
0.0580684693499907
0.0585317584320341
0.0585849296843504
0.057862785579399
0.0577900668753185
0.0572463879416792
0.0563230156603673
0.0568386731917328
0.0567198920030068
0.0577722738130119
0.0573473615423973
0.056865166212146
0.0563594338003029
0.0555548180180094
0.0552758531685959
0.0551291652988124
0.0545508666709496
0.05444950230023
0.0549584034976374
0.0549476890628929
0.0558574997646947
0.0563866681020411
0.0567195615297548
0.0562132536831264
0.0559564957697421
0.0557448271485828
0.0553688987753429
0.0554717354906728
0.0556300546687903
0.0552989496735711
0.0551367987096183
0.0553375060947935
0.0557304360974791
0.0563297289499092
0.0565272306250488
0.0567751390755304
0.0573967972655263
0.0578449970262323
0.0583442079934341
0.0584014991704493
0.0586198692536969
0.0598386114397805
0.0599885443873018
0.0606735341781957
0.0612451032235547
0.0623908020587788
0.0632983585493461
0.0638798347997572
0.0641733976842411
0.0648431105626292
0.0659940445926564
0.0663075309541681
0.0660311298840679
0.0663590602442477
0.0656209602982659
0.066052535376112
0.0645834346543548
0.063278235048413
0.0632373323102754
0.0624207957935345
0.0617336786208749
0.0617369851475047
0.0622421871393956
0.0609630862599638
0.0598743214855219
0.0601683169898296
0.0625272771680292
0.0634950421730982
0.0707105811482504
0.0719158367645993
0.141115419709607
0.176519604711381
0.149726920745255
0.122787745428583
0.107317692347082
0.0959655766167173
0.0869420325968955
0.0771606732364524
0.0727779967023621
0.070579824277017
0.0688830087740839
0.0707251764872564
0.0840464863403872
0.10563415366328
0.13864274987485
0.155285058406587
0.104511152565403
0.0825549437555357
0.080074576424585
0.0698155280685631
0.0634882515320986
0.0614616076688869
0.0615792631417192
0.0623314864035946
0.0628648507012866
0.0630330509437082
0.0632596728469749
0.0640331144056433
0.0642701777224157
0.0648181175814838
0.0648017309827045
0.0639481264289906
0.0640554669575205
0.0640798467700386
0.0649761788151709
0.0669660760898304
0.0684421771123329
0.0682641483543325
0.068321959514265
0.069999366101094
0.0698770066174089
0.0682812416585315
0.0681786685536111
0.0687537955008606
0.069863540792052
0.0703343843083213
0.070618552015134
0.0700539803861842
0.0692320507828033
0.068789985082218
0.0675040224759892
0.0668814937915212
0.0675815743163355
0.0679539269171954
0.0679571020866992
0.0683557020385656
0.0692888650552618
0.0696068601498159
0.0692743478200861
0.0703253077134387
0.0699081137771625
0.0698202169235469
0.0688408187566738
0.0702297747955496
0.07133432284934
0.0715059845775403
0.0706912683544797
0.0708004548709782
0.0690809273185381
0.068320585232398
0.0677696977554892
0.0676929183447349
0.0685535800937967
0.0673226202750974
0.0648896578870949
0.086118792503229
0.122100255233266
0.133644025476909
0.145021027010857
0.141623060047545
0.173602680022591
0.153132740964157
0.149679684636849
0.156107621878069
0.153809743621304
0.14574626138428
0.119936665777822
0.104033440314199
0.100106180945544
0.0961506645619947
0.0958748911959039
0.096290699707423
0.094922675666319
0.0905701350840781
0.0835888461160513
0.0757370457803194
0.0701880650363229
0.0670112559745983
0.0646793639830951
0.0621038485271704
0.0606226476959608
0.059158375390375
0.0580950902467632
0.0578448020881091
0.0579593981858988
0.0583411237049695
0.0586127609329415
0.058804639459675
0.0591939302770108
0.0593849141960598
0.0594399106261727
0.0597546432641397
0.0600638017115593
0.0600795757997403
0.0597821517490971
0.0605277366864968
0.0601184488300235
0.0595658649826094
0.0586759273239118
0.0587722484909472
0.0588377690782335
0.0586550271468956
0.0580396826972081
0.0574810990962245
0.0567747259868371
0.0564224830492405
0.0558340137570215
0.0559784704881818
0.0561183728822146
0.0560855824697567
0.0560351497047884
0.0568586459497375
0.056517314522727
0.0558391937269012
0.0552427359843694
0.0557303996638369
0.0555157220929078
0.0567585364336631
0.0560442610474178
0.0548775461253539
0.0544647847928233
0.0549629491737964
0.0553646627522318
0.0556969137245697
0.055574937345052
0.0558096142428153
0.0558510881746586
0.055866787331605
0.055684972154921
0.0557941078422413
0.0556236911954456
0.0557271019123151
0.0559558109485381
0.0563687608022387
0.0570242748009158
0.0575112633641283
0.0580485768725184
0.0578369986422508
0.0577626552453496
0.0578668480575715
0.0579060060494472
0.0577763430730581
0.0581274335811751
0.0592507536418742
0.0595297796327739
0.0597548039662867
0.0599399653363111
0.0603436206377136
0.0617886718651423
0.0624996610071326
0.0622386945970351
0.0626979118057126
0.0635686677674291
0.063921252948943
0.063911257752877
0.0641036030116233
0.0639236974682982
0.0633377397596877
0.0617053895687938
0.0610726140411285
0.0605589885094257
0.0599083401330445
0.060269331634484
0.0600682049501702
0.0598222317390789
0.0597015694997458
0.0607575478053891
0.0628302730247781
0.0649477529188592
0.0656304711563539
0.0756868183038755
0.0746218150681609
0.116443848227412
0.139022617933415
0.131488806440619
0.120737836928296
0.110278852111775
0.0992116150571602
0.0899804206556327
0.0801204736602579
0.0746033389156101
0.0710473357813303
0.0706769434300687
0.0720176999755299
0.0824923301026189
0.094632323804516
0.104028220817811
0.109339633670089
0.114887363007006
0.093908066821673
0.0861428935748569
0.0707131613089877
0.0643259021850177
0.0599910484168273
0.0604249700134311
0.0617181647668478
0.062485721734151
0.0625880889433567
0.0631640719637655
0.0635376757718907
0.0632577176773059
0.0632354747726914
0.0642027643843026
0.0641875437140277
0.0641282130515357
0.0638941886526039
0.0650085310060718
0.0656460837631532
0.0669628884641535
0.0673590925651725
0.0680112506334859
0.0695886729843834
0.0703722489146902
0.0675441986608913
0.0671057041547363
0.0669632590654137
0.0675777653655759
0.0681828361077305
0.0690226396713796
0.0687532681884006
0.0690733397365971
0.0690693252269975
0.0677370877499519
0.0672736751741959
0.0670014084728431
0.0667145759903339
0.0664969296938677
0.0673074816487446
0.0680401744275974
0.0686679009758157
0.0699118173402646
0.0688526308057101
0.0686321132006451
0.0692501662625136
0.0695240865913084
0.0710358506245852
0.0709424192911459
0.0699443365851893
0.070538199273932
0.0698573264434334
0.0685798001268158
0.0677327993644158
0.0676258830590431
0.0680216447942957
0.0677543319109819
0.0662703963537178
0.0639978874355473
0.0977992428320414
0.158675276908407
0.15905427110883
0.172189604380513
0.180482360798438
0.180881127781073
0.177025460251203
0.181244508985485
0.176599554130972
0.164482471283745
0.15713218760069
0.129476862853336
0.114872423606012
0.111612100437292
0.10510436257729
0.104571153492027
0.102656313310267
0.097329724646125
0.0874382459365421
0.0809600357393583
0.07494832735931
0.0718758878397793
0.0680287342372531
0.0650286813033351
0.0632069286724273
0.0616246149451022
0.0598597534143546
0.0586096986010675
0.0581849712148741
0.0581984369574075
0.0579205604594182
0.058303269288515
0.0585295926397285
0.0587258715390198
0.0589788494882312
0.0595459183841016
0.0597510578092458
0.0597602528977348
0.0598668627596635
0.0599897575402666
0.0608335202347182
0.0611499246111536
0.0612794154608962
0.0605327749509035
0.0594343272154149
0.0590869198316892
0.058434569399697
0.0583964240667784
0.0577635117914463
0.0574990372007526
0.0569132703122128
0.0566411410135146
0.0573063509927221
0.0577791730776069
0.058128843196429
0.0580500455756897
0.0586198010106429
0.0580193115734368
0.0578853272712671
0.0575795038705758
0.0572942290016553
0.0575451657587537
0.0582010574884082
0.0576093681307505
0.0569427355418347
0.0562728476350607
0.0561697546651758
0.0558007602417579
0.0562443004830761
0.0565115996828083
0.0566712114832762
0.0570262657655699
0.0569415809655135
0.0565889655216006
0.0564658273710907
0.0566298784792007
0.0568840672173846
0.0571965144714694
0.0575498327361989
0.058190624750535
0.0583742572990196
0.0584623796036934
0.0583705971120566
0.0581499458493838
0.0580539190419676
0.0581407457304546
0.0583322335834389
0.058126095953301
0.0581619359207799
0.0586293619064936
0.0587737483762991
0.0591217508178459
0.0592991913221051
0.0602810595951834
0.0606194319590745
0.0606485690958229
0.0606320486248502
0.0611454432968438
0.0617227368295477
0.0619864950898624
0.0615519512251261
0.0611080654629654
0.0605518988287142
0.0595267436738354
0.0585143882443921
0.0586255230390689
0.0586327900022586
0.058493274798344
0.0583981451589222
0.0587893943931642
0.0601113939529175
0.0631124069927507
0.0658619513449804
0.0675937753694963
0.0709611072767897
0.0858478075342471
0.0852416428494331
0.118190036484386
0.129755433542126
0.125754006221098
0.117895199266951
0.109978660917938
0.102406231075504
0.0929989685141075
0.0844365304441789
0.0767243561504862
0.0731753796997524
0.0713716668242204
0.0719635985519653
0.0802780680285297
0.0869062633515062
0.0892542139689209
0.0995625036381983
0.122622693966251
0.106868159737844
0.0953297258608651
0.0747405017313562
0.0666009331538312
0.0603536235781677
0.059323241667973
0.0605530520758245
0.0618943200580537
0.0623065234588511
0.0628400341465644
0.0628205960349534
0.0625146966507571
0.062618493143049
0.0631163561435237
0.0633222012411755
0.0635109253363363
0.0635575569980266
0.0649793778498291
0.06599327544172
0.0678491028487015
0.0680974796879598
0.0687971309859758
0.069158199190978
0.068728632203014
0.067025467593117
0.0657831807679446
0.0655262088024637
0.0670544985998831
0.0677975508902277
0.0680852317709955
0.0680502221864183
0.0688055488889544
0.0689711135660946
0.0675973748284315
0.0651372325058398
0.0655719739823776
0.0659881706151181
0.0663990049199251
0.0665087409506225
0.0676341459991536
0.0687360257681293
0.0696091170608948
0.0697960012690782
0.068565115061529
0.0691444703376616
0.0684952559755235
0.0695543614603779
0.0691925774762401
0.0697675292391925
0.068274740669549
0.0678070382412314
0.0668029645984379
0.065579272122721
0.0657248565658499
0.0654990566740305
0.0662136114694639
0.0662168195356626
0.0622591949481813
0.10422891856931
0.186810885213265
0.198719784543794
0.240462992794775
0.209467967986055
0.19728875874701
0.203866487560875
0.205615132820809
0.193390045795756
0.178303978150274
0.169902080528805
0.143624880904016
0.133415875301436
0.134777665185396
0.123455213722638
0.12105148523319
0.106914389630377
0.0962862563092275
0.0885200066081384
0.0804589070972336
0.074404146629102
0.0686910959849471
0.0650311410889451
0.0639606526873291
0.0626344384944428
0.0615406855360555
0.06005739043401
0.0588291525082876
0.0585361893884292
0.0584997380548818
0.0582965953161733
0.0588528627007788
0.0591107363946518
0.0593088585907931
0.0597169664150086
0.0600560722681436
0.0601434899839005
0.0599854688434013
0.0600053976450365
0.060126442184977
0.0613766079041746
0.0622830433511488
0.0626363879989925
0.0621641599288494
0.0616680180509987
0.0614414856071073
0.0620906581438899
0.0608343920382856
0.0608594878766948
0.0608296290387594
0.0617989866514505
0.0628898338845695
0.0630374713008798
0.061918975248744
0.0610138028836352
0.0620353862602381
0.0635164033337944
0.0640210465320542
0.0626672619226244
0.0608022207192253
0.0588457549054146
0.0583591035370444
0.0575541122257662
0.0580829495476245
0.0584387311332632
0.0574133807040738
0.0573609240638962
0.0579130459951548
0.0583575265426028
0.0582291933163649
0.0590987280082212
0.0594578272345379
0.0598959521832921
0.0591515539512596
0.0590468947983606
0.0588549050763548
0.0589562865680906
0.0585814805109673
0.0583914371925276
0.0585431292070331
0.058547872852263
0.059150852804807
0.0586029789865404
0.058250590948114
0.0582861156508277
0.058373460260146
0.0583759082979053
0.0583735443814404
0.0582226256470719
0.0583568306225872
0.0582238747976902
0.0584652903331787
0.0588818748642413
0.0593034520869582
0.0595573735600227
0.0606762439866659
0.0599021321753557
0.0598201423424391
0.0610867828463957
0.0611285016948397
0.0608293326432352
0.0600463252127776
0.0587211033481227
0.0582190793344295
0.0580535700850035
0.0584346434239628
0.0587439999075123
0.0590192832883473
0.0600769401735441
0.0629911201007248
0.0650178326991059
0.0673513059988322
0.0702129350763255
0.0736471047692978
0.0767069650629867
0.113943433034784
0.110180934872436
0.185150739639837
0.226886119378273
0.217236924275877
0.168636353491712
0.134004765276051
0.117010224139863
0.104747711927056
0.0916719888618283
0.0816288616783674
0.0758280971200918
0.0719839155167397
0.069880025936743
0.0727641326298619
0.0779578149867711
0.0797525136921734
0.0827419527496823
0.12598987958392
0.086160283600444
0.0950564371779606
0.0746590564325952
0.0657536460533281
0.0609754350664554
0.0596884453389697
0.0603995783809552
0.0612321991428552
0.0618011122638681
0.0621949832821475
0.0623341623302158
0.0615631908782985
0.0617577522801895
0.0618268861350757
0.0619000410623356
0.0622972516750935
0.0629113053583586
0.0652430141577667
0.0667993274459529
0.06738735925486
0.0680912448733847
0.0675958276015951
0.0666520515560397
0.0667010303710861
0.0658139653167512
0.0649942261278684
0.0658180593075541
0.0669207607844179
0.0676231905262959
0.0690539420246423
0.0681372185622399
0.0695920351419141
0.0687970488537714
0.0672488838273993
0.066717520503778
0.0676799642689676
0.0672170494203828
0.0672807872221089
0.0677386072186507
0.0678659735225537
0.068445177300492
0.068961569340339
0.0688611915680296
0.0682079949584838
0.0681123838783327
0.0690151107931162
0.0697779028865656
0.0691469823142968
0.0682540812173272
0.0664944810298427
0.065811742237591
0.0655016855983826
0.0655158702459396
0.0657018488709484
0.0653285676754163
0.0666504067787274
0.0655721827742263
0.0628689232387868
0.0850800401405589
0.192442287470223
0.243596054926494
0.284997377517732
0.224179018837161
0.201113243946958
0.214053458403335
0.206971527130128
0.198935235005297
0.193450379878522
0.185700316218784
0.167148242452624
0.154198368249208
0.143467345454936
0.13209264161393
0.120405755267605
0.10228455935448
0.0904528166635923
0.085274440819415
0.0765511828837521
0.0717951504585013
0.0695677429675075
0.0664229585060987
0.0649981594643946
0.0642296883154733
0.0636247506500556
0.0617425594533032
0.060348182715535
0.0604528155861499
0.0599402067172831
0.0593794371154485
0.0598357624401805
0.0598314901921847
0.0597130203916222
0.0601356611467095
0.0603924313776821
0.0601173569922343
0.0603434338507977
0.0602109237395662
0.0607807535824094
0.0656253467592141
0.0664364573065192
0.0663140268241932
0.0657225251439996
0.0671580194489821
0.0685141794994664
0.0676819945985028
0.0662857091368931
0.0665048504028256
0.0701855384480916
0.0788172392338159
0.0797985034563484
0.0797704480376351
0.0756000334633384
0.0719836512252998
0.0714385817266617
0.074000640472548
0.0718836391819185
0.0693553126556275
0.0665619666350266
0.0642483593746319
0.0632584771548398
0.0624281384159188
0.060922647036003
0.0601104230881771
0.059780243033879
0.0602632209792506
0.0606401692186411
0.0615151534949036
0.0625099201560208
0.0615875873798443
0.062114018482455
0.0620657024424498
0.0616768551070001
0.061909214185617
0.061534204493016
0.0613689892610163
0.0610373531855813
0.0602081156055168
0.0601952795112084
0.0603640809782066
0.0609564444312019
0.0591754974155388
0.0592505749093203
0.0591333348274953
0.0589255637005299
0.058967260645388
0.0592543707894236
0.0590680348299161
0.0590032199932514
0.0590682961427832
0.0585852913928595
0.0584542695375954
0.058486521971935
0.0589121847655559
0.0585847554073522
0.0591893456657524
0.0585702142850032
0.0594137179336797
0.0596271946530617
0.0597639950163232
0.0586388695354124
0.0579627281621088
0.0587444736215846
0.0604723599034639
0.0633951618869241
0.065576858240848
0.0643333142897727
0.0653635683540276
0.0683423948530884
0.0698309598933577
0.0703644567594791
0.0721370866992555
0.0778271642239456
0.0827093742394737
0.0936201301943924
0.0998610931106628
0.146079649278881
0.169827370159426
0.191641731588456
0.187908013464012
0.149390334480132
0.126617877420079
0.112868883539523
0.0985978854669878
0.0868430685337227
0.0797509995395127
0.0732878690726808
0.0680573770888323
0.0683350442715528
0.0707706867715644
0.0727122974808626
0.0718283978474702
0.124133412804632
0.115730876270413
0.0917968811331991
0.0748885220674748
0.065526877969505
0.061814336663955
0.0605654857355324
0.0602328972453386
0.0607827323469663
0.0610786828891469
0.0611439156878604
0.0611724413800411
0.0605641459988339
0.0604079647904455
0.0612780797769175
0.0624709469671015
0.0624724866913977
0.0635140534926268
0.0651632650188358
0.0659341071903329
0.0672323175174152
0.0658427450105288
0.0658688203345743
0.0659252171823298
0.065464459812686
0.0648010934861515
0.0647962056326893
0.065002336633691
0.066375418606747
0.0667161102968788
0.0666781758569913
0.0667769001458607
0.0671766634080738
0.0673199074178597
0.0674007108230092
0.0686051818622207
0.0677042818115855
0.0661576515268762
0.0670719669631772
0.068401153231299
0.0683263600289249
0.0684923967091605
0.0691549916604054
0.0680788412695511
0.0673024237102103
0.0676023306920311
0.0681433643880386
0.0692399102873588
0.0682335077176061
0.0674620314221438
0.0667006398753251
0.0661699110304311
0.0658754314685849
0.066356685937275
0.0655213967444823
0.0652040945168484
0.0658120171899322
0.0642047571948274
0.0625995961254431
0.1023212385852
0.275211008071147
0.301865567399168
0.296134086571737
0.219271500265122
0.2049787114381
0.203489747353869
0.19714470230455
0.197405332542801
0.197120270931963
0.194490095895665
0.179092460141743
0.165286192555332
0.157914908434033
0.140122450475593
0.123149636445403
0.0997614417483548
0.0871239023444706
0.0835774562868893
0.0754068340004144
0.0723723067157409
0.0710515032045033
0.0677123793934042
0.0667441200146625
0.0655472137455321
0.0655703519379458
0.0630215794094413
0.0620033636191347
0.0609818031362492
0.0604737821434132
0.059879198290091
0.0600996036428411
0.0596393195088854
0.0598052686906067
0.0604258633551295
0.0611602306757768
0.0613307073704893
0.0619665280437587
0.0628861785679625
0.0643744162522104
0.064571633732827
0.0670997913008828
0.0681141885506147
0.068183437859328
0.0683886582067073
0.0709569688272893
0.0752651012831953
0.0777213459097353
0.0786211043745582
0.0954547115839593
0.11887701189796
0.122686495682522
0.12536852838001
0.110215340933398
0.098735517309604
0.0971048706595882
0.0969329078537901
0.0876876863075867
0.0799062476865105
0.0768226946040902
0.0732703752420474
0.0715154669515441
0.0680791428835175
0.0659779451097893
0.0656641025990627
0.0651381983230498
0.0655433537227739
0.066212093813645
0.0672144486059364
0.0672658592096558
0.0662147430103945
0.0654360280173032
0.065023862320086
0.065178712146822
0.0650152455927385
0.0648202839010059
0.0647570732892739
0.0641848214314148
0.0641400584564905
0.0639003646680704
0.0632806168899025
0.0623111249623562
0.0612860515128546
0.0608105380442319
0.060031784036242
0.0599291956597289
0.0599110388112237
0.0598720860502285
0.0596540504213159
0.0595085053248832
0.0593557449979172
0.0588712020969124
0.058620790813467
0.0586483618156187
0.0583921087749633
0.0579295567259164
0.0580349109637147
0.0583037917229944
0.0583942472054488
0.0581777191089537
0.058657723043629
0.0580129262748846
0.0620089671613264
0.0645831719092841
0.0672695718082348
0.0706940911544959
0.0715579540222368
0.0703526618779589
0.0703878347390349
0.0729969558155394
0.0727675627959207
0.0726051310501324
0.0742046131622866
0.0794034793648768
0.0858708586357659
0.0984270856201422
0.106235496225483
0.128600737548931
0.162355071737449
0.198645073075338
0.214645714738213
0.168257918206738
0.138238716259992
0.117683396372146
0.100433914717134
0.0885111976332437
0.0803219425596557
0.0743136453607054
0.0673309240277014
0.0651816026549703
0.0672336968205516
0.067327767073894
0.0716570274097696
0.0867572696082896
0.091099790091224
0.0862617059190523
0.077216354784952
0.0682266782734336
0.064232676771925
0.0627349465129791
0.0618951233552006
0.0609858995065518
0.0606036407062265
0.0601952285114314
0.0598060742792002
0.0598169183775022
0.0599973824073472
0.0613242805192448
0.0627449782663755
0.0622573257328765
0.0627528014484248
0.062641914581935
0.0622042595920086
0.0642034864561977
0.0645351550235433
0.0659109735700186
0.0657754213504038
0.0649381067924005
0.0650693192757165
0.0646925221672604
0.0653769029926443
0.0662481364450827
0.0658966906749883
0.0657424363129901
0.0659657399516709
0.0654043743605544
0.065236870840705
0.0653480820876012
0.0655716526637745
0.065458913065957
0.0653640128419903
0.067118868309184
0.0682340376164893
0.0684525613373099
0.0681924816442693
0.0676139262819049
0.0671786248180418
0.0676529934064791
0.0674883085489511
0.0680676160703002
0.0686721922100778
0.0682836498929368
0.0674978595338508
0.0671652553133482
0.0669439363036837
0.066658433751206
0.0663730400571902
0.0653584985129163
0.0645839372704022
0.064411368523754
0.0625751733725125
0.0621237207778697
0.0956041604539521
0.286192443101264
0.33645539705887
0.282272128235334
0.220597153019544
0.205308550842661
0.202920975602298
0.19977913323636
0.207435366142884
0.213184853426727
0.206938045235148
0.194875763085936
0.188056893532363
0.173965580582657
0.146539436904432
0.124450860585573
0.101520417814682
0.0911433472383466
0.0854992818887432
0.0788854783048871
0.0757875328251233
0.0731259901070973
0.0713953385249158
0.0696308430417115
0.0675407992921973
0.0671527622207069
0.0654875023099928
0.0641852960729299
0.0629178879214576
0.0618984910144151
0.0613022181666365
0.0610287239233769
0.0606075986800679
0.0626778668026843
0.0637032141924265
0.0644778787238365
0.06458988575204
0.0646817488664128
0.064135443759375
0.0644312982694296
0.0653176309809727
0.0686309200686598
0.0687188727998156
0.0695919678572567
0.0730254743696867
0.0775339194924835
0.0821023129795441
0.0890129429350196
0.0970765134651952
0.176837617602358
0.251698735121432
0.26451186891858
0.253447516752042
0.222214405468202
0.171782415657262
0.159174901461449
0.14491877720304
0.113385413215029
0.0960394776614053
0.0931885140606822
0.0861230979275693
0.0819657829847861
0.0766937752614268
0.0739753578989802
0.0729480942705278
0.0721123608561125
0.0723621386596295
0.07255052583638
0.0708897907791771
0.0711174325562962
0.069589340219445
0.0676824665681466
0.0676958796831176
0.0683922974226701
0.0681361439203083
0.0677154645321385
0.0675164311174852
0.0667030302511306
0.0665965705236987
0.0651411664788708
0.0635422976115826
0.0627973962522493
0.0623124444125371
0.0618597413133685
0.0618732384760731
0.0619748298067719
0.0612349334345249
0.0610446310831117
0.0611058160471023
0.0606163540645425
0.0600857249759134
0.0598359341642754
0.0594577891147102
0.0593376981190588
0.0589787022616741
0.0586529225908333
0.058263467497222
0.0580226881438879
0.0580692981676277
0.0576780971857497
0.057521016631791
0.0615240556157284
0.0635887928538665
0.0687060138595028
0.0766998725497672
0.0794720516864471
0.0770515953260405
0.0760602243365956
0.0774468482593225
0.0775392417589618
0.0755656379797057
0.0750755709973666
0.076336113451976
0.0929299326553552
0.10786237794013
0.120272137810558
0.12317230923401
0.140074574480263
0.156082731349751
0.167820224845308
0.289150690666003
0.200572689623867
0.147249225781633
0.119741408146774
0.10208244259968
0.0892984815880814
0.0800994912168399
0.0739518073536557
0.067773989325961
0.0651664595292253
0.06595145677281
0.0662118016520767
0.0668521758390792
0.0747243826650749
0.0790894085098132
0.0801234056717597
0.0749375310259678
0.0684711453395228
0.0653489924213209
0.0641683038992422
0.0626910632835685
0.0614693898744896
0.0607011982415844
0.0598857290954834
0.0595979921139091
0.0600078670819111
0.0603474214516235
0.0611085316604985
0.0620707414217743
0.0613975715718127
0.0611067764281498
0.0608044219184996
0.0604089544965149
0.0621955115899069
0.0630012122862114
0.0656071080243734
0.0659891793877335
0.0653276547832455
0.0660409696683858
0.0656521417968494
0.0650807289810698
0.0652144182084397
0.0661933663043786
0.0641895663209107
0.0652214977699177
0.0646419096207686
0.0648867141985028
0.0655221033700467
0.0662684046336524
0.0657579505953367
0.065069031374362
0.0663970258876717
0.0678309078713223
0.0680460327868554
0.0671681782079849
0.066547583752595
0.0674688041349913
0.0681254512333972
0.0687973927400498
0.0684046033425819
0.0685745923550422
0.0684596154990007
0.0679848569208514
0.0679298655838844
0.0677547231793328
0.0672154477919407
0.0674230270435873
0.0649765509080436
0.063594436552495
0.0638149443802319
0.062564999601622
0.0629980148975816
0.116315419057131
0.316304403060542
0.388261001925401
0.306983208174474
0.207580974915098
0.211354626331044
0.201909200703866
0.22360968963369
0.249819680295196
0.233506640052111
0.220605126321195
0.205873963610596
0.203098663946298
0.18250346669678
0.156623748571986
0.130778282735645
0.111231853634091
0.102746272905334
0.0954117514693865
0.0877253683377093
0.0831716757698411
0.0774449021042491
0.0743821870048604
0.0716923316303001
0.0709670718498826
0.069334071624681
0.0660743010269673
0.066209110647899
0.0653717293072421
0.065325898977819
0.0642797072962174
0.0638836817992641
0.0636318693562448
0.0629124622520021
0.0635758181833247
0.0630819866104143
0.0630601577789903
0.0640278869492679
0.0637503892170121
0.0642135881051322
0.0688608325145238
0.072114726797882
0.0730457212431492
0.0759460450552516
0.0809486159209888
0.0845781475722415
0.0911631549073638
0.109764801949695
0.135560406088238
0.26703678301029
0.343895000241391
0.320575158210711
0.286267380245301
0.231112054126276
0.00876143740312112
0.186248959424406
0.186830449202287
0.145120161150322
0.120594242748827
0.111875287497641
0.0976980317668015
0.0896686095130235
0.0829017224818441
0.0797010160115548
0.0773292195543604
0.0750626150883651
0.0759878492439877
0.0765983798174799
0.0758022309945123
0.073333981604193
0.0716568840005514
0.0697501067125818
0.0695138524590032
0.0692225638734958
0.0691808602152649
0.0689109357981599
0.0677115390031949
0.0656685982588943
0.0643669907637224
0.063136641187134
0.0617928231341351
0.0620482789804676
0.0622752419335698
0.0626676421397279
0.0628835359811286
0.063352793865913
0.0627178574751706
0.0625086761536133
0.062521386763923
0.0620524810819222
0.0613065571509004
0.0611465026942263
0.0610666468596854
0.0607900771293149
0.0600498820110945
0.0593805726343007
0.0588221598318716
0.0584825156684203
0.0581219784905216
0.0582529552513075
0.0578640325695274
0.0764169310234895
0.0796974259876163
0.086485129496724
0.0983549993790616
0.102062582424464
0.095109216874834
0.089293524659436
0.0851218204614256
0.082041042839815
0.0789345508926102
0.0775521909046635
0.079455058533433
0.109784173445776
0.125245040991176
0.136113460151533
0.136988690720688
0.163838688177436
0.180418788672511
0.012582769012154
0.224850886764029
0.244011866547105
0.1629889692562
0.123038214104576
0.102235817911292
0.0887396947489516
0.0810394414760106
0.074555941896326
0.0675250509633118
0.0649916806712726
0.0648471261339839
0.0656481914625098
0.0654288883471578
0.0693427083272078
0.071726927201454
0.0737129305731507
0.0715042611311132
0.0688803786810789
0.0661054184552023
0.0650544167324066
0.0632636357751305
0.0616515318337488
0.0606416229607595
0.0592888579366737
0.0591117961177597
0.0595888025547683
0.0592120748677542
0.0594008133285197
0.0606693080303082
0.0602672321632972
0.0603659815100884
0.0600080495501904
0.0599545684957812
0.0612368778070847
0.0620398627756637
0.064317110074952
0.0659785912373361
0.0653325244501718
0.0655752388003669
0.0662394783671327
0.0647474555950413
0.0646482845128182
0.0652362742842217
0.0643113772481071
0.0639691595777152
0.0643421282942385
0.0644103571231334
0.0650953604205503
0.0660304224406092
0.0648633603387109
0.0643536463647526
0.0659408094802578
0.0674209282207223
0.0672116112633622
0.0673092719518179
0.0671517280085181
0.0674484498029599
0.069032455262507
0.0686398425838118
0.0681069357380358
0.0693629671735389
0.069251579622539
0.0685093096630368
0.0670497587844125
0.0681525302149649
0.0682047053063282
0.0679032987240907
0.065142802162663
0.0641139668900318
0.0629624534537552
0.0625344355388515
0.0640227944240337
0.141189986527943
0.440736799342951
0.461222389681385
0.352799764092833
0.205895299667826
0.209023862338036
0.201846063568317
0.224297005085191
0.178415086124013
0.172332394050792
0.189502525694132
0.218503416766043
0.226183796854108
0.208396132858992
0.16908639360484
0.137636936646124
0.119044223125981
0.113858481561281
0.108146479813991
0.0949942515019227
0.0864909303876079
0.0810548514622439
0.0782566170189143
0.0771081467415842
0.0746575860444003
0.075642341119337
0.07251241907282
0.0719129452728499
0.0694669832881825
0.0679922106235141
0.0646529135281959
0.0632081518132808
0.0629337897454831
0.0632148960791557
0.0630468672447783
0.063296318541308
0.0640544351667616
0.0639112960107925
0.0641738926686574
0.0661067326605768
0.0716582849888519
0.0751938461843491
0.0773283445503471
0.0797249746131269
0.0829899206615405
0.0899169780266849
0.102935084506075
0.128946841929902
0.176828896362081
0.291883781248856
0.30991877545128
0.279027803141761
0.251609823586484
0.113685059100736
0.935831992769649
0.00324062108776887
0.00892177381446621
0.134487605660226
0.122824505856357
0.119237612295184
0.107425579583622
0.0989910002190927
0.0961308342851581
0.0922277634370544
0.0887989174924494
0.088480001706553
0.0842013470664164
0.0799018380139502
0.0771327153024979
0.0748857130351421
0.0738365826806039
0.0734792740334912
0.0721343969773946
0.0700586662290214
0.0692920662480369
0.0681825310980092
0.0663359828774825
0.0641352445076924
0.0629093313996931
0.0621589983408767
0.0613482958245535
0.0612449960646556
0.0626661206021641
0.0639855538273061
0.0653357979742716
0.0650577664722623
0.0648477438243766
0.064250277840764
0.0650504907123704
0.0640442203774604
0.0632727261681841
0.0628687726926462
0.0630966013507381
0.0622777195914226
0.0614834957097426
0.0608881068039103
0.0603557197163048
0.0596417849872554
0.0592257809627275
0.0606055040517626
0.0583979421602212
0.10183681743791
0.0938283702502418
0.100945063540187
0.123615320279787
0.146753985236405
0.138479196759136
0.124730953142699
0.109610537274496
0.100115982950295
0.0959471409068016
0.0958029610736784
0.0964360434446443
0.131485163282335
0.138734677376856
0.125453381093385
0.171779011454259
0.19933252234706
0.218157429777308
0.174233668447158
0.939013905309849
0.208822133180108
0.170667759994527
0.125973920072172
0.105206673690828
0.090809018498168
0.0815060191252166
0.0739121076094675
0.0691579211015667
0.0664614433685788
0.0650049358051972
0.066509679806585
0.0657600790615291
0.06723734646604
0.068214484525315
0.0685890530833975
0.0682342063913748
0.0692110149306619
0.0665051326959518
0.0645861806456823
0.0623860671658369
0.0613711739673321
0.0604315334101807
0.0589227662306032
0.0585164251706616
0.0585369199165981
0.0581910453632417
0.0586079186359471
0.0593152393445344
0.0599480311978802
0.059931937770369
0.0598495390126061
0.0598756846602615
0.0603899895697908
0.0607371008562506
0.0631148647580266
0.0651699736626285
0.0645379210137883
0.0656457581473539
0.0646298737959471
0.0646547910807396
0.0643294431493538
0.0647457673068279
0.0643479500614031
0.0636235936777241
0.0644515617108215
0.0647583497728711
0.065214393105331
0.0654730585515019
0.0661322913852862
0.0659667531247827
0.0664072167014627
0.0667211097912811
0.0685874900849473
0.0675425411932089
0.0676643107791123
0.0674961412605418
0.0686252638086368
0.0690798650367027
0.0688512546586308
0.0700055482348109
0.0691930301853288
0.0675422943626093
0.0664984025267478
0.0672759242243697
0.0681654964636684
0.0681219034586268
0.064994460664613
0.0636292842706124
0.0628685702112147
0.0625814601800772
0.0698457960858022
0.15579788395708
0.394264168459883
0.46582559074689
0.342902016907512
0.185183810490149
0.20525567367589
0.18744177171472
0.180674598877358
0.165793126424701
0.188264723943192
0.235313266261701
0.296378056485787
0.302248787015665
0.27307859254264
0.19981162858531
0.153970539084083
0.13365919215791
0.117899441463226
0.109916769014903
0.105696251128887
0.0895015110382386
0.0871944528665421
0.0863259583681286
0.0888292758962053
0.0844693146782897
0.0824820923867327
0.0769913570538454
0.0741044725569988
0.0697319098323945
0.0669860898292499
0.0660642707103821
0.0645316681007267
0.0640155957232243
0.0637224112967482
0.0631710885108804
0.0633679962137706
0.0643387084736507
0.0646904187275741
0.0663600074092687
0.0676500685596633
0.0721615048285911
0.0745029635047411
0.0782033916852075
0.0812909861677362
0.0893971269862587
0.100575711138129
0.116827619672263
0.153556010997241
0.209244153728856
0.294023457267121
0.284210686512236
0.272065790240454
0.240217791552759
0.0448168981476016
0.938633433401425
0.0214496465109821
0.226378241419422
0.173054216624755
0.150257229519331
0.146936789789385
0.136060479525656
0.1228502115334
0.11391209489343
0.103770128365306
0.099298794999421
0.0957728654866694
0.0889989909358587
0.0854237293123222
0.0829372638880255
0.0802617080338952
0.0785479092907366
0.0757454190333361
0.0732534144745827
0.0717223511524343
0.0700337519243253
0.0683091841605816
0.0667585394209749
0.0654244119261977
0.0637589585741032
0.0621676219694708
0.0620623678132971
0.0623008027968798
0.0632019730312407
0.0633280392625439
0.0650526054717799
0.0650451456030713
0.0648921640825056
0.0657774094324604
0.0665872231781889
0.0664177231629563
0.064924009427444
0.0645203451579876
0.0650773418499394
0.0642042643171929
0.0635306637451714
0.0623747313233144
0.0613199962582076
0.0609248638454281
0.0618675612527158
0.0623234654404763
0.0639846364954989
0.0857889762185798
0.0903234337932317
0.0977278960186136
0.112112200624309
0.174385074145404
0.176003285903605
0.161827812174206
0.146101388842407
0.133476095349835
0.126176459574289
0.114148443701966
0.129787577426748
0.165006254845109
0.166511089348444
0.171734663587004
0.177865622858166
0.214274785727287
0.217895752687379
0.203190422467476
0.191622825456155
0.227096902910321
0.189773233148231
0.140898344624619
0.113310964677581
0.095727994727417
0.084521808343449
0.077704983356418
0.0733048132829018
0.0690767187999519
0.0672043974635997
0.0679424806815858
0.0667980722419199
0.0676361964294765
0.0671736080336261
0.0683262175910781
0.0681662937733569
0.0687681136825292
0.0663731969219732
0.0659738758125245
0.0633292259238732
0.0620985742945225
0.0608648779557876
0.0589855731825603
0.0582527303227064
0.0582084825964559
0.0584832723895636
0.0591333957740548
0.0604803368171986
0.0603053433583051
0.0604871470137402
0.0602110032940301
0.060250222166019
0.0608075350619641
0.0608395651380632
0.0623859405987824
0.0640366091997633
0.0638902439883184
0.0647944107391521
0.063566317694977
0.0644377285546452
0.0639405623106198
0.0637368438117803
0.0642368922305845
0.0634735713027223
0.0640843265143274
0.0644935486749231
0.0658833505689595
0.0666341966793672
0.0683323076115026
0.0680540555847012
0.0677489182970848
0.0680571488943766
0.0690086737063483
0.0674123679523854
0.0671935289303119
0.0665453226749153
0.0672825375781722
0.0684400926116224
0.0681387986489653
0.0680089245380326
0.067234511855553
0.0653576626933051
0.065539013929522
0.0664612495085768
0.0675014900880558
0.0666809471632493
0.0651816112109486
0.0639434682168199
0.0626921630767286
0.0623423798295126
0.0747516640042619
0.147912504798318
0.375093110020046
0.362320772485842
0.28367492746388
0.156281160951169
0.197477787511028
0.163381565127788
0.155972051956452
0.157936937049753
0.194920916269733
0.261002108827391
0.339514914766271
0.356415234492573
0.326916682532623
0.239754484401572
0.164905831056407
0.13738314302047
0.118350808260579
0.105314152570146
0.101440482803867
0.0981401698733457
0.0977941543655927
0.0958248289929584
0.0936800584391669
0.0854754120653086
0.0804798520290834
0.0760624369864479
0.0740433394617177
0.0704651505493871
0.0697122795073818
0.0678133144338241
0.0665443454031914
0.0644051233933351
0.0637218703587666
0.0644816907637512
0.0653484496800297
0.0659478387485272
0.0660071039290856
0.0674040518585817
0.0679831155210149
0.0705543399166887
0.0770175318807805
0.0819060252401819
0.0876785263103281
0.0974546681199012
0.107704636387922
0.127555268739324
0.174949258499798
0.24735192578143
0.298829030890766
0.286109454633666
0.296977346675002
0.292899001013226
0.339109724195825
0.300700347124123
0.934543708453221
0.247570261519702
0.196617306468813
0.160560267974023
0.164514138400862
0.152069755387994
0.133664520317962
0.121341556480927
0.111330678281906
0.107357345979319
0.101799047154449
0.0961831161516001
0.0894788945428582
0.0864927104386272
0.0817321081997516
0.0770037487063589
0.0730652389581378
0.0715012363250498
0.0705117378957201
0.0692018039491469
0.0673517753776996
0.0665961287033152
0.0649744324523224
0.0632415082039344
0.0616015667835929
0.0621564719139468
0.0630094351224481
0.0634189437367954
0.0631171799512445
0.0630160926344007
0.0635549474883711
0.0649230683982956
0.0663437157642956
0.0678616525799611
0.0686652393440584
0.0682745764110908
0.068161779336867
0.0676791668910043
0.067028088174487
0.0663523836317231
0.0647151071300192
0.0635448002353667
0.0633589193970339
0.0659147766396954
0.0682423102075648
0.0729266445919281
0.0859647652165542
0.100969158899913
0.116082434528409
0.167434615801427
0.193737955531777
0.19218178636694
0.184088156461543
0.176178502230296
0.164720325325687
0.152094932368651
0.138443249106726
0.147097326639749
0.159401696917996
0.166152522515456
0.177398766996314
0.185340893533195
0.20099298164142
0.21020432057933
0.20731068544036
0.235623731893462
0.250013893750082
0.211274971559563
0.162578822956156
0.128012909101851
0.104739652177922
0.0906726883258865
0.0817526742204808
0.0753206079416657
0.0717019313412765
0.0705001532239147
0.0688199808217698
0.0675240048199924
0.0680053705810457
0.0686471261640846
0.0688126537531274
0.0693741252256628
0.0698339807387355
0.0674190016944052
0.0667778782571706
0.0649866039123811
0.0630742889087316
0.0612006552167094
0.0594584252865282
0.0584467720372292
0.0583928665935221
0.0591635442350152
0.0601221437410435
0.0609273424882121
0.0613318783055491
0.0605497241022921
0.0608185675360243
0.0612631935422317
0.0617857019754439
0.0616576267413375
0.0629980149789762
0.064047076983287
0.0631018356355071
0.0645778652189616
0.0628660935252554
0.0626475818711773
0.0631473293524968
0.0638072229056777
0.0646382543474592
0.0648519809029164
0.0648793142978232
0.0653830913089795
0.0662206638556022
0.0669540888366701
0.0681255645056437
0.0679750417855343
0.0684808364332739
0.0687680756026854
0.0685359768201835
0.0666894460702576
0.0661586079295647
0.0661735614533689
0.0664174837324038
0.0675096147821562
0.066694545895268
0.0655810238222596
0.0653157394718837
0.0643959703713208
0.0646189473415178
0.0657354645706666
0.0666982336024295
0.0649800762739417
0.0645687459619647
0.0637367684022183
0.0619189401827959
0.0631974001792232
0.0778430464281323
0.134871791621727
0.383662885881217
0.315680171802816
0.233210150178179
0.102643305604956
0.189244101711309
0.149083755143416
0.142201523049266
0.163950919500909
0.21375441176768
0.264995589157148
0.318480101606104
0.38556418239779
0.37575112054486
0.289489811196358
0.175747779562969
0.131085171151615
0.112179555120982
0.101904001557426
0.102979029132837
0.103483026440768
0.104057159191284
0.0974059937898341
0.0919861995847791
0.085238110655932
0.0816643724187815
0.0769707072139076
0.0738053957888023
0.0708704085262288
0.0703185563606487
0.0696047042965749
0.0660806930164203
0.0634413001590987
0.0642496667387638
0.0642646182876968
0.0659090699305499
0.0678629991914842
0.0688466817239529
0.0685143075545867
0.0683228543962486
0.0707512857517918
0.0784001373277189
0.0870007893236267
0.0909023620039056
0.100355930094565
0.11304056212882
0.143946441853828
0.209748501817265
0.287499697483395
0.284521151426812
0.276669797396804
0.298435682320778
0.312542564968155
0.367357250875333
0.288048438717447
0.938710460446096
0.0827272246472281
0.221104517703349
0.169976727447794
0.168306999367666
0.144897734778829
0.13397728542769
0.125695804994182
0.118829076743926
0.112264179339348
0.107558963972451
0.102851961807447
0.0930098606719646
0.086657138325708
0.0793068669352722
0.0754625171289069
0.0713880907220185
0.0704756059110782
0.0699730893972352
0.0686205554851176
0.0661400538204853
0.0658862531692776
0.0646007980665284
0.0633442416620679
0.0622596266751733
0.0632951639507364
0.0631341546594075
0.0633434698246464
0.0634492667000622
0.0635977754367635
0.0634560090836916
0.0647546448108175
0.0664988144339974
0.0683215878692897
0.0694174738040026
0.0693900841490418
0.0692177000445449
0.0697418462753076
0.0693744443733122
0.0699013142014878
0.0679641950775254
0.0677478097712284
0.0672947802970822
0.0702407447183668
0.0741495540443584
0.0832764602312106
0.0923699629138141
0.105057779202781
0.123744286097642
0.162956660227116
0.222543194545325
0.230023245385732
0.214509839449256
0.208227529517438
0.181308492568406
0.163858593857958
0.150555095705027
0.152508901385925
0.158584473304667
0.169683326614056
0.181841327839895
0.185990620982961
0.195927524552078
0.201711598420844
0.204826274775527
0.248461117626502
0.289704021005437
0.229447340385354
0.17798700199099
0.134999398276556
0.109071301806673
0.0939828657118765
0.0853352782407048
0.0790130521894528
0.0765155080831623
0.0740137339296095
0.0705013503046919
0.0691740487669755
0.0686855082527674
0.0690658063627149
0.0692318737240388
0.0697630111388973
0.0692746242283087
0.0674780120510147
0.0675240170055902
0.0652796932701416
0.062854544332159
0.06133125465944
0.0600529235628924
0.0594280117679116
0.0591998558330739
0.0607031650243019
0.061717247566686
0.0612267010235331
0.061920577186455
0.0611733569210109
0.0621083158403574
0.0623129517910768
0.0625645616769721
0.0628430384403718
0.0626293322537857
0.0643454760096718
0.0646504391536564
0.0638509812012792
0.062572040912331
0.0618848357765265
0.0627040197351231
0.0623327176362718
0.0629719173243617
0.0647409794346978
0.0642517073226868
0.0648423252368805
0.0657577667887272
0.0666957835104995
0.0682657036718163
0.0684611337094357
0.0686411687612955
0.0690360269560198
0.0670925071110175
0.0653126941832168
0.0644557916357152
0.0664588425331631
0.0665291100828413
0.0653761466572039
0.0664245643688477
0.0663366857063555
0.0655933391362133
0.0656186473558336
0.0667468101530556
0.0664739962568803
0.0670163902407784
0.0643861186395122
0.0638613379650176
0.0628485213405876
0.0614010730804417
0.0624659320539337
0.0729714179402072
0.115432394609186
0.403279809090847
0.304810438137973
0.175315943219312
0.0692152097770791
0.17776222580311
0.142043794866902
0.136489584253949
0.173915443399819
0.223272230985911
0.276015967233698
0.326148199639155
0.375564257331691
0.41520048531487
0.332360824501104
0.198346768547478
0.133886840649107
0.113830830936563
0.105158972725855
0.107469587211009
0.105310896175335
0.102849778522095
0.0974249818916857
0.0922386320264799
0.086625977690983
0.0798659210566072
0.0756076200539008
0.0734706126942342
0.0710982796522799
0.0710572542161063
0.0685903696935289
0.0659799687182043
0.0638112239625567
0.0633781031192548
0.0641658605500147
0.0655069398150736
0.0679887164647147
0.068673811445042
0.0686696326546062
0.0690012592946734
0.0723728787740551
0.0811688750484459
0.0871332788774037
0.0899371410548065
0.100487379251033
0.122977993769771
0.166625744897994
0.24587159867648
0.272377926899868
0.269209462972886
0.260659384200397
0.28877987988925
0.325447933354517
0.311644544510832
0.106226140079583
0.941335408536741
0.925314926236509
0.221710686341947
0.180177484173801
0.172703797890173
0.133923617594454
0.12919887914287
0.123956806977714
0.117171939155379
0.1094078619161
0.101893790410455
0.0947236815689469
0.0886127348957434
0.0852932971959086
0.078885110761268
0.0753863797068812
0.0709950310921064
0.0693444162827032
0.0659685754979332
0.064019448776348
0.0625371716820247
0.0633971664487406
0.064185428223052
0.0642725788341826
0.0643633346778466
0.064080538007219
0.0633695179002545
0.0636357786030894
0.0637265410500461
0.0648752367853226
0.0639292653280834
0.0648669880928815
0.0655175095689185
0.0673476275068694
0.068557998750323
0.0703854685496362
0.0711731628541994
0.0708914004793282
0.0713489341466122
0.072167893844382
0.0713819973217135
0.0730476289311598
0.0744598296033381
0.077063083218227
0.0796252267198332
0.0931354046134873
0.103395432158097
0.121971782246615
0.159256744732599
0.215516491428646
0.227600578746267
0.225342123721937
0.209108547994719
0.190392299582161
0.16955294244353
0.15669696081977
0.151859537029666
0.151442149242523
0.154699917369626
0.173366089032661
0.183015577200472
0.186140674343449
0.186214174386865
0.187248751078131
0.195726635245351
0.224350318997032
0.331189274300794
0.235194173112071
0.184599882966248
0.140733600849493
0.116040387927197
0.101408543897645
0.0897698830554741
0.0838346357791508
0.0807643763308766
0.0763816002738435
0.0733968861777641
0.0702870484278473
0.0700200480733307
0.0709744400121825
0.070006129916642
0.0698023925010896
0.0696399766502315
0.068662462265414
0.065896359841658
0.065136296318492
0.0629370804962517
0.0617550328539855
0.0614426538255552
0.0610315852842921
0.0605598123558962
0.0618046711360867
0.062036723359644
0.0624079691260923
0.0627190906537095
0.0627528240444192
0.0615181094234254
0.0620115439718037
0.0634020586565339
0.0624753890864839
0.0620926602348568
0.0640450482322851
0.0648322645967903
0.0639999407505119
0.0628529396784431
0.0624388076676552
0.0624822676942939
0.0623803190577486
0.063286567211085
0.0646811579372919
0.064535819736527
0.0641276461519513
0.0644468638701441
0.065313514555982
0.0665031382236775
0.0668734939612002
0.0672659212364156
0.0667143556499146
0.0655876401610205
0.0649335865905602
0.0655322883086587
0.0663016121618136
0.0664971894330277
0.0659127323847313
0.06727782800735
0.0667529100419393
0.0665873096279093
0.0657726619186774
0.0659920486997089
0.0651132459998229
0.0657155942152305
0.0649690322829936
0.0635744352664706
0.0631259363106629
0.061390635594982
0.0629223602803577
0.0704546466608373
0.110417262010473
0.376370524861785
0.381598858069208
0.234790096923426
0.0857877721664266
0.195907329471555
0.134493651231223
0.134741622950057
0.18000172401299
0.228833667705246
0.269535945555588
0.328255396430055
0.390267773374678
0.453341999945767
0.374731929544828
0.237382635063114
0.141834555106705
0.119085542770223
0.105878883569311
0.106287254339403
0.106011124151099
0.0983341775535568
0.0913479410458894
0.0854232246004077
0.0809996387696415
0.0771035784087696
0.0741466297708788
0.0723247941951965
0.0716715029646529
0.0699770884432135
0.0678021968280069
0.0657712441290454
0.0639177745932443
0.0639241656847115
0.064353481326475
0.0655444658793126
0.0673229674635549
0.0676610090573479
0.0691963490968656
0.0714507217611624
0.0757580966062043
0.0795905084920163
0.085381995398491
0.0910362668824201
0.109999990342192
0.144651751702893
0.196457335863169
0.267659954078828
0.265017361987739
0.271175284598256
0.264464630441147
0.303355706892845
0.348671991312958
0.370988665398851
0.399312913626605
0.934700263781079
0.208703354916918
0.306554185095378
0.18619051336564
0.181012046355692
0.131256501317042
0.127672765111198
0.121838956520281
0.115282790358381
0.104805477168063
0.092208039386406
0.0860784640230836
0.0802240491391221
0.0804805197958256
0.0761324876308616
0.0735648138112051
0.0700767495582455
0.0666048649041339
0.0620162358519987
0.0613853772102996
0.0617959434913355
0.0640339740294025
0.0645778962228268
0.0649443404181131
0.0643497482661565
0.0645814609050264
0.0636597560983331
0.0636443615480251
0.0636504673820476
0.0640142116444168
0.0642605501398674
0.0655889661693177
0.0655050309795685
0.0661607749012414
0.0676234667500688
0.0696391795886658
0.0712813923907348
0.0722619393182298
0.0740053530307141
0.0750209901584183
0.0765890412626513
0.0821719519255177
0.0818802274714017
0.0829378377854511
0.0901688894166241
0.102610071786547
0.119543775493101
0.143713676959808
0.198191094183546
0.225927916894222
0.253382601828838
0.225111244294294
0.196603693427079
0.171889651272796
0.160011390391196
0.15708978493659
0.160290345921891
0.159079155911724
0.165316190210577
0.178179418286928
0.180698006922562
0.183609362522005
0.180069984681043
0.180682672302344
0.182517245064451
0.239129332114798
0.265654865248351
0.202924614381597
0.166412328299113
0.137518279799863
0.117665636934922
0.106739184175745
0.0961210422470353
0.0915949755726207
0.085710636112045
0.0800918733324275
0.0748062827800341
0.0721928846579947
0.0712874722025984
0.0722454418277933
0.0700620236332859
0.0704435636647805
0.0695528987599713
0.0686594867755398
0.0668264010882034
0.0642656945825644
0.0636071728905085
0.0627420960069219
0.0623574800562119
0.0618204023615973
0.0612238727574236
0.0618809337177883
0.0633694024766315
0.0638317304277315
0.0637324561069123
0.0624565061867105
0.0607982843724318
0.0611254841563488
0.0619266171575343
0.0618360494068661
0.0629364798314322
0.0647429906322158
0.065999890214013
0.0650750629744198
0.0641634939216571
0.0630191348183838
0.0615115556771862
0.0608290519109989
0.0618439198459724
0.0636140951775933
0.062748413771879
0.0638415135117457
0.0645442102465462
0.0648447543698637
0.0656063757701966
0.0665091896902313
0.0673962765741424
0.066918856258847
0.066327119992751
0.0662455163825254
0.0660388837705226
0.0657197139379014
0.0662963422159084
0.0676321212957909
0.0674775078805833
0.0661326167431418
0.0654917111404196
0.0654543701281381
0.0655817499341905
0.0654544496389299
0.0654301988302417
0.0655522333172536
0.0645896073801737
0.0626600513399809
0.0615360835431189
0.0628822224086541
0.0689642106272118
0.115230903455613
0.357356742174157
0.385373132572788
0.238432394595281
0.145395360977973
0.144977898337022
0.125763164702659
0.129726427410439
0.178596572338136
0.235722679832004
0.280134100236108
0.326483644161597
0.375092742800098
0.443016748348827
0.395238989884814
0.298804581003827
0.172290234633739
0.130054451647895
0.106805070494944
0.104283556263768
0.094972904168474
0.0867291587043831
0.0813294615482611
0.0784472884740422
0.0765073374947712
0.0737338187826138
0.0712846507265139
0.0703168071591415
0.0693613030544553
0.0678318143465201
0.0675731107838476
0.0654451428428288
0.0640193604082085
0.0642314490756436
0.0647403714119525
0.0652578105673574
0.0664328089112245
0.0681602823335727
0.0710424296903414
0.0719250310944776
0.0781607505011055
0.0816049581620011
0.0868545423547561
0.099159018168783
0.125525520023507
0.17261341653935
0.22134288807241
0.2639261741018
0.276515828931741
0.297970522806374
0.269612599078034
0.301766651684141
0.349309307372986
0.398034108279683
0.369123029113726
0.362582190817694
0.308451269155241
0.263015749448473
0.183586662598992
0.177054982184259
0.133089860627816
0.13312448957628
0.132701786547356
0.144148551793521
0.131343090043424
0.0966272964519116
0.085677884041289
0.0826389943644876
0.0803749883969395
0.0719373826169276
0.0687932554723214
0.0663839900552714
0.0649485528543393
0.0629066937011571
0.0632133788039711
0.0624571717846638
0.0635910308972032
0.063638080421608
0.0642207138381752
0.0640198874564048
0.0636827060329964
0.0633084025054774
0.0622537363398274
0.061936077558636
0.0628758893058798
0.0639170125303798
0.0642398657990093
0.0656540358756267
0.0663658984274087
0.0669148801465218
0.0689929706410954
0.0717216616140801
0.0744670006010705
0.0772768211978651
0.0793075832576628
0.0832046361562361
0.0858661887547821
0.0838677174675294
0.0863444584289425
0.100186765102268
0.11003618129629
0.125841132317817
0.157392854038946
0.197280577864193
0.225787324241323
0.230711358045719
0.192110814164704
0.170488453989486
0.159091508200717
0.162798920726301
0.163763263557173
0.174727637275145
0.160783985156217
0.166482749004383
0.182376446954038
0.187109988684974
0.190989332788247
0.191903031514349
0.197081682249411
0.211459012156783
0.284724315238355
0.231375501332946
0.197435544896901
0.159143177481355
0.132697210302615
0.116080949787603
0.109177831563474
0.104678312535508
0.101432619100424
0.0882781491924837
0.0815787324925488
0.0761775848241562
0.0732537113382008
0.0726893620996498
0.0743765737457508
0.0710327090745625
0.0695589326802163
0.0695151438500106
0.0678509199026621
0.0653256443193537
0.0640351087357488
0.0643885321816423
0.0632412810111988
0.0633983115829418
0.0624949642482511
0.0623309175236459
0.062125460632748
0.0634131144071528
0.0629644679709849
0.0631018172367848
0.0618429060876892
0.062082305460383
0.0619943157724368
0.0636187596848068
0.0626749283620011
0.0651633303882368
0.0663426926257001
0.0670260998232821
0.0669456374310579
0.0652384033823961
0.0631891297948499
0.0629211781139695
0.0609561256803238
0.0603395369444198
0.0620796673582681
0.0633137105591131
0.0639617915239339
0.0641331293890445
0.0649746014806189
0.0667619343004188
0.0674224981871995
0.0684442040497358
0.0673094713552984
0.0671681265660214
0.0677114737714646
0.0680028243884867
0.0672332114509725
0.0681440393955565
0.0682700601446439
0.0677772488505688
0.0672038613114563
0.0663472594728326
0.0665202109167665
0.0664317695421078
0.0663879350763752
0.0647093427209593
0.0642551353351827
0.0634968658823115
0.0620619023053569
0.0625326073785814
0.064652573196117
0.072723109086326
0.127250194462472
0.336862014574638
0.363890074705695
0.239515576373517
0.187858755538163
0.202093584685123
0.117598416354769
0.131409006888338
0.174884001430136
0.222407989058305
0.274129689615249
0.328794110641301
0.377573704475636
0.409040875078299
0.441990392090702
0.411655162579603
0.243008485915848
0.149785772050334
0.107428915684603
0.0936019058220788
0.0818960704643829
0.0755347206262703
0.0726836817315115
0.0725633152620189
0.0732906368608744
0.0710959823130098
0.0690521255592176
0.0682021976406337
0.0673903342203292
0.0667464060316649
0.0671543531884718
0.0654335507203509
0.0644716248524838
0.0649773301229226
0.0657888637252292
0.0661302966934022
0.0681146518962925
0.0701217849060774
0.0721548918148015
0.0737391439757521
0.081801314545605
0.087831477865881
0.0965259845036329
0.111068517341836
0.150800797724524
0.196508677457758
0.232070862957329
0.276548061928338
0.300381616751077
0.319069551763642
0.257186864196051
0.290932298212862
0.33061087092459
0.35060761688768
0.177830817190174
0.325208298467722
0.336876711076969
0.22117960962391
0.17860293278574
0.166439620664678
0.14180467664213
0.140719628270463
0.150281783423798
0.189120232084788
0.133769715489315
0.101968051478261
0.0855105883431818
0.0840089082857351
0.0786697222040075
0.0721224396791619
0.0657508826460582
0.0619311723521821
0.0623339860547284
0.0620988809788763
0.0640711656784037
0.0639521514162234
0.0636911934061128
0.0628421609567407
0.0630830285157874
0.0630365975716289
0.062828292134784
0.062363602004477
0.0617112023690174
0.061380431135377
0.0615130591699353
0.0617137209216812
0.0622964822279052
0.063300048907135
0.0645445107814797
0.0663960052008672
0.0688962442886932
0.0729638562567342
0.0758246344698071
0.0787364609479621
0.0820670040965363
0.0836353077781881
0.0847256816461498
0.0829642046155763
0.0896625744588013
0.103679009229392
0.125901200827276
0.184079259187512
0.181971906855753
0.218248325097495
0.227059086453033
0.215973650447372
0.175165142913954
0.163619586169937
0.161544190955905
0.162482262241418
0.162059499712617
0.17158692760486
0.166909201407875
0.172314704733078
0.190742938891238
0.199597705601205
0.211822454493546
0.215460967055854
0.226492545211508
0.242501798432479
0.229548576922251
0.168673612751383
0.168272571749257
0.136115817900644
0.124213504354171
0.111946223714322
0.105904931127086
0.098558678976511
0.0901081952471729
0.0907396656146214
0.0817884244431447
0.076978655468813
0.0738522553562523
0.0731773556624763
0.0736029421140858
0.0691890784509405
0.0670514457733064
0.0670510714586231
0.0656721991395233
0.0642340889834074
0.0637834608489204
0.0644105588168119
0.0642134720299422
0.0631845190448459
0.0627786402856362
0.0622999314824552
0.0628679282387508
0.0630897524746261
0.0630147304775079
0.0630829429978769
0.0636002022470498
0.063582130503437
0.0634246858977586
0.0640206537979072
0.0654682983800211
0.0670446653210816
0.0668578895273836
0.0663969227374292
0.067011795476342
0.0661637327919394
0.0639050898591373
0.06259245870655
0.0619638225106936
0.0602619862216708
0.0609602811032996
0.0626922594185423
0.0624967022583616
0.0636468755907221
0.0648597036660196
0.0670773050124344
0.0694931541792157
0.0713870416044993
0.0712294605182105
0.0699709584535322
0.070156028465831
0.0686366806716574
0.0683535504416774
0.0684981182232899
0.0677087522005328
0.0673588040249219
0.0673146815238983
0.0660564354864597
0.066791066785269
0.0662806625145449
0.0652563045946037
0.0642093929687776
0.0642001094709638
0.0630220754137853
0.0622876087250273
0.064058434380971
0.0667038122172133
0.0829185243876108
0.140416360782844
0.309640131514789
0.398965995014043
0.209696190967439
0.201412713184309
0.174290690548225
0.119992210735469
0.120937814675296
0.171745695452222
0.220531842895728
0.270653156198412
0.324338684814146
0.392488628059605
0.419172303296879
0.433117606245329
0.424767315725861
0.420998077269732
0.224563522775911
0.113247442776667
0.0877467460429445
0.0736519857129568
0.0691997118586958
0.0686924598967529
0.0681175450775049
0.0661577974767714
0.0655516701751763
0.0649196224160193
0.0644624972675363
0.0636425384711932
0.0626141930625145
0.062494716296758
0.0629441663912053
0.0641932033152874
0.0653741203474081
0.0658521099415574
0.0671026482584244
0.0698291315614025
0.0736274554771148
0.0754572758877158
0.0773769049812196
0.0873445899085312
0.0988830587612138
0.106326838286227
0.123754641138208
0.164717524028186
0.199430391042038
0.236432768734889
0.255109658738095
0.269999811541459
0.302045115880223
0.226834395140529
0.277114334483028
0.319724522015158
0.35630248055066
0.399803788943153
0.275833544941799
0.271116484583592
0.185560426340409
0.171727299525883
0.151512085261564
0.152586909029531
0.142041359762947
0.154486608006954
0.162643390756491
0.141139994624104
0.113928916663075
0.078124428725199
0.0765098613485894
0.0740370586881985
0.066632380575342
0.0633520040691919
0.0623851701204333
0.0619748022334684
0.0619438292043494
0.0615140518111986
0.0618398537827497
0.0633772651548043
0.0633072036862274
0.062678755812767
0.0617083459717062
0.0611628280522299
0.0620237227531456
0.0605692733590536
0.0590324243453734
0.0593573006076463
0.0597705061183829
0.060647342877542
0.0621637127089883
0.0637765723205745
0.0658222601903345
0.0687837885009848
0.0715260630113557
0.0731474377966392
0.0766051025953547
0.0809178639724501
0.0819346959047663
0.078702852068483
0.0819222721035548
0.0943609499415616
0.10803278380885
0.130051151248222
0.186999082837457
0.200311245682432
0.220206070997935
0.26315264685202
0.222223992584594
0.156276375234835
0.158492094090214
0.156717742306515
0.156632532354799
0.154127884687678
0.164168672945477
0.168009993371551
0.165887610977703
0.21151527465195
0.228828034511602
0.227533932587231
0.234643974822477
0.21485995885328
0.204226658086313
0.170297168750229
0.140870312307707
0.146706341303992
0.114382202601505
0.110357444956404
0.102481026942937
0.104467441364321
0.123382069441603
0.151638865788742
0.0889601893913684
0.0834556909429292
0.0787802238310061
0.0742187834125271
0.0727482212562311
0.0737150042264306
0.0675982218539711
0.0665319865971186
0.0666279187619083
0.067334393852006
0.0641194100728479
0.0643502830498576
0.0646166335420661
0.0644316279536454
0.063335905556843
0.0627670350770321
0.0622938474988699
0.0624075389989341
0.0627686799968913
0.0624433028102402
0.061995066658757
0.062832695127
0.063650509623403
0.0630377017710706
0.0631552019082202
0.0643873104016351
0.0639174572417145
0.0645778031086608
0.0654372087546733
0.0654005220131871
0.0647233150170728
0.0648712610188946
0.0631407663837505
0.0627596341405309
0.0623463049113482
0.0630183462755423
0.0632839085203625
0.062961558389956
0.0644129759460253
0.0653489013632921
0.0677094582227396
0.0701193032942972
0.0719032845157094
0.0730701501412006
0.0721289000790439
0.0706655705379269
0.070553918232178
0.0706997065690458
0.0684812909878698
0.0680947701588974
0.067662993132147
0.0669081565590228
0.066807642247603
0.0672004118544272
0.0656100437327995
0.0646022753620383
0.063876803879644
0.0636126122857253
0.0634247098521422
0.0638617414536669
0.0647964883275747
0.0710365404588836
0.0948898213921909
0.155541732094393
0.301240091650589
0.931566668133758
0.34834352654286
0.20932030578616
0.12966716202791
0.108479649115406
0.123915543602944
0.173327220974069
0.220912580924907
0.264687637787665
0.299369750631259
0.359424298949899
0.389703119132958
0.408137638323782
0.393966767007162
0.377518713095148
0.282969440540254
0.131145858118451
0.0815752564175494
0.0687757648770898
0.0650506111460919
0.0641265678416493
0.0635154241263949
0.0625505316956354
0.0624780340227682
0.062609583897392
0.0620216622112077
0.0618188838440556
0.0618419561554073
0.0619010443837253
0.0622915081862211
0.0632524543943166
0.0650051833729247
0.0668928651892185
0.0698768001668652
0.0734963315536985
0.076549670336037
0.0798946190166405
0.0810695315329558
0.0933276211774046
0.105223181574109
0.117806232352436
0.139697556699187
0.169557575207606
0.206125533485845
0.231244993982466
0.239941855531778
0.262395867554631
0.29484021179072
0.179947746575709
0.266113603805584
0.322976463402476
0.323841593059584
0.358459071999612
0.323462198417128
0.256948962298336
0.187733345817683
0.154719750076739
0.145862718975312
0.161970459162627
0.152439388469708
0.152757153225642
0.132482900806517
0.139689374700728
0.125092663324723
0.0815516298026968
0.0815953979038072
0.0850453610934863
0.0923111763197012
0.0981506096665737
0.0607478050217239
0.0612327309514153
0.0600466480664752
0.0593095978209971
0.0596165017780429
0.0600634605710415
0.061223565254522
0.0614933421616612
0.0602719420572434
0.0591883620686517
0.0609684803299076
0.0589302839309278
0.0578561251515914
0.0580410683726013
0.0585682416235793
0.0593521282647677
0.060268775499041
0.061595449097896
0.0636241266141237
0.0659175192568471
0.0680667337299268
0.0708799288693745
0.0738565284409322
0.0774551159048958
0.0760157414836102
0.0765024915135728
0.0844126558004579
0.0978715971015468
0.109687555310848
0.131514830630836
0.191303821445535
0.243463176878642
0.278312572649039
0.244437972319907
0.166082963159218
0.137668491933061
0.15202407618445
0.159945248437694
0.157590910988879
0.153264977182592
0.167787223285241
0.190486576077262
0.21440218556968
0.222574929543386
0.224755034665347
0.230486648407916
0.239713910781344
0.228313772453282
0.151072232730751
0.124741539318449
0.119286278638776
0.118035209304522
0.096109260314904
0.0985050646797328
0.101803446810253
0.112822863651781
0.122439924996174
0.113412811700845
0.0753060103459654
0.0718639941186314
0.0776205151445172
0.0741739069460158
0.072181447338836
0.0724369636755828
0.0654526893931637
0.0656006597187555
0.0668837958333086
0.0678621547527873
0.0646525458599276
0.0648157134013007
0.0649254689126408
0.0636515383408128
0.0640457238191564
0.0621156361379416
0.0618400102904931
0.0618947519884078
0.0617240828035384
0.0618531294918985
0.0616295911516603
0.0616088518719504
0.0631445517341477
0.0618059317945046
0.0639455086704193
0.0630085221917961
0.0611661640670689
0.0613807767019884
0.0633656207136124
0.0643721291425891
0.0644843584312978
0.0662280258684884
0.0660040054377097
0.0656929363685596
0.0652446682974283
0.0634482040553945
0.06318383187768
0.062733970999215
0.0639834812272296
0.0657972714373201
0.0678971079568379
0.0688045033630789
0.0709337471366725
0.0721533974366669
0.0735213300932866
0.0732245288441665
0.0716530602868892
0.0700313270742219
0.0693004381612884
0.0688902400221067
0.0683065925270314
0.068889699434259
0.0689518774999205
0.0681020602695963
0.0672934473962099
0.0651927575594264
0.0644695616409777
0.0645986530765507
0.0646647985780934
0.065722236101625
0.0693679827689496
0.0810344394238594
0.11035779416827
0.190167039728675
0.31847931210782
0.468242034612214
0.349769764880806
0.1821599170984
0.105612030252525
0.113064274780081
0.123450687199834
0.168589643729854
0.218112614900102
0.264138003764552
0.285952906519325
0.347753309038524
0.374649472362442
0.386831730081908
0.370937017585277
0.345927533040674
0.247164017038086
0.171092993519748
0.0731754039242271
0.0655813695609001
0.0623230798720397
0.0622271960280604
0.0614872725352449
0.0609967256278534
0.0605131131683676
0.0606491250379049
0.0608430919073579
0.0616447468005237
0.0624010655832758
0.0627895425492025
0.0637629317285638
0.0646432099049137
0.0665855877027652
0.0691287482928629
0.0739461453307423
0.0783340223955249
0.08102211100213
0.0807780482809941
0.0839121420137563
0.100145774090336
0.115578238282204
0.128417092775983
0.14666874490487
0.173368915975894
0.204644027916589
0.197534656502384
0.194428613581368
0.215021435783046
0.0334865312610433
0.150009052061967
0.237542731529733
0.289780942896477
0.338463124642308
0.387995802667289
0.319408784307377
0.271116085120601
0.229598226452054
0.179617243917353
0.138045671502885
0.165343558348812
0.171615282785467
0.147266927637987
0.125909117613669
0.187956498558573
0.164402382717988
0.0842110053693316
0.0779821599477042
0.0779400100546707
0.0801084426417581
0.0762649774831995
0.0601459966227477
0.0618375215362324
0.0599025174859266
0.0588060349582495
0.0589874296632301
0.0597999065577779
0.060293697463725
0.0594303581250862
0.0590159536045826
0.0590029985911666
0.0587390566622496
0.0586541814808171
0.0587951238976387
0.0583898413648831
0.0585429789893828
0.0588943557477867
0.0592913755030992
0.0602931610532991
0.0616101422439159
0.063463362530156
0.0653220830684033
0.0674336593777387
0.0699486580076047
0.0702486436775459
0.0696052291793025
0.0758963529654974
0.0852149381155703
0.102075934223987
0.114464583764041
0.137345578540432
0.179518520649664
0.22135977119208
0.203949459793327
0.174620263556789
0.138453714918819
0.128838810000687
0.14794983700587
0.16734768957361
0.161158158717749
0.189342974138152
0.219224917415446
0.198207406229323
0.216659622884434
0.230160572216911
0.212961464983266
0.244027742771467
0.24596226049495
0.183757222619722
0.0998738147883298
0.0983965744704119
0.0977121773210631
0.0927280945608317
0.0830877461991636
0.0914835762906807
0.0995680786584361
0.104965123014383
0.104431034808911
0.0979916789113313
0.0640975708782802
0.062932821550914
0.0675619541811344
0.0677125955910552
0.0666601933905581
0.0672501098429277
0.0655904012760936
0.0660152302749781
0.0651591860026889
0.0644230080539699
0.0648633577263524
0.0650303396929666
0.0638442182081277
0.063795707254528
0.0629505921661135
0.0618306703801605
0.0615440284634593
0.0615783307294133
0.0616547338410643
0.0621131699866087
0.0618325866946643
0.0614478700006153
0.0613062521931974
0.0607560179636257
0.0630796649986086
0.0608965231771915
0.0611015204593631
0.0652683298283168
0.067953874302179
0.0669675424300544
0.0661060874777965
0.0655864113865734
0.0661450152445171
0.0652812469000873
0.0641384942916836
0.0634844450570927
0.0635334931722585
0.0636888766009537
0.0640452163797946
0.0659725620827389
0.0682297387019443
0.0692864427984801
0.0718025533058349
0.0728134158447736
0.073066869226116
0.0733811428146287
0.0724889064033812
0.0717387297750915
0.0719576376260885
0.072801383401569
0.0723783928925749
0.0707691570792598
0.0692854963163836
0.0692390140908984
0.0672482065989224
0.0661741738905378
0.0650640988989259
0.0648747585021114
0.0668988264394581
0.0722813723209881
0.0852021709697159
0.109168877829854
0.15919558643077
0.218855310593927
0.246025203019855
0.388145225588797
0.275791741651946
0.168732740461655
0.166092503432222
0.126217177626659
0.127408711828558
0.164912119208445
0.203574047899716
0.226786904646328
0.260871444747226
0.305897021751726
0.34276005801338
0.372804239417697
0.355292969097395
0.353782041796095
0.207040313211481
0.144508676429883
0.0727104205023628
0.0639610536699757
0.0600074905510994
0.0598585217575887
0.0595323474721911
0.0596068851571136
0.0598536423983093
0.060276894383816
0.060889861146065
0.0619288806931153
0.062864933115559
0.0641989094726024
0.065335966461146
0.0670881123554015
0.0696872969023065
0.075846304490804
0.0804063626775708
0.0825147825215296
0.0818020304491825
0.0817664213076379
0.090079052694812
0.106588991710151
0.127963130150292
0.13959598051025
0.14547076124364
0.174199252223368
0.195642556249478
0.166365705548
0.137668790160231
0.124819028975152
0.102015635359481
0.185019260526759
0.21189085015345
0.256183510281906
0.296487471562567
0.317719835205097
0.340160863886307
0.329204929624903
0.235388885321444
0.15612589733285
0.156491574397595
0.162777667879605
0.182334298930382
0.138156900170482
0.120529377205523
0.188996236515283
0.162063027899148
0.0976152603410089
0.0727863605851745
0.074159127049198
0.0725843714075237
0.0672361758957169
0.0605161814227298
0.0616490958347439
0.0597191492169986
0.05872793035664
0.0595718217328267
0.0608730108142695
0.0596588528783327
0.0587624488063538
0.0588438517014552
0.0586443238824345
0.0583418515860655
0.058430139742921
0.0588529721752569
0.0596132694043551
0.0596677912845551
0.059722895582434
0.0592619466999064
0.0587123347140868
0.0591815535546068
0.0602689090036323
0.0619099716311264
0.0631133495877753
0.0644334346341853
0.0647964258654786
0.0673406989668625
0.0765812606310917
0.0876346061645912
0.10444261972025
0.115133055498137
0.138001234932558
0.167250299213645
0.195141495774909
0.188149359964937
0.162531255954935
0.128342084935568
0.138436506105348
0.158122322662454
0.184328801492642
0.135300053255964
0.171337022949823
0.186477066860179
0.207179308368968
0.219385202724218
0.203982869895843
0.20873367610806
0.20645060066123
0.184498415554634
0.124556666598525
0.0748758920394404
0.0801557736117505
0.0793924975108797
0.0772780441742201
0.0749368125195079
0.0820864435527162
0.0884486534467982
0.0899152292504017
0.0863612134308726
0.0695294686793692
0.0567743408105402
0.0607609277113913
0.06423536391089
0.0687566791273293
0.0747364026934805
0.0858965724953432
0.0722811265251804
0.0638038973679276
0.0625278486646628
0.0621807515011527
0.0629327662898723
0.0627020063899704
0.0630118478095016
0.0632375580662086
0.0615144375833859
0.0607159108343775
0.0604548805384636
0.0611016363891499
0.0613899555586524
0.0615748710291957
0.0626797931426653
0.0642495976413094
0.0671355451351148
0.0693765354726821
0.0668702195813984
0.064724010820839
0.0672415166252492
0.0694742934336181
0.0685210008298656
0.0666853039607296
0.0651795308951826
0.0648917660476166
0.0655745947546942
0.0646602143436602
0.0638681520453993
0.0639222960680619
0.0645719112647219
0.0649114609549432
0.0659580496637121
0.0674072234886094
0.0684256900984059
0.0688855863691441
0.070379074720167
0.0726175170001881
0.0737996351888078
0.0745621259783078
0.0747475064782219
0.0746442999159995
0.0746535403802739
0.0739263566506062
0.0719394766165769
0.0713850237203365
0.0717093200921123
0.0706863807792195
0.0677897341858539
0.0662547796871023
0.0657307185479665
0.0667189771265268
0.0709909520289832
0.0776723495930656
0.0940741597622241
0.119329347472352
0.172546717932153
0.245565002803342
0.911523983456391
0.373911196308409
0.265627830284566
0.231923607100066
0.152929432171316
0.150532254561273
0.129919821989128
0.165997535014869
0.194796399666866
0.219242569571299
0.245407537097501
0.283935133685201
0.292836410669285
0.268906550575846
0.233569094471108
0.216564043359705
0.163885285190524
0.116639015833007
0.0758970578591338
0.0657418655296141
0.0584846638762612
0.058868268045179
0.0584165740665743
0.0588610447285352
0.0592095728076946
0.0603159228457978
0.0612892302208503
0.0624199102023383
0.0635893935576054
0.0654372930649005
0.0679023927866431
0.0715522912549229
0.0772040154786195
0.0821587873908677
0.0821586188071963
0.0837487666319442
0.0859167682635086
0.0896381290166198
0.0994263247523919
0.120057424817523
0.143207835743444
0.144821925242635
0.148562188456735
0.182804001539259
0.199672367715805
0.180783502322399
0.164669929360977
0.173270323251056
0.140056839928381
0.164093150520614
0.202658575146357
0.251138346121214
0.284441807512442
0.330511155328085
0.33346779812903
0.300920442849202
0.212204924514306
0.155882070802182
0.151778863577705
0.155423738717907
0.177286309388754
0.140206336421281
0.124064382700471
0.133536714991147
0.132490136202918
0.0925715547642666
0.0690814078976159
0.0696708947031016
0.0684876019877766
0.0636065011421919
0.0603077439223234
0.0609846022923517
0.0597854501210448
0.0591082144117645
0.0597729998470305
0.0602888494448415
0.0595930622216989
0.0597436293367047
0.0589423452193465
0.0586370177774263
0.0581622230847821
0.0578948217954585
0.0580468155874053
0.0590241184772401
0.0603606541215945
0.0597515420929835
0.0589758605020133
0.058627476748118
0.0586283191744103
0.059375521706834
0.0601203303867897
0.0611706296336622
0.061980150498509
0.0636661718240174
0.0684825935544943
0.0772916181624795
0.0899028346699269
0.105626760791603
0.116599772042036
0.13694311691968
0.158919128968718
0.177036764176981
0.176711500890806
0.153915453370575
0.129567642545111
0.112943553032176
0.133506850318425
0.191520511035656
0.111421437447648
0.157785021301058
0.183219567510291
0.200758206779613
0.200785680075668
0.152461361920039
0.166009151851099
0.161031192961386
0.127683796992861
0.0810010310477505
0.0639172741594315
0.0697745376007962
0.0696636272817733
0.0693670894924462
0.0691529141161111
0.075607104391025
0.081859926022731
0.077618972207761
0.0716065004219167
0.0643582220847596
0.0634961329482356
0.0644158793565058
0.0634704768431009
0.068403396935845
0.0726489801706669
0.0780193396384744
0.0682077361590979
0.0614230547777302
0.0607082339158681
0.0606588830047602
0.0618006242983563
0.0620255016550674
0.0603950493623752
0.0599126295262413
0.059607650306488
0.0595092417495997
0.0593713835024392
0.0599903044804358
0.0611643210062506
0.0617535650973714
0.0627383624116545
0.0636671695844796
0.0650464615453564
0.063495456983566
0.0648897214620526
0.0649606261298015
0.0662737423537259
0.0681682785337648
0.06710408546098
0.0653958686023825
0.0643378669247086
0.0649722393646861
0.0656717262991452
0.0658575384365503
0.0659740745958124
0.0658353971073335
0.0666640403142818
0.0671459538355198
0.0679781042283367
0.0683141483410088
0.0677916381350108
0.0688527171132828
0.0704203106890838
0.073103722441261
0.0748920837568472
0.0761340149719386
0.0762178772133056
0.0768648800038683
0.0767036215136348
0.0745520192837089
0.0733361880175537
0.0744969825181091
0.0733958277790866
0.0696359832909973
0.0670032348628464
0.0663816689972361
0.0672280124842481
0.0696400640957127
0.074520198178745
0.0879002985368659
0.112121978991828
0.141712822300834
0.412836119795991
0.024354590458578
0.927306820039191
0.0826317927038451
0.448860882828586
0.265749844568619
0.144237942060794
0.135658866373429
0.133839803728414
0.168173667991107
0.188852816969562
0.210043494134815
0.240079623057018
0.294181248023248
0.319536942851134
0.223663414084823
0.202968172801352
0.179145371878793
0.136266307486502
0.104209840470611
0.0774800102753408
0.067389627626323
0.0574415657859438
0.0579416696819455
0.0578809896092482
0.0587601640840831
0.0597416784249109
0.0608162370872391
0.0619435295632006
0.0637282307714681
0.0662835638787784
0.0691849359033642
0.0733853770947982
0.079114158225349
0.0805244932312169
0.0834302331472812
0.0834337570827335
0.0891583962655337
0.0939364842411213
0.101254401371663
0.107590981040117
0.138638180001686
0.152343567615948
0.150601001194456
0.156111634053814
0.181798743609149
0.19563437874847
0.185279689825666
0.1542494612097
0.164532304652056
0.144713915103947
0.174602505755275
0.230245584160901
0.291749548953936
0.349700744173955
0.409173996281268
0.383442586653198
0.138848946848119
0.184783634710448
0.181165952067567
0.160296497577368
0.16455167420373
0.175490214720778
0.141773084513696
0.144867873414614
0.140045297376357
0.116935079809361
0.0887386638718463
0.0659058213584874
0.0661448749207622
0.0654033308199111
0.0612736561433777
0.0598075201627058
0.0600868098765499
0.0599577277920358
0.0594733242291118
0.0596137190152574
0.0613537404598489
0.0620889375078715
0.0618601084821363
0.0616797174939836
0.061142511232611
0.0591919433872511
0.0588584326066456
0.0585338303178115
0.0585561988064537
0.0586738932578199
0.0586099573750342
0.0586006270589805
0.0582913692146157
0.0588253372403242
0.0592781238340139
0.0597900271288062
0.0600612397311988
0.0604845201338041
0.0626234314894677
0.0686080254827504
0.0801805617530657
0.0909151570059754
0.102674530590528
0.116232745737196
0.134797919238375
0.150951333133265
0.164504282885434
0.172026746576072
0.156972291589356
0.131228401917991
0.108570706504374
0.100342793585354
0.136501261943761
0.118122061407482
0.135779723117103
0.154149803924798
0.1555380587026
0.124938818602532
0.116237550067233
0.12614611251497
0.109426125641138
0.0805980120847888
0.0626687125387254
0.0626899587015561
0.0667052550361534
0.0665511658481271
0.0656094900092801
0.0665168926463897
0.0713643419847493
0.0736316869208505
0.0681842142110236
0.0648618531723498
0.065169501449516
0.0652181560636937
0.0615507421781183
0.0615433292508339
0.0650475491420049
0.0664732820254076
0.0663965559882525
0.0623205593888589
0.0593554626387828
0.0599973708581203
0.0602631170013829
0.0607440285475873
0.0602949765844632
0.0585583521188369
0.059194087879727
0.0598958829745858
0.0599541786859624
0.0598044245287665
0.0600168469680661
0.0609636652020962
0.0615582509450568
0.0623760679278297
0.0625357769849534
0.0633354029394882
0.0637849641383667
0.064402466592413
0.0637368456792386
0.0634766813170037
0.064259173351863
0.0649345614019626
0.0647439536031665
0.0641026786973197
0.063692960402711
0.0643268274091993
0.0655130886217531
0.0658714538267734
0.0668824620622783
0.0675728715735135
0.0681510043760672
0.0693258175203962
0.0682851841977039
0.0677568467018137
0.0693105358480492
0.0715839395025487
0.0744038579279137
0.0747393469640384
0.0748486950628537
0.0755486685014163
0.0759461109871065
0.0746877948670489
0.0734736464015479
0.0737849156477906
0.0730087823525891
0.0701399104104972
0.0673681879222482
0.0667171772366422
0.0669201444870316
0.0691007755823517
0.0723843680776887
0.0834770587104766
0.101105883947069
0.114854405833519
0.115649138981833
0.25558556458091
0.475472611128101
0.389806675336233
0.807516371889611
0.4254997761786
0.175269972305927
0.118723405225925
0.112645648671449
0.13540653723498
0.186241507073189
0.217771423292067
0.238995568418432
0.213859244820341
0.263953541767064
0.289921037248242
0.261029304056442
0.190986324569539
0.190377016868002
0.126487123805053
0.109432927586594
0.0780910705939777
0.0663921822928169
0.0573841655972245
0.0578804296962799
0.0583968816536532
0.0590575330653538
0.059906691021754
0.0614520743236119
0.0628615749665336
0.064976330471958
0.068747866887086
0.0728789562906217
0.0779904289906151
0.0822746003356212
0.0826593998653413
0.0831885661602631
0.0870775199842459
0.0930720399542421
0.09655008146811
0.104083091931035
0.120325786177343
0.159469223221825
0.160264399289607
0.155908588767196
0.159238522892477
0.175151693366962
0.191041058207047
0.184145811507365
0.1664283088676
0.177926069516936
0.145533721158395
0.173134871427324
0.234048152303573
0.317434408408627
0.388217060618273
0.421317781142557
0.33707778384433
0.102394695473311
0.200540787800226
0.18773401353229
0.152975256494769
0.170759519943588
0.172728526516012
0.136116107549436
0.146813701260443
0.13134678760373
0.109088603070962
0.0855100708978811
0.0625297499041248
0.0637071342662583
0.0629079188724524
0.0602747529497986
0.0601148918950385
0.0601419048236703
0.0599335277202125
0.0596141750945574
0.0594512155512378
0.0609162941019365
0.0631831351506489
0.0626752469792407
0.0633356300957358
0.0638673535098653
0.0618206704497063
0.0601876655059606
0.0587588357260706
0.0579069806154718
0.0574651031213169
0.0576950360962924
0.0578119948302987
0.0579658214213143
0.0583235974093936
0.0586370932775029
0.0589753651650676
0.0592649576283906
0.0601154394492948
0.0624695217830275
0.0684709132051628
0.0786295291536438
0.091655501124081
0.102580426013642
0.111783190474852
0.126990405008066
0.144835261973685
0.150170874999856
0.157693763830574
0.152169009763685
0.127263161934365
0.117904000959573
0.110825105692038
0.121831331970393
0.128247134986779
0.120571783474576
0.118563608066317
0.105892460891755
0.0866018364361271
0.0885242742259239
0.0904087241235998
0.0755801870654997
0.0625969333326307
0.0588830882767494
0.0612327061247803
0.0628104523678775
0.0630252475264996
0.0625281831213026
0.0630893037209477
0.0668311540679033
0.0656175912679442
0.0615735904342663
0.061520873756641
0.0604203486966919
0.0588475428416238
0.0586723607033967
0.0606785453166104
0.0611113870371041
0.0614240014902222
0.0606539247324231
0.05900454082159
0.0586297065967851
0.0604203498608489
0.0604720160832069
0.0611359994601191
0.062233420883901
0.0598497361387259
0.0601794873537762
0.0599240992425921
0.0595417819067127
0.0598414807081349
0.0604927181111503
0.0609369938946166
0.061056302321381
0.0613867780717603
0.0620400733512874
0.062991522907996
0.0629132134526897
0.0641636747857208
0.0641663174262802
0.0628147502953061
0.0623615247207858
0.063713567351797
0.0646281148532895
0.0653831916047035
0.0653994279609776
0.0652432835169542
0.0655432692383336
0.0663048570832893
0.0668108434433854
0.0685147827107368
0.0696611304253487
0.0698601112931124
0.0682948021294408
0.0690607335935677
0.0703598028321629
0.0710286880985891
0.0700949857424067
0.0707635037840378
0.0723947839749673
0.0737731011465757
0.0742371340608625
0.0745301880694126
0.0726222362706472
0.0708697153303139
0.06850439887952
0.0675095352228367
0.0667948366771513
0.0670495818673067
0.0695343126441579
0.0729948327401717
0.0793361608891022
0.0893829155314107
0.0931297109911338
0.110221352207618
0.244595426156969
0.423598199571526
0.409601549571955
0.908432956564204
0.4363995252111
0.301417807776013
0.11866216075366
0.100700202567305
0.0990209476582711
0.114662716239354
0.143348619745825
0.179050350330864
0.197160819165642
0.214241463727141
0.229553040357783
0.247435808079983
0.221040151768384
0.206914465244152
0.186610752760664
0.114181842609313
0.0980911924683365
0.069082676788113
0.069515372787851
0.057769245816276
0.0584876408581181
0.0591892448785714
0.0596630182996581
0.0607711700698083
0.0627081142994618
0.0653091299659671
0.0690085501486877
0.0729601358218998
0.0769754181585861
0.0802844480286655
0.082430124340885
0.0818579790280177
0.0842925247815512
0.0900772805612413
0.0951395426110457
0.0993449228890022
0.112162143906018
0.133348993283234
0.174549097121097
0.161368682430218
0.153049215451283
0.158100691709632
0.167221857000411
0.180649516428428
0.179185467570116
0.173702109504512
0.206303109780723
0.159300909568223
0.182885755434348
0.259612905594214
0.354889035203063
0.457873691394429
0.498446886972725
0.931167864301392
0.0755002936515726
0.224149421055637
0.180924992036692
0.131884763772878
0.161734424960082
0.167693370626886
0.127497223649933
0.141982980249674
0.121727000929023
0.102922440372637
0.0798936419602165
0.0597256043541766
0.0621297156126542
0.0613821702654556
0.0601036559288989
0.0599690856934427
0.0603782726196425
0.0602790330363623
0.060128036169217
0.0602409360644508
0.0609864045989938
0.0621237239346578
0.0631907778451638
0.0631407542656681
0.0627892654653849
0.0615840996431276
0.0595152075459906
0.0584948257721117
0.0575476489337107
0.0576833339692511
0.0580148032096318
0.0582481481825563
0.0581710650095874
0.0580765110830777
0.0583478467144982
0.0588975560936983
0.059336334937685
0.0606030137208406
0.0630753757659848
0.0693895473025656
0.0807021406343054
0.0941188308470629
0.0982475916207733
0.105847814308364
0.121041154994367
0.132315439141767
0.137134506385055
0.15191064417574
0.171481954823784
0.183272104806296
0.204020012851312
0.242534246082663
0.278797867323592
0.316209191383165
0.14187629365864
0.0777564888865456
0.0807072168072113
0.0693841973785297
0.0722363935274572
0.0706709471720727
0.0629772223656932
0.0588609079142057
0.0589313437928381
0.0605052803624123
0.0606351797391313
0.061499405133788
0.0615679027022363
0.0628180201178336
0.0643028212832045
0.0610607118135439
0.0587865372986176
0.0585263835513658
0.056514316706432
0.0563035211782241
0.0582386823080362
0.0588483685734322
0.0586496434604824
0.0582859543878251
0.0576786403984385
0.0577118815136414
0.0588596371547971
0.0602148584492352
0.0615160644612159
0.0614098649026042
0.0613603488874131
0.0606570149935478
0.0601196543644594
0.0596887312268422
0.0595335255684293
0.0597250946413368
0.0596430214912677
0.0603641447823138
0.0610417152152602
0.0614757818060179
0.0618850126282744
0.0623376582278549
0.0625030957009141
0.063658865360614
0.0652488536406623
0.0643882551193633
0.0640403828306982
0.0633682265430628
0.0634795945640748
0.064112934758307
0.0650893094384402
0.0655256870440306
0.0653915255240452
0.0656567140805176
0.0665661833529501
0.0673394201811159
0.0678769555872234
0.0672950993599525
0.0683912505536305
0.0679134165611028
0.066841016276457
0.0677432367028929
0.0679962323876821
0.0689197826401203
0.0698395424761429
0.0714250801131365
0.0719942033251929
0.0705615544189681
0.0686832982840798
0.0675560543844875
0.0673655867561889
0.0672559394620709
0.0681080288977636
0.0700697389700485
0.0747839697351923
0.0784076706951155
0.083680996234557
0.0927425363327967
0.125296794053256
0.220183926703873
0.369220734025776
0.407912775592507
0.928483680146815
0.468538941572748
0.305294326466488
0.15269235193432
0.0779012475653415
0.0909890233699546
0.0917209876026335
0.124439334800869
0.118800055934944
0.147320171598536
0.162082664262084
0.17198860212362
0.202058785677709
0.217601696181595
0.225788579255261
0.199453445253134
0.187928930027757
0.159292514762339
0.153129660342528
0.129136002101284
0.0581040243138947
0.0601766010741007
0.058246759435922
0.0586330415677181
0.0599462597904475
0.0619288521116921
0.0645348702759482
0.0677513392631243
0.0715547963431646
0.0753740974385032
0.0771721003952409
0.0803849690747611
0.0807936697114928
0.082974934998796
0.0883721185785755
0.0937105929029523
0.099447545889427
0.107234717456844
0.128016862368139
0.158167016575692
0.178310855036848
0.149886172540612
0.146458841173872
0.152217348899316
0.159694063584062
0.175455737607776
0.185329871500048
0.183667196725112
0.206338007524159
0.176901157703643
0.196252325893126
0.27504906509478
0.385688698050084
0.481644699014345
0.488621674585682
0.380026481236014
0.0692036941552588
0.186631990118012
0.144297972992688
0.109057243024514
0.139797207546827
0.151589349632804
0.118364467011339
0.134087894212471
0.10245520070103
0.0834269991402343
0.0679971092322289
0.0576041090877242
0.0618641439479539
0.0602691098170027
0.0602724837819325
0.060599054486777
0.0614907671700523
0.0613767613891215
0.0612007709609655
0.0609392442065023
0.0605613355678277
0.0604417838955863
0.0612388957564351
0.0621461335596835
0.0614460329285502
0.0610122424221781
0.0597443745467047
0.0591214518824381
0.0585647446716626
0.0583110579274382
0.0579839761580256
0.057514514636145
0.0582156448161245
0.0586042046603975
0.0580733793722797
0.0582040471339789
0.0594691304085511
0.0612674995348068
0.0644267139652264
0.0718216275263895
0.0833505726501834
0.0912684641905867
0.0945641082197338
0.103036056395895
0.112322942186327
0.119596006478443
0.118653925997824
0.133356853787097
0.158295266439881
0.177112982971111
0.1859355638709
0.199073156448972
0.190111729543402
0.150852754618992
0.0780157127757374
0.0728863158299483
0.0676877389858012
0.0661818346256351
0.0687353847229598
0.067185232570592
0.0616153942319334
0.0589205087434671
0.0599153246547057
0.0605906503155866
0.061538513608678
0.0623623516502606
0.0634243257182356
0.0639136626801915
0.060976867679413
0.0578078029682157
0.0562741200512817
0.0554898526204249
0.0551982736601595
0.0564885945281272
0.0571284715831691
0.0565533564379775
0.0559022915109388
0.0557725886066322
0.0563551564287276
0.0580633607184253
0.059758733956417
0.0607924369975792
0.0615322577607447
0.0627934296985885
0.0636435539954283
0.0632274897428742
0.0619467964962446
0.0611998233827418
0.0605530494048088
0.0600466055184262
0.0602252078762909
0.0602902217468525
0.0609628860875001
0.0613476063971309
0.0614456644507865
0.0617912891557646
0.0622527348473462
0.0625541343685772
0.0640104007958815
0.0634910012538573
0.0631125881226048
0.062903632066952
0.0623932446033848
0.062424057617851
0.062412354378012
0.0624704411261332
0.0628527596643819
0.0630679527607083
0.0634175705127934
0.0636901040854738
0.0641224000002025
0.064739408434935
0.0652737168085412
0.0656491584145002
0.0664304848545558
0.0672875573223231
0.0677702609982287
0.0681149564919455
0.0690377656709954
0.0687385029699005
0.069151092196349
0.0681733716209897
0.0671300854397751
0.0668230401063114
0.0670341553078853
0.0692091904679877
0.0706162279866373
0.0749124131935483
0.0801979240459011
0.085578131979059
0.0921466072771433
0.106464341479807
0.139843048670535
0.918511614759735
0.927513881302399
0.933949688559203
0.269555064196125
0.205643989561361
0.136098538136939
0.0778452254243795
0.0730300488527862
0.0858102787081489
0.100431924028435
0.108543141464653
0.104318028668726
0.129163334170168
0.144242401222008
0.150603638667079
0.165162314824291
0.191183111069314
0.208102261051439
0.211240861142274
0.213216840885233
0.202110038310353
0.175308680299778
0.138572089938051
0.0577538519553714
0.0655100201633189
0.0575592575411655
0.0589776008058199
0.0609648448304125
0.0634891269921657
0.066884304122637
0.0702523669251436
0.0740895386880995
0.0765854412312185
0.0780874848700968
0.0785713698736633
0.0790349331074597
0.0854635580883683
0.0931013939953302
0.0973577862347089
0.103012962478629
0.12135660519949
0.14460862372571
0.178043794544986
0.162221705692639
0.140528090564784
0.14581820902006
0.14433571326464
0.157181426330271
0.173631113177959
0.169735826678998
0.153877036495686
0.177012804959565
0.170669826000634
0.197210536509647
0.263111153284175
0.342555634655766
0.382327724846401
0.355754947563605
0.227544599670359
0.086537209700695
0.147762549813223
0.118238919338248
0.105736866163598
0.145627648583073
0.135244192180655
0.105304623085953
0.11396468245073
0.0826865427150005
0.0678037597573823
0.0601996325615804
0.0578144115863898
0.0616989196114742
0.0602946478957918
0.060700890029894
0.0614066336522681
0.0618935726964048
0.0616716585760734
0.0610454322939155
0.0607898230527258
0.0602308415511875
0.0598356035441944
0.0598069199915392
0.0602875931082293
0.061285075263103
0.0607410800651731
0.0601045783112447
0.0596946140618072
0.0591988097067803
0.0585375749936538
0.0580107621691855
0.0585837399607329
0.0598879116913916
0.0594813279063136
0.0586702876533618
0.0589524819028121
0.0597943381279799
0.0631421584731555
0.068924769425078
0.0802249005527896
0.0911954052500159
0.0968576173420411
0.0948664403583368
0.0904004302538974
0.0892676573430646
0.0882407060010425
0.102617150226795
0.123378709893221
0.151327711051401
0.156310780721464
0.134097346644544
0.114166172896989
0.0940883469302222
0.0727647339763768
0.0668459095595337
0.0676223732404545
0.0660466477303562
0.0663415306327026
0.0669098668074745
0.0668293877084807
0.065416230754335
0.0674804324637623
0.0739728031009435
0.0694554685079939
0.0619279615667892
0.0636688359437588
0.0640780961969835
0.0592872423807215
0.0560995112869533
0.0546768896525299
0.0544651887733385
0.0544981204742472
0.0555213384827848
0.055625883906871
0.0554967167313109
0.0559524031566417
0.0564244696343464
0.0582359583750986
0.0605561210583914
0.0619857308181462
0.0629651174097376
0.0633814682297168
0.0660729824909956
0.0674331917274744
0.0668520464878759
0.0661393615139664
0.0644195887929722
0.0635784470714205
0.0618038657026131
0.0608777780157356
0.0606737130923196
0.0606562088472736
0.0604832248923598
0.0605159005078566
0.0599177790120191
0.0599833847040428
0.0599781291841289
0.0604757465587284
0.0618478715738938
0.0622664525144701
0.0614281200790234
0.0603218390087073
0.0599118366321588
0.0597675808600083
0.0597718213694395
0.0602101342539918
0.0607039474276984
0.0613448344554187
0.061923653668725
0.062012888503734
0.0628961226170129
0.0644951734038839
0.0649587222281549
0.0654749488900313
0.0658286694289309
0.0664995976201395
0.0665518851441694
0.0664516032602735
0.0664296064121852
0.0654097845673603
0.0656065171082761
0.0657662627837977
0.0662478099490888
0.0674369462766861
0.0701063543207473
0.0731795360666038
0.0773872000636461
0.0843482150823007
0.0930630344937328
0.101699253326969
0.112287290629797
0.135016191406463
0.172878419703298
0.246105493680492
0.922163917846456
0.366037706527698
0.129703602260383
0.105926103155569
0.0639610571998803
0.0783197464602307
0.0800625759842679
0.109654056092047
0.0979270089317857
0.0963140830097335
0.0958312566420917
0.118495927337494
0.137490645424327
0.137414907947934
0.155551442244963
0.180228340231107
0.20754819714188
0.212823558134938
0.215512200511459
0.199818546085488
0.174475891599271
0.138808685499082
0.0728881546662159
0.0709888084439174
0.0581843806479793
0.0600699922303999
0.0623701643984083
0.0660049655722666
0.0699735705024045
0.0720827377999931
0.0744167954072356
0.0754677503326068
0.0760158920910153
0.0776746424167327
0.0813564688022239
0.0900742789317817
0.0960656556888657
0.101109518080455
0.112255421210299
0.136300831051177
0.162781694542427
0.180233788171759
0.145827714580698
0.139721541776573
0.140765165160338
0.142211825713149
0.159769826307761
0.176631272985591
0.223661723392739
0.233030716614012
0.149037762035468
0.166328950386856
0.185077771087158
0.232530518835112
0.266523709181705
0.239898341378322
0.188084881012268
0.124154846727964
0.137308396161174
0.169070455167475
0.117294302781966
0.0917790002142285
0.129032147945388
0.122901509258532
0.092994741895295
0.0942085936166433
0.0711511735382619
0.0617686535548478
0.0582980778304174
0.0587052297263399
0.0612548225426935
0.0602367590328557
0.0611998213992578
0.0619436141424128
0.0616199785529413
0.0612385011681888
0.0608300917663422
0.0605601361170153
0.0602961533618082
0.0601681879205468
0.0597160209644649
0.060028268469979
0.0611102475069059
0.0616797618668567
0.0614503417553086
0.0607226799947226
0.0599678730408839
0.0587423376532201
0.0584027291082906
0.059421294039988
0.0600468236349198
0.0596398760732892
0.0600222709135542
0.0616856279838311
0.0629070144831009
0.0651326696199951
0.0699645441990786
0.0722978397888186
0.0725194686142728
0.0609469541230075
0.0619100833723554
0.0662679825897729
0.0775478468370978
0.16262415553169
0.144366373060634
0.1604795347087
0.164940020109322
0.15939547884187
0.141755629830213
0.0798871622181758
0.071205064886139
0.0653760873143679
0.0659287785791624
0.0654724873829845
0.0643891980151563
0.0654238463074524
0.0688420401195464
0.0752070202272506
0.0838469221192156
0.104340877810184
0.111720688247597
0.0734285268335596
0.0639150553105381
0.063198675512363
0.0620104997497484
0.0556245378666992
0.0547398519328897
0.0546470486860706
0.0552428388562699
0.0548268821523886
0.055176497288319
0.0555346419623121
0.0565291062400594
0.0585825119430312
0.0628229069038619
0.0645097831942855
0.0644191825608746
0.0639660423419989
0.0647947150396824
0.0662369165870767
0.0665876496964828
0.0663765732797887
0.0657590997813208
0.0654721390879799
0.0670856281995164
0.0662846066987881
0.0650861277038702
0.0625368394684542
0.0615152631040842
0.0616862577970361
0.0620643615336499
0.0625378340934051
0.0618514658816155
0.0609517025222853
0.0600966007179168
0.059897230368276
0.0600082013188565
0.0602881361911866
0.0598572461970673
0.0599605818198351
0.060459219029016
0.0606965954721396
0.0614806723725868
0.062006461834374
0.0629452183196459
0.0634289105601913
0.0641856234422485
0.0654109136699932
0.0661410297959247
0.0664500127980306
0.0660929352847315
0.0659932688674124
0.0659428285501534
0.0654923299831249
0.0652881143861386
0.0649287936687796
0.0641783013413851
0.0642993155139405
0.0655178191543963
0.0670173441378173
0.0685471839219913
0.0714838495507468
0.0746628006117556
0.0799646025857491
0.0880078165727949
0.0973008523156933
0.109020087864507
0.115662194262977
0.123217985057057
0.133589040840256
0.0742923207528711
0.935606019844055
0.938461312882025
0.273155462106646
0.0908195063761375
0.0642593280090862
0.051650802002093
0.0813796645096503
0.0852467689110608
0.104691530507251
0.0981353190573884
0.0876219895934463
0.0952072819476341
0.100337853675847
0.124128349017586
0.129639005160741
0.154317327014246
0.178274227383025
0.203802980733617
0.218918366463757
0.228967843182206
0.219698621693726
0.20084996695435
0.133668480429767
0.104423821106262
0.0632740432926122
0.0641283171372973
0.0612864127265752
0.0645704581353213
0.0677598971303539
0.0699668931365333
0.0714346020750352
0.0728276092052458
0.0741772608780678
0.0758253766976605
0.079721785883444
0.0844866506977673
0.0919866578050932
0.0971384825433401
0.106580794135677
0.125544495650975
0.149944907722328
0.173082346004399
0.166208673062395
0.131448721666661
0.133122998433769
0.136234325624929
0.140037176623339
0.153218987188012
0.16804317048762
0.214560878234461
0.225776573574796
0.143087761720401
0.131726554481516
0.161078818450288
0.192491221625167
0.188669454667835
0.14144318982011
0.107225605893503
0.114213197620421
0.161610088307481
0.163087255982418
0.117824162166734
0.10223710309108
0.113449724665039
0.106194278079871
0.0835330879490574
0.0808174422260441
0.0652464039368165
0.0606155317167313
0.0582388255118125
0.0594754006831535
0.0610379253118806
0.0608101094844066
0.0621036988704183
0.0621940261432856
0.0618325213868993
0.0617412904011657
0.0628656595398579
0.0631976903439433
0.062499779146021
0.0618539115911532
0.0617181891402258
0.0610196906432449
0.0610188487680712
0.0613531297934362
0.0611348648110396
0.0606626686810407
0.0600709689611231
0.059643454807905
0.0597483646829948
0.060370229175893
0.0610734343074095
0.0629677325974994
0.0654386423807375
0.0686372938250536
0.0710167430939845
0.071109490896956
0.0675299667379598
0.0779910690194814
0.104202913287383
0.204929156864502
0.269556758406102
0.27158327521607
0.388571594119796
0.237888699924805
0.219881411362665
0.21076290325183
0.200433275935973
0.173171394280459
0.120339950968455
0.0755927392181333
0.0688272392278199
0.0640659962028569
0.0637039334308761
0.0637772751558749
0.0675289143369519
0.0738803549760081
0.0832592971452607
0.0926480847377122
0.102734962506032
0.101535957960692
0.0799430825470762
0.0658165879186571
0.0612161748623797
0.0605055541131668
0.060523039803991
0.0551022510817528
0.0557760206539246
0.0555096888914645
0.0551703265369234
0.0554128060368966
0.0575465727122579
0.0597079146389373
0.0621353805452289
0.0647294768033203
0.0657614780439635
0.0653827778283003
0.0658533195776958
0.066409005234519
0.0676019768515855
0.0670307247202838
0.0662406754131647
0.0653785666549897
0.0649731492626468
0.0652794796967487
0.0666618668511348
0.066630497601063
0.0664026307387528
0.0671065894819566
0.0662389187680028
0.0657126976212425
0.0659250563168456
0.0666024602909631
0.0662903346393588
0.0648093598464569
0.0626559650460073
0.0612430560400696
0.0603950506928759
0.0610304233822246
0.0612480827227474
0.0617835231875701
0.0626006479576899
0.0636954021679102
0.064329951071123
0.0645784926772032
0.0654978972843724
0.0653242260907101
0.0653413323791826
0.0656119831871649
0.0667326087471234
0.0665331539498792
0.065621200406425
0.0646788531011536
0.0643362002241857
0.0639379788154881
0.0638319035597105
0.063445085591156
0.0639826741359344
0.0653311376402768
0.0672797084968975
0.0706777552775662
0.0748575268710647
0.0809958516258638
0.0838943596413422
0.0922082765637104
0.102041845185859
0.11228465209083
0.125833626711389
0.126635961132335
0.132943325251021
0.127399441239155
0.0485354139495537
0.92092417537564
0.925100184719424
0.119040763310998
0.0898804221593978
0.0567456187393088
0.0546234532657187
0.0756103164294352
0.0838437845597011
0.100019181495849
0.0999026701201083
0.0913021571595483
0.104462731287047
0.0921498795489167
0.109348658743185
0.12291773483645
0.145481959563524
0.181814595862148
0.202313770477219
0.22666539442441
0.236542063163355
0.227573074204321
0.199249159528178
0.139236946693379
0.138399898333671
0.111238554719207
0.0601055724258865
0.0655129886670552
0.067120919077349
0.0683877548490297
0.0700600095099468
0.0710849081770016
0.0721349293873604
0.0740308250844021
0.0771938239053729
0.0823791571868462
0.0886138033996722
0.0951292351035909
0.101548470977675
0.117228800448081
0.139826743135685
0.164028939932007
0.17164355108221
0.146807694571056
0.125125258494528
0.127197082748541
0.128724648881174
0.13341520459167
0.140177183303227
0.1522929495325
0.174017106352175
0.168522083142128
0.125917330914212
0.131332952823263
0.146751977774888
0.158481842645373
0.123874712632321
0.0869585891388941
0.0891959210014003
0.121498069581818
0.146913344216125
0.133053554057578
0.122795512645189
0.127702379620076
0.177466587989547
0.104594660205569
0.0785182607911072
0.0740729523583198
0.0637272579323426
0.0608570438058997
0.0587422313874972
0.0600276844535778
0.0612975367314311
0.0616608290068115
0.0622604665452446
0.0628795695142657
0.063852813325792
0.0654524768320703
0.0681473903185735
0.0689827629853211
0.0680248160230007
0.0659804634813822
0.0637358358880911
0.0631674691823613
0.0622098327633782
0.0618019950184421
0.0620156177534532
0.0614418363140749
0.0610625233193539
0.0612954230756759
0.0618130638789222
0.0619620492973744
0.0618024459736336
0.067701522091272
0.0820386091503815
0.0961713822368109
0.114595314344383
0.153315322484233
0.245429974785205
0.384198280380594
0.475745123957905
0.446349115276022
0.484537968151601
0.513992598336346
0.429628834830931
0.162203748870371
0.200068384637079
0.171535906298054
0.162955132679244
0.12101029337982
0.0929921393806268
0.07237679746002
0.0685485635740946
0.0666646302955111
0.0665395393294511
0.0675706520397198
0.0759702502838857
0.086922269249111
0.0946049522714024
0.099946242966406
0.111075128134623
0.085996431659023
0.0829376247597485
0.0719704357226544
0.0654437408040432
0.0663222565319969
0.00976393453911568
0.0563568158444772
0.0573487318112832
0.0574843617785322
0.0604015283946328
0.0613051871631784
0.0637598385654792
0.0675650561162506
0.0690872068588236
0.068840257414965
0.0685268784086427
0.0693617505154671
0.0707322807552419
0.0715619438066553
0.0705920680673263
0.0689146883348917
0.0673771727535401
0.0660865749955858
0.0657521199976085
0.0656806014204757
0.0667658429245398
0.0691251055409941
0.0689487170832944
0.0697210160668101
0.0706520166877331
0.069386604952418
0.0680462934212348
0.0671577571141087
0.0663205606558042
0.0647458040229922
0.0628838532965125
0.0619435466429551
0.0611094193389514
0.0613402879565466
0.0623507044326746
0.0628170147402972
0.063016277854204
0.0636856237308752
0.0644852686701114
0.0648126590056221
0.0652096257004981
0.0652655160291214
0.0654334018717491
0.0653421820066399
0.0651363102382523
0.0643710027211265
0.0636834726832162
0.0634702497970554
0.0633412153139154
0.0631289303723218
0.0633472514980629
0.064391969613173
0.0662514129262525
0.0684649804311055
0.0732812286053132
0.0779585668115807
0.0860764314997582
0.0945883942016174
0.0982799153632219
0.106463503218076
0.11554379505033
0.127479491813804
0.137819504659434
0.142542772320648
0.136166467318086
0.118361340758392
0.921000379372144
0.30510506061516
0.266645415956485
0.0696883385462094
0.0723256347513874
0.0494428687259351
0.06013491551533
0.0707505390120544
0.0739821222450898
0.0864240444747597
0.0804453693593263
0.0816699357354344
0.0950789200387545
0.093405906220621
0.107700765584036
0.131263245872628
0.174887250156853
0.192517648915315
0.214457831539075
0.227147007342726
0.240458016602891
0.2316775385873
0.204014191857862
0.17085277241726
0.15562527111529
0.120288223947227
0.0603143783081877
0.0692524151244157
0.0684253630902575
0.0702013999651757
0.0711675827116059
0.0723885882530449
0.0737426139332449
0.07562219161617
0.0788774015663599
0.0840556003777125
0.0918794087147451
0.0990595920388035
0.110538059002197
0.127814230946157
0.152308318566442
0.171199936034504
0.154417274380988
0.134515384940147
0.117678213405676
0.117111629604648
0.116622647453573
0.119788181515109
0.12961214490062
0.144515678057597
0.161656998807692
0.148496139220346
0.132945223203555
0.122586751116884
0.132546679635754
0.127071683150973
0.0928340464973166
0.063617546542095
0.0914529127411102
0.120084424221113
0.123191745598594
0.134418945238171
0.147944520883058
0.168645507998507
0.191029222130128
0.0854353305869873
0.0797748090577516
0.0742451159999994
0.0667098629927847
0.063193555249587
0.0605290033641273
0.060533629188711
0.0619247722147985
0.061563119700831
0.0630200179326885
0.0632622563541448
0.0655909040400335
0.0688051614734868
0.0703724137479168
0.0699261268908103
0.0699078208010517
0.0683110195453575
0.0648267789017962
0.0635052886604978
0.063441130449207
0.0631413936886683
0.0622194034312363
0.0619200943266027
0.0619902060586959
0.0626579852532575
0.0635078277884682
0.0641938237511408
0.0671391898177013
0.0776833002148769
0.108152304535687
0.15657231587416
0.220784210227745
0.329841237430909
0.464234812247454
0.578008074624996
0.62707064369919
0.481737662932445
0.490322549161675
0.455232502936606
0.327351046288686
0.120980866777547
0.207224164718672
0.191349785415625
0.140148035823642
0.110951925840459
0.0833406232997318
0.0729384617004212
0.069859221554857
0.0665236411752859
0.0651440908509494
0.0664930097357857
0.0646125869234385
0.0605879507441586
0.0691654701096023
0.0926427448221502
0.118256215922924
0.20719188046537
0.124479524114366
0.0743768025089747
0.0744439644419751
0.0861025769035168
0.0779580993250363
0.0586229885293288
0.063004194585053
0.0653267753715304
0.067505279735101
0.0695507993913783
0.0717752695837918
0.0745186010036604
0.0758417428396594
0.0751820378615997
0.0746377440524788
0.0745880585700059
0.0738285269401595
0.0737699339463596
0.0732102522362611
0.0712841029412109
0.0698415775408918
0.069450106712592
0.0686480317237626
0.0684319776724214
0.0686622200608791
0.0692539777169241
0.0701169467136594
0.0700694289445944
0.0692751349182815
0.0687996949763175
0.0666269310069628
0.0653508054464428
0.0647771950989149
0.0641290424512628
0.0624925277753794
0.0616752736639757
0.0614108314951552
0.0622886318091806
0.0632699004295329
0.0638375294919767
0.0639671585238253
0.0643522921305319
0.0649533331190159
0.0654532940237314
0.0656926562980495
0.0658619862941366
0.0656632003291085
0.0650489781517596
0.064346890143202
0.0639100882127864
0.0640289080803076
0.0644272699402299
0.0647714264897596
0.065077411671972
0.0657665627413264
0.0670724606907436
0.0694903361321296
0.0749560105069385
0.0826763700834877
0.0897120293692792
0.0974261445534092
0.105055867298864
0.112984481271286
0.122012260201858
0.13104611050457
0.142237459752764
0.144232752838338
0.14214720478943
0.118564369783357
0.0992918846240548
0.188056632044975
0.192194996542015
0.128694642626943
0.0668017098414393
0.0578344506752565
0.0454659353125337
0.0560587131639304
0.0645160112998673
0.0706053572536446
0.0827879169460499
0.0915660691749769
0.130814585865566
0.0921427345659412
0.110112522019295
0.124131013021283
0.158139560507894
0.204052655350333
0.235662046367752
0.217919452389116
0.223440302568295
0.233357286902114
0.220261940804389
0.197345312270444
0.180940284173018
0.158806417256403
0.114411046934281
0.0624878701207589
0.073579508816626
0.0707223498945433
0.0729116658593277
0.0736726020713802
0.0747608123876222
0.0748487440628292
0.0774910627703492
0.0825292064796328
0.091065542338868
0.100420542879517
0.112550075110938
0.12139156843649
0.141419825024918
0.162062111044782
0.166623293777756
0.138207821951415
0.120262143911723
0.109754871096016
0.106357360956303
0.109789516291411
0.109237649291849
0.121673520277684
0.130833387457502
0.152764387283062
0.135594617544225
0.130347667281008
0.110965517849369
0.105834312938058
0.0759078182705161
0.0454266111799048
0.0441409037975376
0.0823492422304965
0.131050658669326
0.125521771085077
0.160944179496734
0.186640011267709
0.193014696903275
0.218814888444577
0.142998955488033
0.0842279967268547
0.0802963026957161
0.0732093742260461
0.0696191857436736
0.0660796139576239
0.0637817137595727
0.0675194360648122
0.0745601974626013
0.0647162714965078
0.0623133045411981
0.0643724332579508
0.0676399605997564
0.068602515180475
0.0678432244408651
0.0674520526326643
0.0662152824498147
0.0666564018506579
0.0688483692826628
0.0683088270957488
0.0675349218644154
0.0699728773838782
0.0695233194416941
0.0669344409001518
0.0670551474404558
0.0668098423814379
0.0683526012531038
0.077189037031538
0.0979965760028192
0.146057957985797
0.224562996174789
0.322761324665033
0.418907730509936
0.495972989243824
0.530720547473117
0.587009527985834
0.432342107516196
0.425123104955225
0.341703113933369
0.213319957713043
0.140608258440968
0.212446260840839
0.194200461998084
0.152548429934175
0.118808833403769
0.0782816324291243
0.0738650022764005
0.071634091078586
0.0807221650767616
0.113996336390517
0.204430637187089
0.317793744406444
0.260448360059783
0.0585097198262679
0.0407990129365835
0.0797377864728449
0.00985105546301756
0.119778879371309
0.0102330307340082
0.0934300524888333
0.119777797654256
0.0854216364744267
0.0646654171453168
0.0741963706705937
0.072725460968184
0.0733250350775413
0.0757753565108259
0.0809627020124706
0.0836695337555751
0.0858131195263588
0.0853320345713491
0.0842288171365936
0.0833093801187065
0.0826598473218857
0.0816822870329709
0.079801100476411
0.0777718708134417
0.0766600295109464
0.074571050205019
0.0726533520685195
0.0709995558540588
0.0694390517590115
0.0681157759302024
0.0673395781586945
0.0669331124881449
0.0658421845251681
0.0654534483460893
0.065099380631021
0.0639899027166169
0.0635802387216076
0.0639757108609314
0.0639049829698698
0.0636028003248781
0.0632846915561629
0.0634890086467353
0.0645538835413152
0.0651053579683151
0.0656724013241703
0.0661850785297979
0.0666523140744747
0.0667100749697408
0.0671487666781314
0.0674286282381283
0.0665374141327825
0.0658757960635804
0.0649241869726984
0.0653055945110219
0.0656233371339582
0.0667386905413767
0.067679684548732
0.0683975192858193
0.0695012772667243
0.0720315604861852
0.076761066056643
0.0845602317803378
0.0918084837829245
0.0988272502035329
0.106409091044108
0.11457155102175
0.126383674980479
0.138702258803121
0.14993287051609
0.153063231973259
0.147627457638465
0.130411500865519
0.106320029099322
0.110209785706496
0.254241594052522
0.155281180903385
0.0506340434270982
0.058546838750653
0.0623957720708464
0.0470288048926107
0.0595302195422089
0.0582592730920042
0.0646457022561205
0.0698403453121964
0.087191049787178
0.0989527021006733
0.10957586322709
0.12010528694217
0.150615746636068
0.173611252268762
0.196854418861155
0.223713011541004
0.219853986646535
0.230319507676699
0.230788061075941
0.217292720430672
0.201294511911417
0.184859758172672
0.129236346031287
0.0925769828034621
0.0675185578399359
0.0801218129607245
0.0749175138109283
0.0766524495444887
0.0769699152037206
0.0774608360861966
0.0797715959167367
0.0838823301268682
0.0914965665617731
0.0995705655214928
0.113265856269477
0.128986423725293
0.133065254747557
0.153252824368735
0.166900581426386
0.155414475830621
0.126494137299003
0.110184705253873
0.106219922887306
0.103049811688213
0.106177188028961
0.109027431267192
0.107891067503186
0.12223109742768
0.122712772965464
0.103743818081573
0.103355851568554
0.0902311174154385
0.0658498417206854
0.0507640652401846
0.0427558820548725
0.0375454266167341
0.0719497054504353
0.167309179157713
0.145041849595658
0.208626742303008
0.208818573691897
0.224486234072705
0.241322123889318
0.178171500982435
0.0948728631980635
0.091047602061873
0.0853084941022439
0.0822514529630418
0.077555201360771
0.0737700328744411
0.0776674929644382
0.0828438409251843
0.0706385287091029
0.0632906801939889
0.0642836196267723
0.0667353959340453
0.0686144057919017
0.0719963031959113
0.0726160335066791
0.0768419289742459
0.0872671451882635
0.093482987533192
0.0901548256234396
0.0886133043949172
0.088787947255368
0.0914345534152049
0.0888721401455687
0.0809155404973042
0.0772829987224729
0.0819281632324646
0.0954049663434941
0.129314239674901
0.187113138301715
0.258158781098304
0.321259498697166
0.385767184834773
0.435679372182484
0.501775280670432
0.511830047994003
0.370054407422662
0.362637745957878
0.278995899907041
0.227262589243968
0.243455814136265
0.211624202726869
0.22647977108073
0.15929250649338
0.121788044569529
0.0929592566183511
0.131721782883003
0.184275741331025
0.141112743249406
0.124405312004263
0.133489835782241
0.170873760333698
0.161011224424118
0.0788213363154299
0.117264274221377
0.105045913850301
0.0128875568185215
0.108792268971864
0.010175336260285
0.113608871654855
0.145961866650927
0.0941657951382148
0.0771847669081351
0.0794100483973154
0.0771694950254406
0.0769958870437162
0.0790019571221013
0.0833399130848262
0.0852031398845409
0.0875456814179342
0.0880551553825551
0.0862004256055692
0.0852370728882299
0.0842352617979208
0.0826127669870963
0.0805283250816016
0.0785649575988354
0.0772993941955468
0.0761229926133647
0.0748011017961455
0.0734093481457397
0.0722113188348099
0.0702818907182921
0.069087075927458
0.068257086051018
0.0672215313269094
0.0666878113571111
0.0661348907771423
0.0661834107535474
0.0660140711103082
0.0660497882981603
0.06695392112384
0.0672043724334888
0.0673698763821059
0.0669398384275961
0.0678973781052334
0.0682217109888783
0.068491670378644
0.0690143135136217
0.0689588651164434
0.0695237591854036
0.0695107438580746
0.068301989091486
0.0671311200214354
0.0662192537009143
0.0655355785273035
0.066071121665184
0.0670797398848145
0.0682810526985901
0.0704479789527595
0.0725939252068238
0.0763123854332328
0.0814013077606976
0.0875598399556269
0.0954198129223664
0.10126256258151
0.107772156034883
0.1131171239896
0.121728520112288
0.135643987584675
0.14625578812068
0.154529232911205
0.153042354472273
0.146291189716869
0.124525822764398
0.115464304097136
0.121238987960623
0.177174637753973
0.186107916875814
0.0606801371799272
0.0597046462629232
0.0581082893145486
0.050182821300331
0.0495668355255785
0.062666376577386
0.0644021761541451
0.0852391721708824
0.0919114441272
0.133374077908273
0.136558052615653
0.141018217510108
0.156142323932218
0.168043984618753
0.178238025882196
0.185784003489083
0.190914741079231
0.215915070254235
0.22866356534283
0.210354269882431
0.188696079770427
0.142030112803897
0.0951100961303573
0.0810570943802272
0.0761632720395683
0.0882665793336734
0.0808307080101639
0.0793483544688543
0.0809833599590753
0.0833455482965674
0.0872504670538752
0.0933377882828765
0.103046217522139
0.11347240804161
0.12927441619155
0.139734059582864
0.147047396993746
0.16276793499795
0.166515408661853
0.13982503349816
0.111712032034473
0.105325202743987
0.111225629346626
0.10457026325465
0.104425360286459
0.105130438299042
0.108543186846985
0.101344771933601
0.0879805151816549
0.0871543071201758
0.0901764210474983
0.0759949393846179
0.0583094404228661
0.041430376886358
0.0358204749098918
0.033864209490222
0.065600065225054
0.170440162673403
0.18778532783521
0.224267039184339
0.218230460877482
0.283677555039822
0.284110661366731
0.222159810075284
0.104837173295946
0.102394190801265
0.0986390038922756
0.0969038708238995
0.0927257602431901
0.0896162826451524
0.0893953099242121
0.0930923110412087
0.080139342453144
0.0703704103728889
0.068548021585117
0.070791107082937
0.0760800802557909
0.0873170970553198
0.0995488002460062
0.112972782831471
0.122443746407491
0.130156944038212
0.123882438743509
0.120124712695313
0.116611278515276
0.114461862098998
0.118076208055733
0.106549013790616
0.0953512514129654
0.102725569059009
0.12292192353967
0.162169544739502
0.219415593330439
0.261035982091103
0.320281008540714
0.368240206059293
0.40364589084813
0.457885298684873
0.440719641135895
0.31338883387633
0.314436255167031
0.230869876660483
0.231070432959644
0.255160929132534
0.275269708939566
0.176532912374738
0.150446199299524
0.120979036402845
0.106858901553108
0.150698860941052
0.185803530304946
0.133743316985533
0.0935987865754108
0.110970847519663
0.128548506748739
0.0935575169379914
0.082900017667618
0.0854373770573016
0.0876361561664816
0.100007910135295
0.0895177378642072
0.0750228000382962
0.117247404054966
0.148812261322219
0.104482237421941
0.0815616386587814
0.0800148284336274
0.0780293276033654
0.078484331074523
0.0808080492805632
0.0839935029742801
0.0838976090011069
0.0852095131635685
0.0854475853290675
0.0853513773335365
0.0842208190588406
0.0821931371657945
0.0815694999384914
0.0803127346536709
0.0809406486249468
0.0797941784645867
0.0778309026126983
0.0765917235492401
0.0757758701124516
0.0746827258275348
0.0737551022165227
0.0724839823921494
0.0712040535340574
0.0704097496668568
0.0699600296762729
0.0696827339466638
0.0693567379318215
0.0690210418404931
0.0688595564706064
0.0695148498498648
0.0696710586173453
0.0691911476374339
0.0688875280752361
0.069441840397749
0.0699668300797345
0.0701772214078873
0.0710550064754614
0.0715064375215947
0.071760929546511
0.0697974461679689
0.0685569007236456
0.0675975361070146
0.0671693407742432
0.0667617747955003
0.0670913758453048
0.0691076559777654
0.0723504039996278
0.0750446624262508
0.0782935020830184
0.0845407845516157
0.0913125877996623
0.0978009429110617
0.104433783848261
0.107574533589615
0.112246089832718
0.117736942718583
0.129637789110067
0.140951460778994
0.152660427049642
0.152978197802963
0.153927401447998
0.148712693535322
0.138569947091144
0.142627622722253
0.166000518414997
0.241555568940542
0.377122249064743
0.119983781820277
0.048951435545237
0.0518050580489912
0.0439422372625378
0.070873694686041
0.0598775367681875
0.0765643401723232
0.0830578207844314
0.0864520306111157
0.12219001714656
0.11789814986393
0.14763533238395
0.179725732499832
0.168053353338062
0.187245016093113
0.202000014794927
0.225070689032913
0.199086017869701
0.183907048289193
0.15278940626659
0.129697286593639
0.102791159012022
0.0806996625971965
0.0802646510642945
0.0867657442402538
0.0947294777457335
0.0886481959795878
0.0841416326091778
0.0880002742340051
0.0922392658816191
0.0977542221495939
0.105470522285899
0.117996193444211
0.128413682476309
0.139757856426218
0.151101671265497
0.15887495719008
0.16627678848262
0.152204849680779
0.123509310709536
0.109299185040771
0.107769726281342
0.116751765111016
0.109108766882117
0.103769568319312
0.0986655168882519
0.105587980130631
0.0883542374711808
0.0671389799194763
0.0652463879988743
0.0698578278319517
0.0576203929196818
0.0468278772890507
0.0365001622690402
0.0287970769112718
0.0369425946466513
0.0652224054917105
0.135180265885898
0.194343220257276
0.265260940215304
0.355124074783463
0.360021244785821
0.312124210925038
0.25926788869554
0.128269011526372
0.113382100565435
0.112154805106139
0.110426073544136
0.107339466375249
0.104141614461896
0.100763509609031
0.10296958927719
0.089470728497029
0.0850590554853008
0.0837177164336183
0.0866266964251942
0.0989117927327185
0.120440977932528
0.135440126668575
0.14529088635124
0.151332598050633
0.160558716735691
0.146985175952884
0.145277424786722
0.143723093607663
0.140958275009335
0.136990735662379
0.131057368457743
0.122851244630966
0.125206890638484
0.146190217964689
0.178428616974546
0.206412281946105
0.232252178983043
0.270942398401616
0.329555545652729
0.330309740521589
0.390849937709485
0.38351789220278
0.282931039767108
0.28011588805998
0.177770936508124
0.172707798193187
0.214864296973182
0.340175841115773
0.24146859846332
0.14054073643681
0.120839944148263
0.0992113836909102
0.14141442159399
0.17213738895393
0.133529839560435
0.0965681583615086
0.142754524330502
0.102808346034675
0.0840697560241119
0.0680039219046568
0.0745706856146085
0.0828952688943501
0.0959776748047725
0.0920844240131942
0.103844675148877
0.149587298918758
0.166740886708268
0.121898737292526
0.0868829102513576
0.0806463401111695
0.0803415518785569
0.0814996436986625
0.0865273012783769
0.088009161817339
0.0879722674580125
0.0884733184099427
0.0884959288460528
0.0882203495074487
0.0878570472738196
0.0849267204262787
0.0839734042975472
0.0824478547311819
0.0819577921460509
0.0804479069184519
0.0789500669191307
0.0785204219633255
0.0782419806362571
0.0775620861867382
0.0767831668391997
0.0759077719808843
0.0750303121228576
0.0744747106133103
0.0742260368790378
0.0737495023370221
0.0731757716138533
0.0725446344869675
0.0722598067688029
0.0719841836878569
0.0716314965645013
0.0712392258754708
0.0712707080887555
0.0717400480977254
0.0728890135548274
0.0743883921928408
0.0749625824511922
0.0738895509533499
0.0725817345136525
0.0713946850598969
0.0700670708063359
0.0690275638965579
0.0677419925816528
0.0672517484253225
0.068325377941972
0.0704045056429372
0.0752736836064239
0.0802764985491344
0.0865082262460843
0.0927934453881782
0.097962322586663
0.10376266214425
0.108640750436998
0.111922720265309
0.11831234043153
0.123942861746287
0.135358438498958
0.140787665638726
0.142570792883136
0.145529163565268
0.160216747949317
0.149048360813649
0.147730796210503
0.153898269618378
0.18370738504469
0.254030266948286
0.356967615694046
0.176859938218166
0.0902004964860995
0.0512125349884361
0.0366531793700358
0.0542363486294987
0.0490763776215411
0.0615755401739743
0.0750649447200111
0.0871431972820013
0.106446601985319
0.111382275014894
0.150733847239194
0.153747566547165
0.174855303265585
0.199824828316789
0.207755983950751
0.212652591921977
0.152683783494344
0.136609481916899
0.114037893099284
0.0994931391842132
0.0868806182071871
0.0796773253145681
0.0866702633088586
0.0987563332998123
0.106147941531572
0.100589906299368
0.0933398552896641
0.0986211994751226
0.104901805488778
0.108963749255449
0.116789804642682
0.125316660873119
0.135031985708703
0.148543231041586
0.15993733654054
0.167763150590963
0.166304777762964
0.137985009611735
0.12089621966221
0.115470301587168
0.118288467558972
0.144761980709267
0.115098539299607
0.109022060047438
0.103874579295005
0.117020780923546
0.108336337610417
0.0692670354854239
0.0574240631627295
0.0532188054590176
0.0404797193063648
0.03415160877438
0.0295241264609955
0.0319387933287498
0.0435999676293965
0.0581070176743152
0.114302192225913
0.211325873318413
0.315844519107522
0.357976990667075
0.346025359197662
0.317988031187354
0.277774686621464
0.165934264976512
0.12772598638468
0.124279355476263
0.122460901847153
0.121749035650974
0.11849122086683
0.118332197382857
0.113907845212523
0.102351628115907
0.101639479387574
0.102579373750637
0.110206674254766
0.124715463038566
0.148165302778067
0.168101727597187
0.192541120982512
0.231574826831761
0.185025230568744
0.172781195238122
0.163163670477276
0.160567583962028
0.157826793835167
0.151761998665989
0.146944544699797
0.150856342437386
0.158254817435441
0.16000948408478
0.172256280612558
0.188156194824499
0.197022477640529
0.231574550756855
0.298722965233395
0.365596317690308
0.49753209611947
0.345049992454753
0.282401063933698
0.259054664212694
0.185900681734175
0.250622527879715
0.171234852282074
0.284412446180379
0.311316392649928
0.1649974528948
0.175168170025712
0.144290364456083
0.14503702169184
0.160451175375835
0.134456310819395
0.102920521124585
0.108688639148385
0.0851249313207272
0.090514487379283
0.0684178402350587
0.0699319951252736
0.0855338638717683
0.106324012257722
0.0978096262336472
0.120172564462559
0.155192469426779
0.145206307786919
0.112721201148659
0.0762743107236574
0.0828325629740027
0.0838542389323534
0.0860066344126043
0.0870933594338093
0.0883301531625512
0.0895014272839853
0.0893520806643163
0.0880753658909665
0.0851602305134727
0.0895191532274368
0.0878687152611856
0.0863809168098848
0.0842635324300037
0.0835895634650669
0.0825781488303895
0.0817808869381118
0.0818913705144211
0.0817345650162424
0.0814785038157912
0.0800753032897544
0.0792951590078023
0.0786608983903146
0.0785231132709502
0.0781925717747633
0.0774658838145832
0.0771128203976921
0.0767670266713755
0.0765286110491143
0.0762216661919465
0.0758047765146969
0.0752655501444126
0.0752924244455753
0.0759549630902459
0.0771161842913555
0.0782302897933749
0.0770335191859521
0.0750794008499439
0.0731604214487789
0.0717942594125466
0.0707193808072024
0.0699563031052999
0.069550964063461
0.0693514010148774
0.0704892289044268
0.0730193193447966
0.0772951724726344
0.0813502354130357
0.0877107267676348
0.094098096674904
0.0999593083897042
0.103320127695655
0.106655370203097
0.111222577253872
0.118413359254822
0.127234782642773
0.131261574898617
0.133747514542734
0.134801613268595
0.130612632106261
0.138619589362701
0.140546829307547
0.145625184149498
0.154323298923214
0.175099361821042
0.189406670878279
0.292813151374548
0.137328802405843
0.0622676295113105
0.043143855032215
0.0323238886864835
0.0446928136690849
0.0438197253386395
0.0673908614719775
0.0621471557860425
0.0725860589114358
0.0956019701198921
0.103746344961394
0.124416612003202
0.146500213603188
0.176619905845994
0.190493731294722
0.187792144139372
0.161184438332909
0.128476273633324
0.115937320289876
0.100981551877713
0.091412420561597
0.0848597610993246
0.0870306962562986
0.100607414221866
0.113668950830668
0.12164170647593
0.115983896477314
0.110202882004016
0.107625702904026
0.113856081269854
0.120046460721351
0.127673946460059
0.134828068739335
0.144325595226471
0.156161595577857
0.170395233089255
0.179233453108765
0.165631382545001
0.13211638962578
0.126207617772932
0.127954918913433
0.132082458590029
0.153412708302631
0.120908888850153
0.115279264716686
0.1079992730887
0.107364224508004
0.100435226193099
0.0832430280718652
0.0632552469535302
0.0565496380627929
0.0427808436344565
0.0319691338714278
0.0311251878513467
0.0328276114578106
0.0425780051576049
0.0570478976902689
0.0878912632499465
0.201487232173567
0.296470858794132
0.309863188446773
0.287512450862746
0.310856361355679
0.288947655419599
0.214021875834886
0.167995174712937
0.143341473938886
0.133569995381631
0.133840790949114
0.133591298355934
0.134604907916952
0.127751635257133
0.115603503462636
0.119851385327377
0.122758480212607
0.129505803014334
0.146933405373497
0.163833853652234
0.175773620255344
0.184286924674234
0.189035252054696
0.189583853145308
0.18226023828555
0.176904811578051
0.177115023146026
0.172015986726232
0.164271946876721
0.166527780471034
0.169424596843421
0.180386390680192
0.179707475368741
0.174888766583582
0.178747342221572
0.207416513627678
0.345837785481139
0.32628066642111
0.418706575565891
0.534460283305424
0.365289764341537
0.31029589423385
0.277027673141878
0.200862956855997
0.165998269231293
0.125444925353533
0.170984767335407
0.276417023374526
0.211113427700135
0.199284057036389
0.190297864647107
0.166141239485033
0.166195369483317
0.138838728467727
0.114131171299035
0.098901521650492
0.0920574845340457
0.107436753958375
0.0880496662388044
0.0733258868939526
0.0950521392868119
0.114659830505061
0.120977859564266
0.136276965763501
0.16179438814496
0.140046262779528
0.101642105442487
0.0783014110198926
0.0844085047873112
0.0859797991538694
0.0891496270404493
0.0891473673975747
0.0893983797043377
0.0881972589175106
0.08753074113075
0.0879332950440783
0.0879481121274913
0.0941093068138655
0.0922146299063981
0.0912258187803365
0.0876514476581991
0.0866359755727167
0.0860177049009965
0.0858531640173376
0.0870858467055551
0.0868681390912377
0.0868408757282696
0.0854244307443179
0.0826753320277292
0.0817883467404442
0.0815811125982151
0.0807735802754909
0.0803400815026777
0.0797416597678257
0.0796182962044205
0.0793016775840143
0.0790483038081161
0.0783490027259439
0.0778200005478816
0.0781051930238361
0.0785992235048968
0.0793728651091671
0.0779446448642086
0.0760697525145515
0.0734588873657001
0.0721678785081586
0.0718052142163589
0.0713520823645667
0.0710990446105206
0.071489725033164
0.0714622066572246
0.0730678945685571
0.0751975231341455
0.0789274604935715
0.084245832062781
0.091353756856118
0.0972372611722192
0.098961649463855
0.103171955748704
0.108228516242593
0.111864828201282
0.116586930550789
0.117046698238908
0.123172482208487
0.124255989151527
0.119712795192934
0.116986282386748
0.119240102963212
0.124546147920114
0.130410234753817
0.14263433175341
0.14811496924465
0.142885429349486
0.180144809223991
0.0812205556495596
0.0454538959554176
0.0425066044380189
0.0335946759836207
0.0377279114699348
0.0373651006225544
0.0542253522790005
0.0558909290115929
0.0667969026288182
0.0879314624996469
0.0893831035645319
0.113618365488187
0.142524547121701
0.169036867285385
0.179793286639255
0.164320672091263
0.134348628199038
0.120413911769966
0.109871179336771
0.101358038234537
0.0964990140051367
0.0938159335031197
0.101397538665728
0.118259021004808
0.130857230842498
0.141202188749526
0.135676229081759
0.129729162370011
0.114048936430476
0.123231731853644
0.129484086748067
0.137346987553698
0.141920186434896
0.152865564763207
0.165509678538546
0.179508120740334
0.187738801901988
0.157396046291608
0.13649275118117
0.130441001874276
0.136640054959845
0.145782013428677
0.152194773037295
0.138535475087841
0.136295393450338
0.115652014101922
0.120576196533648
0.14614677657997
0.119520407068155
0.0837506139219855
0.0642687760943058
0.0436827651983047
0.0455872397876771
0.041887281501215
0.0417593291816807
0.043112178183133
0.055800941792641
0.0822915474450183
0.178641829077809
0.252452953676894
0.25179624758726
0.301563605360446
0.314680889615542
0.300985435976262
0.25814291571509
0.220296643094079
0.187822313169343
0.150926104050057
0.140589219623909
0.142600923022224
0.14629727897926
0.13992152079754
0.127881554242724
0.133590545068192
0.138797319159534
0.145841342834069
0.164806004457474
0.1738285333871
0.178562815232175
0.184644572574963
0.186291662902866
0.19017740385655
0.194642325472017
0.194915540350197
0.19209575063013
0.187592241920205
0.181160930673013
0.18146358122656
0.184282996854498
0.192183911718308
0.200396563244261
0.197998394497125
0.194902768704347
0.190607680305414
0.352719860362698
0.39340320597916
0.436232795702735
0.500735963301554
0.403058378908838
0.342238702928628
0.305691699706736
0.294893944338991
0.226856537984438
0.129954061193333
0.17375482946826
0.251235522674064
0.227390125636765
0.221459532151346
0.204330356058885
0.185238336500161
0.173459039497907
0.141616100814265
0.118602548999285
0.100484458480611
0.0983565063873998
0.123013330460952
0.105080028754388
0.0903837982993049
0.103883547075951
0.11672977522242
0.128885146291197
0.156652102325772
0.170914236977222
0.138626646993862
0.103659675308063
0.0808821217261399
0.0773694979677499
0.0811708539611665
0.0834891679914833
0.0848622404986416
0.084589359442702
0.0850694159001284
0.0857327292543052
0.0856490840225205
0.0870777252380924
0.0915867884115831
0.0915931272204132
0.0917609869066407
0.0895883884249477
0.0883339003975655
0.0867731994037388
0.0883565511378254
0.0878111265281284
0.0873949829521624
0.0873525575894471
0.0872735843909271
0.0865151947417297
0.0848519816147982
0.0844044713817182
0.083452832486719
0.0829772819911154
0.0822160557756724
0.0820992411164241
0.0819164935946529
0.0816172259824641
0.0807461824572432
0.0799856092006402
0.0798847912527858
0.0800579763683521
0.079378490009508
0.0775262944946765
0.0750387946680445
0.0734882374563094
0.0737655103040574
0.0735804718244865
0.0731349468593901
0.0725786295787724
0.0729181506751474
0.0736462530035205
0.0764483693363328
0.0786559589315362
0.0802909308981442
0.0837875984486318
0.09042091818645
0.0929780099055279
0.0961187555436706
0.101788678618049
0.1062508719444
0.10700447891284
0.108181086720825
0.105138690707565
0.110481789455573
0.114491401437518
0.11723471472181
0.113337812593304
0.109403622548665
0.114527111838147
0.119265488338484
0.124112081279846
0.126261507307361
0.113762319420235
0.108915437355888
0.0997662882281267
0.0939904462462391
0.0317806533047991
0.0339770767657004
0.0364430745173849
0.0346146889507156
0.0455145848984024
0.055748818345903
0.0719289137316831
0.0975247516294024
0.084132440788235
0.105628540151061
0.12405837577184
0.160175973373491
0.174265086024028
0.149767492057398
0.130648078405827
0.122350888029284
0.111604073857301
0.106530004770579
0.103541706592676
0.104955450025692
0.11482138888241
0.129107027861407
0.143262340461772
0.153065971767566
0.148460026290173
0.143347805314659
0.120209784874048
0.126373474697695
0.130008468606611
0.139078587560771
0.142647038759836
0.158183655679421
0.174898585958186
0.190898573594541
0.188630901261614
0.166827546291437
0.158237302345414
0.153483460927011
0.141606325391822
0.138493013702723
0.182697033327427
0.156982800945236
0.147594362161179
0.197425521496593
0.198797522555764
0.169716016859007
0.136979217082484
0.100052459731103
0.0754836922857689
0.0586186887860704
0.0600569179697825
0.0565577463287026
0.0536847113901056
0.0469790493526954
0.0577440932939234
0.073557138712434
0.139473372173325
0.198268546868553
0.248630957144562
0.300692400872776
0.316558542506892
0.313980049572222
0.293091019461809
0.267039470684278
0.238890879569666
0.190444784643262
0.151673018237509
0.14383383565318
0.151481192304763
0.152498494818303
0.14207743610181
0.14065208198668
0.148410279372484
0.158029325562176
0.17237110906282
0.180007737794953
0.17506134013966
0.175103909640296
0.188104579558094
0.219068338459038
0.209482840795566
0.202073820795039
0.216184330932701
0.227674433395357
0.214018227866174
0.196972027043734
0.188391304205087
0.190800144335985
0.197178398856735
0.210647164031446
0.214524045143978
0.218225431090717
0.383608170390103
0.463926583343624
0.408607679359422
0.478657270832145
0.429947949863388
0.377427114867797
0.338060795413055
0.325831388021726
0.311643186075299
0.253371746044672
0.19854196021397
0.254656010062026
0.242581673408465
0.231648756286703
0.21926854494639
0.209850391852295
0.185380398943406
0.149802917741659
0.12486386518339
0.104906973002824
0.107422796671037
0.116496638048804
0.10740139773238
0.0938235830681711
0.105849663684683
0.116363770635253
0.127557138292291
0.147240009277488
0.164813542597409
0.135988821074475
0.102916394601121
0.0840748896284522
0.0758464566308804
0.0831980995751993
0.0857182581736236
0.0845910695292228
0.0845025110858738
0.0856356053523825
0.0857857424396546
0.0866557826821605
0.0874416005572507
0.0910475934963047
0.0903903105679432
0.0909865046400108
0.0892178153521754
0.090507327391976
0.0877784857085517
0.0876593638238393
0.0870707341256147
0.0872086293836346
0.0869316414498101
0.0858982333378771
0.085967489358716
0.0854319401617676
0.0846285653391864
0.0842038790345564
0.0840559530855395
0.0837443874299865
0.0838667036124677
0.0840788585159102
0.083447364200462
0.0829338688813707
0.082435668780191
0.0822920289159322
0.0818167454093101
0.0801761153608457
0.0781921538923728
0.0760676104177193
0.0752895882377481
0.0759123642550272
0.0765863806486866
0.0760305336592106
0.0760832820626874
0.0767086843752776
0.077619996894117
0.0800628200362025
0.0826478708299057
0.0850745800127809
0.0873149146068263
0.0885791390458617
0.0921882246224042
0.0978447898388494
0.101882061248042
0.102928826035753
0.101491971107668
0.103211602049045
0.100097152669363
0.102569875430944
0.102550125167066
0.10416978700048
0.10056619989145
0.102247875885131
0.103554475842699
0.102378303169884
0.104365352681667
0.0990332355839569
0.0905906913654768
0.081019090761318
0.0612056994939955
0.0125976285155744
0.169665569227246
0.0351201918501207
0.0285704627441245
0.024704208313739
0.0241128941828972
0.04363362389026
0.0669583714979928
0.0858775145541154
0.0901118619537814
0.118309570446555
0.138172149722724
0.182776613551919
0.199720127034494
0.148700608998406
0.135425520379977
0.129006280981018
0.121771822019981
0.11673205038863
0.116869217616744
0.122492324863187
0.131437562361597
0.141477305296883
0.154250815114516
0.162856502759333
0.165575570600113
0.156072125511444
0.13158567824453
0.128294628320938
0.131026031047994
0.133390467098657
0.14915275032577
0.161209571289424
0.183375863289645
0.200409574760989
0.200026445181887
0.199928960618564
0.184779397772449
0.169588275112303
0.195056207413941
0.236359041365117
0.230696603088385
0.188575514682611
0.165351945409609
0.202560490648474
0.187623343991963
0.17948576720246
0.128197931669153
0.100626929737796
0.0865504895871258
0.0746206422147485
0.0685485186393831
0.0671527687782183
0.0578727146012488
0.0558892191160513
0.0667722500984299
0.0739942066440865
0.115979707145969
0.164971382371691
0.239476458050308
0.31317573449851
0.328552107561736
0.328548276905753
0.320347193012067
0.294442855163257
0.268916504298226
0.239646122994024
0.184461765424015
0.151220905225261
0.147658360488323
0.155460700158222
0.154330223278741
0.147765632422566
0.15128614578078
0.158284175372098
0.168702660042154
0.17513359720248
0.176985337348973
0.181787911952321
0.19629704001256
0.220835168472994
0.227070977778475
0.235713481052909
0.291115939069387
0.323737389967906
0.301601213848351
0.272485682027508
0.253332436690014
0.247177440277188
0.249951801319459
0.271886637262492
0.282486715859272
0.338380051103717
0.356447528317907
0.396144255262833
0.369244499419967
0.430007390650774
0.43073586667238
0.412419674565207
0.370730453345714
0.344984869170508
0.320142498400345
0.334019637874933
0.238252324964858
0.25977342831892
0.226218441358024
0.224047421094093
0.242259725437938
0.23460641440013
0.214419108337026
0.17220510979113
0.145772542130682
0.120096423366374
0.122936193549742
0.122451877864626
0.113848490911403
0.104527245312904
0.121292626390906
0.115832396786601
0.118015876267453
0.122716295961261
0.15499038940408
0.118685919710595
0.0870023143053157
0.0739663786794887
0.0765101905383343
0.0824394925448359
0.08455045289354
0.0873081191151415
0.0839355274818358
0.0863916404287007
0.0843458971408685
0.0869441107122647
0.0893013067417905
0.0871782013841276
0.0868169282644778
0.0875130117714644
0.0881801058614026
0.0892791140580639
0.0889428613749959
0.0871534343824383
0.0851182659366631
0.0840078194713863
0.0840957916494651
0.084132543637908
0.0848769349627699
0.0849395619770314
0.0851744905082177
0.0854133414931367
0.0852211251701471
0.0850299667430498
0.0845918281986051
0.0844631997558639
0.0841415243054317
0.0837249274868184
0.0838437527968383
0.0831071712634718
0.0818488169513649
0.0813908570069919
0.0797759017797509
0.0779616879513225
0.0768955773484039
0.0772282699257706
0.078050031975088
0.0790975505633772
0.0798766976618651
0.0813468126122792
0.0806878884165606
0.0834902870701855
0.086123782718255
0.0889374115469136
0.0903513778046135
0.0924111134611331
0.095580509416068
0.0997023272642795
0.102515827565841
0.105047408854862
0.103684367111
0.106047697344614
0.103552779056621
0.106697890162083
0.106342330745293
0.107679925911339
0.104029782097256
0.098276005952187
0.0996603492074891
0.0974807024925241
0.0967697913686967
0.0911471570033827
0.0851551589476074
0.0791169329069539
0.0590736807923117
0.152910024255871
0.162937318842087
0.0558364594432783
0.0228285477912376
0.0192497479200765
0.0204214897133277
0.0324295249513325
0.0579417975583758
0.0911330696527718
0.130106702931277
0.203295835512011
0.245112445758848
0.193566843056522
0.185439706638508
0.15379814545366
0.145986230237841
0.141701511576779
0.141007369919804
0.137097468998332
0.139838290561778
0.148261550007342
0.147244856236744
0.150659270902773
0.161463084913847
0.176474971940657
0.192320024102549
0.176282774907389
0.153739678869338
0.133038139484622
0.133145585943992
0.137237798970294
0.153613324172031
0.168402493230776
0.195661811167344
0.212324492588078
0.217623516346087
0.184353771224157
0.19164276669266
0.197591127481243
0.236112397914064
0.280620146979096
0.25963521172198
0.237896183835017
0.199725867502235
0.197408152570405
0.171069656245826
0.162227420324483
0.134347542029197
0.120356029180796
0.105577921073515
0.0967028615807588
0.0924250250312429
0.0892257363809167
0.0824785042210361
0.073125188925174
0.0763993621462623
0.0841212494822721
0.108261014534213
0.157709550136931
0.240364878072547
0.313446119490198
0.353079054942399
0.351195817050649
0.346102489528853
0.315633320748918
0.285751617208291
0.25935569121408
0.220100227620189
0.171261846991108
0.148637263412872
0.149832508192292
0.157898685673628
0.153378911856731
0.151439146719641
0.158102686626926
0.167531918103334
0.173391410841064
0.178421776446882
0.189190785273166
0.22551728476625
0.255856751556567
0.260031071794089
0.267047929324382
0.417142414146057
0.418778355116684
0.36566194786981
0.317382488001447
0.290374639250069
0.275776780541528
0.27133174381418
0.281444155459207
0.291438244831666
0.315945898101999
0.311629681135131
0.339891033477527
0.349923639453362
0.384098006932839
0.399728797380957
0.409031194742164
0.394760842599476
0.363741008024135
0.325545250880353
0.340129272068407
0.253650513792151
0.267844555136342
0.235989429138429
0.235261062341653
0.242558432650755
0.292760195299034
0.253982495616779
0.200059408866726
0.161561358398464
0.159213781411309
0.144741122203216
0.127704035509215
0.120155549818331
0.116072059417544
0.134279699896047
0.113648995680055
0.117067397097408
0.108826317931778
0.146453332226088
0.0934986116433568
0.0781380594046628
0.076208833900035
0.0774053390344332
0.0806391086033719
0.0798335366630962
0.0831900558581172
0.0862003781671133
0.0911075166785905
0.0892708297858769
0.0866217754654367
0.0942284916636927
0.0920258178351853
0.0942050525725983
0.0901660058399844
0.0843125325992496
0.0840518316553331
0.0877279205379029
0.0881070657543165
0.0840564926171961
0.0827189902560663
0.0829328940261752
0.0827060199374845
0.0833888027279003
0.0838147841327501
0.0840093732699711
0.0840688725638256
0.0839217113728862
0.0836181016243215
0.0836194747389768
0.0834976361886123
0.0839278437198522
0.0845595256815245
0.0857137592024483
0.0854529876435223
0.0832479327190487
0.0809291117473037
0.0800048853733899
0.0802219408121685
0.0790302035431838
0.080176437293863
0.0805464718141498
0.0825248697954349
0.0843114768724277
0.0859288845387687
0.087726316993628
0.0901310804196666
0.0894753041538199
0.0910667727096358
0.0903881760779358
0.0948812655697109
0.100295849250926
0.103549076646468
0.106465945562165
0.115510060288026
0.109905156381527
0.113507844175188
0.108188760813484
0.101498497389622
0.101910701284223
0.0987691727895988
0.095335705206368
0.0933609349009942
0.0993716713940571
0.0974713652961087
0.0982983955982859
0.103682192654687
0.104783261330258
0.12019546413018
0.112569283013583
0.193398826906853
0.198015180535812
0.0131913316228202
0.0273045786925596
0.0259961694040969
0.0530827833846531
0.0932129486485151
0.120121315431634
0.141836490293774
0.21803708606351
0.238373892878169
0.21475070205313
0.194241244964838
0.182579128528215
0.168391685273207
0.165954555539986
0.167955871827716
0.174238411564874
0.172047897969276
0.177345385467815
0.183704749849726
0.187093492796971
0.176712431950613
0.173728595874102
0.181316558004239
0.205656485270233
0.197820199310504
0.189070619335588
0.14954611299262
0.139666191364207
0.139322081917825
0.158664691085832
0.176048144679512
0.209713897215958
0.221812159071136
0.202531973835917
0.180175766036287
0.193042928312943
0.201564825767869
0.234489759413812
0.272339132145399
0.248266699465302
0.243734018500822
0.224853388627504
0.197602893162415
0.171754271965507
0.161972516107324
0.136105630833809
0.128771356502428
0.130059867633952
0.121141069165941
0.107193574348624
0.100707951223454
0.101144358627252
0.102380210183367
0.0991121848516377
0.106032950645171
0.1205958171064
0.166381375282998
0.247818672278089
0.307502267377898
0.337444178493108
0.343276236798511
0.361776953322199
0.350511851540351
0.303494273042566
0.245481250572106
0.232050084200853
0.189412051029751
0.155441926929655
0.149496373653483
0.157710675695123
0.157138653770655
0.154062391096886
0.156324339650148
0.166925282298942
0.179829925963427
0.199098132598954
0.227432477551485
0.250494085764162
0.264642182253179
0.255606595292897
0.371971615820998
0.428418920135818
0.413454601442425
0.378006212639416
0.337462383667659
0.305836336272802
0.28578782519612
0.274984896328216
0.273264891122985
0.276557611227676
0.282375001872652
0.28199376568656
0.303499936462354
0.312170977012833
0.346387444569536
0.353417682709694
0.372024736458561
0.386886428568517
0.374678607048081
0.338245280246368
0.331135951412291
0.270575316905206
0.265468825150418
0.244891713644613
0.244503032086651
0.279869746349877
0.287744519508847
0.260821369531348
0.226848752127224
0.187094516612767
0.163820991710943
0.150818640241862
0.135524347110934
0.124506348622225
0.128363476058573
0.1261783283362
0.118501057423001
0.108514746914616
0.0967009122459547
0.111558609586501
0.0770696935928111
0.0788259375550248
0.0807568903587145
0.0800860164690385
0.0811138875264317
0.0821561875225084
0.0859642967388797
0.0877467849431041
0.0904791439569494
0.0935300924036537
0.092823470045349
0.0966693397463803
0.0924260405331787
0.088909754473332
0.0838395633995944
0.0811928007754977
0.0795898352000771
0.0790714125515036
0.0792327803540119
0.0795802935907625
0.0794084221738106
0.0799022056669542
0.0811905912150488
0.0813902524896481
0.0815784343649635
0.0818885474748456
0.0827104208490122
0.0822796980329369
0.0831945308969996
0.0842469052555622
0.0868962185634
0.0882770014814014
0.0879702336425039
0.0883561994502105
0.0900718560142903
0.0912411889172298
0.0863950682600454
0.0838745787586676
0.082152760421429
0.0809318664033563
0.0823544868455391
0.0847007314028849
0.0869601325746892
0.0906936764523406
0.0935000558692285
0.0957172330534906
0.0952965634995975
0.0945508620220628
0.094574770783515
0.0906088751600274
0.0948652584621245
0.101807527746296
0.104963831045416
0.106990669759879
0.115026801695426
0.116254539114192
0.119276619449273
0.116876495651298
0.118535295964371
0.118344254248565
0.107633709518931
0.105072538652884
0.105644285783006
0.116093403667758
0.131624815932868
0.138947270245193
0.174473070031298
0.187290244064814
0.224588125999864
0.156758251401293
0.163438828573688
0.139281239847612
0.178556007757593
0.0921057751476775
0.0806535387552288
0.143518399050489
0.216769251774372
0.274660584314058
0.127328257033902
0.2361394015357
0.218839988455589
0.20975153203046
0.194172473957418
0.181254741746616
0.177226125225435
0.166307717713622
0.164241066144581
0.17042499375913
0.172790073195063
0.180461330600324
0.18791691002763
0.198214555773283
0.192765125235996
0.18796374959927
0.198053012119034
0.219109780639517
0.213653402007732
0.208316593089236
0.177137571001983
0.149166554499993
0.145005827326898
0.15949333905123
0.200571002325338
0.223623656140274
0.208383004701492
0.182997922844184
0.177196170133517
0.182908035921988
0.19451025070706
0.219012870450046
0.248770047681359
0.238942297670649
0.234610919396109
0.222152068230495
0.202692246326431
0.189189492735123
0.183601877304876
0.179314587291875
0.17123995278052
0.154926407040259
0.146432122297732
0.132547629215609
0.121806414584347
0.124766965917968
0.127594734594019
0.132780795686001
0.136648377035997
0.139023768859021
0.17442197082241
0.249671397075775
0.272692012487387
0.31467909535902
0.338981549383944
0.377256588638969
0.389584027880396
0.330960079196171
0.240002678603634
0.240149260424432
0.214772280716836
0.169983820752746
0.157464475678522
0.160604711009043
0.156740167475552
0.154983344781937
0.158770571582035
0.174045563008726
0.194709920508092
0.214396502749891
0.226331877315213
0.240836276382288
0.237531598265254
0.323825525398841
0.452971036712636
0.462932896522147
0.425594117026396
0.386318136845366
0.355044789595502
0.31608025306858
0.286069363247802
0.268059728267666
0.262081042568384
0.260295385839222
0.26033345363153
0.261618066697397
0.265117454688938
0.271452330088506
0.29646836631345
0.331109218802119
0.322571865099807
0.341106873364398
0.351998900960942
0.33357133550799
0.307279797770619
0.291543909952593
0.252979672360139
0.229423978922329
0.276221497559008
0.27833308992149
0.285525862636654
0.271260576191874
0.247572873295333
0.203750075249429
0.159832818060386
0.146683405448015
0.14011539685982
0.132933142219977
0.136472402458298
0.124755015198523
0.124051401140854
0.108273997014938
0.0997311924045552
0.0988636999225201
0.0790816392449467
0.0786140570411521
0.0821904251161287
0.0833900875551307
0.0843808613475051
0.0830526035415792
0.0827274645416882
0.0833294407825448
0.083589718474302
0.0849840926282772
0.0840758381812405
0.084007956811127
0.0815359341220717
0.078433783129262
0.0779899123028131
0.0759272903600208
0.0752631413796915
0.0739838682430003
0.0741066435394887
0.0755300891250891
0.076567146144193
0.0766420088454924
0.07775108710441
0.078601184292279
0.0782850007866119
0.0782931935183756
0.0799672699643986
0.0810723179890628
0.0838400163206618
0.0853230526696709
0.0864543152704805
0.0878834496339164
0.0892871870611439
0.092936187711302
0.096163000823958
0.0964831138165832
0.0916753235394309
0.0904492305874548
0.0901947895905247
0.0894745753034738
0.0898844030394727
0.0889986688397204
0.0953025542711172
0.0992300566648645
0.0965693608272621
0.0949837050258786
0.0917270909318616
0.0882939702699378
0.0883583340354977
0.0868576557038371
0.0869402573738292
0.0954387959271665
0.107679869399952
0.113773315681222
0.123705994069529
0.140681721980989
0.142925066672402
0.151011172668388
0.153198047586461
0.157598745558265
0.161389756587352
0.155531172171456
0.163129914821074
0.179317330573343
0.206683168274163
0.229103789316474
0.239918434310043
0.246580000172788
0.353255951761826
0.252253764685831
0.244786730544655
0.177791747654704
0.159489051397932
0.177787147384093
0.191612350073245
0.321954283450247
0.259335473866986
0.227686910587975
0.192529701191932
0.198644400924587
0.188871024067988
0.177819925310226
0.165215077488654
0.156359945697346
0.155924442583681
0.154500676057601
0.157351791289924
0.162685344952445
0.16684870971754
0.166148878164697
0.176515472997649
0.19559470150746
0.201424682965571
0.195931225872499
0.197992397019474
0.212082447709873
0.21990876306656
0.218321140282741
0.208513520966939
0.173985723028494
0.163938796991196
0.182423174423202
0.22602083469868
0.239766737817186
0.1938504773889
0.175812237957942
0.171115441392701
0.174375946383886
0.181651085546872
0.201112912535714
0.231956624688784
0.224511713801447
0.225940385669513
0.219163266977944
0.2161123818136
0.204260323870382
0.192381295846603
0.192213797037937
0.195982380240324
0.175324270223731
0.157864242305043
0.154171532831187
0.149678431010401
0.143935083128918
0.150748586608149
0.147086915621374
0.156593779315643
0.159234582370108
0.176906568007616
0.23866001370174
0.25758901497801
0.305926423833127
0.354490881569964
0.37904463218513
0.398271947636089
0.36734583980527
0.294481309450141
0.263215596900135
0.262698010178961
0.204686108714209
0.175150784282109
0.166058074197488
0.159302159586106
0.157108971433173
0.163240640585418
0.173872856173812
0.187037260982266
0.197440808263049
0.209012332435959
0.219495859663291
0.228849910040747
0.359862837897666
0.424168560581817
0.448148214106376
0.424416702089356
0.387814657526174
0.351361353258444
0.322301744309959
0.295445478734547
0.270690746040141
0.255454001709653
0.243878542198456
0.243070598856283
0.249308111249164
0.24497150954127
0.246924464710721
0.252305547937532
0.369278713483483
0.425536513062934
0.404340629302935
0.376497967884406
0.348282754558682
0.299309116455547
0.28424944459618
0.239890294344377
0.219552132088306
0.30241919198306
0.331637957220659
0.302823215259927
0.285389650370621
0.26385029987614
0.205726531401365
0.164364364343997
0.144368939845348
0.139469219166574
0.135894802868109
0.14070535657004
0.127620668373964
0.120187659500993
0.0990544063516758
0.0951005687155596
0.0865948068532613
0.0761001425755581
0.0757713189596969
0.0799365374623628
0.0814450519183002
0.0815821221041508
0.0805274290944101
0.0791863590585422
0.0803334545051438
0.0797558526315946
0.080397779998004
0.0781053539012547
0.075743790234507
0.0730788383264712
0.0722836756322096
0.0723614180949995
0.0728073958765166
0.0725355399424274
0.0715952282523712
0.0709941617191833
0.0711319989076714
0.0716143041434831
0.0734322489653822
0.0742179320422552
0.0751746089317404
0.0755807808629749
0.0760965642579557
0.0779609797066359
0.0806726142007107
0.084697696708038
0.0898278192022889
0.0929900037788232
0.0955663367661668
0.0973127210697955
0.103860332795732
0.106671433537312
0.10371009075097
0.0965095856808978
0.0907543847118431
0.0927657779697622
0.0975119765265706
0.095132824035219
0.0937473918360289
0.100909285271236
0.101881420625723
0.100800308629328
0.101373677044772
0.104769928799994
0.0942928460083754
0.09343219875933
0.0931005884869898
0.0987772827605523
0.103311548944461
0.112003960547323
0.121611456026883
0.13427316533253
0.155413089115427
0.161205540006948
0.171423386187457
0.177354036213636
0.184079114215988
0.194729883824242
0.190409698772867
0.189578426081404
0.19638809043478
0.198535262891434
0.00416991914240958
0.247418201397664
0.240455230016248
0.31549524329325
0.323518819561125
0.369522623609705
0.38157257630629
0.465274630319148
0.453209743048773
0.506949769687889
0.392370662458453
0.231929822925958
0.183435422991152
0.170436544831061
0.132298110900389
0.133592084183499
0.130387867199149
0.131918984315554
0.134899392202692
0.142463392300291
0.144977416056962
0.146256522788542
0.151486733793166
0.158611354010156
0.162729050234276
0.169809529728344
0.182898521288273
0.191180449861903
0.190474721210222
0.199429289300407
0.218809577994856
0.235480525775473
0.231893880299307
0.231653185396347
0.207686673159077
0.188567539038677
0.216963461915784
0.23667806935109
0.238518511962706
0.210203321052505
0.185598844622917
0.178441737364036
0.178825209773333
0.181774176915883
0.190819358874201
0.214521822225763
0.207910870432635
0.208248521366005
0.209559623778922
0.20809774819304
0.218468452471057
0.212605940766118
0.201251035176458
0.18593265920638
0.181214899603441
0.172167594947664
0.160162952121883
0.15932142871641
0.161901506083536
0.175589754649978
0.172869579284391
0.175521871836395
0.177992192176374
0.190935399101938
0.223802806143735
0.252550168007214
0.319089780251504
0.370498427872814
0.4268616782685
0.439465743249002
0.405508731864681
0.346603704687431
0.31482791888753
0.292104489315655
0.233226306596346
0.182843272001999
0.164323808932392
0.15744974075037
0.155226311386716
0.159270231591796
0.16372078745046
0.171616410769254
0.17867956578491
0.192912641803327
0.202724791188175
0.227678505956859
0.320126472196598
0.373431174428933
0.51635461363849
0.359123320981477
0.348352115822078
0.338003811075044
0.317416433046608
0.300177010998084
0.277151613828759
0.26685970390933
0.251077481900972
0.238380556128669
0.2458853892256
0.232856475761063
0.233218010310941
0.263284065982857
0.329963476009509
0.389981733403965
0.401789579209387
0.386365782492788
0.352393219329537
0.302787432537421
0.272954830623958
0.275037536637549
0.272452584712621
0.301212752790244
0.267568910988312
0.263999365192821
0.266800661767419
0.255321411858111
0.197429906525025
0.163177820706779
0.148342234082201
0.139755143099895
0.134452467742132
0.142529033951453
0.129650072287756
0.114081050933829
0.0995614291633123
0.0934237983530773
0.0806451256494499
0.0720212836800819
0.0724825553542825
0.0730263739626741
0.0731915225108377
0.073070895499677
0.0740872773324547
0.0737637906883989
0.0751546419149386
0.0756825254378827
0.0757801376987428
0.0750758235785221
0.0740305265335932
0.0727958767964009
0.0713997213836372
0.0710539020404977
0.070310595413129
0.0692687796315305
0.0692232533496574
0.0695692263034331
0.0697018514894471
0.0699643245943824
0.070741602113351
0.0716434463910778
0.0731612998604219
0.0743933932790817
0.0749574348987648
0.076733471535991
0.0783067873269541
0.0813381568664485
0.0842273977312324
0.0884467124837244
0.0923210307186015
0.0953592757727116
0.0992096759745496
0.102074250821555
0.103379426425696
0.101370767917947
0.0966029962179673
0.091538382138617
0.0888346316830032
0.0958899231312412
0.100640491363176
0.10055916408764
0.105292639915938
0.106933189624553
0.108046277098142
0.110044975176874
0.111300235839884
0.119667306379447
0.112096764050169
0.11819353480116
0.126584600718167
0.138567380411006
0.144875327493747
0.144336069592433
0.156822552057171
0.167490312554968
0.179478027567499
0.197151377299367
0.212608082353212
0.23414825189437
0.249269088078255
0.267322159125657
0.26005335137288
0.270130902168087
0.165962107169811
0.159778179987553
0.181812424821466
0.206500280313802
0.21868950838448
0.238396584733674
0.25805170922543
0.29047188416858
0.312019498567036
0.237184396048883
0.161442635592948
0.143959566007285
0.137935187592895
0.130225760028581
0.121140249983552
0.120767456276789
0.126416452759868
0.131011953819459
0.135140538616483
0.140794296858805
0.143670331291719
0.151360007077358
0.158693841439843
0.165408338179883
0.170364818806574
0.176500227672875
0.18529635539106
0.193999320774981
0.198451054598744
0.208459723428864
0.223881212513567
0.240963361307664
0.244036162105338
0.25315218928928
0.246893759842514
0.229983687519344
0.255863762100809
0.257194710645092
0.248434176236411
0.233534489581402
0.215885064338584
0.203137027534109
0.195861240979819
0.191198580851369
0.194095835223872
0.206833624610142
0.193118992411342
0.198604765063488
0.203745479069253
0.204885878850958
0.20873534358921
0.20503046261469
0.197763173521548
0.188035447638947
0.179860320096891
0.163054469033888
0.160185584800457
0.160879025839462
0.16713340876046
0.193204619064217
0.199300799340438
0.202555904050573
0.211637209408454
0.216188947136263
0.228641719736109
0.258620043667586
0.317142751460604
0.382818962126995
0.443784884566492
0.508544839002537
0.467493481510078
0.403715080233583
0.36151703353638
0.310343864668969
0.253538602552919
0.183759020530771
0.155570209512487
0.147129244242029
0.14722843091225
0.152372567329297
0.15542539386962
0.159366642261368
0.163896246082198
0.184321164569912
0.178604870134144
0.261046411276191
0.320673655409554
0.318965701032105
0.394385458927739
0.359473467451582
0.318992271709606
0.314412415400034
0.311299855426062
0.296109893415861
0.276378136242332
0.267789170935171
0.253488088600682
0.24926326363277
0.172102133067018
0.404054378346505
0.414804152564331
0.379912354686449
0.340836222895799
0.363434951089331
0.377447684425259
0.377271698552184
0.351389948997553
0.312773942084491
0.284033471057823
0.292364996284988
0.397824290399504
0.00742924075139227
0.0056036254402582
0.230990705266326
0.26290815384741
0.228148952315105
0.180169614223616
0.166273173395011
0.155027682983386
0.139586638029112
0.129128595507869
0.12974883872429
0.12165542914555
0.105517310439063
0.0969802113081429
0.0894634933899985
0.0773793770792136
0.0731569337063129
0.0724633697844251
0.0718992427736627
0.0727266140128018
0.0728956551434197
0.0734483244904574
0.0740747337734703
0.074116562574498
0.0743951790147872
0.0737008385573028
0.0730227620428781
0.073155347686988
0.072300312863262
0.0708890293454308
0.0699405431220383
0.068956985768313
0.0687040359861252
0.0676255853439826
0.0676048998864556
0.0688674008802623
0.0706836525251397
0.0724738708779412
0.0736239440240763
0.0739636037647197
0.0759052120967678
0.0776699903091757
0.0803647457262817
0.0835903051310535
0.0875938832791381
0.0923402187879052
0.0974629969208015
0.100373949327689
0.103774837066773
0.10595858890547
0.111500478520332
0.116494390047377
0.120111901573783
0.116122220647465
0.110015970393404
0.0948254827452357
0.0957496113705442
0.105137687081671
0.112460119615229
0.12366710155047
0.127858165378971
0.126729495432324
0.126246711138909
0.128193702710817
0.129175964123186
0.12467214030964
0.133972312045573
0.141758640544061
0.151487733891884
0.158470367516226
0.164310839404873
0.172025207561187
0.182610672180421
0.202718507910456
0.220504948609312
0.244047169090714
0.271417476051813
0.28083086895153
0.312216438363082
0.368891577867005
0.270856832709675
0.160162396953468
0.147183968391948
0.131871944346873
0.133359614357307
0.131676201726227
0.13264168110466
0.137697834093252
0.145169067413036
0.147443524288326
0.122990442490839
0.131246325137285
0.13916117552614
0.147615333731667
0.150257557506897
0.142825956904537
0.116213896141205
0.12821282953475
0.131339297129289
0.137907790821845
0.1410513257273
0.143865478402809
0.148643645922795
0.154335977448654
0.159370386158338
0.166359962791749
0.174787616935931
0.183822009642077
0.19223094241313
0.202914885788209
0.210643381522816
0.222176103373915
0.234233209105758
0.238087360660991
0.242285109357924
0.248006129298267
0.226468032025465
0.265191422532108
0.276731496912591
0.267757171648082
0.25569263870119
0.242399539915115
0.22825695841823
0.210497532295639
0.194291745581845
0.189715732961433
0.194538768200171
0.180922114852202
0.185337861119431
0.193214857865161
0.195563374104227
0.19324121909817
0.184172204825206
0.178407594622474
0.175547573317835
0.171517449044813
0.164875544704814
0.159725934806409
0.161273809361952
0.16381343822814
0.187255278580638
0.207046643833867
0.21729488365247
0.23163758154748
0.248247275749543
0.248146491048191
0.270067852258363
0.333131708673427
0.402979522665522
0.450242753691709
0.518472805319077
0.493330999436883
0.43276141436146
0.385969349547761
0.333536488893171
0.265371652159898
0.1925484872307
0.151680422610794
0.135476316471515
0.132317211374423
0.135565042971024
0.138533981431304
0.143767997987943
0.150356002527431
0.166328820380187
0.172628176157619
0.202774726290628
0.266297325505563
0.329987554121235
0.370115201857386
0.359643075680375
0.315971955381086
0.292858495617417
0.296673144185083
0.287426873595782
0.273562220394462
0.264531393204351
0.253724426439719
0.246125047813201
0.207957660327311
0.411452672165964
0.430455496369574
0.408114943372074
0.352647723703942
0.363366656005104
0.365332974243136
0.361147073952018
0.338834964122169
0.322550822511828
0.305819817175971
0.296638477675361
0.513448271944796
0.365376600566157
0.293977136570787
0.28587632477779
0.274845134165071
0.219734134071044
0.182424880696169
0.171983361999468
0.157518385576119
0.150732424424393
0.136826155791022
0.134008087169157
0.123801070591343
0.110703145273511
0.108543010198272
0.100149510387119
0.0852985117747244
0.079051485430134
0.0761744790967598
0.0748187097224892
0.0750943070764475
0.0745098596915359
0.073846407124779
0.074505699117503
0.0750059197603589
0.0755537464437626
0.0751401684793574
0.0748972447211676
0.0749106247777045
0.0760633106728786
0.0758496656744773
0.075490432029862
0.0735172305893468
0.0732805822842368
0.0750735517033073
0.0768121094138506
0.0784278759538386
0.0783001136717207
0.079062195511716
0.0793672924975069
0.0799652423940595
0.0810588182804179
0.082983197554147
0.0856385119596312
0.0897857404773681
0.0933333731502604
0.0990070751640548
0.10408747830127
0.106452887558137
0.10938544759055
0.112645616573163
0.115890819004391
0.119396236667116
0.127603416364464
0.129845367489981
0.13025975378856
0.124187757834306
0.12033884710693
0.119249211317159
0.115983857576411
0.120657044305427
0.125090925071125
0.124585999346778
0.129404836540021
0.131041149675489
0.137831083663115
0.148073193438403
0.156337098140688
0.160265866894123
0.16932416697323
0.176174790068027
0.176836339778537
0.179135060000355
0.192160386653224
0.210816044630559
0.223719476197086
0.23783607275161
0.244756148696789
0.030887455392343
0.132440521107226
0.325654638601694
0.268448062945397
0.19287212919507
0.148247175246106
0.120864152451992
0.108873561192757
0.106166082280695
0.10655771867685
0.110651928157508
0.117405453655836
0.125617524080137
0.136349584716925
0.14748622812372
0.156416118021543
0.163348027017991
0.162955655085545
0.107848651285625
0.12585375405117
0.124469926958222
0.12794453190511
0.130393580252806
0.132332000296833
0.136019370493826
0.139746419320926
0.145976274346066
0.151278084584702
0.156899709485265
0.166526611840607
0.174714289480009
0.183590045205166
0.193127867280633
0.201800802908871
0.213034524500998
0.22511982387034
0.232988550362648
0.236927197792238
0.239698789985617
0.217035861847695
0.328420882627961
0.344319054361196
0.321172906552342
0.294263359284083
0.261050671218903
0.226776149687567
0.208228544138791
0.192772556714016
0.183780062263189
0.18170584037695
0.173287459971562
0.178364724686435
0.182529239155877
0.182600900404046
0.189031879205774
0.166586325709424
0.157918332069828
0.154683744261637
0.15805535945741
0.163487321266251
0.157558463695186
0.15601279552544
0.159084832099542
0.184082717715021
0.20824452835989
0.234958356987236
0.254371011465472
0.346202492744579
0.32612277514108
0.316519281364645
0.35191707540005
0.410931685027503
0.460678321899306
0.508961931269196
0.483744301744151
0.43778002588945
0.415335462101349
0.370308476307041
0.277671801483578
0.179282288093373
0.141958346840424
0.12896602983073
0.121474537076101
0.121579903587737
0.122199067967822
0.124835579744498
0.134778565289624
0.147210469435348
0.147730807041117
0.185006596886997
0.243069606169759
0.33974911528663
0.384166016599099
0.388073204747997
0.354201891814196
0.308045178210221
0.289543342198837
0.280767843250409
0.270340407689967
0.270244664062055
0.260264801011002
0.242579550866434
0.227052755675527
0.319059634372968
0.35548560998537
0.382183162117539
0.332188439428368
0.358085920623677
0.358648693875158
0.340367001685553
0.32788297356296
0.332233169557522
0.337772860500361
0.402749430161679
0.482052732474659
0.345405717648988
0.285528439206467
0.271862409566853
0.243763916303784
0.202976237557024
0.185012679133128
0.174543462864535
0.162310311374368
0.153978060428434
0.141936679524591
0.133968383749089
0.122152289968102
0.113938178269739
0.114017357453173
0.108911801767454
0.0968717807359514
0.0915079941081886
0.0859568129913958
0.0820045627554197
0.0810465839128767
0.0783300894572384
0.0755633683880842
0.0762887736749336
0.0750935506326171
0.075469002842911
0.0765126412191048
0.0782345164385775
0.0783438914463244
0.0818947323497644
0.0839038312473582
0.0845387468222338
0.0824401725351701
0.0801561371555682
0.0814199159342373
0.0826823955520075
0.0859705122787928
0.0878381102453096
0.0893786417453502
0.0882227978098021
0.088525309337116
0.0898060211704095
0.0887630401064412
0.0898981691788694
0.0945563656607134
0.099818394996393
0.105579045378094
0.108969652998851
0.11046799898197
0.113598809952136
0.117440491275309
0.122379133465862
0.128304536846446
0.135288814458102
0.140550939349473
0.146927247358955
0.146791057416519
0.143726787465506
0.142681973280789
0.138095486092956
0.144938732498986
0.143537917428483
0.137445284330486
0.136687479007634
0.143458595615579
0.149794369246754
0.162209684529907
0.168785874778324
0.175248019659641
0.185114348177808
0.198724099451516
0.212038353413883
0.229808383707354
0.26306350720035
0.317210354200182
0.346668410894468
0.385312965798038
0.411803653075873
0.294287376305133
0.252181759654961
0.355224436817532
0.299488810193756
0.201177883307043
0.170109245327203
0.141463424022143
0.123808819513449
0.112089970258249
0.110169860670192
0.112295909403692
0.11694496700036
0.123701707682534
0.132811872262658
0.137582797468462
0.140436446651744
0.14213657857326
0.134721242851261
0.110696876393602
0.11943211383018
0.118462732406974
0.121123425378338
0.122430344452402
0.124486307929944
0.127334803064839
0.131166597266991
0.137631015785164
0.144106823623757
0.150076825550811
0.157521534570308
0.164128955640284
0.172590808825014
0.180567134153612
0.18866623378228
0.197087598479028
0.21162903834112
0.22359702895634
0.227008942746446
0.231442146848212
0.229085663398812
0.235608096236183
0.266665835198222
0.267798961192491
0.260958656810028
0.243124942066075
0.225145773328281
0.19875714399538
0.182506797807594
0.169721294432411
0.171790436517694
0.160872714937805
0.169839089175313
0.172941655229962
0.171798338859062
0.196932960985014
0.170972685117086
0.151749502884772
0.145621489139797
0.148930766706061
0.153460101944423
0.15737582765165
0.154491932473834
0.157540244854817
0.174492869380599
0.198162734982584
0.233576418976257
0.25748810450056
0.274849605897649
0.289246382109699
0.324882466188302
0.360369915002746
0.430976502611752
0.51115790474738
0.497719426438791
0.462629775097052
0.444862883105094
0.418127357709008
0.401940965511085
0.355577194587471
0.236054628574257
0.158893524365471
0.128357876469911
0.114409361307311
0.11177598101985
0.107636085082358
0.109765678503359
0.114512126146585
0.123417512612411
0.129154013029145
0.191544408078487
0.250807344763419
0.331526096467326
0.386642559348533
0.414568768123088
0.378264203205536
0.315592948170758
0.277178914812629
0.264795588557945
0.260608018260184
0.263482910909282
0.270576746784034
0.279679178483004
0.306485361952844
0.273077302435057
0.314064422777015
0.328849869489111
0.401830871075263
0.408665415671887
0.347611798508347
0.328363580052425
0.337148735318081
0.341956506236762
0.364086127323129
0.393771588230568
0.47911139145842
0.334360854785002
0.278366192434848
0.246511358788716
0.221920383027195
0.201072394526102
0.188313958456033
0.172771774468507
0.161403273454459
0.15659590999048
0.148817253002505
0.135446298910126
0.124434739892975
0.120087914883913
0.119102607273393
0.111980887615659
0.104723912320896
0.102549112801972
0.0935554367953795
0.0860870093381605
0.0832260851408111
0.0830988079446891
0.0826864638040676
0.0809669630248331
0.0806442325303572
0.0815456909017544
0.0813673529080224
0.079747649679223
0.0822051996274048
0.0840944862163249
0.0837544680721144
0.0870813827499096
0.0881265441286866
0.091296201835394
0.0938355077985771
0.0955329123876816
0.101130504501953
0.105250153347045
0.107373819900399
0.109214700568197
0.109541011618517
0.108655013256962
0.106334983454087
0.104765197212074
0.105726287075741
0.106233604889753
0.109964758661939
0.114474598562226
0.114550505839017
0.116453633209693
0.119763198236504
0.124730231182302
0.12986637343736
0.137623059358865
0.145099345820786
0.155064323778827
0.163482627585242
0.161259520647657
0.16053733151311
0.162242360017737
0.16209545961141
0.167241903422244
0.166050566297974
0.163879875547279
0.169295804213261
0.175115881637348
0.181653697891181
0.193897172365997
0.202402731656669
0.214973536391859
0.244161744267282
0.26465587953881
0.305152224875418
0.349259725492027
0.387774775667729
0.354831908121702
0.413420336388045
0.439566244429601
0.924702791036637
0.214008347569656
0.289987072905083
0.22850703429647
0.209458741801301
0.21005657562693
0.208744233773484
0.189402222507162
0.169144021153677
0.152784036508712
0.150123592437682
0.156976901787701
0.159747664372332
0.146411713559924
0.153672260601415
0.15316075950428
0.151330629554476
0.133319356934404
0.114204550257626
0.119649410908972
0.118245643938425
0.121277928502784
0.122979138150134
0.125076771766515
0.126126563075421
0.128620741231078
0.132779905263863
0.138367409602795
0.144044946339971
0.148890450266157
0.154810272248689
0.16341372294749
0.172131754924277
0.178673459840346
0.185773601052184
0.196053317955174
0.210216832582245
0.204776717674718
0.213352790339316
0.219061782908241
0.231639146077201
0.250340882963821
0.249857710320972
0.242554935373533
0.233290441699839
0.222576445459273
0.201262453036328
0.178566158353479
0.166092690803472
0.156864812144467
0.15381327891399
0.154711065827657
0.156536807661271
0.157940559538369
0.15461774617052
0.153295230907685
0.142797783976514
0.134878592044384
0.13216280805504
0.142816104650574
0.149654711174201
0.148968890296389
0.148192872347659
0.16298544337446
0.181186991658094
0.221818360265253
0.256077883517637
0.276797512763333
0.317434495545216
0.345825043631384
0.39905015248774
0.472412587055907
0.549767240259535
0.507242469258664
0.480538072368405
0.463754256807948
0.4432874598746
0.420831233126255
0.397897526068428
0.347859891112372
0.198738251532304
0.12771058945566
0.107468724722313
0.105636097328863
0.104436076662622
0.10666539188162
0.107516574019889
0.112529350212847
0.113711883469313
0.232181652275996
0.316207626087786
0.328240286375408
0.0344173047256123
0.328673151570145
0.394921542887477
0.363279837611634
0.299318644090331
0.264728702262396
0.256461109403519
0.24490954081606
0.2662919079989
0.279825714981889
0.24491640822598
0.402708520272849
0.739805140425451
0.375668259225947
0.398003840255722
0.386051590581858
0.363005465603405
0.332127507098124
0.355381298560393
0.356053377601221
0.384198584062976
0.388361894094736
0.408789021516061
0.304365303271822
0.249808518941621
0.238448230984054
0.224832603520863
0.211733314913004
0.196381275198347
0.184541549144234
0.179523774969245
0.170178698433553
0.161563550775841
0.149434477181587
0.133796253583285
0.126457838668584
0.123548143023451
0.114021694173605
0.109811479659632
0.109192436480336
0.104198856981639
0.0957151082880813
0.0930697613623364
0.092133701698522
0.0907126241179358
0.0944307511002522
0.0960370594422131
0.0972256733295391
0.0962674905828852
0.0950524320648481
0.091521892529866
0.0919128832274741
0.0884643279836146
0.0923244540523192
0.0983820393935577
0.105321353680555
0.111823254248637
0.121992723488511
0.126541678912311
0.131627430301391
0.136455559815099
0.138362832709263
0.137741581943446
0.139523861255536
0.140197289069794
0.134012974782098
0.126784800032346
0.117948201411368
0.106737234882424
0.114663921501214
0.114488748132134
0.116585411915426
0.118578776791453
0.122917896885656
0.127647732357304
0.137332531935272
0.146994744689463
0.159573603679245
0.173339798485185
0.175610038955133
0.179539974725869
0.183331493078251
0.182030980714582
0.184135795479758
0.185191201253873
0.189289936557788
0.197551057973598
0.207091543954828
0.210355544927188
0.218638246278995
0.227160940685919
0.249744296329763
0.287109716534907
0.321904598062421
0.369590502266327
0.419686745316661
0.430903190760574
0.499782576803368
0.418254484011749
0.00423989409887142
0.92455005134248
0.287043927894338
0.274834039282953
0.26958119744423
0.297651853233808
0.335540989215165
0.385272689930496
0.429450893337092
0.447504535276782
0.374100228926115
0.272689230150257
0.327418788639666
0.273416911295092
0.162618885804998
0.159231436063156
0.15724304764109
0.145288322081423
0.110695509715445
0.121585979972993
0.120584778836053
0.121397060788488
0.122181128360825
0.123743274662061
0.12567875045508
0.127627690131951
0.128802085802249
0.130233669922753
0.1344632290848
0.138726785548903
0.14342979968698
0.150586835861958
0.157095411217093
0.162936011040087
0.168911062172144
0.175806328853907
0.181309877201899
0.191715489178238
0.197288897756139
0.201771214013753
0.210203193991102
0.226108901619894
0.245868081483488
0.242734637203284
0.234601876006839
0.222338679004533
0.212090540667341
0.1972083920389
0.177838633245813
0.165801917282002
0.153641974796764
0.155377734202472
0.154413452696615
0.157548467677552
0.15311213413359
0.150689918166186
0.150207973603796
0.149532319768914
0.138507452631357
0.130888382667868
0.128406266118326
0.146943558028683
0.146089590741635
0.147262396886163
0.150754374534816
0.174270536758626
0.21070628477854
0.250499137574859
0.284739045253833
0.325935979477787
0.370650572177038
0.418019564730151
0.517357462389918
0.556319501881035
0.488680302864262
0.486477343727315
0.474325951973891
0.468359931066743
0.462871935458273
0.426075038887631
0.390610164873737
0.315939322542695
0.160153466651386
0.109939579656619
0.111117101150205
0.110626581671287
0.107856030818485
0.102132911080545
0.0914327718711945
0.153593229952456
0.29922779959968
0.371254223094995
0.383078571399565
0.361080966460626
0.328638331542599
0.342020232686998
0.338752360206315
0.283826414682672
0.256272942052784
0.24719713757589
0.219819110460817
0.24266139776754
0.265874154045074
0.255513178192287
0.300650814157916
0.31510154365986
0.324518545142595
0.409890200862414
0.400760776632433
0.414231376486644
0.366454553255806
0.365037090751751
0.367575924555533
0.388461715764839
0.383277402185054
0.377301156984361
0.28145230610066
0.248689508880016
0.250669200500819
0.240214852880201
0.229391799088524
0.216549727668229
0.197888968782369
0.190321355237719
0.178986512929548
0.170540328287831
0.165277929008739
0.152363638458754
0.14320740971834
0.136203230472197
0.126464000239039
0.124571693185384
0.118704032262864
0.115890095198259
0.106956308320808
0.0990272842236741
0.0950208046801619
0.0929824494850839
0.0979245381527616
0.103305925850974
0.107408155330698
0.108734319413783
0.109369325243022
0.107963430004643
0.0996286001788793
0.0909956637448129
0.0936204861270373
0.100029275486514
0.10804953536709
0.114432874022066
0.12022187611974
0.128505375060965
0.13327904824482
0.1363398918262
0.138580586606918
0.137551933133235
0.139339701461561
0.14225099528079
0.142758187988613
0.137252532887732
0.133069104397299
0.106172206690423
0.112500659916483
0.112768157623448
0.115631198659371
0.119014404339508
0.120742553325185
0.125939644987208
0.131048114839057
0.144263970365085
0.156133957343146
0.171620661928758
0.18437106060972
0.192367102242479
0.200919340420907
0.204299391864707
0.203062582974913
0.206081105579599
0.204912590470273
0.213951893851063
0.223498476951175
0.22266144795735
0.228608522541515
0.245999519525048
0.281524716305256
0.311252211504467
0.336234589130441
0.400686955890732
0.404672550124309
0.510646939005049
0.509110400761323
0.369569834442419
0.315702441893978
0.285460352750509
0.824068591607089
0.258078931754818
0.271593970309806
0.291833862868885
0.307617759961057
0.312906312414746
0.304742509709827
0.297885090031121
0.284938966752179
0.32066917798594
0.334881314031453
0.252133179020368
0.142304497917711
0.149133838724199
0.133530100578133
0.126746246307629
0.121487762235252
0.125223768729631
0.125293524616671
0.125982284016548
0.126042348465463
0.12733752838852
0.129137102265859
0.129187175150882
0.131055920759716
0.132766322565378
0.135366929729869
0.138188411137389
0.142917706049057
0.148299128330968
0.15249906316183
0.158009928400318
0.161733089884259
0.164615418926067
0.171465228189242
0.182410004008055
0.190082146481863
0.191845682608646
0.205748952453604
0.23819256631483
0.246110801977966
0.240904664154316
0.229585797205955
0.221532244505087
0.215849877071702
0.206656951531218
0.188212239442098
0.17132884821198
0.154299464410715
0.156132844498474
0.146920928700564
0.154407996738531
0.150446794557337
0.148180379639114
0.154066524702345
0.157945140068545
0.148253770634677
0.130631196980453
0.134619484693136
0.147229906236015
0.147376247086545
0.14487148208212
0.155768824774558
0.172938080067485
0.212071179704095
0.252583163112967
0.298598901831674
0.349029494673194
0.381028674212951
0.439402391084012
0.55012331462098
0.556750584139124
0.477389464338374
0.480444793825553
0.482628569640774
0.472943081535043
0.473775213452562
0.463893610543506
0.439674645947808
0.381243866669582
0.212912000385299
0.127004234845298
0.119852685118635
0.119835209556995
0.113292512283837
0.104604116800255
0.0951380232438494
0.133850901898753
0.21397381834837
0.289564477107673
0.326664766793916
0.102938500783289
0.178434869941297
0.30226360791557
0.345323635430398
0.351655689609923
0.27502894303638
0.215225292553672
0.221195679538275
0.245933459817713
0.270278831580332
0.238951806473802
0.256459674641307
0.263382500480369
0.322284377722188
0.473234974709667
0.433596530934217
0.473966920691336
0.312130427148361
0.31196091647692
0.35926980487091
0.353033454937114
0.346750996439487
0.33744748953035
0.295571816117116
0.270616294051219
0.27307242341626
0.266486846607016
0.261372977981669
0.246877972323585
0.225436414759977
0.207534364499011
0.190750457855646
0.187741854556584
0.184609541610685
0.177561806336625
0.173973907200036
0.16195500810057
0.153735544054557
0.147809181605999
0.137761545006481
0.125626158394283
0.115666802838331
0.108302034248353
0.102737803819754
0.0997448916486988
0.103748605311314
0.108760385431741
0.111194826971523
0.115783505747259
0.118156863373387
0.119412670631271
0.119983853188551
0.105972967692315
0.101956856160579
0.111583498862202
0.110959840702194
0.116824065049428
0.120226056740781
0.128959152405078
0.136786979188897
0.14417348143003
0.149761805638566
0.150452442532491
0.155366839521854
0.160503006790492
0.170183276137787
0.151640507104886
0.122267799646638
0.114350765768596
0.115111844496464
0.118316031443639
0.119534591428345
0.121851675173069
0.124109635130592
0.12695741361798
0.131426741435929
0.139471790102203
0.150886107814386
0.161843202674206
0.17736650985542
0.195361141549947
0.202658251395348
0.208608513657561
0.210913484895297
0.218833169239591
0.22358221391591
0.228561535315737
0.234003683931295
0.234618656013247
0.244138385282013
0.267692178412725
0.313201606633431
0.338981166903331
0.3675236034359
0.437503901975905
0.475644883195238
0.563099448737731
0.565121754030573
0.877053713671618
0.0865126961535989
0.242277421234075
0.336880364305276
0.384416152856675
0.332717802648863
0.326658031441383
0.319670486792483
0.310009282522905
0.3211307611934
0.351047755166742
0.664182115067692
0.190925071231518
0.22598193400667
0.177277011098705
0.152081283158443
0.140306920268355
0.135248740011982
0.134965278386289
0.136203294161985
0.138261376973711
0.134759854587916
0.133947297558497
0.132910715051734
0.133609369399174
0.134165758211143
0.134261987709245
0.135320059636498
0.137653505901427
0.138774492047265
0.141070799893716
0.143257610207728
0.147656319132014
0.151121042340836
0.155557755119361
0.156801857812608
0.157806414401177
0.162220476325329
0.17170635361697
0.182649339206291
0.187441934723664
0.198893323190251
0.242393800243056
0.249394392119397
0.237129995201952
0.222334464756449
0.211515263927884
0.204686628852156
0.199164579307576
0.188734843395969
0.175131611066524
0.158326605787761
0.155977537428173
0.147447504932512
0.154206432967579
0.155453234966391
0.157688389517776
0.160765276244872
0.171692592177787
0.164918213583333
0.154448376716846
0.142204953416546
0.143092607184485
0.149460351168911
0.145882507128939
0.157115172571637
0.173025878256946
0.217502885072512
0.264943487710781
0.324476354206793
0.370866236649684
0.411068670804069
0.469582541150604
0.557723258486066
0.526642498729439
0.454186105431602
0.474524730439883
0.491448054961669
0.483663756576077
0.479809973201162
0.515871847661379
0.488370459548125
0.411341597159955
0.319061228607231
0.195435729620497
0.143582627042292
0.12808973763065
0.12585904332389
0.106406575552267
0.202066892775223
0.238930460770999
0.295285494873398
0.325015476730008
0.394849731670142
0.368376505034673
0.554374837306316
0.376846470616186
0.377794999753892
0.385753491621111
0.316796996350484
0.23673293366462
0.267700943689084
0.265354314721645
0.271601362665059
0.227616524264297
0.297927522493193
0.285897371387766
0.355487182640285
0.462074061790331
0.459173984660085
0.484192401280512
0.416291253668829
0.119107335316131
0.362350263519974
0.352750517371875
0.371384378540181
0.344644438540574
0.319464247057657
0.296736056011383
0.29141779261
0.287437733037845
0.278980911691878
0.281781558445706
0.262848002553024
0.240377288788578
0.216297833516273
0.208943536711135
0.199250979682629
0.195239615789406
0.200826102974308
0.189883432241601
0.177254577267045
0.170086222951063
0.154993058595346
0.146536597853366
0.131828905120151
0.122568515476862
0.113817481025109
0.107069475306044
0.106545380607116
0.110854930312864
0.110810076689586
0.113117700555187
0.118452944557105
0.116998459508997
0.118918310980774
0.109913463627377
0.101313959381455
0.116374550334324
0.116520354873011
0.119604376833559
0.126910247050194
0.134035715875119
0.137070066455438
0.13586528531073
0.13296952569281
0.132728033654895
0.13943962666186
0.144494791727268
0.142798106695938
0.119999213544377
0.125659018509656
0.118766701435567
0.11677713710063
0.118321704511322
0.11909502715737
0.120711448405665
0.122234579659707
0.125330969418321
0.129742985249805
0.139289976795257
0.149129458458528
0.160311248073107
0.175940822629177
0.192651957914346
0.205831478867007
0.216855790579168
0.220562842206759
0.22265894174767
0.226276004214702
0.231747538141384
0.24076154587208
0.247516285407498
0.260902657819223
0.297743590600275
0.337582867248347
0.343030185659394
0.400058104083483
0.355734345591763
0.485771202053553
0.590394275992486
0.55083842841084
0.90320975999364
0.234836992330225
0.250699956840037
0.306575264706382
0.340917462140406
0.343797432757622
0.342943715951434
0.326815770114251
0.324735591287248
0.367726017389532
0.306217901010413
0.180834392823835
0.167346025044723
0.175213123981844
0.157004147679669
0.150683971158822
0.138857510833925
0.1386385515716
0.144055032300412
0.147454567338526
0.147383499430569
0.146006822364545
0.144352953038614
0.141831576330517
0.1397350442319
0.139796745363115
0.141880752157709
0.142152977711537
0.143799189388999
0.144316408713753
0.144554231426151
0.145908657695546
0.149631223703431
0.151652838656785
0.153983923167601
0.152938209062172
0.155176707699511
0.15869168575761
0.164032161406298
0.173655083425722
0.179729063742402
0.189165715639639
0.226504716630902
0.254303187364187
0.244094442994531
0.226890806832446
0.210037362197684
0.201475863182679
0.1985162770734
0.190525524837216
0.181837245042818
0.160365042096092
0.160869963208464
0.147230704351231
0.147483308677162
0.157641898274062
0.166818371204993
0.171783136760455
0.17625599371654
0.180770570294918
0.181679441842749
0.169768233861538
0.156970082347241
0.156482018112181
0.146013363149452
0.156215560293805
0.177924550335187
0.214454352498051
0.284113411925118
0.370234406224584
0.40782278065576
0.42645663142623
0.465363693884255
0.539641905352669
0.531400481943672
0.442150946615694
0.494934649109322
0.510368988105438
0.510516523110789
0.486802382328111
0.534189907902714
0.544447028055018
0.482632385504606
0.445159012531913
0.323130016393859
0.196577457413872
0.153661182986627
0.11942916203919
0.101752743471782
0.169810647731053
0.294550490479155
0.34033465601221
0.368389444790225
0.373399063969854
0.365858726505757
0.331882472285123
0.336130252073843
0.404550101745526
0.437637791078488
0.403968121822829
0.313231626405958
0.267348923322779
0.245317407535335
0.234202727349357
0.263773881947409
0.347261107800923
0.409420852210559
0.448932006101776
0.461724124789978
0.466138322952963
0.469588569176918
0.909486693543531
0.0212483480216723
0.375239462289679
0.899556641335017
0.389283040951846
0.374401320010886
0.318395519598317
0.31210864016107
0.303655377763262
0.320674489698778
0.300606234832336
0.316262557563216
0.29114800605333
0.279494951542849
0.260687100264375
0.246326736594265
0.237396538233511
0.224736755379541
0.206751102388286
0.190567474064056
0.179531638431286
0.172638081074505
0.16890022543565
0.16376821256499
0.155244766461615
0.14390800751794
0.129031897376636
0.117017770936584
0.110665401144333
0.113601381120739
0.116169230165416
0.12099223427335
0.123248873975867
0.123500746286317
0.118662050421103
0.113750058652318
0.10618506895887
0.112357639466193
0.112166619314663
0.119370054783956
0.125628261151493
0.128923402058284
0.125247241052053
0.120482612799189
0.117743756355442
0.117181631424438
0.122433088158915
0.125995114941314
0.13026664509199
0.137513068180319
0.140575794989738
0.139284841570883
0.133635025032
0.129852234657593
0.127319837602423
0.126898651769802
0.128034959016264
0.130477254409872
0.136966482339482
0.141209953471259
0.149184788298946
0.158362872228065
0.16339274115471
0.177509346838306
0.192998660107884
0.201113473665364
0.209617658029255
0.216177921846674
0.227977247942411
0.237248891210174
0.251167838108762
0.267773339151571
0.29267022541949
0.322507096960916
0.349798220360585
0.350871117838145
0.35304693641856
0.29082161526905
0.512606538013161
0.583667561464579
0.417890149787614
0.136435298789403
0.247041061038455
0.266443292338791
0.310757827310146
0.346678140810935
0.377095295623427
0.404520001379545
0.427407071698219
0.396506704582627
0.229737809290703
0.222778776209695
0.16661964733504
0.173482088025935
0.167286727589696
0.156875377548619
0.152509203821895
0.142435649439177
0.144415494144185
0.150179393804796
0.156123873896539
0.158560659645969
0.156024946803373
0.154283481311483
0.152640876504893
0.149874496430133
0.148792164243463
0.149745189340744
0.149528697666341
0.150127621745018
0.150848291613408
0.150466937374096
0.15004775357206
0.153340118754679
0.15286933311303
0.150507727799623
0.150537775156258
0.153157125366402
0.152973191992321
0.155734561870561
0.162675006481259
0.171307434036407
0.1794899462867
0.204501691456769
0.256778807448893
0.254136227758499
0.243616354973874
0.216757693960595
0.212253668844916
0.211062965836449
0.20646687995844
0.200079592721905
0.177492698591528
0.178992334718349
0.157798906543437
0.157564182802013
0.16026399215156
0.168344749592268
0.178591557887722
0.187229008753793
0.193591849197261
0.189775978844971
0.184402496606394
0.15959045164268
0.152613115024922
0.149328243726495
0.164001073015185
0.200701998100027
0.22474802542077
0.319184924194041
0.411618357574627
0.451880783391805
0.447692327554438
0.505289338289016
0.502734397246722
0.534707265035402
0.916933711491829
0.478101510510549
0.517854978222634
0.524697409522536
0.494200786845138
0.477365142437624
0.507102806312245
0.481199663893851
0.48612749274947
0.308460566796649
0.213531770300122
0.145361358229228
0.262207473923863
0.23952481580216
0.174220820069434
0.286615014165459
0.360587375008831
0.374257623183516
0.366215965350352
0.344693643322894
0.066375362041167
0.289335873570886
0.398145725249324
0.383085560828924
0.377287466656742
0.324516021114651
0.284525244943577
0.261450209336165
0.21069413168965
0.355610545282602
0.401474566059264
0.48011007354013
0.47301413491422
0.449152752770843
0.475942084541412
0.928821485571354
0.408771697254633
0.926417057202986
0.448072312589059
0.461127657979948
0.451057526299911
0.387637487762774
0.308316159328301
0.322656194505464
0.318534686439205
0.334943844256119
0.308445683358694
0.293657613188167
0.249595000653277
0.22040986141736
0.236619848305375
0.251958135943683
0.255198730074655
0.224398859876306
0.214015156783976
0.201061325349823
0.20004322627135
0.190004404695351
0.181244789302523
0.177188365228926
0.177699395540771
0.164935359001435
0.144208259643206
0.126361706461838
0.11800272357409
0.118132530033019
0.119620981083385
0.126345300284386
0.125233604850962
0.124003970476199
0.120250202652994
0.11881920059864
0.110996474795476
0.112827062255946
0.112104818497465
0.116111054771957
0.114351576060557
0.113200701862538
0.111561086386378
0.112838721027199
0.114206272457571
0.114825839093516
0.118334669161049
0.124649183800332
0.131762772436133
0.139382752518936
0.146672983709156
0.151593350706595
0.152136889760204
0.147781213891022
0.141779333064516
0.138487091598961
0.13893355109223
0.138634417416168
0.140104756002335
0.145493768773452
0.148119618237523
0.151941914324804
0.160128865600098
0.169020656045359
0.180001877646497
0.193657140636135
0.202101432951212
0.210125141465779
0.223872709783506
0.236784893050622
0.261844918515478
0.288360661632351
0.318913963539775
0.350306805485481
0.353581792148527
0.389395475660347
0.304432549925049
0.344779195084049
0.451861267946895
0.468312243048815
0.309324944203585
0.139249672694174
0.261950854307428
0.291892224584729
0.33560404369642
0.372824349338278
0.379306469410555
0.374815308862871
0.36367986503847
0.327793119974245
0.227467297694044
0.21019729725831
0.189490436771959
0.183356971745585
0.166269381501877
0.162381756415559
0.162366715384079
0.154549909388114
0.155774128257437
0.160702885471359
0.165488706524089
0.173820108668953
0.175906157118638
0.177031322056182
0.174400940621502
0.169321371828293
0.165284061914777
0.165785325514272
0.163623234175911
0.162049402153441
0.162999490876682
0.162406218229053
0.161487772382757
0.16101968063813
0.158471571940271
0.157314384522776
0.156515473137506
0.157250699970739
0.157119102542271
0.156924089508357
0.158245662729252
0.164282420177088
0.173006554557894
0.191822007926952
0.236747494195875
0.252473758167226
0.246376185391489
0.231182681887846
0.226188903936673
0.227906142981926
0.226980506890994
0.213920721077237
0.197348443141741
0.200759201468789
0.181844523767171
0.178039507522969
0.172042328748337
0.17705306067341
0.186760197106176
0.189691494612316
0.196859802184139
0.192536549670605
0.203167153308324
0.160095801877906
0.157024946868275
0.157449869682138
0.170036368450876
0.216397038940787
0.247494470523189
0.381623811834649
0.457388845717377
0.47687500801849
0.468268433514872
0.492884264410021
0.488975885379406
0.493899182713855
0.468037333310202
0.463179614188205
0.476104630515836
0.470773795397403
0.454547564346649
0.468045767222488
0.511357893141632
0.50153104779973
0.469302937590714
0.396199659280809
0.340562169618924
0.239412645568929
0.37413281496868
0.377212452412153
0.2991026448555
0.303901123760208
0.326961475577901
0.34799210762766
0.344536067883716
0.338125233661487
0.250555827556169
0.352531577172348
0.328159555398546
0.304663868680306
0.277817171346878
0.273307809656287
0.27709138719138
0.22976072729409
0.194577258991966
0.352064850800298
0.405249164879052
0.47550167358836
0.497576455087634
0.441538477510984
0.475644226516508
0.175543966073873
0.428645573834343
0.396793311828331
0.423872369035444
0.458229170669867
0.414393760706667
0.38994346798994
0.28769080111503
0.320812001848826
0.326922832447231
0.350431293359304
0.29669355961676
0.256556257501721
0.196553587943189
0.19279510077213
0.198026082154949
0.230055039453325
0.232290910932329
0.222415409335238
0.229380640863629
0.217310994851849
0.205522373904224
0.20519034619572
0.195554764013323
0.184575939475364
0.181475490488643
0.172934728741332
0.1603070484738
0.144097068376908
0.126208547955782
0.125655574146501
0.128474005567801
0.126917189891553
0.123383972527598
0.123364255965237
0.122707287975515
0.121233738030272
0.11499055624232
0.115578531031794
0.114983466505425
0.111572187314145
0.110781777502822
0.111963076380089
0.111248503377805
0.113351054745794
0.115464490823322
0.119304108781195
0.124892351540357
0.132486060183339
0.138379312955262
0.143886285103163
0.151485971923864
0.156599183024552
0.162359198702426
0.161857119975792
0.157715982291068
0.154950606309394
0.150803233237005
0.147734282390541
0.148483100336794
0.151115320902941
0.150869182568509
0.149668451468466
0.153851118052383
0.16057462788656
0.168829374485586
0.180075290388438
0.197047836507601
0.21274718248934
0.225126861405936
0.242985482215607
0.264726059628519
0.29735616977617
0.328506255881786
0.362702736488809
0.374230742582995
0.352597370915994
0.338487285550723
0.423464489119111
0.520083612302826
0.550489513123588
0.396514000644831
0.19492101062283
0.276576863100643
0.329346169245333
0.383959575901103
0.412604331788287
0.410844198665815
0.387764318936712
0.371281577911373
0.351676582759597
0.313976187292903
0.262041558267056
0.222638173806985
0.20558095201528
0.179513740431941
0.178105663428654
0.175285172986125
0.16293797800533
0.163086433998088
0.16539819510974
0.170822961669103
0.180750031261351
0.188747270852008
0.191800618315298
0.190026958302929
0.185748867542541
0.182122376202267
0.179050592140153
0.176947558411685
0.176676865861643
0.178052593346407
0.177267668867695
0.175221296551101
0.172030861686916
0.169421270786166
0.167939511861101
0.166457134155877
0.165336491498733
0.164135594985611
0.16263484119295
0.161643801802895
0.164269894861281
0.172247276598605
0.184075379997982
0.208135142046618
0.265376107280806
0.264605834568329
0.246814962350918
0.237385003048314
0.233760880533272
0.233404909632017
0.225109231086528
0.213447427397964
0.223555156079296
0.2074538095761
0.203258351177702
0.199930218540519
0.200604300866705
0.201661995908218
0.202513925586912
0.198976876989443
0.185854073516173
0.20202617942891
0.175862483768443
0.163583066884254
0.162897675677495
0.182925697846739
0.232277831602279
0.266628692924962
0.455665757700071
0.480370854424304
0.481721570453233
0.49511754420739
0.504416527425551
0.494562526973422
0.508198428099364
0.51967436350286
0.484718516669187
0.435229244652941
0.185762517650878
0.384666387876608
0.459324924395936
0.500416381540321
0.513871309037821
0.476488163531622
0.459097480900493
0.437124218887739
0.346451654808042
0.385155791911889
0.430145903810502
0.356194868740023
0.305456887450563
0.332091880989265
0.355945804556963
0.305670031162266
0.29921897126061
0.226872287111058
0.269323600526406
0.300189680327764
0.280714382108063
0.303288993105073
0.345463683049878
0.355592355154986
0.367431215596012
0.286721277703188
0.391029331864865
0.470206801794177
0.514656228162428
0.466892102692848
0.438235310044516
0.449116924842957
0.443008734743519
0.441660449822693
0.435425044403472
0.430387192003604
0.411913322685605
0.447134640205927
0.339069299071921
0.26583530619345
0.316034999951713
0.334849739992657
0.368535058268009
0.306510537959267
0.246018338014283
0.150008738937234
0.188872498017352
0.223405436008328
0.259062431015096
0.260567667822282
0.24011996485125
0.23984743095568
0.238346522007845
0.225879000833415
0.219628892171787
0.218294506432743
0.20152644967313
0.189875713065484
0.175420047887162
0.16581176900512
0.146092517428453
0.13130073926007
0.129205025154088
0.126260641213173
0.126740424870993
0.122370754164861
0.125382814099692
0.124335985112318
0.122562040214389
0.116014700461004
0.118246935493737
0.114562728933886
0.113143706855857
0.11411897041116
0.117843641372459
0.120089446996381
0.122886623693948
0.126627633730022
0.130122911629939
0.13500482133523
0.142399565579191
0.147883553093237
0.154835500917514
0.159550288256925
0.16349011243582
0.167280218148111
0.171415511401226
0.170855703324861
0.16895415226235
0.165652302018629
0.162751577803386
0.159254548068777
0.159834110521444
0.157169609494001
0.152153787178168
0.150755576753921
0.1561099028107
0.163769893588534
0.168760638697077
0.187025735216886
0.212859174657372
0.235170255251408
0.24874463739257
0.26434082384
0.300287038606671
0.337906872552542
0.376023128671824
0.376484966816347
0.330940410116379
0.441005951643727
0.445770623009939
0.51880153489971
0.4990722404993
0.364424599768277
0.216317622791707
0.295230346214318
0.357692982083051
0.412063124494985
0.4325477603363
0.421148116069807
0.405703645863391
0.418840793627377
0.417816424681322
0.367902626961098
0.270250280778599
0.244994603848123
0.23102386325587
0.211595384773945
0.208934274510644
0.202982123203085
0.189965463518661
0.188322346900504
0.190647086474714
0.198427952232817
0.207339529469444
0.213139204715949
0.213505730861309
0.212144396657439
0.209948207479989
0.208842935668621
0.20573249596634
0.204344292740493
0.204977617621805
0.203759381151669
0.201031274240036
0.197081843558781
0.191774018818606
0.187937135286981
0.18430290001241
0.181881769306347
0.177154201674685
0.174450305261255
0.17009170877288
0.168713166211089
0.168374845389536
0.172047026186435
0.184311334606346
0.197668905950123
0.234813478710941
0.285095096467108
0.263391348148772
0.251310492079328
0.241174938259519
0.243334673320018
0.245640903588084
0.238934508248978
0.242353931284823
0.226006068768055
0.212649754594839
0.211461285657851
0.211329940250941
0.213270288260124
0.205114242868182
0.191596700851076
0.184356392668381
0.184426990187474
0.184818762315937
0.173946007942719
0.176353715018324
0.201609180091484
0.249160968956764
0.314359933455542
0.48634401660481
0.489153198784106
0.505262947910431
0.53165571853393
0.50295359985071
0.494682154528953
0.496305335118615
0.483665635445108
0.460405893721477
0.922131453105034
0.935654885047239
0.460911934086034
0.503482399292434
0.479642737698191
0.454519357222902
0.478999945808788
0.468571263063239
0.446178941238244
0.392698062417949
0.412510831787188
0.44045729156329
0.453621297109077
0.366503456951681
0.371341151716651
0.407419508725928
0.937133626743703
0.1865001744485
0.117427252329452
0.0934591398294699
0.19977273553164
0.185898277138339
0.216940341608586
0.235953211809705
0.251918480349233
0.299610227647857
0.247616445850432
0.278189826869568
0.401746689123442
0.433726905252983
0.381898692740113
0.41549919813297
0.433042552574653
0.441121520802349
0.45298317095584
0.434339717057305
0.445153601998424
0.905024918918637
0.406884496127952
0.362564595083063
0.28139864202723
0.295064992425777
0.312820350087117
0.339253556502797
0.30610927127049
0.25159821485358
0.15154818674174
0.17607720938302
0.21372455799491
0.264376681602736
0.284199184159048
0.256732888407797
0.251284619454809
0.243183986108926
0.245792603664338
0.226605770465528
0.221115109598997
0.20778463027359
0.190942426993041
0.179732789838655
0.169840691759924
0.159057692543957
0.147029958237049
0.139834873674538
0.134318469795125
0.132369038011465
0.127918105991424
0.13029247446907
0.12709345023959
0.12502055349704
0.115490364846903
0.121930020473553
0.121005890584023
0.118219439538826
0.122927345688404
0.128817557516778
0.132863296510313
0.135990463076267
0.137971482255573
0.141056463763347
0.143043849356024
0.149802187420448
0.154235122205313
0.161371565795514
0.168318334594519
0.173796351777808
0.176927608789689
0.181598630606735
0.185452851358993
0.185532140883505
0.183441438972363
0.176009942217804
0.172818325647585
0.17015228805812
0.164142252298504
0.158195798641921
0.154654220245197
0.154768695370196
0.160928306340206
0.1668715092228
0.177106079696274
0.206341362603156
0.238319384597932
0.251792417515902
0.271477239834565
0.324045069631782
0.367757982018969
0.402857228026559
0.380557952830953
0.372146545880583
0.471234211444466
0.43463076605409
0.488415748640094
0.532946728474315
0.292201915306284
0.27235193640688
0.296206652099648
0.380522370634402
0.408959018962933
0.436129463817045
0.430062669258406
0.428532165541123
0.509002146267155
0.501046085428312
0.410988597374699
0.304287824273004
0.25888681699365
0.247953313906346
0.233261404279828
0.232906774925768
0.227432913788244
0.219508709454668
0.223330350160072
0.222374164532446
0.22875342321605
0.236898371380703
0.241342525736753
0.240755817201449
0.237631591929618
0.235606035684493
0.235833682527257
0.235953305627904
0.235077097371269
0.235067071970143
0.233024325157473
0.22466388807705
0.221191579371997
0.217621400116196
0.211533467823344
0.205004551201005
0.199853472984412
0.196096413788651
0.19025630168288
0.183472936544802
0.177847757691456
0.176422516201666
0.176313308128122
0.183289706957041
0.195968713102489
0.212088454823094
0.288249425298877
0.296930524563478
0.271056503171186
0.246862521448076
0.257702014943793
0.264009171590578
0.260425252839037
0.266497697730726
0.251802371298644
0.240665540976084
0.2268908068631
0.222564788789261
0.226803906984038
0.217960071546066
0.201069165635826
0.189171752186951
0.199833556803156
0.199662355940959
0.178376843845542
0.187637697860496
0.226174370133634
0.266281006662404
0.3390487436347
0.507608614989331
0.512827931320766
0.530176352909764
0.509483069081639
0.49141516228228
0.489077683147765
0.461453816259184
0.484560300844707
0.457523931734575
0.0840054663663319
0.934307264244411
0.508917450503652
0.515968296710798
0.49844472884864
0.49286159352279
0.467879477609053
0.456988825656139
0.450062795975649
0.424300475127531
0.493716866028639
0.420144161896898
0.438259615597533
0.39492246461657
0.39544082298111
0.389785528492507
0.167935834317783
0.127083586426441
0.0514149891406357
0.0978801508578158
0.0341545678171036
0.0868720412787071
0.190366359816423
0.23696890474397
0.157572301190034
0.168124584248609
0.151378194478278
0.164444206602719
0.306691764833076
0.427957665411684
0.330652947349202
0.231623171889519
0.408676769635109
0.395910922249508
0.431655989426975
0.422621747076966
0.44313601836251
0.4043274592618
0.392606957053376
0.395960746580585
0.310393210286478
0.269693813129174
0.271718049090752
0.277270553628975
0.254109243948142
0.226749556834879
0.162654678071871
0.163424885812844
0.184348358686662
0.232940161616638
0.261005932389136
0.24629664247823
0.234878817417931
0.245939762482989
0.259383410082869
0.23508982303031
0.219506133959721
0.217479913078796
0.222133392767564
0.202114180855735
0.175476727272899
0.163086152671762
0.154449809817636
0.150763885253815
0.144076846752825
0.140332314521643
0.138601249053169
0.136537397779162
0.129768110583202
0.123545235126943
0.122629237997962
0.125047830136841
0.130058589784608
0.129646442660602
0.134616638455779
0.138757848858535
0.143997622046186
0.146644570301675
0.150736823234241
0.152743331314362
0.155084121373826
0.162710758646915
0.169585471077576
0.175419714440013
0.180947901031146
0.189206783018582
0.19523827031632
0.195572018772217
0.199688885328204
0.203261684834077
0.206244058178234
0.197626238515215
0.191684582558829
0.188161985624419
0.177063080533545
0.165428779955121
0.161881088700611
0.156964174628904
0.158184235405356
0.15958686323868
0.166779310386953
0.195326157480354
0.236935034024027
0.255438224634323
0.282222692636282
0.372027907134255
0.381777339334438
0.41658170626234
0.39359014165249
0.385563471843321
0.454291120239914
0.41599924205998
0.443068324857135
0.440498427804258
0.382610847330448
0.397779460301176
0.456374495629211
0.413861076711206
0.440208855916487
0.427825384560291
0.402724383130488
0.375281756979798
0.425343301055561
0.460989315007637
0.430908172414532
0.349434609221883
0.288615386612521
0.271361927506548
0.253017731570551
0.257167836153729
0.250403770640152
0.247279053334866
0.25941735062309
0.263023203886071
0.258466973276924
0.259134721242699
0.26196321360622
0.265834998980133
0.263582530034255
0.260959027122345
0.264283986816402
0.267014181271941
0.26832811953083
0.263885087950527
0.261113623709897
0.258429744777361
0.253994696179785
0.245444191637431
0.239946376717072
0.231926034432042
0.224119724322087
0.216261533729453
0.207956718904636
0.202485088211024
0.191279359192618
0.188276449922629
0.186891296896699
0.188271272045218
0.192530284788678
0.20963113123416
0.261979246695576
0.3368854964056
0.306156137594352
0.249195052643627
0.263303678360949
0.273604477458918
0.275223714451698
0.275542580881512
0.268563901267659
0.275324545267552
0.270560896438624
0.262414913613047
0.25687430835669
0.241114057757283
0.210967221186884
0.200837337237461
0.21950744852903
0.213749480866125
0.183194873744841
0.205110677561469
0.234251378747865
0.278238711201237
0.35832059786218
0.53011525172776
0.47873557118689
0.505009324233249
0.519096238901165
0.506853811549428
0.488253598838722
0.463784483520832
0.500532291810443
0.499770571517182
0.429301444041875
0.92652335986934
0.511793540176455
0.493428113169049
0.508423674051613
0.499135334075158
0.469927401236446
0.426477417189876
0.389763493686588
0.367889304925642
0.505086435461508
0.47104576281574
0.480989040323698
0.467742802746319
0.438044482620859
0.398149318129945
0.338154424843002
0.247148293288709
0.105912478109381
0.0663075001537394
0.164621032019247
0.180538826153845
0.17563817720015
0.189608744037378
0.079232988984943
0.0974077182238258
0.130413923786168
0.25512106591144
0.285565843582477
0.364618436980504
0.365798731408201
0.386654346230079
0.404230346073439
0.366662596590982
0.406388047889805
0.413267012744602
0.443634694065633
0.433225236866334
0.388054326199054
0.13189262313821
0.335372772180568
0.245344318362805
0.18197656400512
0.143897910935214
0.145989064520255
0.185892016168077
0.146433919465518
0.14261158124809
0.167520682044734
0.197389810280961
0.19655062362605
0.190792880289496
0.202327060803895
0.194232123389708
0.214909288176501
0.225825385383761
0.220692869468819
0.207827999956118
0.21179986456965
0.20854633258385
0.185430745264217
0.168392286053519
0.166600567767128
0.166655139192405
0.154247994162524
0.146463953318997
0.147205653521064
0.146763310281221
0.136152455989913
0.127215269961394
0.134734160229068
0.137617273655796
0.14276473803151
0.141732946624901
0.148914625873991
0.15941987343507
0.163143485311551
0.163918893527715
0.162772962384045
0.167507091611
0.169852561656026
0.177035339100893
0.178832552549528
0.181764047023546
0.188318765672588
0.194612967469534
0.203621782963201
0.208495377094504
0.211409224619068
0.213868371261036
0.216068914447425
0.213193614628208
0.204760822292488
0.201921129836217
0.189641411368718
0.173405349856576
0.16056719729612
0.157700087020218
0.152463565782573
0.154975809265462
0.153946485347241
0.194088776628081
0.242569526140535
0.275163651318448
0.301104855201549
0.422370096754775
0.43900616060772
0.425974592119922
0.414569720645817
0.38955370435123
0.410475379779089
0.400262805251337
0.407587721971661
0.406870085853855
0.394891918980564
0.420920979631492
0.446601278124017
0.45563993461319
0.459446246404044
0.414948191677247
0.394304033026781
0.346806953695976
0.323197300488311
0.385649878533805
0.394070839855599
0.366835189908174
0.32505742421942
0.295760935665365
0.269356282214806
0.268880069765139
0.262590213731409
0.258007817438381
0.267781438697461
0.284180940950568
0.284112695155133
0.274866275258257
0.274878339823388
0.281469410871685
0.281404213193545
0.278797700868872
0.286451591843847
0.292073056378461
0.296617169297198
0.29126423970896
0.285658900829048
0.288363603962874
0.286757216099136
0.281754640486354
0.271067769776682
0.259618255963302
0.24666819737579
0.238733199605151
0.227384443574416
0.219160396255144
0.207999470535562
0.202437412310696
0.200170867776598
0.200701398342241
0.198342810412309
0.212875416184841
0.274921467788228
0.399997149389175
0.400392839292812
0.293048963429708
0.276806536331037
0.270917698685574
0.274798595182002
0.282330206439271
0.284379643678913
0.307292810183565
0.311701237685301
0.300395180399429
0.298637656373343
0.27146771031355
0.231506742060998
0.189932179043114
0.187208183006504
0.196088646876203
0.182461400991858
0.222257329255201
0.241734458556207
0.265834355337437
0.322457585194262
0.363167807750673
0.369267727226914
0.449301525477575
0.542105936310641
0.513002113185467
0.489010546434192
0.459318759120456
0.522506135512486
0.540853140510233
0.510172648844822
0.496757135157482
0.505220535507991
0.502203370747319
0.492959779534618
0.474406612456129
0.460237667720591
0.418435590016648
0.379017573226256
0.345116076981497
0.414623155986534
0.429757457029728
0.448686302513903
0.460760686128259
0.441132007830656
0.3498811346986
0.383929985159899
0.209133525093888
0.126153103580188
0.182138454568038
0.239759087252252
0.280635147648672
0.270015116976011
0.209852097958225
0.143947231945561
0.146081043242206
0.203076494869616
0.346851501738486
0.318070937079999
0.395757950983226
0.364175116300184
0.367139414052647
0.38897324131301
0.354860651668583
0.390140582668551
0.383948858010907
0.400518918134357
0.436219322669214
0.676599589132636
0.28435477516384
0.318385661240784
0.268919602229062
0.204051699728207
0.147285074979486
0.122190560150458
0.146990962840514
0.11899600875862
0.13291646775731
0.160012379357435
0.168485590842125
0.161223264969581
0.159719172325977
0.175796124899601
0.187873267968197
0.198661343981335
0.208575818016954
0.214484846078734
0.207011199894262
0.201261894463021
0.201680783779794
0.198428712023873
0.18832847272845
0.177155516999447
0.170862117020018
0.16154368670568
0.158217019362716
0.151442149883597
0.145092771493601
0.138101983696031
0.132504152533315
0.143678352446441
0.148179790618702
0.152731511603898
0.15736156130642
0.16869424031257
0.177315333429769
0.181221938771741
0.184524849639313
0.187286542026455
0.185497989941146
0.184391675393616
0.1862583955189
0.191449350476613
0.193307962158829
0.196902523192064
0.199490536165215
0.207003068054932
0.214537671448597
0.22108662037854
0.226979981489761
0.2309478832063
0.229733325585622
0.223714875988198
0.21742596189107
0.205776386239434
0.185796389681609
0.169524666922263
0.157187480016968
0.145336576779311
0.142860654600568
0.141661263281431
0.199922770273017
0.257837174234917
0.308550780712402
0.400421465849309
0.428486545689468
0.434502426930965
0.436959825009074
0.452592299064904
0.419078934270109
0.470738214949098
0.381876853788383
0.419344245940318
0.387360800657744
0.381766348794764
0.409269206927691
0.397403802009426
0.370361904308656
0.360837830198439
0.331170128787683
0.329401249969458
0.306680544550137
0.288585606471135
0.335079649859994
0.360091759169235
0.33362407084726
0.300104186308302
0.292455926454263
0.273565411652916
0.269769756447149
0.268220356112755
0.260452779790519
0.278284213355234
0.284383644016109
0.290426194156981
0.28421373131829
0.271637641005813
0.283425376176983
0.289924605767523
0.293029254530052
0.298665690889704
0.301710417777356
0.308543939304076
0.310251334646502
0.306649077931854
0.307034138699292
0.309181949120764
0.306156840810779
0.299726376642387
0.286440406493561
0.270416563435098
0.259229239626827
0.247429817039584
0.237165126384739
0.225678841469977
0.214490873279353
0.213127988001727
0.212861119859007
0.21138056356928
0.216836244893375
0.251231989480241
0.389374812612059
0.446330202700353
0.384020741483848
0.322551815346414
0.282769271803991
0.276359323010514
0.282511629961181
0.300215526476951
0.323487798407777
0.331094912437454
0.332588602243485
0.338172829105914
0.320867890150671
0.232455403026303
0.154668400740801
0.202802970819663
0.182431705815432
0.171801582140452
0.201082071519977
0.231277701489114
0.275166087438465
0.2964687997454
0.27079620572734
0.25343014758461
0.378259208708924
0.501832372063019
0.508939506111235
0.504119436264529
0.46600791921946
0.465470846310622
0.505375903762672
0.520906267143873
0.521118550007786
0.488446786231509
0.493187851641651
0.482530848384649
0.483379223863284
0.463877014138242
0.416961496954719
0.366478016487372
0.33279902952929
0.315641899569644
0.333470951834012
0.388285035327874
0.423913360865043
0.388520334121847
0.396291263992906
0.237861319484886
0.168671936304123
0.167034652839231
0.187625104897228
0.23853670838282
0.265067186518482
0.263926931656805
0.238582650203402
0.204460306290101
0.18410678027334
0.185179472563637
0.221697739681755
0.253936229298797
0.287754001771808
0.289467492053049
0.342352463275594
0.354834910002328
0.307981851737118
0.331654221643081
0.353541119499701
0.371766436691707
0.411296455656659
0.382133116946655
0.315351112578123
0.305958107759118
0.283810425376495
0.264948891920324
0.222060087364273
0.178412571687352
0.165159852769911
0.147446673638276
0.160389268014042
0.16558026018794
0.175467462055539
0.182595331901191
0.166895771899806
0.15577827947777
0.175964647177414
0.195132426603104
0.203299140590522
0.207484464641504
0.204141127439695
0.202686308490589
0.201077712225773
0.202578700949994
0.202622888519554
0.189699330315432
0.178888854993991
0.174323928151961
0.164619627864566
0.159369956241798
0.146839211731825
0.14819780209004
0.14724233331008
0.148626766936594
0.157774798048791
0.163845522882358
0.175206427725332
0.182922469667752
0.184770694653724
0.192433599991479
0.19459297372409
0.193326221850185
0.194534534539106
0.197939367542688
0.201520996447719
0.201244910555145
0.198256634348774
0.201131517777899
0.204575514364832
0.208029270067239
0.212762036606545
0.218603385046531
0.22650742260256
0.241332250559814
0.23807858306892
0.234477302024869
0.22769288261353
0.214814045695986
0.197784050431184
0.180790364323299
0.162443752936075
0.14533620516768
0.137026893573222
0.134377999227308
0.220442451361612
0.291780950382601
0.393920153778574
0.447371097975648
0.464271101120167
0.463789179114669
0.458858681221919
0.430028218929774
0.401968686143506
0.407768915441739
0.369996685017377
0.394933523357066
0.365140500511942
0.368737061304095
0.401329785711373
0.371844735133257
0.275510979748937
0.284895094291584
0.248604766047109
0.297139421102592
0.291379192960112
0.299602170236085
0.292189522599645
0.346305759729452
0.357693415336861
0.328895935578713
0.296715527810878
0.274456396971657
0.262071390499905
0.256884967705531
0.252461583694792
0.260768122794641
0.267276033778402
0.272979302457707
0.278163300636086
0.265904043166346
0.277078386785361
0.291711470350888
0.297911130951896
0.297405607315471
0.300310605990644
0.305906054449578
0.325308314061666
0.333209495517726
0.33194898586195
0.324865062162046
0.317169182094424
0.313972969224756
0.303872643228204
0.290153223486253
0.275603899644694
0.262263193234919
0.252926133296105
0.243718017260584
0.228539942033474
0.224885417577293
0.223422819506961
0.226812214240182
0.226471391684923
0.236054405532064
0.322824733215019
0.390408323790761
0.486319605520941
0.397882626241663
0.330397637586198
0.276662949116073
0.334203788003214
0.3047476477414
0.325233929538212
0.329995061441452
0.339608591312589
0.343368378506897
0.260472803762665
0.19240194450947
0.14871533277038
0.214504251278443
0.209855322518881
0.188725725754204
0.221366203824699
0.266118803021915
0.303510968569046
0.330463368678623
0.296743363575245
0.276667016141602
0.311776338380014
0.478037327176506
0.495095120254339
0.487002794195842
0.444809047633776
0.184715757234263
0.511041389747777
0.513120148147328
0.522633338678757
0.504497750518442
0.473372326731142
0.478166255415845
0.487562492392289
0.474909784370165
0.442106713208032
0.385097794636675
0.357179550727593
0.322169914675484
0.29177123955964
0.375169274499323
0.459432992849733
0.406479103867944
0.363984649927836
0.259708268088444
0.212984443454366
0.253343153046053
0.21757714399856
0.239587455021385
0.265055674111216
0.294169332676947
0.289020983350284
0.26512471318169
0.2660571134152
0.245323641276584
0.256702135133745
0.295744404875752
0.285196539101774
0.309495932117643
0.36330421231092
0.347784858453326
0.227785953855017
0.260960864076646
0.472142425473966
0.326462624165915
0.339846294629045
0.316168611736466
0.288466277939951
0.261006028509152
0.271137006983212
0.287002453015191
0.257995423260744
0.225913183762505
0.228109595723567
0.216462131323214
0.285761502879026
0.246755650345603
0.209332128755848
0.217150615833445
0.197810120076107
0.17755348371605
0.173591348740155
0.176948886547279
0.191477503541894
0.198614440863902
0.197059560820749
0.199052944495421
0.203424301178069
0.206508577642018
0.205747903610601
0.19393874685684
0.180970396907823
0.172221043123246
0.157735123982846
0.154237489578271
0.155625477837094
0.160175863370268
0.164803341171179
0.16067729197182
0.173336202529808
0.17742018413599
0.184616950391006
0.185329398612844
0.180529470329197
0.179180622113162
0.179106520611763
0.179521907498055
0.18078974596948
0.18558683407992
0.187511976209008
0.189410596826286
0.189129947606672
0.199510066045431
0.206209475125029
0.20682300456012
0.206923213311684
0.210432427445024
0.215894407694777
0.230140427746883
0.237091785913281
0.232281752889402
0.228354066478251
0.219847382824889
0.205250276710314
0.188316375094986
0.167843611547769
0.150296959120517
0.137313327956357
0.131907517896663
0.274945232860436
0.344021117412739
0.436569242598812
0.481932808008568
0.464668641154018
0.440237597370613
0.442122666922709
0.471372240835373
0.392318366744856
0.366035750121682
0.346492212902362
0.396617510296017
0.345670854545068
0.349013683239806
0.35291082949951
0.305656888943521
0.279203585701245
0.27274598605483
0.256987667902951
0.31577083159875
0.340433268289662
0.292295546429285
0.265967000321316
0.280188108471008
0.29417026120192
0.298262614300068
0.288376000885511
0.273121432982104
0.255576320449641
0.244806656667625
0.243021669181201
0.240072752094889
0.240430983693852
0.245063222945875
0.24446383628657
0.240226512453784
0.258434886019969
0.280862546480177
0.295927980980903
0.302835667212549
0.306906537023658
0.308574670533869
0.322154012363416
0.342733307984497
0.351609044980805
0.342342421710739
0.331001029556073
0.324897687611004
0.316092381720874
0.304121005870236
0.287350744574064
0.275613459674433
0.262732390472047
0.25635540212676
0.243512652269442
0.23550413713873
0.229075225975513
0.232801486740183
0.238067668660164
0.243626274285735
0.256463004298475
0.346570821258195
0.487504882638555
0.458391192144816
0.44131072042474
0.408443268636963
0.395262039590302
0.354548976461639
0.357162684696109
0.356048022162931
0.356776062401255
0.363855422108723
0.245533756483554
0.222651223615463
0.150845283834217
0.213741412259469
0.208480675764796
0.223461896332803
0.257012520940303
0.302008058859391
0.353166030170425
0.387551659770067
0.349289167265902
0.331943667382579
0.285273613081912
0.433045071482484
0.467322973073294
0.473129794477177
0.447789432740041
0.497960664578014
0.502400051966668
0.491831578971131
0.504524047575625
0.260180112616577
0.451833482058408
0.460950727052715
0.477455199054447
0.471115004567871
0.452178157732654
0.402019805113796
0.379115738759606
0.353734048349537
0.311109186153154
0.238925398922575
0.246459312765835
0.227579211347117
0.258845088073778
0.223419721922727
0.254359326060739
0.255445160700222
0.250918432690324
0.255289536519135
0.264176801010855
0.289425266850867
0.324260745973887
0.345720424755517
0.393464298981452
0.362316377264762
0.276818869377048
0.331231777822284
0.313456215612139
0.364606866613987
0.358449401358547
0.319584006048093
0.242940691944213
0.267625163195933
0.135988387596664
0.216603839631558
0.246959073730524
0.308007975320358
0.314883550209536
0.255824997701224
0.258222843743981
0.267541675507246
0.262784982015395
0.226107423591822
0.223299319814004
0.208890615255062
0.293108380310151
0.232835809899746
0.346291889650038
0.267387636720789
0.223452711227503
0.182093072829152
0.170318339623118
0.177037543611601
0.183017335472031
0.194331231899158
0.192961207905519
0.189024248734557
0.191977148151067
0.196015125678533
0.186576862226415
0.172394670556581
0.161129831033175
0.155265762023528
0.150841743834751
0.142472441006787
0.139912997459251
0.155496702610393
0.166825177395483
0.168369052657709
0.181012985114752
0.191094189029216
0.192158537063208
0.190662702636269
0.187939767943957
0.185402998966774
0.182458635042322
0.177591758839362
0.177596865364226
0.176192869134966
0.17787111279842
0.179365873646925
0.185235306654134
0.187572137370251
0.193728213372277
0.19688591014096
0.19431956730957
0.195386824068251
0.207431609898748
0.216311429767484
0.221121785585186
0.224681740887475
0.222058046066197
0.220881303619317
0.209958808809166
0.189376312402163
0.167675040815781
0.149776024295806
0.13524667843427
0.144032222919033
0.348520149367572
0.346914370446243
0.437011486609046
0.453848783814514
0.46322818313405
0.426451871245737
0.394875086025608
0.439888395953905
0.384976642318707
0.350362326945997
0.314022139113571
0.378988701799888
0.345214744198771
0.344422715933425
0.345732337287644
0.326384885728853
0.260963293769038
0.310489403514906
0.292890794128455
0.321152613598651
0.307210784923812
0.299984358408138
0.315555250317986
0.313418702642423
0.304870757706848
0.298185833390241
0.282977010914169
0.258690637600023
0.252550069530191
0.25168091873719
0.240996442902831
0.230832091670229
0.223828075307471
0.224144167770051
0.220361491163307
0.214167122127973
0.226053137296125
0.250935070079229
0.27538356083324
0.296672611097087
0.309631704742168
0.319823753129032
0.327196039645837
0.341239406352255
0.350262904590317
0.346257831524057
0.335604106290909
0.327431419332281
0.321317897606212
0.31307415252184
0.300010629686249
0.285476803013865
0.276883822081664
0.271314899209646
0.257913659501428
0.246343274058646
0.239449448893068
0.233990918567558
0.238442228907731
0.245648915296509
0.275512037758758
0.365429747693275
0.450893211249367
0.452856303990688
0.434719109007261
0.422370350134885
0.414016963708718
0.404732107672101
0.381829067798293
0.378675354650715
0.375709733479606
0.403755094992652
0.255990310713685
0.228337987665496
0.145531076723137
0.197254806156339
0.212160874364945
0.269063284692926
0.301194165698486
0.346529733964841
0.432977481252206
0.476127917307984
0.387466736939394
0.381007023962517
0.465176328216155
0.442880569950961
0.433837277908195
0.443766923731341
0.452282807410918
0.474520346757954
0.501575826869322
0.487652141088293
0.483443059143909
0.438006637322659
0.450933181839515
0.442562371105732
0.431023877809993
0.429995627434935
0.430885304804133
0.414769211572283
0.400227941526426
0.397983678612102
0.331650044411959
0.271671177740359
0.194691400704052
0.240357267501103
0.170014917188672
0.181052932973162
0.229149480899726
0.249822444620415
0.267109620586723
0.291057450529293
0.276029570575366
0.29788970137194
0.297062525299639
0.358495303627542
0.413916680525611
0.413468055267469
0.259480354793187
0.322711611863308
0.359054564811205
0.0093444812465376
0.303565939562003
0.30344657812891
0.142566809193363
0.174035506177112
0.183941756541409
0.217636225244361
0.266759041238481
0.243215678391014
0.248244861892174
0.19835275146419
0.150315166457823
0.191467405453146
0.18507213584308
0.175803147910369
0.179777232273124
0.198066652747617
0.236929028961523
0.228397037766269
0.248293553433826
0.23854078250933
0.224241777268604
0.194743456229036
0.163753580859128
0.167522319328293
0.178892970206133
0.173031404957519
0.17069589410398
0.167663521780406
0.170928575667318
0.174846604557188
0.162917294410623
0.152507106805315
0.146972914998849
0.152045491772128
0.156019145357354
0.156282637147604
0.155594083384897
0.155518364025017
0.159690076578745
0.167663972006413
0.183289854141461
0.190282536185202
0.199306058786571
0.197448357470426
0.192000219291194
0.188649433094005
0.186830327412618
0.1798263893782
0.178234481375006
0.177369227154756
0.182593796134397
0.183389525644726
0.191331217749901
0.191998205328872
0.196580275789051
0.197524620834245
0.195316387328386
0.188681117744701
0.181540490358421
0.18977351834884
0.197347436478241
0.203324562219212
0.202673772357901
0.205031798371708
0.201158666557094
0.189855532966821
0.168918096311252
0.149434792312159
0.133949470676368
0.169988128883364
0.389994626244799
0.356630607559864
0.361477595462482
0.382319415972543
0.458565771919355
0.399990984677845
0.459556804550228
0.404388598549097
0.447609920857487
0.360067704015331
0.294201310006623
0.314665343190356
0.302708060779072
0.311100388504971
0.324002436904191
0.310003972889192
0.281322134884515
0.273930267658104
0.335092867576228
0.368461015923483
0.342392700876743
0.316076704686364
0.297652915408625
0.333687271741415
0.332910631602124
0.324866970922768
0.30727963265591
0.279571752416162
0.25381705296569
0.240731355787738
0.227633247348115
0.214479794731714
0.214482752499946
0.214883516727485
0.21870320282461
0.210377225691411
0.210149336163868
0.225792628498387
0.249468642243203
0.272132566762705
0.28988279695224
0.310074762085109
0.312552618910886
0.323206462058638
0.340056208754468
0.339784538466378
0.325816928184767
0.314561258121695
0.30793936731586
0.305983316942884
0.306396154774197
0.291409136275095
0.281372331505341
0.280132483854653
0.268932506573212
0.255696051225749
0.245076545369326
0.23484967420735
0.237966822469138
0.244359623926686
0.266223052893884
0.365504871048861
0.414665389705144
0.433223492957707
0.423306318890051
0.424548100153611
0.399938391836293
0.385506480347842
0.375631820711761
0.360786238235867
0.355945509050412
0.346340576235549
0.25507341774028
0.206229813419043
0.153795583921257
0.189149549111006
0.231968094116223
0.28114407295104
0.383726480660098
0.366343405277983
0.459555390882875
0.483005708139299
0.444771604389855
0.441817907089602
0.403165455904197
0.0253177394542522
0.399566960962404
0.392418358016136
0.420513615499818
0.456957389928889
0.50598635945042
0.928591416529723
0.50072133557046
0.454492845242392
0.392975021873893
0.435734709840935
0.419850235424058
0.40216185410606
0.40313311597422
0.440270241744697
0.433262515553383
0.335474401526493
0.34072323238026
0.280029333215358
0.209079471070715
0.158947951692239
0.191893184141565
0.238859859070999
0.210925886788897
0.264853388698
0.286814458090779
0.291896208314598
0.322793614925419
0.34650212939384
0.324986448013914
0.351062279198985
0.324405330628286
0.319957807550786
0.414559757525049
0.413436709078535
0.378603233835354
0.927614319206556
0.335896618236446
0.228221294077146
0.204293725079944
0.198322203936756
0.251823006102926
0.258336623716052
0.239043454599825
0.219746152303474
0.205372399221511
0.192396270428999
0.161438818363248
0.200646906731713
0.161273206095533
0.170220089395315
0.180861791989632
0.201701188625117
0.217344433756122
0.214608363098006
0.24248870111048
0.262792717576826
0.230149646157191
0.219914754443977
0.196720847480069
0.175025121027421
0.179822761339476
0.182999272394572
0.189047853084302
0.184174886341957
0.185207373392908
0.184886464032929
0.177153323970096
0.165606028168695
0.154759264699877
0.152364026321655
0.154019187442655
0.155421202650703
0.160037409450704
0.164284136312441
0.167084818443972
0.174336692669968
0.180394555802336
0.194876188387341
0.198156220999456
0.195257181096155
0.198747256777888
0.191767629791272
0.182652788598154
0.178412794209052
0.17956909866169
0.180743132526329
0.184124299444316
0.192234816159123
0.192416886238885
0.188584212444864
0.195539708317299
0.193735971165667
0.187957409746503
0.183609792281528
0.176281978486605
0.17672497743372
0.176336935331333
0.18292563499386
0.190509615987015
0.187942716049459
0.190670688022055
0.183337855845959
0.164615002189685
0.149189522947827
0.133914083383066
0.215988358331836
0.399002390607067
0.361545095406713
0.297399812235358
0.318734999059877
0.383591625289066
0.371512796520389
0.366963805530301
0.316033929791165
0.360489521806921
0.335722602247575
0.321981629979361
0.29261257674631
0.304187775079016
0.302899279234152
0.303273446828445
0.312774217335372
0.291549223862357
0.325779963433436
0.335322217559708
0.375008164691356
0.39317592946278
0.377620356953796
0.360967783600114
0.306248092157421
0.325672928778829
0.319423849776654
0.325014369818425
0.303044461295962
0.273941130233401
0.252125811880992
0.238167498152075
0.222318763093219
0.209663696846723
0.200918377300523
0.19935824374977
0.197761798479232
0.192205973521198
0.191485035168539
0.20387433169115
0.225695711388385
0.248751012089274
0.268803834650957
0.283529688233775
0.290164699783511
0.308724868419999
0.312893690663285
0.305607438710737
0.296278986078593
0.288425771599137
0.292788036526187
0.298145783075416
0.292922420649611
0.28170890262799
0.27774812102602
0.274564347758392
0.265084793474471
0.253782469092142
0.240569661020383
0.232888097314764
0.244376773862235
0.278795227352846
0.364343315979279
0.349084273021671
0.390470688220166
0.375642863414816
0.411560183820987
0.425912666993698
0.421438086978896
0.386069145043367
0.370909890860647
0.374949482444931
0.309070154856385
0.258911732671873
0.203302904987269
0.206627990777936
0.220537591029732
0.296698660679383
0.337981230495102
0.356183214352105
0.348635185627858
0.452358992616793
0.49389182242657
0.456759370654542
0.477273571821784
0.413282531867204
0.416518253863189
0.335104254636634
0.333691558856992
0.358361953367013
0.403969386560072
0.453037335578568
0.419428528155655
0.375677297059303
0.379337325903869
0.37774378665364
0.37442765331104
0.371373791520771
0.377385279620963
0.40864623313181
0.435556471036196
0.454260595728102
0.028524505015297
0.369937158972097
0.311484628805678
0.247545526730065
0.214418289185326
0.235224398465817
0.267215407130581
0.303559800014296
0.330851659163528
0.330192724333085
0.317991131248523
0.315923273252046
0.333802552505136
0.347238065720875
0.349732086212416
0.351946949742716
0.333712984943444
0.388564521932567
0.381654385468665
0.335820113089274
0.286157930488817
0.33050058841414
0.307432780678369
0.330425825096228
0.313444960975938
0.257660539192369
0.288365885332539
0.297179112423181
0.287993830146754
0.280068335577653
0.264137431877792
0.244299038086231
0.238035232638512
0.208021322489811
0.204381882040372
0.201935292920563
0.195496643187933
0.204152212329937
0.215120619374747
0.229988017216573
0.243334826030927
0.222960688919579
0.208073063526151
0.192555741001953
0.169732585416199
0.161904145087935
0.157392632127089
0.167218821663361
0.176084325085738
0.177340192399036
0.174604370333079
0.174519302165514
0.168612576243336
0.159964038444208
0.152335048948988
0.149429973789958
0.148123096626187
0.141729464737775
0.148648950455357
0.155242313756774
0.167000588320795
0.167464055513756
0.17334728920601
0.180476905431066
0.180975531514427
0.173572653123841
0.172066005491143
0.165889792534063
0.163569438539458
0.168065976448704
0.173842897519537
0.172005021258808
0.184319222082849
0.190851034905503
0.187831763455673
0.190085466345773
0.187175267329418
0.176919743211782
0.171996624103977
0.164552643046229
0.163649782903103
0.167319304737272
0.172884408283793
0.179147970273922
0.17460893940589
0.176634070397229
0.172107215483951
0.156111493037133
0.149511073559356
0.143162748789754
0.259645993873627
0.166496143466875
0.227549362381719
0.285022516004238
0.289434115197954
0.315728836757748
0.313589902934426
0.402147052085438
0.312188281740891
0.314028417945658
0.341891191776519
0.320907573664133
0.264590156499845
0.27777606820269
0.285600884529062
0.307884119297045
0.316788686023188
0.303523328463413
0.322708827704322
0.340487265868506
0.358077277901374
0.37216258825965
0.370421819115212
0.377289182642569
0.378648952735717
0.362766866931212
0.36594799811847
0.328126479675552
0.309463211039837
0.287902041246394
0.265617758557474
0.249059749337998
0.235631122536128
0.221576783944838
0.21104804729864
0.204298851637127
0.201047209317141
0.192635823617189
0.182957230366084
0.185103155556085
0.188001859599908
0.210568040693855
0.227175096693647
0.242699955481709
0.256335247068344
0.272387532046333
0.289072104769209
0.294132904155449
0.287624688259687
0.27699888726657
0.280770658203122
0.28659633000866
0.295187862566742
0.278596958177309
0.271825990618249
0.269858855103092
0.266830773194933
0.256982752010589
0.244367800247975
0.233690807247296
0.244605339615724
0.292786151385709
0.33997731284244
0.325585180572319
0.354361145325219
0.374525352511965
0.415635792219027
0.418027969702229
0.416077550406264
0.395113504579843
0.382434880399814
0.358997567110785
0.260121519894979
0.248697681928193
0.308539027695153
0.262176470149396
0.259768556910951
0.31171026618511
0.452552302727199
0.406904941774027
0.363112895135951
0.403970513692334
0.912519154717279
0.397889121098692
0.421407088845521
0.346681576602033
0.363270905859059
0.357992941716588
0.323228855815137
0.313355017137737
0.373143950193743
0.359886123204467
0.360928328187466
0.388242149643365
0.396575753387286
0.395443558597978
0.381782737296908
0.37738684352316
0.383619162378677
0.403562670938259
0.397706031610328
0.363372712824777
0.39465255654376
0.468511671144669
0.428162212466317
0.380526365596188
0.301937488833023
0.239503597934902
0.285217419912015
0.332251185421921
0.384403954067062
0.376682917723459
0.353708181679135
0.327957432745037
0.324034178211981
0.369138108633418
0.372268036565455
0.367030321860371
0.346126303385366
0.331148423059005
0.345314145710115
0.320674515273754
0.299671143239644
0.33785826818739
0.332872957118928
0.359931505378197
0.357691336135853
0.328319255989888
0.31406982846072
0.312081647717582
0.291126532814593
0.296863073866749
0.289569489242209
0.288384771900033
0.245040483602085
0.269490799183358
0.238899827834097
0.228550369248589
0.218242864758034
0.214815613577364
0.211165961325577
0.255428540007077
0.241817741696062
0.235773830153808
0.209671736503656
0.194766783369037
0.172252660120763
0.15672224106602
0.153621546158135
0.149360629094691
0.160933171202445
0.169002004921058
0.165859250319017
0.1613986219365
0.155940973217448
0.152225605662827
0.14565124205254
0.138826261308436
0.134320122238911
0.132396225550223
0.1409438498269
0.141628052168228
0.148718461546321
0.153111548380519
0.160444289424352
0.161944677550238
0.165865187263682
0.166138794898489
0.164084359301447
0.162674719514745
0.162887930688818
0.161831932167873
0.164438532236511
0.165876057832158
0.169421259707785
0.174811380825793
0.179627556544354
0.180008359208103
0.178453911805277
0.175365531865364
0.16763052638438
0.157579264516117
0.150795542006124
0.153167209890713
0.149588912381839
0.160646253877081
0.164736521659896
0.16801163477416
0.159120221621658
0.148897796096289
0.148466181947128
0.149110101893265
0.230432054889759
0.132084554453924
0.105554297085159
0.170878837901286
0.259206382449956
0.261388595676997
0.232484362785032
0.328057986082726
0.302587979049226
0.344058334040191
0.312821005683273
0.283847545017424
0.256454552289586
0.261387238817266
0.263077793520087
0.278215438114496
0.267212159085185
0.271355138554759
0.291457281037326
0.323350285209938
0.339854253818136
0.325000068993251
0.33711275727301
0.356565135298007
0.399737630145114
0.347353262585031
0.376562629264644
0.415641131672556
0.353830556871815
0.318647985806553
0.296114190631116
0.279064758142192
0.267106484074584
0.257348388117321
0.246553276656779
0.227601194642163
0.222864483035825
0.213380271582225
0.202383485368443
0.195200163285566
0.184769273583364
0.19271460944344
0.205283359108023
0.220370427635736
0.236996334101813
0.250279991700682
0.267491276367072
0.278091491817504
0.279983163104707
0.274167559689991
0.273814686302626
0.278503990220957
0.283131398299242
0.278540273624159
0.270159404324648
0.267621116111281
0.265820072368588
0.257548298320289
0.248281910379874
0.240142357943596
0.242864230524931
0.30032611207071
0.327794317663254
0.307644798423876
0.382523249993594
0.40433366225171
0.410598472055655
0.37431622919139
0.395149193837024
0.386832731301722
0.367318521209489
0.345835453702563
0.277666237223883
0.335545158826708
0.34223000834592
0.292810242291657
0.274266915889907
0.311403199157471
0.444109384281787
0.425949855390485
0.41494292917803
0.412036769225124
0.399109656988661
0.400980482997091
0.37633119076942
0.364184917571277
0.380916938812481
0.366993610182146
0.335833059429339
0.32758456090193
0.373267076988152
0.338449550272082
0.356556538557252
0.365569689252387
0.375834758846644
0.376626860094576
0.358583458368318
0.355096860113744
0.370271948842381
0.390943658488968
0.369801883265076
0.384560317400684
0.380687575749402
0.39564428231785
0.408154296564513
0.317350566430711
0.295199863801346
0.287127752630799
0.28654723556381
0.346823262249139
0.391936295348604
0.41536203750819
0.390340957607485
0.35628520556779
0.30344391594116
0.385336552115352
0.401425955669375
0.412313628756175
0.37800184866144
0.31389426469553
0.32741306686774
0.313196248473241
0.303771750460116
0.338533610747249
0.346758347308156
0.364456641761594
0.361181740365483
0.340051676233185
0.308584528695172
0.317648073007704
0.304770632462089
0.322930931027684
0.333418554585287
0.350289272496516
0.338190210067342
0.290868936770847
0.26874920079799
0.234889523630405
0.22384733692765
0.209867536447184
0.19808444712471
0.219834861370516
0.227256227461636
0.221712658392907
0.225003650524035
0.209657125486601
0.190895912822382
0.174834437051254
0.162948377932723
0.155854103316381
0.151464349667049
0.15867395573129
0.156066676523309
0.156024208474999
0.148917462447051
0.144213681750023
0.138647606331099
0.139066928318194
0.131691976653682
0.127004791328447
0.126439889105356
0.131651872556463
0.128402651389082
0.127783663662608
0.130342020319872
0.136523261093849
0.143809898269509
0.14790045588082
0.152677233108599
0.153917273095321
0.149195053266668
0.149208084318495
0.147923694714455
0.150746104153602
0.163258892388019
0.170942633034585
0.168421407024451
0.168783075188953
0.164947074537753
0.159172235085151
0.155475697220241
0.148909942195133
0.145370644969099
0.147933223698103
0.144068621886869
0.148718165117434
0.152515990266196
0.153023335897077
0.145872817284217
0.141871284618861
0.146448043869013
0.156620261279372
0.220324713231807
0.12478506414592
0.120528614485127
0.152933450977483
0.173484143838879
0.17629368008648
0.165970075632823
0.213636897327654
0.293856175836849
0.298202387733796
0.27069201387573
0.204610427007744
0.225864264294349
0.230505299387037
0.233923748932344
0.257252154242798
0.25762715847463
0.270768129342318
0.287292745176162
0.307243520490016
0.355145889504059
0.322104077458303
0.371499529276147
0.368999330129228
0.352236566492849
0.306795361673019
0.309598968677312
0.325708139851101
0.332389124400772
0.316285013486972
0.284160755669607
0.275371399410989
0.263579828588624
0.251700428882965
0.248610122616055
0.234137342251417
0.221302699103026
0.219915821136947
0.22422937248075
0.224455851220595
0.225385019352158
0.232164114921869
0.227695684982474
0.227188660621436
0.234124251407972
0.239214780502199
0.249182011129908
0.261953138173386
0.270845900193681
0.270295570186858
0.272809617069001
0.27052678032171
0.273115349480934
0.268770744898213
0.265708897877674
0.265946935320272
0.265227387823982
0.265824945195286
0.257481647275377
0.249940710392005
0.244319416429023
0.294558400842018
0.365445402628412
0.343669460446204
0.366212736756836
0.370872947082854
0.349217925094737
0.313339264225383
0.322948174055801
0.365032502351786
0.37151336307219
0.362373996503688
0.325442829509023
0.350858636241709
0.353051954755112
0.336466053324556
0.337317659909664
0.354068601491937
0.387916490371862
0.403892090040367
0.39610055943234
0.418071271824437
0.391821870235469
0.397851750789542
0.395361150871384
0.387058326051118
0.375783710580016
0.371543943441231
0.332397639466026
0.27994432600824
0.329572481102685
0.309015723222028
0.345721950756861
0.354495124566363
0.367697584601901
0.356719465269811
0.347157337724609
0.34153282794502
0.3211909064906
0.35947081138744
0.370672361296625
0.390182279688768
0.394481547986819
0.40797891045389
0.441681681999697
0.436742765618015
0.433049836401753
0.421024571165412
0.403828434535025
0.347294136168312
0.419387616278878
0.405814759331635
0.363305106694303
0.41876494947029
0.49186902300185
0.467329135303081
0.443434305286775
0.420182576126907
0.380366978426298
0.314509330464893
0.302178711611383
0.279994005564208
0.281698344977993
0.303322583621171
0.324291308997844
0.337362343121253
0.339638439969359
0.354470840152068
0.31709968120016
0.305328128915194
0.307304154474091
0.317493305492191
0.338249762868819
0.357726704013627
0.362450626342649
0.322033299205761
0.299568621984453
0.291063590020121
0.26385719613541
0.238264943900994
0.203313470313801
0.209918826548598
0.272710736474364
0.215447994822453
0.226495970656165
0.21636310123135
0.205490863098282
0.193142210511293
0.17381272618049
0.165466825191734
0.156342159391685
0.15098604083314
0.151829242727863
0.153498089724468
0.155910969742257
0.147959352413086
0.141884724513191
0.135299188404923
0.13329550701709
0.126380540552646
0.125623021763584
0.123623144161964
0.121756446244683
0.118892198841665
0.118711968614995
0.123731846996969
0.128846843919143
0.132287635666594
0.135562021305204
0.137428746908436
0.139642055116735
0.134897019907316
0.130819353296353
0.133555584582205
0.142112933554357
0.146683177952873
0.150136081626542
0.147393805857163
0.14282671563145
0.140455114444691
0.139192009720697
0.140797119519352
0.141446570836865
0.143522917414089
0.140160970578471
0.14734306406771
0.149248265953404
0.146403042939487
0.141216186299933
0.136441694478843
0.144929972874169
0.157593361688228
0.20768967810762
0.154122286996742
0.115367846898136
0.131772162879079
0.142584423552044
0.147047231617901
0.150112388571412
0.164344982819983
0.182391651107075
0.15886269950829
0.2028514417261
0.160155781952258
0.18246363777127
0.198216790706172
0.211121729915715
0.241698382405538
0.237471933763436
0.249956250571114
0.270687152355921
0.289385410964675
0.328889869889251
0.302688815256776
0.342183077845939
0.365779586524175
0.38389855931414
0.331634278607134
0.307273209662288
0.29199351083872
0.269304699045075
0.286082037106429
0.273856699633656
0.276755766435124
0.269874130354789
0.268235843575314
0.27097122504991
0.26319122213147
0.250343257007084
0.243841329197494
0.240915804895684
0.241055699609823
0.244783714574341
0.252025788361534
0.250156973418601
0.243059260913689
0.238615947041075
0.239830387270233
0.239959008341861
0.246729189769863
0.25756170683622
0.261772511677654
0.262061971086194
0.260137275575045
0.257484248845804
0.253707421114952
0.251044863770188
0.254233131217561
0.258970184406651
0.26158429297229
0.259174860022439
0.255574934451573
0.244768354709926
0.269630373860789
0.375139555188869
0.399865768189204
0.347263926248977
0.365389556434483
0.286651482944283
0.306085396692888
0.303838151160272
0.339357194302098
0.303467062723763
0.342051563247302
0.343075171009162
0.348356536291352
0.346563922671383
0.341238751901088
0.357511049272239
0.937898115012837
0.423333241897236
0.415505362524859
0.405165267263859
0.395749385145812
0.394084950272761
0.390879403189149
0.400074992814317
0.400639812312244
0.392489816070386
0.4142453503838
0.382231873166768
0.390894555060038
0.386676654636977
0.313455621888068
0.342462388968092
0.34690390308316
0.358722903846527
0.353658608453727
0.348831493125752
0.346911920281434
0.353476255177881
0.360390602070561
0.361018027465683
0.39257691515085
0.397333308685
0.379196170400159
0.371186902771587
0.371320988594943
0.390556927193865
0.387970053989074
0.397733479797128
0.393186319767399
0.443350014246965
0.428269184105235
0.455578367897562
0.456822118455101
0.454837438540043
0.43383272678044
0.419306101881934
0.405443711837524
0.374587490773181
0.319378243360516
0.300114361105864
0.276943938759751
0.275260436440752
0.280517915395482
0.291837449797223
0.292243597584986
0.287729282089111
0.290207329411279
0.296426404997168
0.277229443537147
0.301385795274561
0.317433587292339
0.350869563794012
0.355733938481069
0.354429573625682
0.309249680660221
0.311969064779419
0.273186828868933
0.246169066257092
0.270815580116334
0.216801641020422
0.194243239116303
0.210687924416121
0.22255538320413
0.210745170406757
0.199682630319937
0.195854073511458
0.188068972307735
0.17715165994258
0.162530176012601
0.154102950374625
0.154163263839327
0.152172720637021
0.151285526984624
0.154262918794484
0.155886983459537
0.152818898420422
0.146065348606972
0.137724525251186
0.134160944494509
0.127420702265158
0.131508072359694
0.131548834507037
0.12641704363434
0.123348623036044
0.125038179680429
0.123505974327911
0.121965731987213
0.125533004975089
0.130246085068903
0.131813179701383
0.131589575604844
0.131049028109306
0.128065519495622
0.130843778136904
0.128680895705808
0.121234049846032
0.11856755336542
0.11676238132968
0.116371582969211
0.119935105315901
0.123861393958142
0.129805804712785
0.134207393874313
0.13726365245584
0.142219911787246
0.145142864846892
0.142396872076883
0.134407002081848
0.135504052604707
0.139608155501793
0.159604867220118
0.179859514323418
0.246515204580358
0.163087271086131
0.178846139455674
0.156667419162056
0.140832059495977
0.135487630687306
0.129111995743093
0.111953749994829
0.117885278298886
0.157484910186404
0.156518886403943
0.176120713400384
0.195972698323804
0.204770519729018
0.224694273077022
0.236710115598178
0.264093977492805
0.246766387880851
0.26667617955087
0.262188801774085
0.234764441355558
0.262005296805617
0.250098053911634
0.269334559420939
0.241646961276783
0.247055097747302
0.245036150174757
0.230332979375942
0.246779436335588
0.249487685355517
0.255242032059914
0.255199635600446
0.267861831575663
0.269145000654347
0.262401251435607
0.248465844528686
0.244457927257606
0.242895407152724
0.241744302825735
0.24413476419087
0.24564820246155
0.245775011228048
0.246051135935754
0.243141239919542
0.241476057795742
0.237326453317891
0.242704746545842
0.24558244660213
0.251671979907964
0.252346368360539
0.25238122000312
0.250089001755253
0.244608724203083
0.242092613573683
0.242873975861311
0.245668716528107
0.251716727036083
0.251802911584252
0.2527864443906
0.249705971321107
0.245484723616361
0.270242892355827
0.282009889837129
0.283772567149312
0.292689031574559
0.271989928661723
0.30458416898206
0.298337130899385
0.339414233348186
0.280844856355975
0.38626640426856
0.390613686745418
0.358990046609609
0.332737741422312
0.338129350713587
0.309088422812444
0.28592724841257
0.377198302947474
0.398690050602485
0.378784032416405
0.378396907615587
0.385475669650048
0.378608862715555
0.38684520947013
0.406266818735816
0.397284295388154
0.416371783632144
0.417132861342502
0.403905835891363
0.368610675837841
0.339495097912062
0.357603047135214
0.358625851839254
0.365190189571023
0.372233102745038
0.36366623873985
0.358216169503672
0.352895904228612
0.349545208332762
0.352568276079402
0.391703880535369
0.400838270238095
0.389478165057923
0.399805139163204
0.405047097229316
0.410135239840879
0.411277611104337
0.404897631682565
0.39657763001098
0.400025359000608
0.402468202975259
0.419492246529595
0.415700324640628
0.417049758496009
0.415723660372982
0.405458017114857
0.392434211388724
0.36811097656617
0.320951902563731
0.29381390229077
0.277161007921738
0.278556056177897
0.282345876706941
0.287005062996556
0.276019180888911
0.253503496633863
0.254551820879326
0.261733470304421
0.263035274712301
0.294831250198761
0.312045978212107
0.360201469258456
0.366282352542583
0.354763771187582
0.346221241712086
0.3561370724636
0.333349318989869
0.300680861508993
0.229679764375977
0.218907029297271
0.19437158316224
0.19175412711186
0.191169059930574
0.190100412145397
0.187706207439308
0.186686223520431
0.182179415641791
0.177796614797577
0.166899470077124
0.153519408818628
0.148436982240401
0.141952500388922
0.13713439253481
0.140223117759473
0.144994720939881
0.154141586518887
0.153015691447082
0.150593621017217
0.146573059485024
0.131735525213847
0.126433125465482
0.130328022599889
0.129386200762723
0.134346772193172
0.131843560252822
0.125404634749437
0.123513950210487
0.123159219742137
0.120754340581312
0.124366903722018
0.122827759609563
0.125084800825663
0.125990261130786
0.125162024509985
0.12062448348378
0.111539810014611
0.103678128566157
0.100020460727691
0.101240377174224
0.103360985536029
0.108066652406276
0.117379770694291
0.122955917558734
0.130494329949198
0.130368429031625
0.132286013611325
0.131412575651718
0.127759813427874
0.133332209105852
0.139446741176346
0.158087250480519
0.155352411858036
0.311893224567381
0.231031415485434
0.254721015436843
0.184285264341334
0.140095359353499
0.151875556765137
0.147609651997409
0.137140309471861
0.170184096443246
0.188648705421388
0.163083812997226
0.173765504222593
0.191659773287171
0.2008478128264
0.227331309168444
0.240183080284114
0.252256953752665
0.197879637615806
0.197854927845968
0.211115684241884
0.219124927722992
0.221529450968198
0.231729534503087
0.198218263176936
0.193281457600318
0.214682095233381
0.283887589900001
0.254656945442866
0.229396735077629
0.211173723123215
0.275408074989123
0.240996543705286
0.252646243848402
0.269907386858457
0.259784246846673
0.248492675069504
0.240760698143872
0.239093790623766
0.238125211859892
0.246192886517349
0.252436076779133
0.245833747959637
0.24640654567011
0.242822201974477
0.243752894962335
0.246617847321967
0.245528305966367
0.247617151969582
0.244545563266018
0.24311997313233
0.24121094321215
0.240136197082916
0.238270708977218
0.235950471363261
0.235957560490556
0.237760841161362
0.238090898137971
0.23855680371952
0.243819673388535
0.249969439992757
0.245508564441413
0.264636416782334
0.278060612708836
0.280063023792194
0.286433286216416
0.294732724464643
0.307864621786112
0.30555095933909
0.306327249209348
0.302306947791794
0.327284990646898
0.293849704950146
0.291530674168602
0.275945879816515
0.335826071618937
0.346221326223196
0.345193306080637
0.381714292661235
0.392882829409947
0.35523375448339
0.366792952107919
0.383353654967788
0.374753899206185
0.373466351932245
0.382827082191261
0.386473326279163
0.404491629868744
0.438017966921264
0.394483430341951
0.37636426858342
0.352756515076053
0.356152610905624
0.354059229659193
0.362278596968363
0.362282631023746
0.352956137126759
0.358604071463107
0.35052450331951
0.353832254379056
0.349752161645267
0.381733218692335
0.38617511646565
0.390629705796857
0.389279352028502
0.416013365475334
0.425103752661378
0.440964054436477
0.424537219376273
0.414091074730285
0.406207270380616
0.410350841823953
0.416579014351331
0.421054125090539
0.443486101731621
0.434680869973026
0.405092041050214
0.377256534705747
0.363285824526475
0.316779098633737
0.290436257122494
0.274236607298598
0.306650751464658
0.286573846358765
0.282107976065011
0.255272577144821
0.226735589070606
0.230126834699945
0.244181237502723
0.247914059490757
0.252050397224618
0.281288949505103
0.339852726046712
0.364818928576577
0.386328997456239
0.336485187218328
0.370622088448072
0.330414573587926
0.298046630681671
0.20795365803173
0.198726074956045
0.196762810656385
0.192213685340663
0.197780503612509
0.180426977430856
0.173544270205446
0.166664081214946
0.158995931112503
0.155821654232872
0.148102392522848
0.151470104430056
0.144176893264184
0.12414643140602
0.119013979802522
0.116529797101263
0.121694326069706
0.131945251711106
0.140133485134028
0.145290399266557
0.146571387878418
0.140884769085555
0.1299257836657
0.126326544659684
0.132467645144377
0.137822793497312
0.134609018389804
0.132654770434773
0.123070000109245
0.118902115634351
0.118954917739413
0.121068268470047
0.118810066273392
0.114703604853979
0.115870368951561
0.106578515001152
0.0999257154329768
0.0922038067437298
0.091801375477594
0.0934273472351335
0.0959950412506062
0.0973278492111845
0.103848353393382
0.110408254832757
0.114491995748375
0.120360133900876
0.124053577669677
0.124787403343502
0.123639232096055
0.120914660016754
0.12720341245556
0.134311959297132
0.161640308951754
0.153300536842206
0.318497081257408
0.263651512904208
0.219556655808325
0.202061587278753
0.155976136381552
0.157214720734948
0.154308334146312
0.133724870263663
0.138952807045638
0.159621723759198
0.179875813898069
0.237898837614484
0.237161802143657
0.199094212755888
0.204250593200391
0.199404303000364
0.193667720995314
0.208579632771069
0.208376392969839
0.216988427660401
0.210036440372919
0.16952348384691
0.238951047119472
0.208717586102786
0.179866667425273
0.167379755696392
0.183471804142203
0.222970354292804
0.234623513165075
0.213876040581831
0.227095751885268
0.220502242979795
0.228143316803675
0.255881257735479
0.252159120626853
0.250290434194046
0.242558749561547
0.239796262713488
0.231090899891843
0.239721524629545
0.257471623512385
0.242265887592194
0.235358802949076
0.229786517735136
0.226954562035698
0.231044695525873
0.233032973421179
0.234652842132994
0.233709780332862
0.232546333569173
0.231697563972785
0.231342995319304
0.230699529122097
0.231087244893972
0.229304203683855
0.230607052533225
0.230779773639339
0.230748503214548
0.23116195188928
0.23985300273102
0.238670856487201
0.247331129212553
0.271188182527831
0.276455546125039
0.278529504721383
0.296734828029498
0.303665689941188
0.330299397410459
0.319737501591456
0.304383595141836
0.33164259952169
0.337623938922922
0.357268858228239
0.343600829403214
0.368262309605019
0.385352906414237
0.393216087197484
0.41127192156268
0.385438019418488
0.375035844823432
0.367300019238803
0.387217203448084
0.371203923257962
0.36954815241864
0.399865027892937
0.430452897479376
0.383335775516201
0.435651939789316
0.411816578896028
0.395747366184081
0.365510127633303
0.355245800759523
0.343054671490778
0.341002187434438
0.344966109627396
0.342929799926635
0.384282527817654
0.369217487933061
0.361262102259158
0.35527661174759
0.353346588928443
0.376996878473491
0.40311820550829
0.385785915552063
0.448319883380151
0.434725343289815
0.414583784809676
0.398762302363563
0.396580907571705
0.393439200949322
0.396789812727935
0.405732190744019
0.414017635389488
0.404024056931263
0.383791675980232
0.34092428767504
0.339651590923595
0.336942208003807
0.311157478632073
0.275453695250523
0.256752246549882
0.235652072571503
0.218821435624319
0.256074414113818
0.221528012359423
0.199727882908724
0.18434834499805
0.204864966649212
0.212649935900544
0.245064970192625
0.247660726326371
0.292541805125643
0.34702067419398
0.382642935662337
0.331748215054868
0.3174627110097
0.269025632704612
0.25788118459254
0.260765597301256
0.187733875182276
0.192369870170079
0.192367322145087
0.193859942588989
0.172833035413628
0.169084620044971
0.159459530870651
0.145838408871455
0.132411634824508
0.128471682716837
0.133237522503169
0.134046687625089
0.125409251223254
0.114497550733553
0.107175193041851
0.108530996127728
0.109493862561798
0.117538009860558
0.126208296113974
0.129727843337961
0.122381838117317
0.116931037940106
0.11559120572676
0.125508709877596
0.130710616005689
0.132671661525024
0.127587829006918
0.121942701893628
0.119390073232173
0.116596601583979
0.113265117552268
0.11011743787072
0.10737436362984
0.105614813502465
0.0993979141619746
0.0928940761025279
0.0896155437352088
0.0880396231031509
0.0873488194246992
0.0912102550542642
0.0958983901678289
0.0991354679071321
0.104493615321093
0.109258978877818
0.111485847952146
0.11484493205073
0.11881949140133
0.119453350380668
0.118313256480274
0.127033366421007
0.139907328269446
0.176929004854335
0.166447633462736
0.299531680209428
0.242151399948243
0.202561956089222
0.205357533079314
0.180729799995922
0.161422852274819
0.167727355708823
0.164959700106157
0.170053552291139
0.182651864702338
0.197576150216323
0.219531695152688
0.202996598025064
0.182619159476289
0.186263242089986
0.178520177036995
0.171727246316573
0.178800874935724
0.20022241727574
0.184558605368955
0.164308779054877
0.133159585484248
0.147793846881042
0.184766212108
0.183389264341336
0.154157488097191
0.154639534771367
0.164586488546889
0.175419844731487
0.177392828418031
0.199219301760238
0.203218620277324
0.205727618466849
0.216640717813114
0.226278575544496
0.215125019726299
0.202547934290505
0.241095755051511
0.223484259806137
0.224855888076226
0.228053895984123
0.224761704896924
0.21878470281288
0.218501832823313
0.212879433320477
0.208975923890252
0.208572878688354
0.209881818502241
0.214122984458357
0.217029881288602
0.221426917284917
0.221440355553522
0.220804914761741
0.218979679120886
0.215772150867432
0.213877957097863
0.215524737666439
0.213298505906522
0.218167797471148
0.223952788791139
0.230582556599873
0.237427294406791
0.260460002451305
0.272170110190219
0.280913270826208
0.294144764557881
0.312859793966832
0.348092773687671
0.336467335626086
0.347551643517495
0.356826116064951
0.365870825656666
0.359828843196703
0.366442666014142
0.384136370673218
0.401306674820878
0.412553959133859
0.428285737230686
0.420737606657308
0.421260308099804
0.378097594026634
0.406098782107216
0.39294443745127
0.378109663324942
0.405265756581117
0.401156351827588
0.410530727490242
0.40632733410752
0.383582830932979
0.38607611694553
0.369629784574077
0.366634447563434
0.359818573650914
0.34881163347219
0.346811929636421
0.346012093128513
0.369694488651808
0.363053048130523
0.358583729150466
0.357644954398292
0.360173301244612
0.35963940159807
0.354951470596265
0.347429594309496
0.428726599989215
0.440707796154435
0.428074365913984
0.391918474202432
0.380329216101816
0.384359293450061
0.412208703772877
0.367393033169166
0.34309678932935
0.351947981464004
0.286712814012955
0.269838813883076
0.292782182710702
0.293794305626285
0.286626955441022
0.253894623387351
0.207259408943702
0.232388999980977
0.239994207211288
0.194120215718339
0.188961733770032
0.182056143340389
0.193209862807371
0.204618816939878
0.2471331396509
0.252836560579498
0.255014473581871
0.273874382890115
0.319535758479331
0.336893488459501
0.30555979812928
0.276274306466631
0.231180813237455
0.21085161273475
0.258256350335525
0.179024030057735
0.187923747521685
0.176887042204848
0.180450926108365
0.165713415627613
0.159715028365142
0.15370675277219
0.140915484964692
0.12776798943969
0.115188721025018
0.119318479543073
0.122802365568228
0.121097034972919
0.121317335074986
0.117840296589674
0.109452872156315
0.10311746052652
0.109556982681977
0.115160997084112
0.114742274620943
0.108988358133342
0.102391017858068
0.105398447478767
0.109706259494957
0.1163091948038
0.120071016149729
0.119573718065224
0.114293188981411
0.112975179107272
0.108477075778476
0.104215323842522
0.105574269882177
0.102843064997216
0.0972406463682673
0.0900162337849228
0.0855743645163316
0.0842838515362495
0.0849477560874516
0.0856347600421841
0.0889033780721495
0.092521993645994
0.0946323552016322
0.100626512889619
0.102770528043491
0.104138863378545
0.107130702162183
0.112120681388331
0.115247549239332
0.117291138911154
0.132912773302412
0.150939028937818
0.190269625289609
0.135231142388374
0.342403388761457
0.276306360571362
0.249413762032748
0.236898165747903
0.201838496253662
0.200333865323617
0.200285151753923
0.1969817995231
0.201068632517357
0.228452225611194
0.222637217543923
0.252293753444508
0.209687869282416
0.191182304023215
0.201134360033577
0.178440212556356
0.153224600188441
0.149990400471948
0.132736030115836
0.117053539534546
0.133813917108561
0.112042425245505
0.140571375654362
0.138401555712387
0.15989294267816
0.141211996622568
0.152406871952121
0.136536321057033
0.132502885431072
0.163047311385835
0.168298045373817
0.179243261255367
0.178722683666289
0.190862522755712
0.200298466148408
0.195552169191937
0.191329752774909
0.200737556239716
0.203200600089577
0.20296283042725
0.20312532952565
0.20346917460955
0.199169612625219
0.197210748890363
0.194606031623236
0.192019515840688
0.192020674016489
0.198653255553099
0.199714187928932
0.202543611481216
0.210836861343618
0.205871280103299
0.202836468346136
0.202244471930934
0.199755273988207
0.198080133721179
0.198794456050825
0.197344436306883
0.199033011887715
0.206241996041317
0.210870541879432
0.223074271095524
0.237213735503954
0.256060892225683
0.266214249870716
0.294675929387752
0.308633405697256
0.335506168949776
0.357309124246431
0.389325053845063
0.38834080505327
0.381866895490762
0.380967285139473
0.413611785674408
0.423519087982366
0.416031742782609
0.372673272677048
0.449582425188372
0.432924386828847
0.404782375838167
0.373103893523057
0.360833851288969
0.391983825701389
0.369917138779358
0.403420235547359
0.404023105947072
0.386506470510666
0.39136209469819
0.375845277325097
0.370017139602105
0.365023931774597
0.3615153101904
0.364660104787521
0.370061148878792
0.368413031453182
0.367317290121245
0.397701666286968
0.392273083495418
0.376354679239342
0.370581512606379
0.367651622106254
0.363737911367455
0.35223558557971
0.358427070579737
0.38437318571923
0.385939435065747
0.391694974925473
0.356141172865155
0.36434287068033
0.396558301910056
0.40327463445762
0.347210542095603
0.30160572026451
0.274515737105758
0.239369215002751
0.239999873119208
0.271132208795366
0.244138425096961
0.255249119028684
0.243907895452028
0.19890157055537
0.239673997508311
0.285204006441133
0.263705693611162
0.230535566057502
0.215004358947552
0.22883766304482
0.243960939712129
0.260089068894733
0.296601497627281
0.260485146357848
0.265568683654204
0.287580734244662
0.305961196505546
0.301412345869471
0.246429194070168
0.201566274763091
0.176916210769134
0.226626811695931
0.176485402001764
0.160015754243893
0.175313320108354
0.171054849403691
0.154478194356131
0.147928630537968
0.140756603896703
0.127266435097418
0.116443630014087
0.105120876206593
0.104097173337595
0.107899640005012
0.111543184272532
0.118541267149096
0.120078482634049
0.12080184816447
0.114006553962808
0.115692023204934
0.112300799008544
0.108787400314692
0.10443529816632
0.0957550171883048
0.095873647847223
0.0948484426217285
0.10126808550646
0.105937421018155
0.106399005880109
0.104698851370036
0.101763171182532
0.102874329844015
0.102854241895499
0.100360701425993
0.0971012310528429
0.0946345085472953
0.0920857018927748
0.0854893520052602
0.084317816973915
0.0855536404707388
0.0890454705104368
0.0889120575001729
0.0885520420875112
0.089285256590586
0.0954192209783997
0.0957550942988442
0.0986723465941081
0.102758806005344
0.107949504780522
0.111182637816171
0.120581137382449
0.131921390122652
0.159826148220787
0.145611806763254
0.138599167644285
0.221095294371753
0.227081133744728
0.180246699576574
0.16672184199086
0.188842353996778
0.246573916770241
0.221891243306879
0.210479121753304
0.216975476372553
0.221762821400654
0.241338072662279
0.207644244091451
0.17949935409131
0.173276517950132
0.185347390551594
0.169081684327463
0.134204643845932
0.12556506180828
0.112404082423868
0.125331261091403
0.136489901940003
0.109834151639117
0.105409837608325
0.113677295618731
0.125682072344281
0.12254660577324
0.126298521533352
0.114714324389956
0.109107622711905
0.112230547942655
0.123489996940543
0.128057607961543
0.133201358121025
0.141828273345355
0.164518574291419
0.166869879731529
0.172190144836565
0.178967315727514
0.181935784320365
0.183285680242709
0.185164294326127
0.183746895650121
0.184488310123727
0.186104385095392
0.184206416431051
0.186686434426066
0.187581032376334
0.19118262751065
0.193029190311053
0.192875389490196
0.192302189571248
0.189397756767939
0.18533308239719
0.178291393085319
0.16997344018934
0.16747868214032
0.16836701611151
0.16987491784462
0.176204663011184
0.184080186199355
0.193913364244503
0.210968717614628
0.224106577585405
0.245081025075627
0.255968483394054
0.304491868483464
0.30507853316428
0.316881339181519
0.334544231498829
0.376224125183063
0.38961672454664
0.388293759354016
0.391025482060046
0.396541078449744
0.392491787226816
0.390918923542671
0.347141167399177
0.420736152983302
0.40763799365038
0.37769251259377
0.351323293224872
0.35717929130088
0.356857699743122
0.345240634506484
0.356619295032025
0.362331315462938
0.363720018315829
0.377689905186257
0.363731556093134
0.355297846838327
0.366282945480283
0.374709522877738
0.372947671340812
0.374075167220432
0.37069446354145
0.383814747137082
0.407111230207865
0.400325219665457
0.394788875757569
0.389111279997616
0.376610139557646
0.358645310433958
0.339767807081416
0.3203061068157
0.315770842595003
0.318690526044886
0.931405495374043
0.322410752858248
0.30387156942711
0.349081025170056
0.356467629291519
0.332355994584189
0.287451776203914
0.256601439953969
0.241649975204244
0.242067351296697
0.284649104797243
0.230037414847357
0.220853586167946
0.201742597530527
0.185919926649064
0.288073912407665
0.282487640746266
0.265751276246683
0.230737453466928
0.231572940091318
0.27551587410334
0.245208067695287
0.271800512581957
0.291872608333191
0.250560936308368
0.243460573150252
0.263543559979642
0.27163658755559
0.253975226892669
0.215394581700105
0.180784594343894
0.159875448085541
0.162851561123967
0.15884498883531
0.150405521262725
0.153376627663612
0.177311456305759
0.149757647274047
0.140732623814995
0.134300927254406
0.122856174436887
0.107894357448739
0.0991982450916754
0.100730479660056
0.105559595000539
0.104737672517574
0.104913595939074
0.106569264044645
0.116716882332769
0.122751719860724
0.12094660782191
0.119009133589679
0.113187991210325
0.106948122636568
0.101247319746374
0.0977805653426615
0.0964141623262461
0.0990322666878212
0.0983433620968149
0.0989011935685415
0.100689016947238
0.103815861943775
0.100026195810445
0.0999099656634613
0.0993315153630583
0.0968839587668538
0.0943068716530445
0.091989923740055
0.0875403728011077
0.0894747294294334
0.0920299166882047
0.0906585881181339
0.0901782329492477
0.0871881114952668
0.08652446944777
0.0907425693084929
0.0917590509312676
0.0943465459079946
0.0977961580066271
0.104544890831311
0.106604428050415
0.114696738592948
0.127276833204944
0.138380869522482
0.127918166809285
0.127772396728557
0.111018066279014
0.101710649876899
0.110859441749018
0.114530425087328
0.132934031889015
0.238906288623717
0.265114494503788
0.22186617272929
0.226206091092807
0.221117216509513
0.199214611721745
0.174189840254393
0.168471627722181
0.162008612755525
0.152664300290382
0.130541586542402
0.117592040484552
0.123011194182271
0.112057066431911
0.108250456831177
0.104712237390841
0.0980465429147068
0.101574704896429
0.111502055702038
0.113261644524148
0.112560081429169
0.111159450115687
0.108297356084256
0.099422294679904
0.0991393834220557
0.099891890607962
0.0994466138291788
0.106930422948809
0.114950340903443
0.131881530972746
0.139700063940241
0.152910066986632
0.157596284347555
0.160358746376958
0.158934168687038
0.165570129454226
0.169201603502859
0.170883340889593
0.175339593115419
0.17720541274995
0.178223939828104
0.179477774479459
0.176810721750198
0.177646664714799
0.176453581048181
0.17577448200945
0.175565739034129
0.169344396053564
0.163138601433958
0.157073020388602
0.155586091060959
0.156364450183865
0.156620181275211
0.166128873682214
0.170894720533584
0.179183415946121
0.213165808917608
0.22495792226375
0.259906340377099
0.271050710835849
0.315347623517147
0.306887576698295
0.30446419854607
0.306767923050213
0.321867814181101
0.363749674924707
0.376823437507838
0.369173547484722
0.379475726092311
0.362274588613275
0.371069705159677
0.368066273179474
0.364053836243396
0.364677447413245
0.346797157473008
0.342552005434577
0.342108914767344
0.329365909936924
0.321149828486975
0.330061763714903
0.341827841774479
0.358797519593463
0.384279067921117
0.367617314473777
0.351992653114668
0.368012464260901
0.365517253165956
0.378918352681096
0.368137594647172
0.359735579386239
0.375751052739968
0.346335552291004
0.387977566363534
0.399498709615798
0.400736856455676
0.388408693629735
0.361965587881407
0.355851984092456
0.345505343157237
0.331858255562177
0.308955815597769
0.270241239439002
0.283443064108629
0.284254975672179
0.279322271112289
0.359245963448382
0.342676240623265
0.359503277762124
0.295454938566561
0.323992701168775
0.278007010233855
0.234473899605006
0.208232565997098
0.186871222442089
0.18484979660727
0.22739725887528
0.301287822623493
0.235629171652866
0.215690919328074
0.208496225411298
0.235129071567479
0.221463626863898
0.219141790843082
0.242582462681065
0.247118961192754
0.233620838645146
0.241472507282632
0.289526658852848
0.251599249845928
0.222963309542398
0.195317910239223
0.176476452971852
0.15072512524374
0.149416802016901
0.145578369405189
0.151518912940184
0.155436123430097
0.173459598145371
0.147889895265439
0.137100840392703
0.130226796774563
0.115782579914183
0.106860445501306
0.100835327981126
0.0915038749683398
0.095480773722915
0.101123064207017
0.0976467426169115
0.0994595863058696
0.104740995746723
0.112728470338346
0.116872640395387
0.119760030044132
0.11758236236226
0.111841098042478
0.105934973583617
0.102002866263747
0.100316122956309
0.100875493612358
0.100859896826269
0.0987379151279693
0.10237255659956
0.105807820709841
0.0999501762512328
0.105087778610032
0.108268509130219
0.106170564828512
0.101383828928642
0.0987673325914213
0.0930555585811854
0.0938163900481074
0.09361736217712
0.091278424120644
0.0890036389176402
0.090095496415707
0.0867601943028365
0.0862503380614288
0.0880745156799842
0.0937102974958965
0.0954740599085963
0.095941427751801
0.0954938185039637
0.1052970787985
0.117823846915556
0.104451000291412
0.109223373995992
0.108685613553575
0.129081425963472
0.112785126921244
0.104067955596306
0.103249514746006
0.161814955262055
0.276353828202068
0.264753508889297
0.237934943562398
0.206385234592254
0.183593896028348
0.160804200798816
0.15434309739607
0.161629875270759
0.159472964332201
0.150325617750073
0.125874539318438
0.118088207421231
0.114992216082654
0.11322539980386
0.109038744815657
0.10338694948311
0.101716415077353
0.105176838465898
0.112823472832104
0.107458649226976
0.107474464111142
0.106402904951992
0.109421025035584
0.0978761400241615
0.0966072159278822
0.103569579791574
0.099934519357318
0.100579553838047
0.107313702268449
0.115080127344861
0.116543566568141
0.129343126141668
0.133886338130809
0.139700217978537
0.14489523113931
0.150871921355695
0.155178509563882
0.157301566708341
0.156920483553303
0.16011916850068
0.163577936623073
0.167445762708905
0.166629109041056
0.164564560861283
0.161156357100673
0.160432899936993
0.160272395937568
0.153851600282166
0.150116257599861
0.149711248211642
0.147881799433292
0.148083880218927
0.147692696828316
0.153972777116209
0.154723755114954
0.18443960898377
0.215931216813509
0.249373354246298
0.243655353242134
0.279891662997058
0.325826693386687
0.283610455073608
0.281286329401724
0.282001875318592
0.299781375946536
0.346380442813982
0.350072870049047
0.350919678901996
0.339359621346037
0.329416418258808
0.32963809178665
0.333530239844652
0.325997470020859
0.329357605427998
0.331999515909709
0.329600202111031
0.330080756354384
0.316490651765178
0.311921312877307
0.298838457669259
0.340649293020371
0.352999169147638
0.383236873303424
0.359433021886254
0.343807454335487
0.358484779835787
0.361615577543934
0.36041485532994
0.353575101246484
0.351221134965066
0.366476777411624
0.34073463423951
0.361853574782311
0.404109320117011
0.392619791254089
0.386657622233644
0.352159280731472
0.344771737454365
0.33294511986084
0.326024753664127
0.327677910738616
0.303785875922784
0.298442170829907
0.289972884290707
0.289015148023222
0.329029981543043
0.332632537916661
0.36696120256389
0.304160443336079
0.351994193364653
0.298799080159765
0.243763386266914
0.221287288565145
0.207449573143534
0.256521424592663
0.243719262500096
0.207552589516476
0.173956010475782
0.17763691836686
0.215324102814359
0.214117204275174
0.189984389798442
0.186279520808882
0.201275795766519
0.235628005950326
0.227162120332217
0.265060041215005
0.292362166919784
0.234848641908891
0.201961719572542
0.174290262590743
0.172780535663089
0.151689491799952
0.139100428720126
0.155093911102361
0.181188655744347
0.142770670477029
0.149038940699245
0.135103317770495
0.129160884056321
0.122755726367487
0.107710625986334
0.0992320800172711
0.0901565841700545
0.0700866562414536
0.0769451754168688
0.0853752768699573
0.0988103018536388
0.0974842785036652
0.101091917817528
0.107327950844364
0.108895914072764
0.114827923981303
0.110618252170066
0.107640332619207
0.105258578118282
0.0998312444322758
0.0956628973227283
0.0936571525868302
0.0918806787001888
0.094201795395478
0.0994560923247074
0.103662141644678
0.0998772750441178
0.101387406761278
0.110305014026445
0.108961758248247
0.104351119225319
0.101689223244806
0.0941630219801402
0.0941831053892652
0.0892709797115639
0.085430495881672
0.0873064031863658
0.0872877771530272
0.0879889643124299
0.0863602389794978
0.0898097751720787
0.0929269178352914
0.091755090545723
0.0917480661029177
0.0894203225648868
0.094587010225613
0.107518607620774
0.120354210529318
0.135510387500757
0.135920436586326
0.14283476842272
0.1015160047473
0.0980983006505883
0.109968800500474
0.165830803912943
0.263803978152625
0.229529993810028
0.198507054342573
0.172425657011302
0.159546882032122
0.154730923761014
0.20641853194336
0.213120098199813
0.183051320290466
0.161253266345432
0.134717450817574
0.119027423944428
0.115653563842945
0.110099218698901
0.102993338974921
0.104240977571683
0.105584295857067
0.104297606434862
0.103954726209841
0.102768530936267
0.105108846547769
0.102686545063331
0.100586478873789
0.0896293806328687
0.0889033931244169
0.0945534133524221
0.0980464168545172
0.0978763573027559
0.0986406117578255
0.102792488547366
0.111439918130134
0.116975301008149
0.12199016324119
0.129249853896358
0.135803912266237
0.138594006451057
0.140474434430618
0.143366127164899
0.143646740130026
0.149418692655376
0.150752147871951
0.154389849057649
0.155639607738862
0.155313988244506
0.153473884243266
0.150604543517476
0.147067279378515
0.145203312956693
0.145641710034264
0.146919799430836
0.147800498195207
0.142999812264539
0.140745073440707
0.141474086486
0.142476669182173
0.16647698487303
0.186907249405156
0.232350385764917
0.238016032654827
0.263536923933702
0.29952442164415
0.25706548377581
0.259365890379471
0.265862012334344
0.272555231920342
0.291415034094273
0.288932399257334
0.302606483214835
0.289451734561547
0.285598664177098
0.274843749275434
0.265674576303308
0.276519309030528
0.288499784860716
0.287294593304446
0.279575569010222
0.307068010029633
0.289524377966398
0.268279555488813
0.274816722038093
0.304500644304829
0.347627282432285
0.366528620115687
0.364342220768059
0.360653598049242
0.338804832088447
0.342305576086505
0.340260230393459
0.358919665270289
0.34599585318995
0.343547844650406
0.320619320370348
0.308211509471147
0.379602327714899
0.369107833753823
0.341403286383681
0.321621849583462
0.307251831287981
0.29601862648034
0.315655299078365
0.336618338437886
0.280779879890639
0.277736755933387
0.259427927493717
0.253847190767579
0.340693048958504
0.334636484286394
0.323463539643961
0.282437603479251
0.329870922754871
0.292162659917857
0.256164911725925
0.229500322934444
0.215393327947994
0.229891282011509
0.231001741158177
0.182935506901146
0.16651033681817
0.168062648910292
0.231555063671034
0.185599959761819
0.166378552561693
0.171380319036381
0.203668753809267
0.227333096743466
0.214245503625972
0.241414035369047
0.280485595835365
0.227174265036254
0.193099138121865
0.188041551276275
0.251844361809512
0.171172066867304
0.143977423433086
0.142596752220515
0.138670890869203
0.130784597540311
0.134022086910671
0.128234084692549
0.126095364451273
0.123580022063829
0.107107460775715
0.0930944902075577
0.0855417510056713
0.0643273516622612
0.0622303548985759
0.0802096560240937
0.0935080219784884
0.0967546538895079
0.0896325228921666
0.0923786101258048
0.0989753209777466
0.100156579336036
0.0969445152927212
0.0970657938652655
0.0935545011052336
0.085929898087775
0.0815157741020096
0.0834501505972284
0.0843996771974587
0.085685581644524
0.0908534615085546
0.0925191065514889
0.0894216929666261
0.0920643348175458
0.0931514627977751
0.0935100539087347
0.101998682425402
0.0986164476077234
0.0882557155055004
0.0935908094352538
0.0928174376485703
0.0888653032885073
0.0884906334471321
0.0937075066794286
0.0908272560381477
0.0929724755482981
0.0973152763129802
0.0925948346303719
0.0845090576154137
0.0852722988296368
0.0910564181803621
0.115029063041137
0.187976657098603
0.143581856092489
0.132281347071649
0.144847652783497
0.138016986247449
0.131486701357137
0.130958027819303
0.128310041080902
0.148929563103884
0.162743797947899
0.149036497498223
0.149403234668569
0.144676160150168
0.152252559754854
0.153495130169341
0.176880445779718
0.195039725185689
0.190145733495764
0.154681134432285
0.131092185832534
0.121710941750317
0.116579996598104
0.10857668141757
0.107019798603628
0.1083022378998
0.107504659718983
0.099973940406042
0.0976321853659291
0.0962681187981055
0.0964142959687779
0.0987273417932754
0.0940223871887103
0.0875630158251188
0.0870918690684633
0.10273262226665
0.0920831264187673
0.0922373419384079
0.0977976009066197
0.104428857117023
0.107105937479882
0.10849542016006
0.112201018598066
0.120464675860917
0.125739488899552
0.126021592991244
0.1288385178583
0.132318196913925
0.135124780540174
0.140871828142956
0.143816369879032
0.143016732840689
0.142295918007528
0.141711425690254
0.141034892932324
0.142444273034409
0.141121635136091
0.140746557929941
0.138861549832206
0.140711054684959
0.140525869755739
0.138225439120884
0.139807994404525
0.142586320043501
0.144876053100059
0.158100107803678
0.167091962389361
0.184984673438932
0.22397267189618
0.254377108551059
0.256460018423759
0.232122888083778
0.239983522115035
0.24865664899186
0.252816458430166
0.263032674670016
0.260803917523029
0.265435572557668
0.255121108507682
0.24747874068271
0.259106237709361
0.265022804884064
0.265741422689609
0.262073443885344
0.2568882894356
0.261854968577711
0.282789973528206
0.276313843319874
0.261384619259475
0.270643919446946
0.314432999294208
0.301148612595767
0.32110462967524
0.321095231955306
0.318072303688981
0.301472333821589
0.316166781440261
0.3079183342989
0.310811640383796
0.323219259748864
0.310683309089199
0.296883604670164
0.294188459146823
0.343572007791719
0.345201579469276
0.319232700621573
0.313567211220727
0.274091721871892
0.248756982918335
0.232202380707577
0.231778235601622
0.233065673887883
0.223618697816112
0.218882553280723
0.193634412990374
0.204616543332602
0.246661590331555
0.236193350420723
0.228039219007078
0.279227244880699
0.255181361044932
0.249859793525883
0.248641551015703
0.214750938649182
0.216761530032794
0.219403546774727
0.167482660411787
0.170922027320513
0.155706063597681
0.181254959744053
0.151984376088317
0.14631606954991
0.152579315891208
0.220410749648901
0.262497132035681
0.202582950668859
0.193661587350384
0.283166590534727
0.232071071094119
0.195442757551154
0.176179290004309
0.167818404102072
0.143784733901248
0.13303106201502
0.125091646566593
0.129751777381198
0.121643348350318
0.127188794961507
0.122112343383716
0.121725674145969
0.118166902573653
0.100594593910923
0.0829667150305068
0.0852623940853261
0.068760550997262
0.058622119171955
0.074157881447263
0.0775452486360255
0.0917465216220527
0.0873617952044441
0.084845663284209
0.0871783069909941
0.0879185146916642
0.0849329644780139
0.0853576212489581
0.0834699486099346
0.0803836407309715
0.0788585781463197
0.0786608623132812
0.079167063660374
0.0814973090730278
0.0838366089258314
0.0837561099611798
0.0835818788965327
0.0844006754846397
0.0859455308319799
0.088175844772363
0.0941172620902748
0.0931360758504709
0.095362684867047
0.100399544469359
0.106438516836397
0.101063507179132
0.0975586319635703
0.0985596896804676
0.0982920464919175
0.0984574279562504
0.0952372248311927
0.0883197281168107
0.0842313955309772
0.0867742538457402
0.102974320147993
0.100153432038181
0.244820420125239
0.171706584876007
0.164229360293227
0.135771743861008
0.137146735226857
0.136009713943987
0.132161710956493
0.132076794280153
0.130858794730044
0.123721132391124
0.194741370296225
0.148919738666891
0.13379329024743
0.131993362170742
0.13817420441304
0.173601695122191
0.188438557082029
0.152833574497961
0.132771631878077
0.12250701271237
0.115064809038272
0.115062594592085
0.117830873709781
0.117551230532466
0.112529441645021
0.105918389570656
0.099754272795011
0.0972961175544306
0.0929007073412519
0.0875685515562835
0.0901810094094844
0.0864192979720188
0.0898278159433204
0.0907191106204993
0.0922537269649471
0.083111082915606
0.0904539042561906
0.10632915795954
0.109464233883409
0.109298364030109
0.106578668775213
0.111140133703738
0.116547581806992
0.112316456237803
0.113005501933854
0.116221934897201
0.123938848382096
0.127553212206222
0.134401754238879
0.134789820413214
0.134250539946992
0.133660630707632
0.133248439638316
0.131552123617035
0.130744999608944
0.127769045130167
0.130379238545081
0.132194899392154
0.135495098589672
0.136959535531446
0.140679847564032
0.143045326080972
0.146748674142318
0.150137712261113
0.156465278589405
0.159215376153185
0.167325170154804
0.206854822737756
0.23411476192282
0.228146696975677
0.223853276204855
0.225988525351649
0.233504937885347
0.2355591049424
0.241267430302093
0.24502004360388
0.249676348078339
0.244224544413825
0.236950731975115
0.244592329362673
0.250157742221871
0.24946381411936
0.249157555076941
0.261179546437907
0.271835467038981
0.283839856900494
0.284914732930829
0.260170066675409
0.269216398128559
0.273626881367854
0.290288315985865
0.295887452629608
0.270400251870619
0.261113374620394
0.266048423652539
0.274060816166827
0.30040463851241
0.315971394862455
0.292871679727049
0.307866576584055
0.31008406876095
0.352692706182326
0.309088442522417
0.23874975781321
0.247263415339775
0.238973159375902
0.256885913776492
0.224945002947893
0.220730722276632
0.219202734465573
0.233249838712943
0.220543042409501
0.219596951388698
0.195992316067364
0.196234271759937
0.188876119859156
0.195084254438525
0.199786896995833
0.212034504038581
0.218460300936551
0.228972175834622
0.215048855521119
0.214282721985412
0.212916982885482
0.245416725526671
0.145989079868243
0.157935215702904
0.15458224276867
0.127102539444331
0.128644556356697
0.132368815229179
0.127754987863387
0.135532760204759
0.142968258255566
0.149851781889918
0.154442962045406
0.242656139332165
0.237180562241689
0.175712766183683
0.165191043287493
0.162367586030593
0.159082067004101
0.151660275251548
0.131147556042608
0.121250931526443
0.123588389506103
0.119990013351729
0.113277282586459
0.118185525826153
0.119621734039112
0.110990549242726
0.0808964893086393
0.0840913938752338
0.0710772379114939
0.0680122906448378
0.070571041499135
0.0740496814147501
0.085345860220233
0.089122321999516
0.0862882466860202
0.0838348850959491
0.0806759226247922
0.0752610742332519
0.0781655825619675
0.0801989148672245
0.0792238819376774
0.0771934130181151
0.0747244930800304
0.0745737739456592
0.0787071694443782
0.0822971207966495
0.0828580145134116
0.0833129051026152
0.0837573522422783
0.0847377454204797
0.0872805610197185
0.0914349403046932
0.0945198585589038
0.0895590010181565
0.111742180313145
0.115236609972707
0.109352038128564
0.102783895711076
0.106203703962688
0.104655276584463
0.099665216136951
0.0950593166076049
0.0906638082093065
0.0904123209018617
0.091267826921593
0.113789733099831
0.108686964218182
0.158409056863639
0.154456870458747
0.147481240154927
0.135580982266408
0.118784827926193
0.106752780577322
0.109082540230093
0.10469794873785
0.108073918721859
0.10333653047938
0.115100383036692
0.0954605024077892
0.0985376253822013
0.107649837584538
0.115178345407291
0.119541323744677
0.117054737125389
0.112720409375912
0.111445977286068
0.107292166687565
0.109770766076204
0.114198193616306
0.11433410043794
0.111279011610067
0.104144661429033
0.0994754304637104
0.0957763144405356
0.0934175437867032
0.0909581741311213
0.0866825604085729
0.0888138794913247
0.0815729218967089
0.107196968967128
0.0954438824698641
0.0947952162574682
0.0888463665745531
0.098687188046965
0.107993616043112
0.11289666682641
0.112575637809351
0.112519910990919
0.114019762837679
0.112627667544903
0.111706161566347
0.110326003156878
0.11055780283383
0.115404748169645
0.116834700808338
0.121174196837106
0.12439050579377
0.127001270339803
0.124866695061319
0.127470422843619
0.129317473553773
0.131926618816709
0.134166950460446
0.137035969739325
0.14145894595874
0.141455970869401
0.140235617306674
0.142468875925479
0.14131480070827
0.144491425792489
0.151937793868788
0.15527786917388
0.158488086048474
0.163910831841607
0.186785523768083
0.206977085367139
0.212062712706042
0.212201069862318
0.229597058303055
0.233102550360182
0.210839692429011
0.200152732906981
0.212052730041887
0.215414855652125
0.220047382809002
0.226244643596965
0.257855421818554
0.249187480872059
0.246759981658237
0.239460099049642
0.278881965636596
0.267841797482324
0.287307440393742
0.302683306007523
0.274593458627984
0.277060631403993
0.270428527133666
0.298421185462725
0.251888734830974
0.242677144278673
0.238208617880031
0.24487707297578
0.254385832116492
0.273023814836978
0.266940634989633
0.263521000178222
0.267787646586622
0.300214197978787
0.301033647280193
0.331659289690953
0.18517951859543
0.206998326674129
0.204653102280294
0.207269419624539
0.215520683344927
0.218132181815053
0.219787879801326
0.218033723814413
0.20444254579831
0.202511245838915
0.189138956678894
0.184668438309416
0.190375551852381
0.195811140845493
0.232230092149056
0.219425820662923
0.215824785427212
0.212397605434889
0.190517571050248
0.190144783701035
0.186736010795852
0.175291819745764
0.137652195781885
0.122911872573033
0.11961929372343
0.118756436651097
0.121875378970286
0.111307089282984
0.128526890469846
0.132417999578095
0.131272468220029
0.134845326384076
0.12818748162067
0.202058173364779
0.195255320971846
0.148606476371787
0.137467225857841
0.139881487356644
0.146705470786129
0.139360768765374
0.113482860193276
0.0982242934063036
0.109387850145953
0.111069344668137
0.115161435374486
0.112374105963436
0.119293233420953
0.139880536738111
0.0807624692800024
0.0792087291117359
0.0729760353617402
0.0714539777340661
0.0753195995787266
0.0749915703278918
0.0882661641634813
0.0838675329534106
0.0794614710123888
0.0819388577703991
0.0792523792532023
0.0754605478920041
0.0732677211938616
0.0769494585619371
0.078398916567083
0.079024632648981
0.0753747982353761
0.0740403843608199
0.0814050093967415
0.0835394211087622
0.0843908931694795
0.0828122062776223
0.079969746573636
0.081469753458774
0.0831950614148007
0.0849448709428265
0.0857776053189259
0.0774478657333874
0.105709715315574
0.108185818059722
0.121010676573933
0.115848601578101
0.120127748955571
0.121586110276155
0.121916809090439
0.124215973947331
0.122210469344876
0.120111299937649
0.121627491101273
0.124046687932864
0.114327976709935
0.116965832096059
0.119859032944984
0.111636336702921
0.107497269133701
0.100872240537386
0.0930375960165511
0.0921077108463597
0.0763351780671734
0.0772035269498154
0.0734653952041702
0.0841225438580737
0.0890409026130311
0.101671567036974
0.115678550924952
0.10990432932527
0.113143187267003
0.109827878831525
0.1091860831105
0.109696122892092
0.108318648265712
0.108355400117416
0.102503052632755
0.0981677758772513
0.0944809862593185
0.0929960164804967
0.0909548687619
0.08858950994145
0.0863521277823513
0.0898878856132877
0.0908538270989982
0.10568464606883
0.097484304125969
0.116027998054803
0.105561769560367
0.102016891807406
0.106035658790837
0.115260047332968
0.11958812388843
0.115434464145203
0.112938484158812
0.112032720924247
0.115862585026799
0.112243383085604
0.115622007073285
0.119326246756898
0.1270147526191
0.129730288097773
0.128535669712349
0.128541444558487
0.133696978290734
0.136550029241822
0.136554569747832
0.137275337914746
0.136967144885206
0.138628618249202
0.141188204523618
0.141693490831753
0.145635180608275
0.145846974600071
0.148971379500079
0.15064619579402
0.148521250522508
0.155720183895727
0.159982996793386
0.15954855081512
0.162096484280325
0.167950263173302
0.18169469945229
0.190254951484628
0.199405831519641
0.202171253959911
0.235367344978423
0.252141967957945
0.205745070761659
0.193131681872827
0.212320273560919
0.184581128133345
0.191194156331553
0.19741402909779
0.209980031997085
0.21768508438988
0.224789573301914
0.211217566968966
0.247046266855527
0.209139520289444
0.219398078511654
0.251314216167437
0.219523127975273
0.234702234271845
0.239725956776233
0.233189891432222
0.217894846607925
0.222299091888338
0.231495738018743
0.240991567300871
0.249544563975666
0.25108622167555
0.25041934644013
0.245147455673443
0.24164497075136
0.236996881871608
0.224959325774324
0.220767151087646
0.205949682321093
0.235150653238772
0.226514275835795
0.233497580154067
0.249957388494305
0.25107697421064
0.24607534401702
0.237435439954837
0.225249807700464
0.220484466251955
0.199632372634896
0.197024432068432
0.193653033304621
0.193476149836777
0.202609257227671
0.203387898968162
0.191839356305915
0.193948232451946
0.187666220921506
0.189304329552286
0.186690883940168
0.176786896814679
0.156786123331551
0.143036023915716
0.133118042057695
0.132892130461771
0.120391068270282
0.120946866336994
0.110576669604074
0.10652585117482
0.109906270825784
0.107200207446058
0.103245155387206
0.0987568150949339
0.100701499640185
0.0920780425458023
0.101240038801619
0.111032712545397
0.140362123593782
0.112084140395035
0.0968618523286525
0.0827770824933881
0.16011842417312
0.119954137458164
0.120800992037678
0.121007613668169
0.12779130054888
0.215824975959917
0.128535183079657
0.103086285291106
0.0856603149414142
0.0748156121340142
0.0748272351428303
0.0777501187961654
0.084048622237314
0.0972649024975269
0.0813850118141688
0.0885420888398918
0.0906028878575342
0.0865038791957226
0.0792520874334092
0.0804104797142518
0.0790160854660325
0.078879374807699
0.0787927235162474
0.0792529969025647
0.0793230832752186
0.0823869916082783
0.0816430427522646
0.0789313727398157
0.0799908260633973
0.0891320977028467
0.0875127234917949
0.0861350387221056
0.0914486249978921
0.075386952764397
0.0887249287303018
0.0852577118454991
0.14169948022297
0.116455567764827
0.126247242886731
0.122097630879093
0.0991131185048711
0.0813339556380182
0.125418662831981
0.110523049168369
0.12149490153302
0.110788186623673
0.100145343899852
0.0892493739802293
0.101795709591209
0.121974616206765
0.0985083161497893
0.0892166183510782
0.0857527335228594
0.0834928539932055
0.0462739648819108
0.0640463926552442
0.0730754548575422
0.0748656805963082
0.079948654282446
0.0834138795363055
0.0897499370075927
0.0930745828453639
0.0957383607267361
0.0937848798854228
0.0939265147181442
0.0973889437650695
0.0957784435596753
0.0968844697002101
0.096187228280593
0.0949962465114705
0.092746086873228
0.0884069576713127
0.0864887382473283
0.0834245074981651
0.0821069010139538
0.0864229238106336
0.0878614199853186
0.105034755209269
0.0960835894890878
0.120509938460713
0.10831672286364
0.109120171973364
0.121659945911739
0.124925673718629
0.125213182262696
0.12162059955664
0.121470705771125
0.122770472839684
0.124967859391505
0.128437053357907
0.142932314832843
0.146049432379359
0.151199232251134
0.142114363488617
0.140609089166102
0.140961155373288
0.134748806857228
0.137908499768853
0.135879121212307
0.137692619799179
0.135449686301068
0.137928670419594
0.136471631391425
0.139348357766104
0.145230484279542
0.151306966294133
0.157239889073603
0.154960391342495
0.150428691774772
0.156114434628295
0.157496287181536
0.159414835046242
0.163026698237069
0.172192742055043
0.184005856957996
0.189272082210196
0.196673852324211
0.200018367267448
0.226375265254446
0.233067555210489
0.208008791789136
0.186201503709276
0.181644542916226
0.175331047512317
0.17999290111389
0.188357665376158
0.206652479373834
0.20202159217776
0.199279935592276
0.19418076714295
0.200945722246707
0.190528942715694
0.193715489388033
0.206346282596203
0.206358408399532
0.251550870851053
0.220749208511569
0.219380593859202
0.211610636206997
0.216665475139744
0.221180806884083
0.233616186605463
0.248071196167222
0.261556231320143
0.266179421689721
0.225365888170797
0.218132196029472
0.218263297324124
0.212543084167225
0.213688231850009
0.210557596604344
0.236597905766079
0.247170174343344
0.24068624819966
0.259349312047571
0.270362749398927
0.268541616095008
0.264618666495089
0.257062183249331
0.243424246981195
0.221087908586976
0.214189704430817
0.209107821829741
0.210488224473777
0.208985085607855
0.203539183051661
0.202974999514216
0.213163451117112
0.23860529567727
0.206396600529593
0.197852338219229
0.181912495300474
0.168340306571289
0.154373875632713
0.137924833989652
0.126923134467509
0.111248892921856
0.118949809280172
0.117104083750435
0.111801214971065
0.106410828180441
0.0820426398881392
0.0785583185661206
0.0728150923234668
0.0853536146702749
0.0847557467455488
0.103325947584717
0.106750565610867
0.110980066437545
0.093139906272793
0.0930235859308912
0.0905174990577497
0.164024138178405
0.121792295718226
0.117982818854773
0.11778750907768
0.117920097566308
0.160259541851529
0.136419101994786
0.137106459292115
0.13429720751682
0.103324673291414
0.0893392904174245
0.0828907150776488
0.0879939298609523
0.106175701988618
0.0846086848234764
0.0906501330805965
0.0962488371738897
0.116497749610716
0.0897201670744992
0.0900971820732528
0.0845016987732559
0.0852434677391441
0.0872609426247726
0.0851113044214731
0.0799744698689281
0.077570357216622
0.0786026206559534
0.077296461496578
0.0786127175645735
0.0875929183106881
0.0883579016818238
0.087988784610796
0.087745737599914
0.0790832724356292
0.091587451765562
0.0830246453236779
0.114069547617645
0.120949230592572
0.117826877526908
0.110987495136202
0.101070199962983
0.124333716677614
0.149684999586199
0.14437437892206
0.113997530803954
0.158138021477855
0.133170223288795
0.0962976423395814
0.132417162644207
0.0972161538827866
0.131230253161464
0.0917301896763234
0.0676041045530718
0.0606985766396766
0.0323367593713034
0.0303421744075903
0.0552607338027203
0.0638555462699636
0.0748292562268818
0.083982451218182
0.0927410397129932
0.09798605187424
0.0973957429324354
0.0939026818546917
0.0906443703180974
0.0979850725236575
0.0935958538429022
0.100708516660296
0.101257828500473
0.0981000496125653
0.0959991683840367
0.0951224014019722
0.0943997379914525
0.0903102693739779
0.0868338249908769
0.086713308092165
0.0813054749755896
0.14282912826092
0.119870644195322
0.119009129576399
0.113810248800347
0.118370795421631
0.126760606231334
0.126627263236913
0.126053324294332
0.125046533097705
0.128770681462599
0.129592950101523
0.128777145673604
0.147609610556427
0.15791526483877
0.151941915380441
0.152690226651012
0.14913040862795
0.144766212818228
0.153837305180824
0.132297600229828
0.133615278693412
0.130885334445306
0.133110855877495
0.136588581888217
0.144393850740046
0.142774105139371
0.150564389863456
0.160076331313913
0.166374198190227
0.168968592045339
0.167129107446972
0.164614092895484
0.162783985191057
0.160124769175958
0.162604588573513
0.167098509798916
0.177829602562716
0.183886934788825
0.186967694904443
0.19344103859556
0.199552684807747
0.207946825267074
0.221556083640143
0.238701992155308
0.229678050277092
0.200082720965602
0.184808313212677
0.175489570805753
0.177439596271586
0.178840583738562
0.187798340062868
0.193549655035252
0.182138969516267
0.187582643394419
0.187003214823111
0.18810680450673
0.188498935374031
0.180766051069525
0.207608269286445
0.210777756982728
0.213054506550618
0.209131930607448
0.202559572005886
0.207645421110509
0.209553294448019
0.218048722172923
0.225879795712263
0.233965926831639
0.245097643245395
0.197282567333626
0.204723939978855
0.194333847183004
0.197737174554708
0.194999330603688
0.214756999513179
0.212150209538622
0.226452984646472
0.242060847023341
0.265328407976788
0.277069403078886
0.285173781122528
0.283476838197229
0.269964844311198
0.244405972105726
0.22810763764802
0.219457444392967
0.208584000229259
0.199418317202366
0.206423558384297
0.210677955457692
0.209675447958262
0.206861797760571
0.197071274365676
0.192145330897585
0.186497172953552
0.176854265073865
0.162377724473542
0.153480807365248
0.135320516730902
0.129799341621034
0.126479378232348
0.114313744840338
0.104250239442503
0.0950367648252687
0.0966321022973025
0.0717064002513797
0.0479650402691005
0.0412010248844359
0.0360658487403277
0.0307575971923309
0.0552738804238919
0.0653076357294733
0.0858714873678395
0.0860608359275668
0.0798636169166849
0.0991706951225443
0.0979236414813752
0.104619737394134
0.116411392531846
0.14559020021963
0.175664288295455
0.14077088665266
0.134873341914651
0.131054962450431
0.143557040012367
0.113367779710612
0.0991175955239644
0.0964018819835673
0.104293171039282
0.0982128205655722
0.125523138461132
0.0958718874417223
0.105767919165675
0.10496155891286
0.125173499931813
0.0879934987636129
0.0924869283202676
0.0895450998478803
0.0833463705005362
0.0769392196053566
0.0792756505679534
0.078685818342183
0.0789189438594769
0.0817430974896218
0.0906595420429567
0.0850108479725953
0.0834689903503397
0.082744558531036
0.0787646452804535
0.0854116860062378
0.078038397928689
0.0879417762624883
0.0836846513152776
0.086716439095691
0.0880646664702864
0.0851968727966882
0.0867454385459743
0.092888381332896
0.105969657620326
0.108141384502753
0.107110383455095
0.0769801110615875
0.130377348845034
0.102489318316163
0.0960147529366924
0.087061993948368
0.0840889931842465
0.0716995580851029
0.061273963650606
0.0311222306248824
0.0470437497915807
0.045537005689072
0.0414549720112195
0.0528115015781854
0.0730672207725324
0.0927288515497715
0.0986137020975147
0.0974758425379155
0.0910301402479412
0.0886721009216831
0.0951831518141845
0.10226662413248
0.117025225034887
0.106510861078861
0.10408936428347
0.0984114384296272
0.0956225458195837
0.0961605759918613
0.0930954369599975
0.0909951748119047
0.0911426887929328
0.0888336634009865
0.101333072111438
0.0889660622219508
0.0961573364470646
0.101813157370364
0.110749517189434
0.116938516997883
0.119060833852306
0.1235324152532
0.128302448724278
0.132711335690054
0.134998589760498
0.140740758257262
0.16652757609151
0.151184659972613
0.150899892610205
0.162031476742313
0.159086598009051
0.152675019238218
0.153695957122114
0.141630954098611
0.135643620128732
0.129914813854841
0.135292444845552
0.140689090271809
0.14097838113551
0.144269106993031
0.156270391937237
0.167343172133004
0.178347490629184
0.183549942565672
0.184904074332417
0.182282764550192
0.178521144110378
0.170174625602656
0.167707460075512
0.165703228749168
0.17221885650815
0.17197165413627
0.181636941053081
0.191026484404107
0.204923602988976
0.215513660753787
0.220775655887114
0.250112521816243
0.265800590218378
0.242653907141361
0.201833768086391
0.179462694394247
0.171210414907326
0.169946303900379
0.183368306671275
0.19879202315768
0.19118967371582
0.187393233917577
0.18569034922963
0.18875340556899
0.190724774344662
0.180220258792981
0.196713016151763
0.206461076045031
0.22252202596013
0.248953622155048
0.201538688872147
0.21371223553487
0.212340209834864
0.214422653865116
0.215692949109034
0.219135723471262
0.248576864508842
0.196141968422535
0.205952783401602
0.1956178789357
0.193391491330013
0.195216514092753
0.208640061496
0.214794816074301
0.217552988700938
0.23005477468706
0.24725440505339
0.279268483035521
0.294480076450415
0.294660237191113
0.28225232970435
0.25421486918898
0.246353326765305
0.251304503537588
0.245707295611891
0.2333576466687
0.256986974969659
0.245726164691393
0.232704597099855
0.21404011348166
0.195155911226949
0.183420667088566
0.178760800667724
0.173574977466516
0.172029113713231
0.163395297218609
0.154107809924043
0.143667004460616
0.140065395817197
0.119287210530489
0.104231860287954
0.102671670657332
0.0985782674552719
0.0742010650926355
0.054728567606831
0.0535311322673437
0.0644935053971967
0.0648721316301137
0.0786051506664636
0.0901200988641638
0.0992052514272063
0.0871394461839395
0.0808144221692393
0.0850828478985304
0.0985579608289404
0.114872184659232
0.149533614914178
0.186029606908935
0.158006040182926
0.163579217236913
0.138813458830041
0.145397688987641
0.161978044328953
0.162669283996838
0.124100332427654
0.125769966126731
0.118044095404594
0.126408541065679
0.128195198825106
0.105604999002815
0.114812910887115
0.10567507294715
0.115764864970005
0.0916848383177444
0.0963605917821135
0.0939715835971155
0.0928580698599889
0.109908211650585
0.0801143066666201
0.0801231018902679
0.0810454398157998
0.081578038209381
0.0890692214663678
0.0816589946766909
0.0782155691553689
0.0830491506199509
0.0799448827097584
0.0798277328536131
0.0745719811779881
0.0813530536442298
0.115298384367411
0.170093820274937
0.114432788109704
0.09684135778773
0.0840506795802758
0.0836961642763034
0.0809828962466721
0.0953076849543225
0.0851933262393001
0.0891727170977263
0.0850457875551097
0.0945756369529192
0.0913124458068124
0.0910695743135194
0.0865039253482297
0.0779206034749891
0.0474086985202388
0.0233959089253323
0.038057762170208
0.0498062912787929
0.0609157840183533
0.0721430807622808
0.0912867393919139
0.098946792732403
0.0979222251734681
0.09275407269336
0.0928010706850041
0.0931516868136241
0.0985992885161475
0.105065200165816
0.104918025503796
0.10145216454112
0.0980868549591426
0.0953789600117131
0.0927925355225709
0.0912850890514397
0.0943494848519798
0.0921006859022205
0.0930201944701921
0.0928978802260273
0.0934706555973477
0.0851830801806315
0.0894785289660916
0.0981262803953902
0.109977696184305
0.115163583698555
0.114118031683007
0.117161934835035
0.12252501144794
0.1280835843333
0.140345862491346
0.158625373409327
0.16199463706481
0.154731018925736
0.1628988284767
0.167502122379249
0.1611767578612
0.152422695944826
0.144914691180875
0.150405168218654
0.147903212366355
0.138265588947788
0.140230493818571
0.148201670106325
0.148507363530706
0.152828941443987
0.174049593804871
0.200973936191099
0.28321046170481
0.203686114788017
0.205605681227424
0.191560807548397
0.19943045052314
0.191746951364508
0.181330514824493
0.177436995865491
0.174543496923363
0.175951433665783
0.184920671871493
0.194872912611035
0.227480215413124
0.250340210558974
0.24118980641326
0.252742026095043
0.267484984362412
0.24822588330808
0.218749038536676
0.184626567285713
0.167754856070592
0.1686166047638
0.183503186897217
0.197701069818366
0.209104535313889
0.205332019229877
0.204114205778692
0.211205604480326
0.212019999086577
0.19907477045138
0.197106934049945
0.216644153280105
0.211461730423764
0.219551927237277
0.200143783564088
0.202617521565073
0.204607546480771
0.206347055136104
0.204531361584057
0.203597619740129
0.225967114636923
0.223966484164438
0.265664445924298
0.18776300658326
0.196451407908193
0.186563400171524
0.211291535785981
0.207355149870307
0.203660646540264
0.200900886907012
0.213296527202753
0.241347762845476
0.27326133907723
0.263947487234663
0.262350609669994
0.248369232058933
0.248505716713429
0.270193122042915
0.286580931134182
0.287746237014847
0.361270314942046
0.280907329763807
0.23645982794512
0.211395107729693
0.195018433349466
0.186163246379408
0.182707229210767
0.184723907219238
0.185511188088749
0.186857696549871
0.199411098945469
0.159810336961742
0.15158790592385
0.133042654527669
0.131081074936254
0.121655887864328
0.117696949691277
0.105405928809966
0.0952267764316661
0.0783340527139346
0.0780457513796452
0.065987592086301
0.0729616244547362
0.0790733957578929
0.116800146014872
0.0957813935675921
0.0908738337305116
0.0974457350304739
0.106024769426689
0.133856659642913
0.164461012065741
0.173400724989576
0.147743226519993
0.158833058968452
0.148978260140894
0.165610424208616
0.145153861902041
0.168489559006865
0.13019925566946
0.154337165176658
0.158388667962678
0.12850221871037
0.15140463282289
0.12450353741552
0.148944807273794
0.11377813385884
0.10753015222863
0.105210129661874
0.109909547290952
0.114167000411769
0.140990716106174
0.133275552488925
0.11202188520271
0.0871294007241462
0.0866422987866842
0.0862621441643774
0.0868271068642118
0.0827283137751929
0.0789042523450252
0.0732835203675225
0.070766967153653
0.072265256028485
0.0686596953847079
0.0718711149036678
0.0764761279711795
0.0841521834112751
0.0792221383728896
0.0686161852790498
0.0613014512478628
0.0598986554089228
0.0445783628717767
0.0504148870163795
0.0488778162142096
0.0609439360914865
0.0748309052816882
0.0867054915673127
0.0938675625525616
0.0903723323977355
0.0932214996898769
0.0827334254317589
0.071013291658389
0.0509316947389089
0.0678050947462302
0.0956519607075357
0.0975048076197033
0.098131703124385
0.117710047206982
0.108581007566738
0.10477097288886
0.102509740338966
0.103511451040179
0.103385001375101
0.104763082933659
0.106700802878008
0.107737229286592
0.107960295735377
0.106913182500851
0.102275843030545
0.0989397685211544
0.096190916576831
0.0922893676880786
0.089141207563489
0.0863445778672259
0.0825874890519138
0.085725014162112
0.084722351246699
0.0894934711126932
0.0924110799809718
0.107048187198731
0.108848173989559
0.112101742369243
0.114615325587453
0.122248952083062
0.127262505118877
0.143685533953709
0.163691686524338
0.143280620870519
0.154231265414069
0.168130987025868
0.170861087813221
0.165096727524288
0.162532264799654
0.158150407471217
0.156857197636165
0.155334631022241
0.148195590587362
0.148235548190969
0.150797446020814
0.151256616320697
0.158044206544595
0.172269968503087
0.183148056727458
0.200232040397988
0.187125022677188
0.186684042337776
0.176309398799214
0.189794640251412
0.186222448825
0.184626350850487
0.182950514679264
0.184215924838246
0.187327313879513
0.191287847466223
0.199369462580736
0.242079651808966
0.262417568424652
0.24095913065897
0.233648399355619
0.251458799507208
0.236174838452192
0.219905901010934
0.196669816923882
0.173189886956346
0.168378879196087
0.177217762652909
0.192968133309398
0.205801350771091
0.209950054647131
0.216482429572393
0.226329329126391
0.226418315362861
0.20567349911686
0.182895816991919
0.226786607708897
0.210704951202064
0.223594830185244
0.213168218288436
0.208859754185982
0.206469053460278
0.20346140520365
0.202586588052991
0.199936203333583
0.212784440454502
0.212578873503237
0.219554365411222
0.194066109014112
0.202282433807007
0.200595450985197
0.221862492134402
0.220403268294358
0.211217705788239
0.198956921963547
0.211076801122889
0.226503909379471
0.251324181497338
0.228594656308739
0.20747858202763
0.198662195854786
0.228833222603543
0.249273783118886
0.300636830169997
0.290266474586782
0.352122476483337
0.281454216758406
0.240526043737556
0.223510617385682
0.205522918103448
0.203810109938386
0.198925482664635
0.196310231424907
0.187831987667199
0.178635266413978
0.16691270834791
0.153301919565879
0.155982247511341
0.148299501600383
0.147210020430412
0.14053505242252
0.137935685049783
0.134643533950771
0.12293874117095
0.104163260615602
0.104215397034783
0.0956505396414769
0.0941769335753971
0.0956710056141615
0.11009677797453
0.102233963738958
0.104526447985584
0.111244159203876
0.117025238019423
0.130835252810661
0.135408766346551
0.1420068766075
0.148507798489382
0.161314417873713
0.174817297322251
0.194734791858481
0.191481806355289
0.19796647905815
0.160953124808306
0.196559292107349
0.1660948209807
0.141543328285577
0.126372120443262
0.126468060695992
0.138798712754666
0.156272011446651
0.141921010951259
0.100125449585705
0.110065149262356
0.105838390061015
0.118445968340041
0.125679565761635
0.13210930144552
0.0933015441052848
0.0897939930610165
0.0887400237339625
0.0889250593305032
0.0885361518224982
0.0882123763913358
0.0729315312107772
0.067952981550003
0.0595458974033108
0.0553091351493211
0.0553876160006492
0.0527790481194168
0.0592411135971079
0.0711252817153726
0.0622554176417435
0.0561457507618238
0.0492833358838232
0.0495089802124586
0.0497476525571363
0.063294042137571
0.0689571722813904
0.0780018717501777
0.091117238407015
0.0910779113876922
0.0857858494155818
0.0861416501855495
0.0892298082973547
0.0838582999583217
0.08293095228825
0.0871263115264777
0.102834212403888
0.100710629541308
0.0985689346384631
0.105888056822387
0.102431984256398
0.102318690637345
0.104496508808573
0.102590701258143
0.101095887440476
0.100703272889181
0.100914983062505
0.101252016295534
0.102247898643331
0.10590418676059
0.104085795438257
0.0994634658737899
0.0965044766341541
0.089930344097873
0.0854952009588377
0.0851964257514381
0.0822631369008682
0.0821145133558863
0.0855029395463979
0.0916148691210232
0.0885419122929312
0.0991474597681392
0.104961078060757
0.104775420022401
0.110189155204896
0.115945327336932
0.122968109990859
0.146061334491047
0.160650071269899
0.144582578430031
0.155907008381573
0.162397016123772
0.165236752213108
0.168975414057194
0.172361681390174
0.173668918374271
0.173595581163001
0.168931919619858
0.159033549142741
0.152022011475241
0.160360719052374
0.164142173214471
0.168459363188749
0.173799375773704
0.183004331179339
0.191062595305765
0.190810301075672
0.199408856683657
0.195927559665328
0.188616914102418
0.183736484424842
0.183005170411113
0.183871654649584
0.189163076101725
0.194350808342156
0.197459102120295
0.203691653582538
0.196944029316625
0.198332047535277
0.196800999942731
0.200960955673917
0.211566024544316
0.222018019466294
0.223769742989485
0.216169875834072
0.184871264798918
0.162664180607054
0.171588953913836
0.174104447139832
0.18460810950215
0.183691306528563
0.197583749592901
0.232197277919692
0.280228774824448
0.273538807465458
0.201218661561629
0.231610967751083
0.230341244052751
0.230313130386201
0.216463388498843
0.21033078664388
0.209973384296757
0.213963054301582
0.210826174556955
0.206109819801883
0.21602947446977
0.214200619181586
0.221692449329052
0.216951982516825
0.228948054926004
0.244400401755373
0.295796662923385
0.209541593118846
0.212731253810269
0.205114617702442
0.203077596605333
0.204608104006519
0.23229382139039
0.211668636516264
0.178331005518303
0.161486354305839
0.168408213008485
0.145556623757354
0.938091715122642
0.932833616726233
0.230049839499726
0.232590688638936
0.227679116462593
0.228734222845602
0.228792375298368
0.250188188159986
0.224659406697127
0.220430903235779
0.199564550315573
0.182815199280563
0.170255129473255
0.164658437374309
0.168154589025077
0.167273850746765
0.168539804023357
0.161654335859426
0.157858513047461
0.159080385023209
0.154707766616678
0.146141300194591
0.141424401248213
0.138675488963811
0.130608025060421
0.135702867298085
0.118363228338367
0.106805030849212
0.107368000955717
0.11713481592688
0.14029778921024
0.153188302441138
0.150147635525613
0.146033155241309
0.143749750512485
0.140854384588984
0.140209373756317
0.144586825034427
0.147382978556174
0.181233997862262
0.140869947379519
0.136354490038988
0.128147173094705
0.126023114574761
0.125132620946064
0.125552321829772
0.143955612516631
0.130704352056971
0.119992988359522
0.0998111560077687
0.0983048476880985
0.0976525340014225
0.104557044084355
0.107041535797574
0.113486767515708
0.0923231239293992
0.0832999010533134
0.0881766302036523
0.083334917214659
0.0840475711547195
0.0798275588196261
0.0699867473214178
0.0609246498046689
0.0549562517659004
0.0487866311096728
0.0457585370176101
0.0466246514828397
0.0443173402131524
0.0531599380283652
0.0499658437056941
0.0493074566886387
0.0551082738487162
0.0620466150333906
0.0702722613483189
0.0827636272897247
0.0863867323266351
0.0905449807061307
0.0929338642547945
0.0945403719532664
0.0902363467658922
0.0832210732117285
0.0805734098632348
0.0801034356643711
0.0854461976966877
0.0876040819999335
0.0901805099745484
0.099189898951556
0.102813747981302
0.103157168998024
0.101277543291323
0.101157378938338
0.0968389868189972
0.0942974026722447
0.0939786184784663
0.0961985083396616
0.0962360389207089
0.098614261431261
0.0991312721413739
0.103504133719493
0.100555608983414
0.0963598648713882
0.0952140438645615
0.0913190372573735
0.0895950182681264
0.0873898066548483
0.0853345907937649
0.0852191767767404
0.0852302000856792
0.0861757755154836
0.0845661904124302
0.0963144395674252
0.10267395857552
0.102104843425029
0.107022202824289
0.113752187832734
0.11953548982461
0.142664536787915
0.15807238725259
0.151085225175703
0.153894709759982
0.157869741396376
0.163561465365787
0.169696151377197
0.174456233611444
0.178589691057804
0.17866239010631
0.179347611825012
0.173748114984149
0.171563272733868
0.167698295021043
0.166627759904664
0.165911931557992
0.166085267305695
0.170215413773582
0.177184691279363
0.179137283882182
0.184845485404141
0.182697307818646
0.181175757208965
0.175896676303416
0.174149505889132
0.176931984057901
0.174739411581937
0.174943645631349
0.174613311701325
0.183345080955407
0.206322870539773
0.20205477661111
0.204315762257064
0.207654820111794
0.210376851180384
0.214496130490209
0.21631387501901
0.21560856299805
0.208666305042906
0.194198605784847
0.17303574098226
0.161894942198892
0.168221899190658
0.170071320911767
0.179623347128409
0.200596552480256
0.926368241556286
0.23594561209339
0.234025335860869
0.23830349638132
0.233890369477057
0.232429587899158
0.224232222538606
0.215715392864847
0.215786651894541
0.214589683323871
0.213092632624592
0.21022180476257
0.214320261499595
0.212452047083388
0.216778677976765
0.218588441953649
0.214075925522333
0.212543351877388
0.224318274270753
0.204138039239521
0.206012605382904
0.205119788723596
0.201440238805519
0.195716747410678
0.184507533180715
0.194232137051241
0.201891259418345
0.19027632666239
0.188049648335666
0.933211518277208
0.938204740336889
0.939661758735903
0.191518050526674
0.241938404059445
0.24559123950358
0.264489205547256
0.299442799560147
0.338342747141419
0.251281243670918
0.233685331267004
0.202533116997207
0.184047382029064
0.171170054823073
0.169426369367936
0.175247860453947
0.176322114423975
0.193334693884096
0.176757197048184
0.167063649639036
0.159181840470414
0.154458077564466
0.146736087763966
0.144656752546106
0.140480535615878
0.135448533451312
0.131553553477294
0.127326253018005
0.118422697665359
0.114323338847733
0.111892301470405
0.132013529085559
0.164364275760745
0.172222875157435
0.15660952815105
0.157117745874962
0.145902469282203
0.138131542861748
0.136273158517369
0.134885884626238
0.137866566102546
0.130498762745596
0.128244422940488
0.126066717494747
0.133465947143517
0.143988873140373
0.15097909317956
0.160892408085793
0.147415241782543
0.123882710114402
0.113005921064857
0.101702474928826
0.0961252087283785
0.0953947795471302
0.0989130234991484
0.0992721892241255
0.0897962094544438
0.0831402728398135
0.0788165685002224
0.075715110055712
0.0706910224969712
0.0697038417389805
0.0629416127023312
0.0560892342777872
0.0531879470441928
0.0501077917385503
0.0458547577010612
0.072626659540013
0.0555986070740997
0.0605039816773576
0.0604766963958058
0.0629718041870894
0.0696559879469093
0.0762714188789129
0.0853398218990914
0.09414854765102
0.0948860409272738
0.0926010453201881
0.0907768852794668
0.0884626760722639
0.0885986937013393
0.0881076188172263
0.0928328540986147
0.0963458812386927
0.0984841979176405
0.0995804812982098
0.100372064774226
0.103679559403377
0.104576786399461
0.103424530647675
0.102343820346684
0.0996869925493086
0.0939395186036545
0.0892248307551871
0.0897617338577292
0.0916240160080894
0.0938513642722751
0.0989966261293842
0.0969901140700297
0.0981213683756469
0.0949136601610546
0.0948547495384092
0.0933057657691325
0.0917356202401649
0.0893593973172225
0.0863240189811103
0.0851192260225892
0.0880869758412319
0.0832824742705225
0.080151812475358
0.0785281230674258
0.0879067061277298
0.0944068370309659
0.0975215197912894
0.100675811475895
0.112163277696975
0.119353439132064
0.141682247486361
0.159709248928483
0.159457457828464
0.153897998666692
0.15932257439576
0.165705202964636
0.169191886867278
0.175021637319223
0.179874743632503
0.181281667192233
0.18234142594207
0.184155814257022
0.185962420866231
0.180622426707275
0.175908385062452
0.1705377713971
0.169365943694835
0.172053991668148
0.177487159366695
0.177094425608442
0.178120207904027
0.183161294029447
0.180774297143954
0.174593763526255
0.17381488984073
0.176768246055918
0.177818088493871
0.183769278014883
0.190430746336954
0.196786420612061
0.196320967798085
0.192358573352871
0.190504201743175
0.188176770349119
0.188299472746308
0.187791538139939
0.19228793760822
0.196097954087448
0.20284331046502
0.209991390937649
0.217423885843488
0.210075977404639
0.214323549815893
0.222982424266889
0.239008843562652
0.264095907340551
0.276688481731792
0.264470290978411
0.24586440626756
0.243098104408782
0.238794053907323
0.236319935369545
0.22926468134072
0.227155849472337
0.22116976468701
0.213237058347271
0.205906365093725
0.208414465787259
0.209472960001541
0.209880716673597
0.212347739713128
0.216642632997413
0.214601889964151
0.20667562436152
0.206136268498537
0.203296751399001
0.204172288079197
0.201513058326977
0.198863467945537
0.195021535267055
0.184399445804951
0.178237138285429
0.179349796410946
0.181482870749122
0.185215090201509
0.192911748854092
0.189906097301681
0.202573670187862
0.246805488358065
0.246101960594596
0.256527744539439
0.24531084028703
0.306177426523515
0.25358311620701
0.227098566651704
0.204408565523442
0.186939471940855
0.177183684607064
0.171339692277535
0.171912484269286
0.178989977357637
0.174743182644574
0.230838147141764
0.204849910990947
0.181934145551655
0.170611352935071
0.16007542884168
0.153917637687346
0.14576327592589
0.141771224813619
0.139435784725519
0.135805356254564
0.135039305152936
0.131758924831446
0.130026215890281
0.129566803028422
0.130161947264012
0.137404888203024
0.153439667587133
0.147997827352556
0.149216064837743
0.144773127945933
0.137949640886235
0.129868133763957
0.128602769418497
0.1248361789733
0.12311629636293
0.120649814656674
0.117821981052613
0.119236180218286
0.117766381977002
0.115091926351592
0.117382224510311
0.115209558652615
0.108689784023609
0.105337008806763
0.100117788608717
0.0963464447371971
0.0971842210833507
0.0952256912999454
0.0945617787195035
0.0895812332687152
0.0875302396380738
0.0862952255190211
0.0865155237316374
0.0858209481800487
0.084354297467806
0.0792297291581967
0.0804705405054695
0.0786139012054421
0.0775606101984052
0.0718121572667427
0.0798091761938029
0.0718640044498061
0.0710221523058347
0.0708654488845965
0.0784262692649476
0.0820107589418461
0.0843111538237764
0.0878141000574299
0.094609341111373
0.0998122792075159
0.103927109638487
0.102917356846439
0.102284721450555
0.105032243706312
0.108653622269207
0.110190148993346
0.110425615931206
0.110567966831577
0.107549486119386
0.104830396655013
0.101180782964053
0.0971812470323957
0.0947762183675415
0.0947229129534376
0.0898947943222722
0.085569479740057
0.0857645060356491
0.0850711517428597
0.088064914524611
0.0894954487190767
0.0896660645687184
0.0901103787957907
0.0921942002851543
0.0932350645706115
0.0936853360240185
0.0979842623264762
0.0977044959902379
0.096133894980175
0.0926198990613685
0.0888078239868911
0.089347903732227
0.0854645199502121
0.0839540588307947
0.091324943079951
0.097598241001481
0.0997634958272605
0.100454110962243
0.106063985277922
0.116994587937859
0.127489717976574
0.148127885181626
0.162838322058389
0.161858033414926
0.15820292827535
0.165299923009322
0.167421474275251
0.170893300181459
0.175831925111069
0.17682518425825
0.179898688239899
0.180460329820982
0.188580704770843
0.19115585647814
0.18489195061069
0.180041511899487
0.176477246782426
0.173042253760487
0.168602510260699
0.175930061809435
0.179021748458345
0.176707497874187
0.176243189897988
0.174690146654916
0.174974608813468
0.175430785296485
0.178022826810384
0.180111823671455
0.186880085953447
0.193118865018062
0.197189261006779
0.194198443946022
0.191981747136651
0.18654172990285
0.183545920657615
0.184038513577837
0.186838677253018
0.188192603770148
0.191570263290326
0.196454173762132
0.197280684296794
0.199597094556824
0.198501743841138
0.203388479814145
0.212592518756804
0.225195188338444
0.244042255221531
0.260789234699973
0.24944572092668
0.244182241617026
0.238597764692308
0.232375213836178
0.228798351977495
0.226587709462321
0.224565097486283
0.22168396518176
0.211930113216609
0.200918310459737
0.198327680833028
0.194324753587515
0.189403634541263
0.19383652148205
0.190843526778029
0.194706279351306
0.194279025390327
0.193907327105065
0.195469002977903
0.191644436554237
0.188853914447386
0.188030682148858
0.18643756126042
0.181062331978259
0.175527679285698
0.175372248708694
0.171020130581717
0.171512064028006
0.176055649138212
0.190740374647139
0.19019796548455
0.225626777445026
0.218124496449849
0.24524269702847
0.234889065401357
0.223303736589138
0.216298537084211
0.209045784330945
0.202295840383567
0.190355303863946
0.180729722446669
0.176810735420759
0.172181529066271
0.168715551385517
0.156734654867372
0.149312507165592
0.211456452438684
0.183368519124695
0.1684347532824
0.156097368965602
0.152672743529034
0.145350972203941
0.135533915695554
0.130643475025488
0.127764265923007
0.125966264088761
0.124456788102622
0.126222830480614
0.12913563814271
0.132214689336874
0.132995317725354
0.136773773764215
0.141156567483214
0.141955041199909
0.138365843356012
0.13565067803171
0.129928148088809
0.126911408098626
0.125963331351116
0.122839261213268
0.121893117814197
0.123510887758631
0.123061120223184
0.117482129500577
0.109855638020128
0.106964761621344
0.104963315372638
0.0987585020885589
0.099156089735821
0.0948078679512672
0.0913023892076703
0.091775635719408
0.0915495158893941
0.0926292725898543
0.08761784339041
0.0851440396468863
0.0809197963525895
0.0816676160165263
0.0815469208597328
0.081009697992626
0.0794905610223524
0.0825303339933982
0.085000881266406
0.0860913334685233
0.0854698768601417
0.0819556047401243
0.0777539717715829
0.0750837007947187
0.0741157191679726
0.0765798529225884
0.0764163637801118
0.0797189439079514
0.0837346035542977
0.0887616736680332
0.0919651464429471
0.0929603623434377
0.0952600960485936
0.0958038919254452
0.100686824662952
0.101715077126563
0.103571599385537
0.102011004752854
0.102690454630819
0.101525068534445
0.0969259379501703
0.0927496983469375
0.0911404000549057
0.0889926550785846
0.0856811533242074
0.0793335756731635
0.0770917008817447
0.0792834684664641
0.0807070503307215
0.0857483997339637
0.0876912524428852
0.0866790121832235
0.0869936087200252
0.0903451870553901
0.0910689096795638
0.100626761591579
0.104009476207784
0.103057390908965
0.100476354080572
0.0923028056819025
0.0912256792254501
0.0913938764745397
0.0903965035663705
0.0859252164178086
0.0908316361960762
0.0975398875245062
0.0999633915112665
0.103167717815661
0.112869046510005
0.123728652511972
0.134566652955566
0.149575796203926
0.14893372017255
0.155350650703419
0.164163927819987
0.168923643450134
0.16957118737016
0.171976393330625
0.174054436256105
0.175311808190785
0.175754957658818
0.178412938309601
0.180658346261131
0.183263694764755
0.18390657204841
0.180157713909081
0.175607482377928
0.164844654427895
0.159657744164908
0.162467930367171
0.169287853012871
0.17102188375198
0.176395635670426
0.178021158171798
0.17538865841376
0.174817811612631
0.17537050054528
0.179809696974417
0.184694213462071
0.191623752113616
0.193115109061605
0.182407880509506
0.183332735453537
0.181101298960875
0.177764311980397
0.179070144358136
0.184365294709714
0.186865390140243
0.195542769502149
0.207567261093494
0.204334901707719
0.203364896774305
0.193799254289571
0.193347265746104
0.197139843271737
0.205362257984145
0.220421005489555
0.237388371925257
0.237710953784857
0.236737729621903
0.232757000095794
0.227592732481595
0.223085993126139
0.219247674286693
0.218060675240467
0.216631753797174
0.209982627470854
0.198970607038212
0.196592749047621
0.193837553059567
0.192010228995804
0.189045906630081
0.18813094823636
0.186784172676256
0.184109584265785
0.184354355482639
0.187704547209887
0.188644904294126
0.186436772502036
0.181833281178734
0.178244199692793
0.174351402105099
0.167563301458487
0.164816658393199
0.165245945672046
0.16168891073947
0.162306421385987
0.172907423506265
0.169114433633474
0.233329356588181
0.204757278772324
0.264146847262454
0.221569982047005
0.220288636940792
0.207291025875321
0.199029646946777
0.188851961513864
0.175077662456152
0.168180299293323
0.159435385890453
0.149228322955386
0.146489832755137
0.142733349625382
0.136905394990314
0.135473533919515
0.130118006331455
0.125376725263228
0.126375924066482
0.130613105206394
0.128412491886569
0.121385327174518
0.120068305217113
0.117483944429944
0.117225781327434
0.117919209987898
0.119327675934942
0.124926465073445
0.126219455147517
0.127520530813852
0.127162931393854
0.12704108938093
0.127376470717727
0.127494811243032
0.12820428236957
0.125758924010461
0.124352905332591
0.124675183462692
0.123634393520277
0.124267244545246
0.124884137707585
0.122614402976747
0.120834424251653
0.11142328416462
0.103310900343177
0.0994337703115108
0.0933031640157401
0.0914242345607719
0.0855587669695735
0.0822884004835574
0.0836721955870811
0.0843231304850895
0.0874982548131756
0.0854051885999688
0.0850639251825571
0.0827719022927971
0.0805062340025264
0.0811944702545004
0.0777203412271336
0.0785414555782909
0.0803704358102771
0.081087934613082
0.0805746680187103
0.0813960047633701
0.082293392818636
0.0819092654645276
0.0807389612311694
0.0816648526966892
0.0833380369137042
0.0857225635575582
0.0877123612989375
0.0895611385248026
0.0886481765790246
0.0899567468920713
0.0911694299869275
0.0906837205277221
0.090493501248504
0.0927306389223357
0.092499909728292
0.0919934780157155
0.0937433624628555
0.0937085879708965
0.0925149154203771
0.090815949072549
0.0897172204439778
0.0886422194398615
0.0864976728531979
0.0848273434237788
0.0790999978254135
0.0746962377171499
0.0737968627923903
0.0758091858436745
0.0817678810562237
0.0852646351007476
0.087476958815921
0.089940639277357
0.0962164153911459
0.100812603008212
0.131210613783224
0.127499515365209
0.108781063945423
0.104753259302694
0.0998917261335188
0.0992615762653441
0.0972845904828464
0.0962735811596288
0.0954426919877816
0.100669237049494
0.103728747018562
0.10707200187769
0.113604100337024
0.121826619642042
0.129810896441652
0.140270401754946
0.152878691913981
0.14948420580034
0.159295721778581
0.164739727979724
0.166716206250935
0.168413510034327
0.169137109645751
0.170536287779396
0.173496307155542
0.176391875253174
0.177446825313065
0.174959679859144
0.17488624368879
0.17859771124476
0.182091503502748
0.179060397034793
0.171422553990105
0.164715992220319
0.162248674006262
0.165973324211759
0.166058741330208
0.172401472954638
0.175553009094711
0.176963277386071
0.17382337578766
0.173097323628771
0.173044796329937
0.171981787712712
0.171341528475483
0.178878968301468
0.167199595185377
0.167978200320506
0.165318092839749
0.166901755184937
0.167718899871475
0.171378700640032
0.172748013145056
0.180240898401283
0.194739700798088
0.198013827997991
0.198348646484669
0.192600958938308
0.192500144408082
0.191860103720083
0.194848178229833
0.20076289349781
0.208665971118876
0.211692581516085
0.215095020328477
0.214003505106305
0.21141465365824
0.207977334717984
0.205930825479878
0.203321939294043
0.199821362709943
0.193325028803628
0.1890785329924
0.184784441810315
0.184601812045561
0.184464872573399
0.183890941049401
0.184512817812118
0.183966848785884
0.182052584569106
0.181828109540032
0.180765338330881
0.183102443968448
0.182243244308323
0.178386311700181
0.175553815726777
0.172371643598001
0.166481096233202
0.162368093397035
0.162666698387235
0.162918785306875
0.16193155142661
0.163262698658842
0.157362615343026
0.191433139166705
0.174473983828632
0.218821279716008
0.192580418482452
0.183176091955654
0.178174777848982
0.173169429278294
0.168473806079122
0.163004568542157
0.159355504716542
0.149348184894671
0.142024105543184
0.138724341454563
0.134482574033444
0.129907339079693
0.12738605675008
0.126206860765747
0.121026918006183
0.11750348002618
0.115531170435722
0.112375412936871
0.112705654009716
0.112555152876306
0.113989074111467
0.115714992253932
0.115907021149558
0.116665382839005
0.11805456393129
0.118207559286205
0.117814449470343
0.117837699678985
0.117773736614893
0.120048654314085
0.120944551332077
0.121904301841602
0.125433824616918
0.123556273776876
0.123046704402866
0.120383472180396
0.119827315118556
0.116607478578821
0.114609639739335
0.11111071745052
0.104540949029889
0.100595575470014
0.096652014259012
0.0927819737356066
0.0925313734398024
0.087397191376895
0.0819868021952451
0.0820076121189053
0.0833226968724226
0.0854242954318799
0.0843705296983851
0.0846170941363074
0.0838323001364934
0.0839794198234625
0.0842715714381131
0.0801221896569565
0.0827982105002324
0.0834528546318076
0.0841720289550223
0.084757801507465
0.0849070126953502
0.0845811161522135
0.0847118679018795
0.0848382257230959
0.0868337778925313
0.0888165176590073
0.090068566186434
0.0900704878188976
0.0906168220303426
0.0910093538373485
0.0909766088666419
0.0900871062153644
0.0885402280740332
0.0875900751507397
0.0880716974029832
0.0874725812507015
0.0845827460707564
0.0856646309852359
0.0843844151688381
0.0851262349139436
0.084888594801435
0.0850137474403387
0.0832701336430681
0.0810535595376017
0.0808061715695457
0.0808890025040338
0.0759527070015168
0.0705350894108802
0.0701933676719893
0.0801945297279122
0.0846914850637808
0.0861936814194075
0.0895181164744039
0.0907617973656833
0.093396959181077
0.101110498919497
0.101578368563681
0.102923873979651
0.0978860470156924
0.0956927713417367
0.0953774904489099
0.0952622837286113
0.0931765846783821
0.0961859065490388
0.104032806237134
0.108330348894216
0.114832493698892
0.120522461528833
0.125729247371676
0.134072069230509
0.138712132645124
0.149637348161078
0.151574262632656
0.157016006016471
0.159641259750528
0.162512274052887
0.165644674264076
0.165390003553183
0.167202743003657
0.168061648055003
0.168750483100312
0.169373005022832
0.170123968527105
0.171007445097121
0.172417163903138
0.175510866468598
0.177876100301696
0.176972773711684
0.173459540406735
0.172642121135089
0.173142611197473
0.167448422694687
0.16639007209389
0.168544763840643
0.174958630700249
0.173997419138199
0.17165715495478
0.16776258937735
0.166526331085388
0.165728035424525
0.167320959825846
0.159028492714933
0.156739983824438
0.15597761949694
0.153807469812383
0.151310799640468
0.153128824017491
0.154857224701317
0.163525484942348
0.167523316407342
0.169250547610107
0.17129933488572
0.172324900863304
0.175190274160706
0.177452422634182
0.181795551107867
0.189980624509987
0.19496528346227
0.197717556924278
0.1975695438352
0.194702832981786
0.193755707347618
0.191768664946856
0.190961019072972
0.188126714981351
0.185625591027681
0.183341329500278
0.181152227622688
0.179541492605628
0.180963594350695
0.178947096053744
0.179921691050194
0.17930074235081
0.176082039410293
0.174201669749495
0.172026511907498
0.169391955352013
0.167459663910064
0.166526253094022
0.166138199260476
0.163546943374324
0.160565621817236
0.159370935435367
0.156723964557451
0.154178700417041
0.151351726073916
0.148968081393374
0.149125199894779
0.148487758200921
0.153917997256077
0.15570753680331
0.161268965572722
0.159130291308603
0.158998187931051
0.157666764032601
0.156048073554025
0.154913533883882
0.149624410504392
0.144704289217883
0.141311442790804
0.136629219491603
0.131779061016742
0.124452136630217
0.120392886870552
0.120019815647348
0.117070416618654
0.115181141448424
0.111986071216097
0.108615694189378
0.105876731204123
0.104141311746462
0.103321104434646
0.103984712084464
0.105019675206214
0.108541533078147
0.10993423539236
0.110842287382136
0.113019329898455
0.111397225042344
0.111227578240501
0.113482489249109
0.113240342281829
0.114320477138637
0.116311665550471
0.116522876759173
0.115854053961196
0.115257902075255
0.111594989159913
0.109385589947826
0.10739760977126
0.105279082164616
0.101331890427727
0.0964442023606403
0.0928904571063004
0.0903418839963825
0.0875645504769878
0.0859292835640928
0.0815444899223434
0.0777482638031428
0.0761235340640858
0.0790168446198979
0.0819429721115461
0.083988059723
0.0823006430913327
0.0814252962953827
0.0808726562117689
0.080784558209563
0.0765548587220658
0.0786952033740306
0.0810782598957574
0.0820755518176271
0.0832456110791576
0.0825810599832522
0.0826596771764902
0.0830527347955039
0.0836906979989661
0.0840496800793498
0.0849856433055191
0.0863204471258041
0.0876923885964844
0.0869095308897723
0.0873812935516239
0.0881296007550294
0.0876809729261055
0.086662469631262
0.0853711238274844
0.0843300568740501
0.0822930383683293
0.0801157589635693
0.0809100956481716
0.0815206062044341
0.0833848926207835
0.0833713759132454
0.0831380381511655
0.0813548419544315
0.0807757927269161
0.0794658775118053
0.0783292641660843
0.0756216175722767
0.0754214839676922
0.0759322258869952
0.0932427888438466
0.0845612149556693
0.0827544274897994
0.0815397209675855
0.0835818583138186
0.0848846798738867
0.0892064173206449
0.0902476710792833
0.0898038382648973
0.0891280432631801
0.0894294176169628
0.090093249514276
0.0934317358663309
0.0987044924489364
0.104340305836163
0.111529101071028
0.115892208940083
0.12116695020643
0.127876405920176
0.13179415999993
0.136795760903155
0.140792367413321
0.147556114489946
0.151911291885932
0.154418021538509
0.157627619084335
0.156617598296299
0.158161414735474
0.15959868009371
0.160756623859769
0.161130048928824
0.162541476968364
0.161980787030982
0.161985682473275
0.165105604487402
0.168175048237856
0.170269519124757
0.173543283194658
0.173685241778249
0.17101863329272
0.16667473325783
0.164477861501672
0.164592699954845
0.159246420024555
0.155690762122045
0.158804314792276
0.161284140744968
0.161820437168851
0.159993557053479
0.158456463391583
0.157641319242854
0.159195787792343
0.149008942563566
0.150110170113047
0.15182529640821
0.150004475771871
0.147795223120081
0.150323658753395
0.155756354810633
0.157669431580849
0.160049906047269
0.162553131927257
0.1629114247156
0.165567838032365
0.167259449235997
0.168827453592643
0.173507666637428
0.179745454487693
0.180658496219918
0.180686523403946
0.181873924380873
0.17663099929094
0.173695922990501
0.170514740394389
0.16950970368762
0.169410784337181
0.168772919452448
0.167829905125826
0.168473467629967
0.168585675104936
0.168691264920697
0.16839440805104
0.167828448728831
0.168842742368642
0.169108705216818
0.171617578154392
0.170081523615171
0.168523529478512
0.164154659370711
0.161795919061257
0.156858185223717
0.153135776569452
0.149266569797522
0.14609274521945
0.144552690461483
0.142740407987989
0.141184857083048
0.14118235418185
0.140659245839132
0.141842224155178
0.142476702950624
0.143337253775843
0.145423698656962
0.145238061869698
0.145377214076118
0.144697719830915
0.145010573500443
0.142698585025538
0.14135534628458
0.137808340649229
0.133438875849853
0.128899109325518
0.122140552101554
0.117321933688228
0.113553136040749
0.114626725661196
0.114247634395626
0.110586391264205
0.106919784401065
0.102822122029327
0.0992089418462784
0.0976314232526889
0.0968271620746687
0.0959349779945919
0.0969617866302419
0.0969892187011717
0.0966398045784109
0.0985725842971764
0.0980490118112281
0.0999200946634205
0.100678692490565
0.102110551626379
0.101515475173504
0.102536861922996
0.102898979729562
0.103800899633356
0.104681158604936
0.104494883119811
0.102669690673249
0.101420614245797
0.100483949178231
0.0991630889972452
0.097269491838746
0.0917142661645532
0.0863794649865087
0.0858737348668439
0.0847109411074748
0.084084069085472
0.0807816345999231
0.0775670180780475
0.0761759314465341
0.0770112561597031
0.0799474983757838
0.0824403958317149
0.0818618376629234
0.0807641266209122
0.0803972688377756
0.0814058761772471
0.0784995132934624
0.0774523046718684
0.0793360703118171
0.0794268238599688
0.0796748181898281
0.0786091142736067
0.079359382318756
0.0795137170860735
0.0807715199459456
0.0822752460877001
0.0835870039738137
0.084010384784324
0.0848493800425545
0.0848907610178945
0.0840013025197078
0.0833272574779155
0.0827548393952328
0.0832197286171978
0.0821531243394987
0.0797427870195277
0.0772503882819583
0.0764511015478988
0.0775983834212809
0.0792999445325175
0.0801547873520382
0.0792466497771334
0.0785715172699816
0.0777483354217134
0.0760571007125085
0.0762118866439377
0.0760818572579033
0.0729936427353112
0.0717840288915995
0.0734078898408549
0.0739484320527365
0.0742019563750894
0.0765840261649844
0.0765706747668526
0.0797969825954147
0.0815238881025055
0.0823529344777748
0.0859650923629419
0.0865797856975582
0.0875128681093154
0.0889758375639673
0.0910721202744239
0.0959110024834732
0.101930649475292
0.112295968214998
0.11737787694995
0.119957459650456
0.125627994979123
0.13020666175968
0.135171851492101
0.138450198921776
0.141704608306082
0.145332690988058
0.150611870162768
0.15332013585884
0.154237959471264
0.15575247478727
0.157456642967289
0.15721000521509
0.159278388315114
0.161852635244775
0.161993413886556
0.161708260049781
0.161704163756865
0.165383952032654
0.169166892911097
0.170062092724638
0.171295442337274
0.169975209608694
0.166894108023125
0.163548530311902
0.160084516203878
0.156598671529235
0.15019973994562
0.147573960180104
0.145249234744638
0.144954412270087
0.146071551400572
0.14459850247228
0.146185062553632
0.148095630478228
0.149136944067727
0.140681731600351
0.142182286321659
0.144405663658065
0.14504860530348
0.146237389058992
0.150808096082247
0.153695939829906
0.154441358996946
0.153080739690872
0.156781245882301
0.156080436874228
0.160155918682192
0.15898671853177
0.159498110331579
0.160076277074261
0.16068519823949
0.162333620635253
0.163958894623879
0.165007472041095
0.164304180496175
0.164092147203523
0.16310397502949
0.16059135351142
0.157303387191144
0.154131883519182
0.1532753790764
0.151716475055014
0.150764039022712
0.150207795055264
0.149431557004038
0.147704251347652
0.147792829238267
0.14792760120963
0.148914828827457
0.150104975620832
0.150679310649044
0.148920820510536
0.147238167311029
0.14528764365395
0.142591492218324
0.141235812158706
0.138669605340281
0.136279313134969
0.136504336616649
0.135421710348441
0.132941970301265
0.131277659423141
0.131169729469341
0.130310522823731
0.129829916046895
0.130920624463671
0.13138673056643
0.129579524501271
0.128267732459788
0.127945511103565
0.127509014137688
0.122027147801912
0.117518980952153
0.113841039474518
0.112064485495533
0.110351123715251
0.109134637379373
0.109907092891048
0.109504972255635
0.107413393783519
0.106017347723976
0.103314082635408
0.101730971688876
0.0990485287943832
0.0966410203671595
0.0957284532298433
0.0950361620312323
0.0949271625466173
0.0944334361881529
0.0938233221917159
0.0923587893628539
0.0936145484013119
0.0938795378396658
0.0963580455373912
0.0951417245143418
0.0961374382947119
0.0972814995333654
0.0978911577208056
0.0971879037891747
0.0969750678625368
0.0973678090601339
0.0952024576319862
0.0945303873885537
0.0934213524254607
0.0919741481493418
0.0895829534027814
0.0850818600759916
0.0794136163560504
0.0776910613968957
0.0773721251445267
0.0760181458887257
0.0742512230552289
0.0731791227246618
0.0730599439934364
0.0733114175888293
0.0754001438828186
0.0769584127968592
0.0786281830681257
0.0792652921434693
0.0788081919796377
0.0789206474597012
0.0782929968123621
0.0753979015299447
0.0758148695271489
0.0769044615961417
0.0773679487552445
0.0767992527181008
0.0760331429636724
0.0767705953133748
0.0771509548040333
0.0776460442701946
0.0792088001151248
0.0800838293027984
0.0808248077649482
0.0807160483529284
0.0805053453012239
0.0801549174309782
0.0796577739479122
0.0793780577585641
0.0772221487992327
0.0748938873700639
0.0745274421618367
0.0751140740595416
0.0761044184001272
0.0774128705555365
0.0773758886792311
0.0773820057471351
0.0769279406022155
0.0759480964974958
0.0747960036142669
0.0741296114163581
0.0729753433153969
0.0725734233140052
0.0733696826569099
0.0730240511825951
0.0738550648198071
0.0751243651341732
0.0780395914265435
0.0794534165552405
0.0829301091734133
0.0827358644953353
0.0864340198544899
0.0854770228387994
0.0856562848946181
0.0880225347361163
0.0920126249738588
0.0957753315775837
0.100419384574384
0.101132478544862
0.108926529651601
0.115065659846471
0.120301272727685
0.127205509759603
0.133828607492616
0.140755179351932
0.144441459056547
0.147363701983868
0.151135206936444
0.154764199351951
0.156746672505923
0.157584092537424
0.157776744977517
0.158610820380303
0.159387340082617
0.159755066913902
0.159851191158108
0.161615529830387
0.164210832187689
0.168061205869016
0.169512817456269
0.169860674784875
0.169805851893311
0.168419917143841
0.165673327730462
0.161712763388027
0.15903846630055
0.153813321155908
0.147291484019111
0.140146886036875
0.140110513310416
0.136476811587443
0.134791040666245
0.134780624665791
0.134542336516497
0.138159315973681
0.140660084437219
0.140718616283048
0.13080252993456
0.132608923435373
0.138063187899797
0.13476191139873
0.136035052019105
0.142025919042923
0.143991112190944
0.147435254924837
0.149456013837568
0.149347632640614
0.150934765669957
0.151223202062782
0.151265732718632
0.151301457776875
0.151953504280838
0.148660351642644
0.147813999924596
0.149190235551246
0.149515583032887
0.14890845369071
0.149699957335837
0.148956255934474
0.148960414755782
0.148153876605025
0.148323209841637
0.14729861933131
0.146978470436484
0.146653086232218
0.14501345426073
0.143302051882735
0.142883341169404
0.142987990654917
0.140862257446186
0.140276579385019
0.139255800546874
0.138874520532583
0.137659553985958
0.136665437914238
0.136172236068065
0.134241932288575
0.132316862617907
0.130434440129118
0.12804202829417
0.12605652177894
0.124207581223523
0.12210951247937
0.121066195047354
0.119326760363967
0.117524585161869
0.117962617536725
0.116117610484401
0.119030432575595
0.117439611728616
0.113498635054053
0.110818066261251
0.10831798458953
0.104135898476109
0.100280751434999
0.0989175384128378
0.0995410532199578
0.0991189169791873
0.0998947158739223
0.100001836988575
0.0992859292183993
0.0980990315400903
0.0971758146938048
0.0971282799439241
0.0970289906916234
0.0951927294992848
0.0948906737512984
0.093629278975401
0.0923419134665763
0.0911101956043903
0.0915969232374837
0.0912233357214455
0.091511217531553
0.0930572342692659
0.0935988058979977
0.0946819791958405
0.0956420116267101
0.0954079325783322
0.0955107620201724
0.0947531844270287
0.0934943444274358
0.0929366055257706
0.0924962771245354
0.0907167432135365
0.0885275476561904
0.0877188286379468
0.0870368921902138
0.0829399658403967
0.0784385886845791
0.0745297459085206
0.073423308653317
0.074083233571021
0.0735045353587657
0.0723205603698473
0.0732836857555627
0.0741135752500146
0.0742596259402107
0.075105812873267
0.0766899493112067
0.0787506963899693
0.0801076087090312
0.0814844228351087
0.0806440016574113
0.0808013303030671
0.0793324813094806
0.0777969937143743
0.0791471103260135
0.0786551148021331
0.0788117704837022
0.0787133941810503
0.0785695718400447
0.0784407792555502
0.0790817756316405
0.0788933276939743
0.0790221339761165
0.0793500604455369
0.0792759137940903
0.0789278634841277
0.0786794001949292
0.0780665548187568
0.0776837752985131
0.0757903716671898
0.075515881272463
0.0759366220588648
0.0740268617073897
0.0750403017455079
0.0758731525936418
0.0762109967870367
0.075507974176317
0.0743303803852047
0.0732685485552225
0.0714281347142537
0.0714989571184671
0.0735827204786047
0.0741098437337048
0.0741816291176488
0.0733540131234524
0.0758235250562974
0.0773911253601652
0.078650286686986
0.0814366849124078
0.0824738292940043
0.08622429249311
0.0907393217275483
0.0906021735790395
0.0919131727266642
0.0945735501313374
0.0979000389429159
0.0990660607407265
0.100124965983784
0.10236474298713
0.107121721268759
0.112696458046069
0.118704725019945
0.122331067566709
0.127433527764737
0.134478809098637
0.141156840148358
0.146244793065115
0.149179483400084
0.151844365457856
0.153056851228783
0.154041920171362
0.15396185786864
0.15346738610351
0.15323991439816
0.153623318450694
0.153618227473257
0.154183037843413
0.15540027655729
0.157588045192349
0.159502590099227
0.158948790575434
0.157986884856735
0.155855058790035
0.153251034968088
0.152171992284888
0.149669903799923
0.146471271252094
0.140077832865261
0.134279723407365
0.134731088961743
0.132009374141005
0.129813387741999
0.128034565061357
0.127422781277337
0.127737001135896
0.128511320436295
0.129676914756438
0.120371025319287
0.122848015868629
0.124432648282535
0.121755425825128
0.121548466478074
0.122289490206441
0.124194202661817
0.127127324061125
0.128535842820958
0.133781579508703
0.13579798182885
0.13753230119021
0.136878972876325
0.136332659213335
0.134819450157229
0.133494024156058
0.132330277964833
0.132466926137492
0.131676409402957
0.131459604238697
0.132092108793695
0.132514785897915
0.131904772473382
0.131833627334787
0.131468203375355
0.131039734490044
0.130248342615247
0.130283151400604
0.129604019291226
0.129145661624308
0.128470608801385
0.127379208498446
0.126338221355628
0.125589925149956
0.124331425854627
0.122670350418507
0.121303294381515
0.120261273779658
0.118544889672741
0.116403905937599
0.114111025386631
0.111236245076097
0.108949432042732
0.106842309770116
0.105891059891559
0.104724590605042
0.103896136068966
0.104106452635231
0.103821835419755
0.102107067210246
0.103534080863062
0.101400627599892
0.100797914161965
0.0976050962535642
0.0960801399978499
0.0949239300321133
0.0948883901467464
0.094413388272243
0.0942505660730679
0.0941299120538071
0.0933133765531477
0.0924628228153074
0.0921173177967507
0.0913082306285738
0.0920668598403058
0.0929794932163546
0.0941683731699308
0.094535896282975
0.0947860480720876
0.0957648504869333
0.0942472813516653
0.0940927026820483
0.0923231535559165
0.0911020590859875
0.0906431154087367
0.0907052447925865
0.0914192011155031
0.0926326950907195
0.0928459333574762
0.0920413503242888
0.0916328540338712
0.0918609117563896
0.0914035569605046
0.0900441855279232
0.0890915089725074
0.0874653490560453
0.0863563561249565
0.0851050712047321
0.0820633574017626
0.0799310972605082
0.0775618866796181
0.0758211896707349
0.0741347803819744
0.0735742022790054
0.0740829959415203
0.0743650318046145
0.074171544869736
0.074201729708478
0.0750184331459275
0.0753160124245227
0.0760806672669651
0.0772744370653705
0.0784950486982768
0.0793182848618194
0.0799867727107031
0.0804839007452039
0.0801516758127463
0.0802723615675864
0.0792903335141637
0.0778069605976875
0.0784940068765031
0.0789440434582444
0.078686127687413
0.0795205568806875
0.0789808542239844
0.0787856009406222
0.0789210296374363
0.0785356963855208
0.0784915952775414
0.0787718064163382
0.0785819086559338
0.0784782718001204
0.0778891591936335
0.0772674512041734
0.0759636225577197
0.0755855991571372
0.0751199815384633
0.074481438919476
0.0735740893279342
0.0742707415726913
0.0749867624133626
0.0741859725347994
0.0736808550513585
0.0724974539538851
0.0717256036674169
0.0717311438747513
0.0720477566342662
0.0713491721880397
0.0713305072706935
0.0709876248330511
0.0730077043594745
0.0746066133326959
0.0759518694093536
0.0776619251139163
0.0789416291986287
0.0806739185574946
0.0861427777617297
0.0873718502367817
0.0902312718923911
0.0926441960652077
0.0964100238729104
0.101610882342092
0.103069514888958
0.105247566588631
0.10547469056923
0.104585961989476
0.109931414621808
0.111938649845267
0.115789396923103
0.119727371125029
0.123920399944291
0.128560391575708
0.134304093064523
0.139775587746873
0.143533670989406
0.145906490810396
0.147547219870716
0.149907964948003
0.150221643967657
0.149686540095957
0.148864497471209
0.148546581030947
0.148253798093509
0.148235799400359
0.148916104567397
0.148887088210021
0.147977465787545
0.146080461739608
0.143183658991005
0.141205760363392
0.137052558023565
0.131654669042062
0.128135493055695
0.126220211102956
0.125832035035234
0.122890848375474
0.121434593974084
0.120372634967486
0.119245157040801
0.118653798846701
0.117405883070213
0.118195004293107
0.112531043200041
0.112271684366095
0.112968786621219
0.112555677784423
0.112918504526107
0.113708086700873
0.115053460584085
0.115355547917928
0.114972994767011
0.114296246168937
0.116007513191724
0.118452566900229
0.119779537104073
0.121477077022149
0.122140135461467
0.122285513639444
0.123174882933684
0.122715459746816
0.12269707263951
0.121767308264205
0.120997904182311
0.120749697011537
0.121673455066779
0.121852105731388
0.121454555051227
0.120951444368765
0.120871736326515
0.120608812929583
0.121028525585352
0.120195528023755
0.118960087520341
0.117224818003265
0.115145604902094
0.114531419906852
0.112727807349463
0.111287284157967
0.109863950796218
0.107145638539631
0.105506369766709
0.103797514970818
0.102453739243559
0.101705094873506
0.100709392975642
0.10041227550521
0.100025976594388
0.0997303952456682
0.0996154363908936
0.0991113643579026
0.0981943101471557
0.097342598383792
0.096031775893458
0.0961373256943787
0.0955039713798853
0.0948155903096632
0.0932277985986815
0.0919739817982316
0.090802348025644
0.0898746309593661
0.0890970861555339
0.0886910614970653
0.0880721392589649
0.0880465724476027
0.0879214396933663
0.0885740906352669
0.0887284346048111
0.0902569633779179
0.0914113710116855
0.0923752870530114
0.092647917111136
0.0936849105280617
0.0936133898520405
0.0920800326818566
0.0906946118227862
0.0883431287095628
0.0888856899103275
0.0889215951521497
0.0889642054737935
0.0893893622142938
0.0891265888468767
0.0902002602144804
0.0898368303397957
0.0891209615555343
0.0877168808925713
0.08667232289275
0.0861434352613631
0.0853611041900557
0.0842730628328358
0.0829051219702633
0.0817546145834843
0.0797633485906791
0.0776857418571135
0.0770706921792385
0.0767973450668334
0.0769841337037701
0.0770052984796715
0.0776658392060932
0.0782070175645921
0.0782238107240561
0.078579455946904
0.078625509980853
0.078166524156878
0.0785498162953122
0.0791980668762692
0.0799748216476849
0.0807478649734445
0.0801067984355943
0.0804253707831844
0.0805859306114037
0.0808350203039617
0.0808563089644208
0.0809954336439939
0.0807413726437694
0.0803545298462483
0.080325882630051
0.0805402905983308
0.0808845250563052
0.0806626477960959
0.0808036567954756
0.0815318075905538
0.081433820952212
0.0807901090697129
0.0801956406282386
0.0797014834177486
0.0774532400530829
0.0758733002273757
0.0751320485570258
0.0751188746100003
0.0760272713537439
0.0760190689402663
0.0750483241503887
0.0741980294338231
0.0729488430551852
0.0721280479689923
0.071842307962543
0.0717513243228635
0.0708347269400116
0.0697933708444826
0.0684679616852302
0.0685143711423129
0.0690420249711743
0.0690155869835898
0.0710664354450428
0.0735774644908252
0.0752172951988989
0.0784770009983469
0.0818903783805138
0.0850121699732639
0.0891251666801318
0.0928767903536175
0.0936000910558275
0.096083001050761
0.0988275268592912
0.101663093825173
0.109619936229529
0.112177406928838
0.110031707299381
0.104930644642395
0.102925912230255
0.102580472220269
0.103924016555555
0.106485242609747
0.108441802927973
0.110955583932902
0.115328389824815
0.118902851363548
0.121673097385575
0.123383361441059
0.125365521468068
0.127003519552513
0.127700931583223
0.128666066020031
0.129167343075989
0.129906571720287
0.12965717670329
0.128628344171173
0.128384672350513
0.128404695221474
0.126979987354501
0.124790227028504
0.122891408570825
0.120974896149498
0.117444024152236
0.115781792075244
0.11458238278446
0.115309350535294
0.113549081553395
0.112122575056529
0.111982419123292
0.112120149251687
0.111874611368396
0.111530580703268
0.112108256056817
0.106081244925693
0.106308585220975
0.106689204558059
0.107219939061731
0.107283481707897
0.107464478580255
0.107867394866367
0.108274258177388
0.107416963568636
0.107549640765799
0.107293414900041
0.108322588928139
0.109598780835029
0.1111069463038
0.111758063360349
0.11292618605375
0.113694292002701
0.113864830996999
0.113287595709161
0.113471199215198
0.113587494549247
0.114147976273459
0.114000548452962
0.114118499040724
0.113988215945239
0.113134237661205
0.112656760230703
0.111837976742456
0.110678662266859
0.109649636167955
0.108367066634577
0.106981944972287
0.105899952518066
0.105259358394404
0.104296747312347
0.103471684599126
0.10246349263454
0.100804431286145
0.0993614657368395
0.0984530566735182
0.0973524493038096
0.096660508159469
0.0957556673087618
0.0952786657488161
0.0951963879683381
0.0949679090761496
0.0940235141669453
0.0933252994760561
0.0926370127127423
0.0923414525884485
0.0924423225206931
0.0918113225094659
0.0915296821663864
0.0913311506381482
0.0892294790890921
0.0883180811232529
0.0881495973633072
0.0877769490489318
0.0874733021288988
0.0870577658675297
0.0869618922025138
0.0870149117118188
0.0882742911486246
0.0893146624341167
0.0896866359744094
0.0912132980332971
0.0906298358294646
0.0900692619766723
0.088840979784212
0.0879394738198375
0.0870101946362733
0.0866228486889909
0.0852758412342988
0.0853502705768893
0.0858346995014512
0.0864402820907606
0.0870578572655042
0.0884838541787994
0.0890162945471301
0.0893471953080218
0.089293200556132
0.0881467449451314
0.0864258852475178
0.0858880812742683
0.0853739922749532
0.0842738296632182
0.0832902659230358
0.0809847027375726
0.0794300785094427
0.0779585783389175
0.0778215006930314
0.0772418864128751
0.0775594514963911
0.0777631645189315
0.0778494028303607
0.0786267929401899
0.0789028993319908
0.0795353911551494
0.0803707738776118
0.0805101958695906
0.0802561383355419
0.0800957606003281
0.0807442014723202
0.0807187661234601
0.0818065103291264
0.0815102103243565
0.0815528608828548
0.081849740162609
0.0817509412570192
0.0820848470582629
0.0821200781046847
0.0827960869341497
0.0836351360543913
0.0845131884900248
0.084161651339347
0.0842459663726988
0.0837503062126145
0.0842528334474818
0.0844083988574398
0.0835430981442526
0.0826117974325796
0.0823070009425667
0.0814676747415412
0.0800650995845563
0.078693320685686
0.0786356094003202
0.0782237760757943
0.077398666183514
0.0769173359785437
0.0761584860219856
0.0749877307173333
0.0748337704312148
0.0738768554079242
0.0728467593674217
0.0722306325709895
0.0717015808334615
0.0709244221083507
0.0681258325027147
0.0664952869309029
0.0661763283032687
0.0664860906762218
0.0668588209179198
0.0680398147476814
0.0690215958121305
0.0699260525181606
0.0720146060119585
0.0756958523446364
0.0790993028781867
0.0827470376878278
0.0867548858619096
0.08772017651412
0.0883773314429966
0.0897451205692859
0.092410979415497
0.0942174000120807
0.0960269341046465
0.0955663124619339
0.0961505299710145
0.0963211555119123
0.0957885548397901
0.0953025414474371
0.0966347411129473
0.0985661782666554
0.100522435727132
0.101241536687319
0.102850091847551
0.106628307157114
0.108558093260554
0.110018486121438
0.110906189392152
0.112398150582219
0.113178696540767
0.113470192635103
0.113826809746479
0.113562462854407
0.113039560241728
0.11210918407471
0.110478493006127
0.108934590814722
0.109326543311561
0.108546258357228
0.105791774939092
0.102513232970707
0.103784709848386
0.104950039962683
0.104934155541016
0.105162647094429
0.106227707269082
0.106234600565041
0.105187820252769
0.10467650410634
0.105141174227545
0.100973106601516
0.101203374994644
0.102192713639511
0.101766397666228
0.101179187332888
0.101135601546782
0.100135412913909
0.0996362466616617
0.098362604144145
0.098382903509416
0.0980627370043498
0.0983219562237275
0.0992391999765658
0.0993834143830694
0.100054144980158
0.100555662505897
0.101853163139125
0.102481982386277
0.103633741584125
0.104090667645953
0.104477379192192
0.104367475491028
0.104718674145442
0.104748912906636
0.104681326220228
0.104694139308173
0.104352389879013
0.104032789877118
0.103296199158946
0.103204796558572
0.102309186756591
0.101419687485936
0.100503768198092
0.100088419880612
0.0995952762400857
0.0987729452801473
0.0985559333298148
0.0980688576136263
0.0969756079951813
0.0965341775072465
0.0956246837335935
0.0953354078953879
0.0946382451413981
0.0936761764907389
0.0936108887471194
0.0931836304051434
0.0928454441040536
0.0925676963659638
0.0915699531289648
0.0917680775330575
0.0918632711858558
0.0917632106414702
0.0913442877715038
0.090068874756181
0.0892003095036564
0.0893028642589287
0.0894629819008515
0.08979875523761
0.0898687918101395
0.089844494296642
0.0901024376661848
0.0900648607651566
0.0898812680106483
0.0900681548448713
0.0897766017594591
0.0897132620245101
0.089567853274224
0.0891299504578961
0.0880912455840147
0.0871267376307652
0.0862279992254227
0.0858046474889289
0.0855432915812468
0.0851932299767769
0.0850050552699628
0.0854749057314957
0.0858273876261182
0.0863035826676816
0.086818664931647
0.0871869977783451
0.0866189651410612
0.0856342678384645
0.0851142118501609
0.0845889842832398
0.0842405205940464
0.0848827336491014
0.0842124605630457
0.0838559571010417
0.0833057335854319
0.0824762379659343
0.0816275777649936
0.0811409024003762
0.0811051111261449
0.0809822676292519
0.0811454140421286
0.0810716792624622
0.0805415318508712
0.0802715733999406
0.080823218212537
0.0803798618168103
0.0804927432844342
0.080295645800451
0.0798586197779093
0.0798647867080988
0.0795611565605216
0.0792828865300313
0.0790574407001761
0.0792412312577965
0.0790621275347522
0.0790397137594445
0.0793613744845429
0.0800334191968075
0.0804352423292026
0.0802407748880749
0.0799846669094602
0.0799438061516703
0.0804727575455624
0.0806942821898878
0.0804049798438438
0.0804327082320465
0.0804285667078598
0.0807166248925231
0.0802388468072509
0.0788310033758286
0.078012950142745
0.0778345335648621
0.0776357331081235
0.0771814458401982
0.0765750556848377
0.0762394497622468
0.0760095786619108
0.0751716771380028
0.0753926692251029
0.0747861184256665
0.0736398603265927
0.0725261816822437
0.0712313124454099
0.0698810200876099
0.0688695609798875
0.0686787969957004
0.0693409758793891
0.0693607836301185
0.0699222390919865
0.0708827296833835
0.0713280386371953
0.0718319083492039
0.0727670419822463
0.0736341493455097
0.0751002970101811
0.0760487798664854
0.0768271516332455
0.0778349668898865
0.0782966400188113
0.0789841567832239
0.0799163263509475
0.0809756906229537
0.0820326065766304
0.0829411177987966
0.0837679707414131
0.0850891672988604
0.0865428380409653
0.0880877849002542
0.0901924447959087
0.0917712254864006
0.0931967792493977
0.0936656601185817
0.094065472796275
0.0948565496416418
0.0953248258529936
0.0951354309850159
0.0945081974183787
0.0939199899210703
0.0929155851126648
0.0923035195098911
0.0919597198259606
0.0917562105213461
0.0917804690406525
0.0922290145191118
0.0928545485764345
0.092979454483188
0.0945669761963494
0.095401001475346
0.0967982867008901
0.0967948773068407
0.0979303224569215
0.0985313799755875
0.0994179677735851
0.0998684820831917
0.100345646412998
0.100186616408144
0.100287777235313
0.100600992417145
0.0993016861636963
0.0995484504677984
0.0996456593838984
0.0992044264174111
0.0987731482281026
0.0979171822442345
0.0974276651199819
0.097344431354443
0.09634647122871
0.0952485661801567
0.0948143336439019
0.0948085910556009
0.0942128537589271
0.0949223486095005
0.094898621797044
0.0944743159132398
0.0947835355219473
0.0951786890881304
0.0952115317530448
0.0955046347155524
0.0961559944059964
0.0964552528696707
0.0968527544914808
0.0970245920144256
0.0968924366370128
0.0970124493640715
0.0973619335080549
0.0976554341933122
0.0973766684941339
0.0977078053367548
0.0975511952415644
0.0978832430637239
0.0981258064414017
0.097639171623188
0.0976672446213541
0.0978475780761267
0.0974011421275123
0.0969630463895794
0.0967600945822098
0.0959337235564111
0.0953594200080367
0.0946924961947687
0.0940286595563699
0.0940562967734457
0.0937738678549561
0.0931188386063226
0.0931819717351697
0.0927793247641128
0.093083466500737
0.0930352338531838
0.0925169847682275
0.0919292256077773
0.091670348209256
0.0904702728103438
0.0906222446952281
0.0906508534955202
0.0908048196433671
0.0910769327353808
0.0912799906161455
0.0919829366644007
0.0916272196777502
0.0908889885241684
0.0907475445567885
0.0903584543013031
0.0902599708987789
0.0912790537261243
0.0911289651495736
0.0903333210557022
0.0899632027590028
0.0893797101733756
0.0884018115043284
0.0875688481754362
0.0870371480520837
0.08646175907422
0.0854710457799447
0.0851757378505948
0.0852098376696767
0.0856860386442939
0.0858390342025666
0.0857181575555903
0.0852467903135949
0.0846153783711235
0.0839337663428242
0.0831349680795511
0.0824082745697797
0.0818001164693995
0.0822314873610811
0.0824560687179923
0.0831420046311569
0.0828483041024157
0.0821425993366521
0.082091124840355
0.0816101853762556
0.081148494097076
0.0811101362772023
0.0810376159020871
0.0806000914759313
0.080622989626211
0.0798380040124855
0.0791557538627397
0.0789851084908392
0.0787439621917089
0.0785840792608428
0.0779608124035065
0.0779750444521026
0.0779579101747827
0.0779184552846182
0.0782910996033324
0.0780272619767678
0.0782418825823497
0.0782552044347879
0.0780986471687228
0.0776198831182533
0.0774838213371499
0.0774283205563212
0.0774255484979793
0.0776300425012748
0.0775351358189003
0.0776365327018829
0.0782143468768822
0.0781453353641979
0.077750248537644
0.0762412253756919
0.0757339831041901
0.075715278816938
0.0755232453807332
0.0753153841827198
0.075114115707924
0.0752328540051493
0.0753773677739913
0.0752471154960546
0.0751932309850489
0.0743904307277024
0.0737871441630193
0.0734182670498694
0.0739181037799196
0.0739350619787134
0.073938925988977
0.0731546936681737
0.0726007534158264
0.0728071025186221
0.073166630617568
0.0735553874977712
0.0734495538924243
0.0737229334422209
0.0742167453554423
0.0748347661126946
0.075260435010114
0.0761625388621624
0.076863410588347
0.0775901927325525
0.0788998424705284
0.0792538249493894
0.0796605848141818
0.080000751874454
0.0800214019897454
0.0806385698949253
0.0814473244028575
0.0824207727477062
0.0836740615515988
0.0846056769996546
0.0857684265372373
0.0872070889765379
0.0878134799115481
0.0884442725858325
0.0884696664655766
0.0884871559749262
0.0886531258108565
0.0889477239208914
0.0888351916307751
0.0889355695038631
0.0889558906576058
0.089234144126808
0.0893297618785126
0.0896511075276511
0.0899798069682937
0.0909654448073409
0.0919191348266236
0.0922804684256869
0.0921209604987461
0.0925224459257227
0.0923952390901165
0.092998444931881
0.0934964410421033
0.0938811203973316
0.0947309240228372
0.0954808861097914
0.0967274008127976
0.0969454813652259
0.0981419875546413
0.0989685008970191
0.0993630831271253
0.0934516021393531
0.0939939273095929
0.0942236976141947
0.0940499977242308
0.0939969371862374
0.0935373804140329
0.0939436144543889
0.0937608666140587
0.0930712775949122
0.0929925073178715
0.0932866524495103
0.0926857807064191
0.0924838281633131
0.0923935691294007
0.0926589290570396
0.0931921951645667
0.0930014765185986
0.0933448118543951
0.0931625922564693
0.0935425114128894
0.093601901621728
0.0935263141133069
0.0938717592181481
0.094038606273976
0.0939745081457175
0.0943731213605173
0.0939609928698927
0.0936026178009978
0.0933360046502122
0.0932346197732222
0.0933693984846791
0.0935074706635252
0.0930168779476429
0.0929557951081157
0.0925684351286062
0.0924402326965599
0.0922759958006608
0.0923668706770213
0.0920189022831839
0.0917397244642989
0.0919233179826194
0.0919195368630932
0.0918412129732932
0.0920924124622587
0.0921322932234092
0.0918930602378905
0.0923715569401176
0.092204268177555
0.0916398897701681
0.0911438877094601
0.0910777349532424
0.0906764397162824
0.0905258469236421
0.0899165017347473
0.0901638757402341
0.0894638348599732
0.0892005161757856
0.0881436174325507
0.0882171112552497
0.0880659711687214
0.0880364831665852
0.0878282193270022
0.0878863486943599
0.0876193837181551
0.0875054890505341
0.0875274072956242
0.0878922050204805
0.0869709810084068
0.0864524693098227
0.0849406108110455
0.0843013618940806
0.0838565564799302
0.0838979878389259
0.0835343358012225
0.0835256904721305
0.0833410873651156
0.0835846646145768
0.0837444887364833
0.0833548886318514
0.0837715551583491
0.0835195271904729
0.0832952864232779
0.0834722839337195
0.0834215013842891
0.0829887262550309
0.0822633764468726
0.0821781529314046
0.0826394655277954
0.0822267961321159
0.0823425624829628
0.0821299270438654
0.0820947700626189
0.0819202034539648
0.0814790013081318
0.0810875828318887
0.0808452221067397
0.0802416854331386
0.0801385824986427
0.0797978760395419
0.0796005537619262
0.0792861410597791
0.0791877980649747
0.0790323561032184
0.0787145550709152
0.0780696829826178
0.0776942436172056
0.0774456556313815
0.0770866761350849
0.0768677502831129
0.0768951836975093
0.0766478601205151
0.0767910422998866
0.0765445462991498
0.0764937433168097
0.0763890304896207
0.076480122386327
0.0760803153006827
0.0762322753136101
0.0763473534695046
0.0760676113338939
0.0753200592020223
0.0744552489986219
0.0745397556585783
0.074445788960144
0.0741694810924528
0.0737247572751082
0.0732975901786388
0.072951334736644
0.0728769993750113
0.072942283904725
0.0732190943672972
0.0733921793528845
0.0735826354644635
0.0735966523608187
0.0732987417086864
0.0729959959364719
0.0730219143333403
0.0732289459334285
0.0735415757296921
0.0741643486085
0.074618729353109
0.0745106595686438
0.0752747824684505
0.0759787727414438
0.0771506784332161
0.0778750303276542
0.0783269372369316
0.0787772007512397
0.0791731275230716
0.0790952494193306
0.0792489341180088
0.0796573107252837
0.0798251035856274
0.0801372349834651
0.0797473074574882
0.0798334720826057
0.0797366172366582
0.0794610201773649
0.079741137147613
0.0802139879016511
0.0803925702662657
0.0810093997684139
0.0814402019175027
0.0817675866381992
0.0817727771388416
0.0820844456458963
0.0820252541458347
0.0825844839108314
0.08311455694978
0.0832221712600606
0.0836539335910663
0.0841490734870134
0.0844811867900373
0.0846742414914423
0.0851850754361888
0.0853776975148669
0.086239855301992
0.0865611278883936
0.0868620383702201
0.08739555870566
0.0875812607869666
0.0880904059035556
0.0887609011349152
0.089862888553109
0.0901640102581684
0.090860794250634
0.0915668345470858
0.0918487098413493
0.0918332058081169
0.0920137229742387
0.0923398402221081
0.0932533586728936
0.0908394697317645
0.0911217221145995
0.0917076252244464
0.0919229564373676
0.0924975501708787
0.0920578728960113
0.0919381858695916
0.0919019834264063
0.0914610821937723
0.0917935512555249
0.091666574663566
0.0919441132666941
0.0914489209876258
0.0912763993416163
0.0908051798441674
0.0910966947105946
0.0914122447527407
0.0912245299697902
0.0916157755783975
0.0914116482087989
0.0910425823864812
0.0909618388382879
0.0906896566664488
0.0909225669275841
0.0901716052574888
0.0901398372364198
0.0897951265882436
0.089796144875674
0.0893511728327064
0.0899615189634024
0.0896726074789503
0.0893365840986447
0.0896029792060209
0.089667728343011
0.0894737588860003
0.0891099015048496
0.0892089997731772
0.0891894064313089
0.0889075715787738
0.0887654133543013
0.0886006677853905
0.088167246223527
0.0877626724620236
0.0877838638116338
0.0875472069027279
0.0876463043833309
0.0875852041640827
0.087599044081492
0.0874714931193868
0.0869600152589339
0.0865942297186598
0.0859661021105927
0.0856986996878244
0.0849205973575949
0.0848397579573786
0.0841706691331023
0.0842619086415384
0.0841563811010554
0.0842857729098458
0.0836015148809763
0.0836417407251295
0.0833481718667823
0.0834065153275306
0.0833786767596534
0.082817936355092
0.0827604572953413
0.0818772025723164
0.0816225809219802
0.0816197001897567
0.0817727132843857
0.0818521560441773
0.0814303325795683
0.0815881147100424
0.0814584400176879
0.0816623946917171
0.0815065306416893
0.0815133197965375
0.0815813525630736
0.0814747350563594
0.0817631291142081
0.0816384767517386
0.0816980561722401
0.0816590691028633
0.0818080264732183
0.0816106486752043
0.0817617838191778
0.0820842152198936
0.0817273963798963
0.0815219630201554
0.0817920502460164
0.0816077939162348
0.0817425883176084
0.0817815343684144
0.0818585832280536
0.0819240628864529
0.0815839531250325
0.0816454113753062
0.0816918646178215
0.0820959017821679
0.0822973530728133
0.0824311236543644
0.0823417837193344
0.0821848523266312
0.0818727115814555
0.0816331072552971
0.0812805846978782
0.0812556554006737
0.0808536052748619
0.0809516419773008
0.0805861101608036
0.080521312477784
0.0801025906168665
0.0799049178433361
0.0797650050752162
0.0795310327779526
0.0789120837742397
0.0787780750858944
0.0783442509337316
0.0782688468942063
0.0778687255119883
0.0777988230303585
0.0775922464453264
0.0774226440256787
0.0770738408567273
0.0774930588575568
0.077444291881011
0.077011257272185
0.0772854927091989
0.0772203921612482
0.0763444682656535
0.0764310759335861
0.0762500266876624
0.0760069090855842
0.0757630101509601
0.0762438950923865
0.0764991263176756
0.0764517351123145
0.0765463468088044
0.0770398820581771
0.0770352915039149
0.0773814839536604
0.0771970102594055
0.0773543101552844
0.077738536255749
0.0782514113323016
0.0782613475969772
0.0787913751806144
0.0790911839779226
0.0795889212057407
0.0798999377862683
0.0799490022936028
0.0802842218184749
0.0806093377694815
0.0807005044987174
0.0805812285993869
0.081195515641553
0.0811862577153725
0.0812245748825886
0.0812008178145939
0.0815244538790166
0.0817156784769407
0.0815481305800246
0.0814062148020679
0.0816828908014631
0.0818704021632311
0.0820970006638742
0.0819346830098502
0.0820208777169833
0.0824195142434525
0.0825119483330285
0.082586616611397
0.0827761891120691
0.0828723442581883
0.0829646893984513
0.0836064884086612
0.0836376600812324
0.0843943038157555
0.0843294657765148
0.0843695288369481
0.0846830846681455
0.0849881586449127
0.0851229999676754
0.0859309777516898
0.0863913384249715
0.0864965098408007
0.0866477163688854
0.0872671847573003
0.0877972647908336
0.0886826442639323
0.0889626488896674
0.0898518304385618
0.0904852007410178
0.0853086140387106
0.0856550291039684
0.0855480978975463
0.0853566686511659
0.085489351667408
0.0851402868282281
0.0854817529092328
0.0857534694415644
0.0860531984050728
0.0857168680072157
0.0853600726214026
0.0849638324282918
0.0849453279034395
0.0848594606117995
0.0849424452321898
0.0849318613898556
0.0849564748519179
0.0851876499096399
0.0851374816077903
0.084916373921226
0.0847862435553087
0.0850907347002062
0.0848625290671326
0.0850358897252757
0.0852508812841007
0.0850367390055373
0.0851252859087033
0.0850202432121197
0.0849727334989752
0.0848955768812083
0.08484412485617
0.0848217739678698
0.0844075440017862
0.0842858996275416
0.0843179670904326
0.0840301568812045
0.0838998262023165
0.0838444039083418
0.0838589892650943
0.0835249741654939
0.083819631642406
0.0840518674697237
0.0838590663898589
0.08392378422999
0.0840327559347286
0.0840826212151343
0.0840496345406743
0.0843396660340116
0.0840320103154659
0.0843958488074461
0.08406578431613
0.0841522833323635
0.084375323089795
0.0845103703582648
0.0846757178032592
0.084676687625661
0.0846741385021937
0.084426167729247
0.0843856204868893
0.0842720505489407
0.0840666762278166
0.0840332352216842
0.0838821415614145
0.0843053350907546
0.083772267944524
0.0839077362930223
0.0840024756095441
0.0835137828591364
0.0836614714609562
0.0838000025633222
0.0833662507935516
0.0837406670842674
0.0835573959270621
0.0836225562535625
0.0834241195022697
0.0834400871056551
0.0834282351023227
0.0834752745560642
0.0828963628500201
0.0828583625115559
0.0828591198779554
0.0831891528609097
0.0830001043314632
0.0831939539116892
0.082792692226209
0.082860251197102
0.0830887782771687
0.0829404339182037
0.0825342821586263
0.0826384818169812
0.0826035347475357
0.0824910425740789
0.0824391280828476
0.0824234620828449
0.0827246622578122
0.0830106064844675
0.0826248304094391
0.0828874443779835
0.0826582300245212
0.0830680809379898
0.082802150221594
0.0827884752667849
0.0825961072389451
0.082545459378568
0.0825429276103105
0.0823908498345549
0.0826082833016841
0.0825043006323844
0.0824688501371815
0.0822322408980845
0.0821490077868097
0.0824382993791345
0.082626439728594
0.0823287194441427
0.0824966520080282
0.0822028154295567
0.0822687537078149
0.0824228177685401
0.0821633952828916
0.0821609461178379
0.0818616334428337
0.0817786640972896
0.0818802618428116
0.0814827589740463
0.0810076237467933
0.0810728647074696
0.0811597320100397
0.0807982223988959
0.0808740908972559
0.0805885701679405
0.0804865014352571
0.0809161529269661
0.080763803879436
0.0810558234114519
0.0808055032487785
0.0805232588545773
0.0807787545777476
0.0807746483621026
0.0807987732285218
0.0808268463495884
0.0808030690146788
0.0809796886488959
0.0808817447208121
0.0810302605323572
0.0811165918267091
0.0810890874071503
0.0811913957182201
0.0814916670785763
0.0817227935415433
0.0817315116178954
0.0819959995937737
0.0821228459981076
0.0820909791053829
0.0822188778793632
0.0826089039066622
0.0832632466194317
0.082924460074813
0.0829207408846399
0.0830961239761629
0.0831191217131762
0.0832774991848844
0.0831903483281466
0.0831883385546463
0.0830221726478778
0.0830805070168261
0.0834996194636866
0.0833795967683379
0.083580634340652
0.0834974687412141
0.0831683405736447
0.0833261542536141
0.0834326921723101
0.0831742764903726
0.0832515856869663
0.0833298858768528
0.0834263499294195
0.0836305774281215
0.0836958243646304
0.0838419912243199
0.0836436570530366
0.0838976841103326
0.0841013139434013
0.0840431737244568
0.0841714574232577
0.0844445523776226
0.0846860626506525
0.0845773175261623
0.0847321700884257
0.0848435152378526
0.0846925438289099
0.0850782186864312
0.0852114916867089
