0.071312749439995
0.0713031958424971
0.0713045201900117
0.0713159906305708
0.071319243434513
0.0713496084914498
0.0713545553293879
0.0713592041597192
0.0714010009644084
0.0714443165171856
0.07150193337878
0.0715719724101272
0.0716739228762861
0.071732806354066
0.0717896328762724
0.0718231644556656
0.0718436098767175
0.0718750169997816
0.0719320310438824
0.0719832504968823
0.0720171747006375
0.0720347892743789
0.0720480845431948
0.0720531185486023
0.0720488760708437
0.0720412417546488
0.0720539881332895
0.072070169427964
0.0720548948685705
0.0720632914537078
0.072072375513361
0.0720710549988152
0.0720839521025042
0.0720907333533435
0.0721159550283673
0.0721293044289788
0.072134338039206
0.0721358145557344
0.0721395034695125
0.0721523130690096
0.0721506199284348
0.072164946462317
0.0721937742096385
0.0722204989553778
0.0722353081793848
0.0722570438474978
0.0722720014175567
0.0722989767358337
0.0723011253254766
0.072317743643242
0.07231448871445
0.0723250554444212
0.0723353539554318
0.072355766266171
0.0723599269412126
0.072347654010597
0.0723202965589805
0.0723114730206223
0.0723124859418548
0.072306869439111
0.0723024734039537
0.0722951284144908
0.0722874268202056
0.0722838275506879
0.0722483334624719
0.0722486392496518
0.0722486901428481
0.072243455698797
0.0722179289640503
0.0722081267306692
0.0721977394003784
0.0721928207698033
0.072183450774258
0.0721927949969165
0.0721882158123802
0.0721945323301282
0.0721809330032753
0.0721767930218574
0.0721655215770202
0.0721373925381212
0.0721370463105976
0.0721281105085439
0.0721217932830934
0.0721005606583718
0.07211584707494
0.0721325096925283
0.0721289103845597
0.0721093644963121
0.0720862652874567
0.0720577774313436
0.0720464984671821
0.0720140126700555
0.0720101966178157
0.0719452023218128
0.0719338041554019
0.0719102890055548
0.0718987040113124
0.071886207664462
0.071851017001889
0.0718385110284212
0.0718328564924446
0.071827212404052
0.0718212890612368
0.0718083562712822
0.0717877160720927
0.0717685256304839
0.0717527129412036
0.071734394424885
0.0717232103556982
0.0717244016322667
0.0716990136115736
0.0716727507634029
0.0716940011641417
0.0716688799004892
0.0716613965752706
0.0716471656743463
0.0716086850867157
0.0715909197334087
0.0715737307239506
0.0715495232254108
0.071529369850633
0.0715213723760654
0.0715086487456686
0.0714902048055276
0.0714642282765793
0.0714096673529633
0.0714000757276855
0.0713695889360603
0.071342693481775
0.071316329446708
0.0713122158451973
0.071299334470499
0.071282164961279
0.071261599742762
0.071257446992636
0.0712313801833583
0.0711979121580624
0.0711741550635969
0.0711453501839303
0.0711520630946099
0.0711400868337542
0.0711503409014891
0.0711446314767949
0.0711169634150997
0.0711016429247339
0.0710946374648518
0.0710841351610737
0.0710733098466677
0.0710566057070635
0.0710430537207493
0.0710535281521681
0.0710492947878511
0.0710390360963153
0.0710425274350323
0.0710504202208978
0.0710555143187142
0.0710453606710304
0.0710424568573568
0.0710456114887612
0.071048344117282
0.0710517260471228
0.0710489246809531
0.0710629836437889
0.0710591376809839
0.0710759835664243
0.0710891558176229
0.0710945687744047
0.0711071824513398
0.0711158420533585
0.0711307524347918
0.0711581721959811
0.0711622828022642
0.0711829840302935
0.071191240264648
0.0712563491168306
0.0712778969067475
0.0712876356009914
0.0713023869167159
0.0713212383446445
0.0713508207163222
0.0713595692872593
0.0713426710064362
0.0713487215418692
0.0713580136563064
0.0713596447395954
0.0713659358993459
0.0713311308651154
0.0713314207806125
0.0713227230151793
0.0713244945375901
0.0713125759479032
0.071318912604555
0.072030305447675
0.0720653261914429
0.0721011512533789
0.0721359519720911
0.0721488412681364
0.0721485549034494
0.0721936110085965
0.0722104856862234
0.0722276733187891
0.0722784290152437
0.0723139659406972
0.0723333641731285
0.0723912662502045
0.0724057474604933
0.0724398625652263
0.0724656720023911
0.0724457859190809
0.0724490010765745
0.0724172875277091
0.072355521370638
0.0723135661131273
0.0722257631449453
0.0721422099787978
0.0720555605016822
0.0719739955829879
0.071894228139042
0.0718338442262397
0.0717749366711374
0.0717435337194885
0.0717203827484631
0.0717345437409505
0.0717000044876941
0.0716906069643472
0.0716618485499498
0.0716777782139671
0.0716819101726218
0.0716978792801749
0.0717038391029342
0.071711412633728
0.0717333563622438
0.0717550082724329
0.071759458512375
0.0717676527192001
0.0717980959468868
0.0718361025912797
0.0718803473360921
0.0718954283533717
0.0719450534756019
0.0719766315475791
0.072005113509015
0.0720449527459931
0.0720809176058255
0.0720822996798858
0.0720935246895776
0.0720807380496087
0.0720974903807143
0.0720921730488724
0.0720888414072164
0.0721069143737204
0.0720900573487033
0.0720811071866732
0.0720774977767764
0.0720845737677707
0.0721019567483565
0.0720879853699739
0.0720778201073231
0.0720914642914176
0.0720822628334674
0.0720633942489448
0.0720271934049343
0.072008614166675
0.0719990715503181
0.0719956511429199
0.0719756850417131
0.0719912487970808
0.071965942841006
0.0719574385740647
0.0719835905253703
0.0719701221921295
0.0719745021478551
0.0719974250408569
0.0720133360212766
0.0720460571854829
0.0720609105408255
0.0721358956709239
0.0722081472357801
0.072240642140822
0.0722738143620473
0.0722498893554588
0.0722223552212072
0.0721987868859983
0.0722233379864349
0.072234831076868
0.0722662506383563
0.0722856712921128
0.0722239030810763
0.072199588618774
0.0721696127649243
0.0720751393407161
0.072011474133097
0.0719521149167282
0.0718961712294202
0.0717946149159781
0.0717403749456021
0.0716244249629122
0.0715510331067814
0.0714839956216117
0.0713938927525097
0.0712964973104435
0.0712202661559037
0.0711341367521596
0.071054028102683
0.0709962733521449
0.0709553046042853
0.0708854703232121
0.0708346780712331
0.0707822594879306
0.0707117862425834
0.0706745291424355
0.0706364548936623
0.0705964938310759
0.0705612239700549
0.0705086066989471
0.0704456177369261
0.0703797178769084
0.0703181120689837
0.0702755663343767
0.0702167688105552
0.0701701307710762
0.0701250206351845
0.0700691077687147
0.0700137588825076
0.0700082056483322
0.0700027517712755
0.0699709753046473
0.0699441315567223
0.0699170909016948
0.0699053425004249
0.0698798035581365
0.069864241950092
0.0698483656917807
0.0698395255722079
0.0698081300659983
0.0697919077387563
0.0697716508266619
0.0697758821503959
0.0697829241977408
0.0698035914827052
0.0698280365568629
0.0698376690115712
0.0698350004826662
0.0698657025206112
0.0698827700378535
0.0699033872569618
0.0699498670075568
0.0699972297621265
0.0700284752405062
0.0700461051893902
0.070076204434971
0.0700969914207099
0.0701113953121141
0.0701544966675685
0.0701876498733369
0.0702179796192085
0.0702812651418869
0.0703130962251721
0.0703479128455946
0.0703628884091049
0.0704079855003621
0.0704442568591793
0.0704812117253091
0.0705547240483504
0.0706017987294445
0.070684070536703
0.0707581723647017
0.0708539182310255
0.0709273338767858
0.0710466965941662
0.0711338372082693
0.0712573590515259
0.0713522560440549
0.0714716656830707
0.0715642161653424
0.071669678475005
0.07171375858787
0.0717602874005516
0.0718030284435362
0.0718403546071548
0.0718902962727315
0.0719269515279808
0.0719700027985257
0.0719877443606598
0.0719156341513111
0.0719441533718988
0.071964792195332
0.0720321678786873
0.0720836804675682
0.0720911382513592
0.0721627057671014
0.0722182817286459
0.0722107713566434
0.0722733976013418
0.0722701994777205
0.0722271019745424
0.072177354666324
0.0721312819091727
0.0720602963161026
0.0719913392223229
0.0718543831770146
0.0717004621843328
0.0715738782535468
0.0714483582469375
0.0713527423689182
0.071263835389331
0.0712001914594455
0.0711363177438454
0.0710591445864941
0.0709899695427274
0.070914030432135
0.0708658229738494
0.0708479705687149
0.070797993125462
0.0707730278454575
0.0707547582987081
0.0707836856779778
0.0708394152461178
0.0708801214250576
0.0709230208319912
0.070975700168029
0.0709974927735413
0.0710240154387851
0.0710889935649713
0.0711678487680519
0.071215621467204
0.0712950304572451
0.0713469068657177
0.0713800417372211
0.0714425050233565
0.0715111080511115
0.0716129948859505
0.0716459192784038
0.0716888265207443
0.0717322152265579
0.0718081986890796
0.0718662955866446
0.0718708656965211
0.0719046431657928
0.0719412863006053
0.0720364154967815
0.0721353748556386
0.072213832629313
0.0722097153833067
0.0722067411994365
0.0722570294866565
0.0722431448310056
0.0722393550479345
0.0722279508573188
0.0721862385783125
0.0721878818589095
0.0721554448810198
0.0721636740689626
0.0721763883552612
0.0721544132345766
0.0721193112347702
0.0721272401009403
0.0721738793158842
0.0722244879968226
0.0722575146900997
0.0722941799075209
0.0722589603610695
0.0721538999422609
0.0721026716873418
0.0720117390372863
0.0718836605135396
0.0717837553586111
0.0716357181188235
0.0714979532726592
0.0714874288051826
0.0714780123729761
0.071467401284183
0.0714902600241493
0.071523193342689
0.0715893177213044
0.0716110892240929
0.0716162095438874
0.0715988186837616
0.0715297851151551
0.0714828379367694
0.07142708049461
0.071300388414778
0.0712205758343602
0.0711078889379501
0.0709783471142063
0.0708257958290453
0.0706894043994892
0.0705795124153266
0.0704293683099272
0.0702908800722437
0.0701420363667804
0.070033342479944
0.0699771580867654
0.0698881022828849
0.0698205498993462
0.069738824109402
0.0696159272632341
0.0695421861187569
0.0694891271924826
0.069431389804692
0.0694250384395096
0.0693665197369152
0.0693359540061302
0.069326243738209
0.0692909248023005
0.06924916274052
0.0692511800908733
0.0692504502427091
0.0692278054014812
0.0691674025059278
0.0691589634778357
0.0691547648044395
0.0691512077203016
0.0691689079317394
0.0691862051722332
0.0691880423340412
0.0691800068230304
0.0691863108365429
0.0691865527391398
0.0692094941238589
0.0692629600538645
0.0693246489968262
0.0693612965269566
0.0693617291511055
0.0693288448268986
0.0693347837903718
0.0693403104207375
0.0693600619409431
0.0693700170678173
0.0693859874997376
0.0694016059499801
0.0694102725014898
0.0694078004775008
0.0694237573392794
0.0694376041503552
0.0694530936453892
0.0694553355855024
0.0694795590066712
0.0695357795111343
0.0696053644946053
0.0696929446334431
0.0697113586504408
0.0697417260735903
0.0697601299200588
0.0697779231965894
0.0697916013214138
0.0698314180985897
0.0698670133342822
0.0698972930365164
0.0698960785675742
0.0699169721134815
0.0699732078322516
0.0700413557088131
0.070091203319036
0.0701681465942632
0.0702443244055626
0.070335449707699
0.0704179080350969
0.0704693892285109
0.0705697799594529
0.0706173485087345
0.0706871282888216
0.0707762763256971
0.0708413791350256
0.0709411056929667
0.0710678314234704
0.0712235037557888
0.0713550465214544
0.0714547942972676
0.0715549020986024
0.0716398660081969
0.0717282975381042
0.071822547285977
0.0719210981457127
0.0719116375255893
0.0718861207349567
0.0713053999691811
0.0714331351242979
0.0715167211992366
0.0716336277612948
0.0717674194618692
0.071888928145918
0.0719763051306609
0.0720912083984507
0.0721547527376517
0.0722042091449709
0.0721718133414645
0.0720863982791047
0.071920760145095
0.0718485266365428
0.0717331339275623
0.0716377540578851
0.0714972164082131
0.0713412235320814
0.071214652074437
0.0710324811900873
0.0708976215640039
0.0707692194554877
0.0706390451973305
0.0705580088017085
0.0704984988192399
0.0704347648385941
0.0703722447409984
0.0703432485202978
0.070355237957677
0.0703632677412693
0.0703652605033913
0.0703760892472285
0.0704073534394041
0.0704481518791404
0.0705235322213054
0.0706353954599665
0.0706074675929452
0.0705907050136687
0.0706030001391654
0.0706025428868645
0.0706655821544696
0.0706331760263798
0.0706600220398545
0.0706746537804577
0.0707277485908316
0.0708038657797799
0.0708412773122917
0.0708884162015378
0.0709460870649984
0.070983454360188
0.0710680272711687
0.0711349809412949
0.0712185064356606
0.0712945977014888
0.0713315539282589
0.0714005527842232
0.0715157776240621
0.0716492787250319
0.0717264806711088
0.0718035389345998
0.071873509252735
0.0719486109740937
0.071984300462694
0.0720125133958104
0.0720440640442564
0.0720369319170648
0.0719989299221049
0.0719796746363483
0.0720124691892217
0.0720681751377314
0.0721293470807199
0.0721583145255413
0.0721685348532138
0.0721825382317564
0.0721280939964214
0.0720202029160549
0.0718943973856767
0.0718545931570766
0.0717272224731618
0.0716285883345544
0.0715293740465314
0.0713870354405639
0.0712997915363486
0.0712195349370875
0.0711309914359516
0.0710314949652323
0.0708747459092729
0.0706893039401778
0.0704747503595522
0.0703355320232387
0.0702083281500313
0.0701392065044651
0.0700715999051281
0.0699340001998825
0.0698069615595445
0.0697824852306605
0.0697661179740303
0.0698054210263002
0.0698689372912576
0.0699497045620103
0.0700448276070006
0.0701421627571772
0.0702281176307563
0.0702682929370988
0.0703650767976484
0.0705446460254103
0.0706278650668681
0.0707099505792543
0.0707096044759647
0.0707302815896694
0.0707078336378454
0.0706385538962273
0.0706193673196993
0.0705813619515424
0.0705516198497909
0.0704752909476683
0.0703873410203517
0.0703482015409207
0.0702561048608162
0.0701344861818582
0.0700031534951837
0.069891458056042
0.0697420666627939
0.0695965042940759
0.0694430643043412
0.0693620200179635
0.0692460762350767
0.0691715636055653
0.0690879357275133
0.0690637125715443
0.0690523114962158
0.0690466290768942
0.0690528363097275
0.0690550918786495
0.0691549017157136
0.0692168927881282
0.069261280803698
0.0692183725042206
0.0692095066700383
0.0692407798069638
0.0692764938103506
0.0693127076782451
0.0693415434145819
0.0693531738509241
0.0693946948903529
0.0694442261533412
0.0695134679947448
0.069563136164492
0.0695950652157746
0.0696071910194901
0.0695868299172518
0.069535815658633
0.0695004233991252
0.0694652171248846
0.0694326434490246
0.069391722798599
0.0694143469133439
0.0694257298540383
0.0694056939857166
0.0693862016511522
0.0694037763332666
0.0693811977428532
0.0694154706654233
0.0694543817610391
0.0695082701593846
0.0695742172295004
0.0696263059127208
0.0697193369582155
0.069789464025585
0.0698458436755415
0.0699272567988972
0.069985119035736
0.0699968672171182
0.0700285585148287
0.0700500661009375
0.0701126341685669
0.0701881207737654
0.0703038074672328
0.0703925465518722
0.0704682958913574
0.0705461063835039
0.0705818470086322
0.0706070923426039
0.0705830713092084
0.0706000191889138
0.0706196876505367
0.0707139401647789
0.0708408343113816
0.0709011966245228
0.0709907157210041
0.0710755675504563
0.0711862404097786
0.0710540809180667
0.071237187347811
0.0715041569023919
0.0717171152091798
0.0719364864767896
0.0721861569077188
0.0723096417825138
0.0723286999025866
0.0722170997813271
0.0720666705918586
0.0718547700588395
0.071651786475741
0.0713720014835503
0.0709940692855957
0.0707218519344767
0.0704805493072372
0.070272883379295
0.070054652079459
0.0699060816680492
0.0697538379192149
0.0695831618007847
0.0694563278745233
0.0694114912543879
0.0694476296454304
0.0694970662603391
0.0695562985489066
0.0696390856378029
0.0697724614902109
0.070016500632428
0.0701411116243531
0.0702384488083167
0.0705013007338556
0.0708079573161921
0.0710030704258485
0.071131815207474
0.0711754489744153
0.0711710223514625
0.0710120356969893
0.0709314553443595
0.0709174550731866
0.0708900613970897
0.0708438855482057
0.0708841599331982
0.0709792149943024
0.0709421100460372
0.0709725204778707
0.0709318003851481
0.0708253423630416
0.0708098545975418
0.0707008927289863
0.0706111006438446
0.070600996248757
0.0706662155018996
0.070750142210441
0.0708886429226848
0.0710005439546341
0.0710377772814114
0.0711057097557545
0.0712458992686956
0.0713583160863657
0.0714748458126545
0.0716320949354582
0.0717841380652687
0.0718902867410434
0.0719458616127257
0.0720108556444691
0.0720419723060144
0.0720705901821583
0.0720655035525886
0.0720837167391819
0.0719751320400327
0.0719386267632333
0.0718662881413565
0.0718418549499952
0.0717444460850215
0.0715838753581077
0.0714255287247635
0.0713031832026806
0.071226846340424
0.0710921701971348
0.0710166704968707
0.0708964171753678
0.0706900896971659
0.0704513129067119
0.0701923495381423
0.0699855637369611
0.0699269981621602
0.0699194253449825
0.0698649743130274
0.0698653043986797
0.0699490030279528
0.0700714788719576
0.0701049998892499
0.0701706179475867
0.0702522219170832
0.0704406484562124
0.0705837371221181
0.0707458035486319
0.0710117009406618
0.0712844504540958
0.0715858331694118
0.0718164786973228
0.0720564139265061
0.0721757290390543
0.0723226846869381
0.0724774450266844
0.0726194371684777
0.0726936590945217
0.0727209688967392
0.0727501548071597
0.072688180124851
0.0727060638730936
0.0726575726201143
0.0726715004637263
0.0725745473526812
0.0724607378839585
0.0723206088932939
0.0721362084782022
0.0720300267717421
0.0719438455202538
0.0718481331860485
0.0718189249506587
0.0717258541175137
0.0716223694927536
0.0714820099110251
0.0713469331466004
0.0711336245549744
0.0709419624620919
0.0707556856776392
0.0705846038876232
0.0704883474904825
0.0704296110035352
0.0703168642329084
0.0702053463849193
0.0701276968242888
0.0700033240656418
0.0698689988893871
0.0697665537321324
0.0696928228246834
0.0696195995289499
0.0695536230264707
0.0695102889490827
0.0694398604253435
0.0693608981309273
0.0692884275558937
0.06925781460513
0.0692154939040497
0.0692267809154369
0.0692744143975761
0.0693191382495257
0.0693771254508166
0.0694047206434449
0.0694733379184746
0.0695195190002438
0.0695330608946179
0.0695181610904925
0.0695448876671256
0.0695718322520572
0.0695880825858343
0.0695235863306882
0.0695365029316036
0.0695085767052168
0.0695248830917076
0.0695471527692913
0.0695899557515616
0.0695737855475195
0.0696521327181653
0.0697047746653865
0.0697085421115812
0.069761763093069
0.0697771648706666
0.0698090111620457
0.069801596453203
0.0698121310654158
0.0698392815586502
0.0698203636951459
0.0699173514932718
0.0700442740872882
0.070137785159855
0.0702491210721017
0.0703140562821783
0.0703422236571999
0.0703810221446073
0.0703648335683201
0.0703009267127228
0.0703115485666085
0.0703010002194794
0.0703303694493942
0.0703580603570393
0.0704988049425057
0.0706437585175281
0.0708226806217191
0.0717786712954981
0.0720083392589493
0.0722469225148074
0.0724139898163281
0.0725624403516315
0.0727161362842331
0.0727471038217187
0.0726919590096527
0.0725247075625694
0.0723551454240423
0.072190079565451
0.0719890724659007
0.0716305066426546
0.0711739425499957
0.0707803642530067
0.0704329879468448
0.0700403004129769
0.0698365742140152
0.0697320523451851
0.0696893286793304
0.0695956005767661
0.0695711686283926
0.0696479308179814
0.0696250014555689
0.0695443853708271
0.0694622567410018
0.0694099391470502
0.0693603180482026
0.0692889393880196
0.0692645678986077
0.0693343754062676
0.0694647562793736
0.0696541039815179
0.0697731144270561
0.0698921287005521
0.0700277666424931
0.0701860852133859
0.0703683943218368
0.0705154309537423
0.0705899377446904
0.0706747346802997
0.070699465693869
0.0707781835271848
0.0708322924848066
0.0708848433956367
0.0709568737558068
0.0709268597313999
0.0708142958969329
0.0708839167104199
0.0708663261699293
0.0708196472570958
0.0707638372334877
0.0707343180432064
0.0707412592867631
0.0707642269166814
0.0708529484949591
0.0708654825306319
0.0708470501664965
0.0708462896368334
0.0708493151799066
0.0709273983216111
0.0710834948400237
0.0712989700931148
0.0715058478161536
0.0717557188293917
0.0720077271803601
0.0722372511787475
0.072391087377049
0.0724652193682764
0.0724007985706531
0.0723283218397266
0.072262578571098
0.0721188912092063
0.0719584324694687
0.071796536143972
0.0716426011254937
0.0714370010731969
0.071205287957954
0.0710294047270129
0.0708449474339222
0.0705982922366038
0.0703297321355655
0.0701077025614866
0.0699872390255665
0.0698680121964905
0.0698645953988581
0.0699353879014759
0.0700024110675709
0.0701269649422131
0.0703760399626279
0.0705804660171299
0.070810448907575
0.0710445916345097
0.0712682078204714
0.0714206365142204
0.0716612570735354
0.0718276119507176
0.0718713236218949
0.0719888552406705
0.0722380580744995
0.0724535160104603
0.0727250413908319
0.0727273132867707
0.0728263860884439
0.0729522815121379
0.0727986425069587
0.0727666736645583
0.0725776082097531
0.0723999620053402
0.0723391393643033
0.0722490747330631
0.0722115131587167
0.0720763637138428
0.0719839329107006
0.0719794301710903
0.0718868764168689
0.0717646303763634
0.0716510807470986
0.0715686073522952
0.0715090230493001
0.0715128862455661
0.0714682261254255
0.0714494390944451
0.0715125414771141
0.0714919786445802
0.0715113147016621
0.0714694421288927
0.0714902543689915
0.071550619896389
0.0715368191297182
0.0714213732116268
0.0712883605811206
0.0711508081813437
0.0710392484170162
0.0708751721552795
0.0706689219216468
0.0704618456542699
0.0703240824516978
0.0701902389806965
0.0701068661495473
0.0700223390162835
0.0699034878754948
0.069769810795969
0.0696218686917714
0.0694315669099955
0.069287271712801
0.0691579017942578
0.0690907674710909
0.0691190936664324
0.069134500322238
0.0691980358698265
0.0692872432249099
0.0694517772658346
0.0696131816505111
0.0697938152591549
0.069992496713938
0.0701366874863901
0.0701879070697144
0.0702034547911771
0.0701341508229176
0.0699956916561953
0.0699055917815008
0.0697974207479152
0.0697709756253268
0.0697445241817348
0.0698235461086656
0.0698699954861784
0.0699684831344494
0.0699702207442749
0.0699444029723155
0.0699144208036876
0.0698676518316452
0.0698272144954266
0.0698542018305081
0.069853401078447
0.0698349645523894
0.069798934583522
0.0698495947644921
0.0699428829801705
0.0700844834830543
0.0701095725962772
0.0701602816031076
0.0701662863591756
0.0702330318565175
0.0702260980934638
0.070324639788244
0.0705157531544605
0.0707464501701873
0.070924006403008
0.0711362166431811
0.0713577346089216
0.0715851081366005
0.0720672894461676
0.0723631144789689
0.0726473445187451
0.0727454484572156
0.0728855616629738
0.0730670301142235
0.0731893350459741
0.0734019404506514
0.0735200344790403
0.0735649694876177
0.0731514684959383
0.0726721319147845
0.0721938964774409
0.0716277927095049
0.0710036917973601
0.0703782222188875
0.070011183457619
0.069807932571896
0.069645119109159
0.0696099154724937
0.0695723847336987
0.0694691959428504
0.0694435245715642
0.0693889500639455
0.069109297332163
0.0689136557465528
0.0687344809749519
0.0684658668829197
0.0683089964363446
0.0682469107703767
0.0682530314416488
0.0683833699115034
0.0685696184397931
0.0686827482070296
0.068861212981905
0.0690949720879537
0.0694302916236194
0.0697202635161121
0.0701349524955457
0.0704966315181872
0.0708139418005715
0.0712616795031368
0.0716371565204611
0.0717676460641806
0.0719294603166193
0.0718530854233078
0.0715942843943482
0.0714740380824689
0.0714501251495014
0.0714359308827783
0.0714504341294081
0.0714573122645423
0.0714483663541798
0.0714682071071648
0.0714051144533073
0.0713984202551802
0.0713778908835958
0.0713232527637855
0.0712661467332859
0.071198465225315
0.0711092643336586
0.0710912754375815
0.0711924689787967
0.0713179681258327
0.0714428694322763
0.0716886942715478
0.0720069868175047
0.0723003728660715
0.0725215739383756
0.0725960481437221
0.072487301822802
0.0723745734586082
0.0722985954225456
0.0721707670260452
0.0719400917775152
0.0716664956909786
0.0712951797651967
0.0710246588677672
0.0706746061429979
0.0704006154285535
0.0701932603340923
0.0699325035826593
0.0698344976859482
0.0698404320878931
0.0699667862607734
0.0700128960840185
0.0701949322937692
0.0703776888272561
0.0707847123580454
0.0712351395378236
0.0715289194471191
0.0717845382969904
0.0720624447129716
0.072273100144217
0.0724044491532904
0.0724461447217988
0.0722936317293988
0.0721198587999867
0.0721349053723591
0.0722247660962961
0.0723793259124369
0.072310946769388
0.0721575779866688
0.0720330598019477
0.0719223101779023
0.0717007574923521
0.0715620871533748
0.0714203434766856
0.0711881508172832
0.0711062212732271
0.0709447320038151
0.0708191489986677
0.0707176050953371
0.0706966648829549
0.070659368901241
0.0706206724486309
0.0705505792145726
0.070395124576195
0.0703232683362162
0.0702617732126368
0.07034911187249
0.0704822782028505
0.0706761791434633
0.0708790836106591
0.0711001322403393
0.0711503983772374
0.0712263296943498
0.0713537339329162
0.0714225431765198
0.0713654113031165
0.0712007234963371
0.071226119618338
0.0711799201113173
0.0710670415338479
0.070819324946992
0.0708128897614921
0.0705959218411613
0.0705482642346451
0.0703870425122562
0.0702922530449271
0.0703849637698545
0.0704135562692227
0.0703347361272927
0.0702088551365402
0.0700696541253532
0.0699724721280565
0.0698280172057829
0.0697274465476403
0.0696091790724008
0.0695637341098294
0.0695738843527018
0.0695459961647004
0.0696357247732526
0.0697563325839316
0.0698719149964946
0.0700737867323364
0.0702872536878731
0.0704228959360809
0.0704623599086302
0.0705390835666292
0.0705524976422004
0.0704931590260949
0.0704526628613463
0.0703966329638186
0.0702926639525911
0.070282127083709
0.0703420373642836
0.0703424820618298
0.0702401036213298
0.070149218518795
0.0700818933680159
0.0700705070741192
0.0699908808576008
0.0699074492967587
0.0698608667495955
0.0697367659473829
0.0696677326598317
0.0697073831640991
0.0696711805534257
0.0698168928756341
0.0698196812292057
0.069813723088086
0.0698967689117653
0.0699218298339312
0.0700390759169578
0.0702445389878282
0.0705595672149927
0.0709212018175268
0.0711711212889501
0.0714145946897222
0.0716039655951197
0.0718013410665199
0.0719841269065299
0.0724805038057733
0.0729280694439448
0.0732039571481136
0.0734754350031119
0.073645330275542
0.0739456998250395
0.0739474776699537
0.0736784298183534
0.0731740300227569
0.0725500800264324
0.0719949731730939
0.0714402918991856
0.0709079299877206
0.0702642492082717
0.0695203544691615
0.0686550426203541
0.0684695596675276
0.0684719207594073
0.0684836348780457
0.0686067240728014
0.0686107398311256
0.068451680304933
0.0683428206106061
0.0684131037157212
0.0684361936781512
0.0682942002213579
0.0681212780845369
0.0678402651587278
0.067765276990112
0.0679428280071051
0.068124367459974
0.0684112377026857
0.0687803721755982
0.0691093175389971
0.0694627965641682
0.0696779269308855
0.0698383860426106
0.0699189896160805
0.0700567430603187
0.0700538175969107
0.0701471427129799
0.070348258117165
0.0705210594101348
0.0704961255668111
0.0704276580728179
0.0702327965384671
0.0701642548002625
0.0701989907457334
0.0702316454396898
0.0702398428409359
0.0704451985731503
0.0706331799851257
0.0708028814576576
0.070860300061841
0.0709009447552767
0.0710637744221142
0.0711436319337433
0.0712738615806852
0.0713676620420604
0.0714178632284659
0.0713806977304765
0.0714131661340213
0.0715125493099005
0.0717057410866458
0.0718960449346068
0.0720410021321711
0.0721785281029626
0.0723444450174577
0.0724250912491607
0.0723521863219133
0.0723584608578336
0.0723572492260378
0.0723213894968696
0.0720865051773709
0.0718880222419231
0.0716122175584197
0.0711438135987003
0.0706773484847242
0.0703778203608917
0.0700591626353632
0.0698751592499602
0.06981033604958
0.069910615337737
0.0700554676083503
0.0703133612024567
0.070656760906629
0.0709606547083622
0.0712882511150625
0.0715718351521806
0.071698419051409
0.0717558134072519
0.0718035453557783
0.0717165920306758
0.0716339513425619
0.071592316964148
0.0714360285528596
0.0714226731726928
0.0715354838098482
0.0714307808276605
0.0712789444364283
0.0712077943837871
0.0712374820762672
0.0714171568559181
0.0714565610672574
0.0714727878229199
0.0714126638183403
0.0714187663851302
0.0714465751134007
0.0714914446185831
0.0714781173545501
0.0714503625136828
0.0712812242009449
0.0711473078753462
0.0710078805710788
0.0708972171353845
0.070804257503942
0.0707168569403117
0.0705971221076913
0.0704076761779734
0.0704420488681407
0.0704245723095811
0.0705663111503576
0.0706931608384912
0.0708069078437666
0.0709412085972474
0.0707894128874573
0.0706647953647812
0.0705839941390519
0.0705342547771575
0.07046357810666
0.0702417930333748
0.0702558945451002
0.070294116204775
0.0701696703950395
0.0701932073606331
0.0702992194595226
0.0703732887429108
0.0704495461938845
0.0703655891207941
0.0703230732727484
0.0702801236117844
0.0702967126990189
0.0702669764880638
0.0702309727290658
0.070220839292435
0.0702971785749543
0.0703056001672122
0.0703482496755724
0.070402739598396
0.070413876256413
0.0704612489412889
0.0704373718008115
0.0703929397978407
0.0703605672970374
0.070326721285258
0.0704013713368962
0.0705598128671342
0.0707433850764328
0.0708562324063521
0.07088646603882
0.0708705088591199
0.0708654225068684
0.0708535283479346
0.0708033105934357
0.0706791840957117
0.0705719845783137
0.0705314186251813
0.0704940327023071
0.0704137577992603
0.0703423017471965
0.0704523636516391
0.0705428030569796
0.0705285933984107
0.070478992309548
0.0703496270169918
0.0702051819121404
0.0700394169627123
0.0699214798271832
0.0697932376272801
0.0696679972495502
0.0696328910346993
0.0698032034060424
0.0698842771561486
0.0699023415996897
0.0699676552592415
0.0701639840906952
0.0704099446804368
0.070617556274792
0.0709568510417517
0.071170359439103
0.0715229724004006
0.0720806490068096
0.0725614711478304
0.072958075199593
0.0734916860271094
0.073889370469365
0.074020004523606
0.0738351318380717
0.0732848959369006
0.0726404865992229
0.0720497323524107
0.0712902060052183
0.0706500128241595
0.0700558973251648
0.069546856910669
0.069300472534076
0.0687061982001339
0.0678072462033983
0.0674894528569485
0.067577850948849
0.0677561400164788
0.0680784352593569
0.0683894147572487
0.0684820446840508
0.0683793253520679
0.0683070939791782
0.0682083898482383
0.0680544104569594
0.0679545861510628
0.0678539638717146
0.0679439099477027
0.0681710448601424
0.0684657440510622
0.0687052833089168
0.0689423919820124
0.0691252587551759
0.0693596050361465
0.0694466541994903
0.0695517584091077
0.0695193233496188
0.0694388856868214
0.0693101551732948
0.0692210315544178
0.0691884822582373
0.0692754262091317
0.0692864807818105
0.0692704671548654
0.0692598024581137
0.0692316557534391
0.0691906926913076
0.0692323033523561
0.0693437362779391
0.0694696080341201
0.0696367045013342
0.0698183571712634
0.0700300772188476
0.0701891645374882
0.0702424145308931
0.0703716217735143
0.0704961625005753
0.0706135737179276
0.0707510883646336
0.0708347433164783
0.0708892637918048
0.070953993436177
0.0712691338495155
0.0715917175771475
0.071858189270979
0.0721727440468573
0.0724434856105595
0.0725878899523186
0.0726320882005893
0.0726131018334084
0.0726354825525307
0.0725687981691194
0.0723362742311717
0.0720253941648789
0.0717046331885444
0.0713541824870009
0.0710238612857381
0.0706387079438402
0.0701436059743104
0.0698227871353636
0.0696831724363886
0.0696357342616978
0.0697376218022391
0.0699457721257579
0.0702630901535969
0.0706787772280316
0.0709387022685513
0.0712492123110896
0.0712506576750014
0.0713617669911619
0.0713857184516241
0.071480305163213
0.0715727352069052
0.0714329644567578
0.0712529663812444
0.0711816139122238
0.0711736856182594
0.0711443965217239
0.0712351031489971
0.0713828161689172
0.0714467857026345
0.0714782666096229
0.0714925700110895
0.0713385829930337
0.0713897809748431
0.0712856569821446
0.0714447008470516
0.0714136624916462
0.0713060110839346
0.071359434083751
0.0711482534750792
0.0710132887959847
0.0707807103846059
0.0705868154419915
0.0704575711565137
0.0703538666052139
0.0700824771836255
0.0698638121161982
0.0698036167105823
0.0698494358699191
0.0701418796227138
0.0702401419736891
0.0702895868855977
0.0702823616186266
0.0702282329189638
0.0703269289704782
0.0703144650632061
0.0701760576450914
0.0701634141071495
0.0700465146934532
0.0700798313825169
0.0700547211399959
0.0698669406329573
0.0699146134153515
0.069863393578923
0.0700405295639466
0.0701157973976324
0.0700514595044522
0.0700530485561676
0.0701568003240402
0.0702184300617695
0.0702335419073714
0.0703932360018994
0.0704138966104389
0.0704348684751081
0.070527710381186
0.0706806285881948
0.0706948579123061
0.07070539748894
0.0706497195346738
0.0706444202291036
0.0706935145846433
0.0705919722268603
0.0704019370809532
0.0701935221659551
0.069994511344897
0.0699950469851372
0.0701402199836799
0.0703115569253775
0.0704540188236333
0.0705622416116459
0.0705399097793542
0.0704945441051203
0.0705064851160117
0.0704964535924862
0.0705136723657848
0.0705428403336865
0.0705185319851236
0.0705338717314468
0.0707174687059174
0.0708949533424759
0.0709539544611704
0.0708358880422526
0.0706740721828361
0.0704551964937072
0.0702117334656221
0.0699894118419544
0.069841868337281
0.0698021907569891
0.0698359382808167
0.0699520030230146
0.0701224655927954
0.0702088984511926
0.0702759030744838
0.0703447585347028
0.0703730377025438
0.070530110057692
0.0709169031499037
0.0711682848928757
0.0715638106230108
0.0732500987464718
0.0736809727598459
0.0742815837151569
0.0747762102146113
0.0745499710889004
0.0738110706838578
0.0728936722123223
0.0721660713776134
0.0715642951068707
0.0710670651785788
0.0706023465675897
0.0700534028310838
0.0695941606271257
0.0692581433933673
0.0687826334800813
0.0679844627276455
0.0671145037505828
0.0668470222909695
0.0672375401225084
0.067584356861822
0.067866497939918
0.0680269871960461
0.0679956675575095
0.0677566833259974
0.067672858944897
0.0676385606520294
0.067599669882982
0.0676216307233474
0.0676790495956864
0.0677711178304429
0.0678995078679019
0.0680882973950687
0.0682584727073492
0.0683855391671173
0.068553183605159
0.0685747163268566
0.0686356103870722
0.0685322522240475
0.0684758940551782
0.0684293049977219
0.0683577542610541
0.0683187834315166
0.0682408827268635
0.0681756820409147
0.0682433067036071
0.0683149156112515
0.0683320560476745
0.0683593815572225
0.068363366834023
0.0685077522537284
0.0687810311565327
0.0689754237923235
0.0691593689411485
0.0693440882500244
0.0695950725155209
0.0698537030054856
0.0701202412554804
0.0702297691686915
0.0702878272168549
0.0702467905088407
0.0702751889981257
0.0703015049423999
0.0703025676431777
0.0702818032973919
0.0705590702239953
0.0709087643210856
0.071208893059474
0.0715787531674757
0.0720180846547722
0.0723913956944154
0.0725418146690939
0.0725647496982658
0.0726689334965246
0.0727773243602531
0.0727168102379971
0.0725619307821822
0.0722604686932269
0.0719025849226563
0.0714402542587313
0.0710195094681006
0.0704173403838036
0.06977360043706
0.0694472835033136
0.0692975044973996
0.0692790401062894
0.0694152382077547
0.0697840353822365
0.070799532036684
0.0717731287276669
0.0714319046429771
0.0715409669426141
0.0715363918009838
0.0713445201248314
0.0717081575315616
0.0726852865519525
0.0728638731706452
0.0731312812334105
0.0738234974394878
0.0741624018527281
0.0741147938777285
0.0740772915346613
0.0741471698224234
0.0739989188116779
0.0740542690301959
0.0739746351883396
0.0739875156993878
0.073553204714378
0.0740497741783128
0.0722842541753962
0.0725269727199455
0.0718965456138255
0.0717862940610789
0.0714078807910233
0.0708275837244441
0.0702381225939435
0.0698597321054596
0.0696043928623031
0.0693268983221503
0.0689834748503915
0.0688400405999453
0.0688102000967191
0.0689235272947928
0.0690995455897456
0.0694024852585563
0.0695433778373087
0.0696703274136106
0.0698183945264142
0.0699997318864069
0.0704384816730864
0.0708782987912236
0.0709658567043976
0.0708152720416305
0.0709310153553441
0.0709999758991555
0.0710755179811862
0.0710411390765659
0.0709946764935341
0.0710043143982302
0.071069893997066
0.0706634760879201
0.0700867128381362
0.0697342081191359
0.0697970048682668
0.0700236923657965
0.0701586142901261
0.0702635768845527
0.0703324722584
0.0704643742141147
0.0706794655121003
0.0708011094484976
0.0709122486084496
0.0708754490043764
0.0708214747033413
0.0708253182110553
0.0708270119739004
0.0705643028056778
0.0703699581914236
0.0701105847868562
0.0697876213281781
0.0697663726766511
0.0698639247952009
0.0700545320741555
0.0701306074712472
0.0701888191813454
0.070394660474741
0.0710927796697893
0.0716620459176296
0.0711737030342791
0.0714786679355892
0.0715145855225125
0.0715688949874982
0.0716115199200454
0.0716324813405762
0.0712399487548123
0.0709117549276863
0.0706764062384292
0.0706455836669778
0.070362370793695
0.0702324377569553
0.0700629495937645
0.0701790360095328
0.070185300686074
0.0702804501024485
0.0705558899351072
0.0707150316854986
0.0707737794933463
0.0709580246159245
0.0711190401796954
0.0717265495735296
0.0722973757392228
0.0724822000710629
0.0728694583619261
0.0732453318178441
0.0735872157547512
0.0740481302333795
0.0741700460095734
0.073150660203221
0.071877061112064
0.0712084423150209
0.0708816671727761
0.0706341527191269
0.0705658202175951
0.070544905191565
0.0701342630213799
0.0697391038859101
0.0693733175614974
0.0688325915136966
0.0679766741656691
0.0672529398945782
0.0670744216857226
0.0673090359317285
0.0674573240558763
0.0673276400116217
0.0671499274446067
0.0671351702998731
0.0669726633476783
0.0670704033629775
0.0670800811614896
0.0672129829881236
0.0673543782466624
0.0674560285197671
0.0675169568245984
0.0675383599719599
0.0677420422102154
0.0678546731119381
0.0679279411570956
0.0680588878875129
0.0680466273613893
0.0681667855165084
0.0682792131851492
0.0684021156074131
0.068558791752251
0.0686552576187198
0.0687332811528077
0.0686920564249281
0.0685903184844152
0.0685512307550572
0.0685703787069563
0.0685868385253476
0.0686008385650203
0.0685477475112965
0.0684887699099418
0.0684471949836708
0.0685908878233894
0.0689955482999711
0.0692757009151359
0.069469976276279
0.0697081373726448
0.0700195070103739
0.0702653733757965
0.0703969773233786
0.0704265069160692
0.0703659456698293
0.0703494292642545
0.0703449846055912
0.070391555683686
0.0705497063300267
0.0707461547143543
0.0709680414513606
0.0713856269693807
0.0718577374135088
0.0722406656185851
0.0725395380090803
0.0726570979704145
0.0728515468734679
0.0731194373629646
0.073216001954726
0.0731334651051311
0.0728857693918851
0.0724311299521812
0.0720001519915747
0.0715315602480563
0.0707943525326691
0.0700838540383605
0.0695887890682849
0.0693462588557922
0.0693111795983774
0.0695303631256931
0.0700463587114649
0.0714788320780265
0.0720120763877511
0.0720902219293503
0.0723311771047609
0.0726909107410157
0.0731634376696488
0.073242868885015
0.0731554016299081
0.0730278216612255
0.0727381839074051
0.0729013069020806
0.0730765739006666
0.0731212780776314
0.0731658880519058
0.0726889877922496
0.0726740850174993
0.072761016675948
0.0729139138712122
0.0731677773684963
0.073281343581103
0.073318354638654
0.0732498470038578
0.0736148135945753
0.0735819724981866
0.0734598031468078
0.0723890123541691
0.0711708551826535
0.0704402293852897
0.0699067609933452
0.0694169880425835
0.0690799556771412
0.0685537569271759
0.0685678462492183
0.0682985013547882
0.0682078945657627
0.0681882771941851
0.0684852862083696
0.0687188453064508
0.0687692668736034
0.0689081386567561
0.0691374143778731
0.0694805573354397
0.0700582611825338
0.0706404784185453
0.0714841872320333
0.0719682946121854
0.0722691102065382
0.0724124920809365
0.0724821793732475
0.0722561338249389
0.0720641598029349
0.0719007109207789
0.07116459376489
0.0704609825966176
0.0699872141643769
0.0694875212004375
0.0693751471329191
0.0694298057502256
0.0695637770275618
0.0697313366023224
0.0699104456554351
0.0701176449803577
0.0703545806217946
0.0702614778963497
0.0701964893650322
0.0702531723457961
0.0701935385867423
0.0700445052435829
0.0698882027324366
0.0697234568929177
0.0696897633348458
0.0696159931825533
0.069429447132705
0.0696650725357349
0.069883822372334
0.0707191835675001
0.0713663763369194
0.071238764036047
0.0708786218892004
0.0711087144926972
0.0709476187812441
0.0709869028928085
0.0710730877218608
0.0710381724895472
0.071185402819188
0.07134956297113
0.0715821574676174
0.0713212742111153
0.0710720469017938
0.0709186097114516
0.0706286043253485
0.0704566638542376
0.0705103693955532
0.0706300904913751
0.0707363016778351
0.0707125170141567
0.0705747218597239
0.0704829658049332
0.0704492406522071
0.0706102379386711
0.0710015803389484
0.0714245594003166
0.0718070628359165
0.0720086201178096
0.0726717112327176
0.0722560060713584
0.0722590641896677
0.0720611900678665
0.0715142401421749
0.0704621768028887
0.0703539302057384
0.0703980314594081
0.0704900764694511
0.0708704831198463
0.0711051202344717
0.0711741642461015
0.0708559096877908
0.0705808192422921
0.0701958884726037
0.0694776925775129
0.0688074658402223
0.0679841381191416
0.0673974727797314
0.0672030474828389
0.0671439335117809
0.0670927723629987
0.0670654298014835
0.0671179954179418
0.0670792897892878
0.0667285888712817
0.0666050074337468
0.066750272979395
0.0669022425752321
0.0668681265074387
0.0670395053819011
0.0670907147560575
0.0670497114464192
0.0671395257590083
0.0671181522752455
0.0670857341286511
0.0671599317318406
0.0673395179688467
0.0675861049687084
0.0677086671563517
0.0678301118567937
0.0680501929727666
0.0683990299166451
0.0685093583677574
0.0685503532970992
0.0688767579469017
0.0691919397301924
0.0694711236858468
0.0697503400128356
0.0699778810380266
0.070038949819276
0.0697947861936181
0.06957946916053
0.0694527440579208
0.0694887748214462
0.0694821962494
0.0695969145589077
0.0698368334781682
0.0701186007848247
0.0701706099323515
0.0702379601416976
0.0702183734810195
0.0701864951189644
0.0701110394395678
0.0700793612573885
0.0700685605974483
0.0701990373519745
0.0703156742745517
0.0705888197257788
0.0709162194872398
0.0712413668798515
0.0714255274592647
0.0715191495400441
0.0717123637204714
0.0719845847268362
0.0722418049334967
0.0724751499574929
0.0727461505951393
0.0728365534620613
0.072648414044206
0.0719397169950022
0.0710933107546932
0.0701383975878462
0.0696652970435516
0.0695822944089534
0.0696129001700005
0.0698501755396198
0.0712108978508478
0.072885743000661
0.0728869365336851
0.0722881266577619
0.0718883641122605
0.0718018357853396
0.0719008156974371
0.0720534456412771
0.0721046764873925
0.0721533530375491
0.0722861099904975
0.0724540618196614
0.0725016635545884
0.0725082936507372
0.0723267081311727
0.0723752102828728
0.0724099974996634
0.0724493689073967
0.0727274157927391
0.0726988463296858
0.0725407258241179
0.0721501465507029
0.0716475278002089
0.0719513097846795
0.0729470625522933
0.0734377136674689
0.0736649823009371
0.0732148106811256
0.0723176501969845
0.0719635782251839
0.0716375749082889
0.0710967006524301
0.0703984562368565
0.0701934550849073
0.0704727773612329
0.0704432525061901
0.0703187895052913
0.0701045462585398
0.0700472672253358
0.0698420984415171
0.0697193635683849
0.0695591947748666
0.0699016964665925
0.0701155076826638
0.07047158520245
0.0710016029766082
0.071346690450277
0.0727629572756027
0.0735311355156267
0.0730635091001293
0.0733473042686361
0.0731877446778783
0.0727622242300066
0.0721956764962853
0.071447557368592
0.0706630429750284
0.0702316140081364
0.0700905286133474
0.0700025623398395
0.0700328469612218
0.070196925159035
0.0700794958519303
0.0699991163509248
0.0698688150350251
0.069461094253531
0.0692585160749404
0.0690431751874746
0.0688545296987918
0.0686399257182193
0.0687396871583072
0.0690110923846542
0.0692970198380846
0.0695404549638944
0.0700057724065304
0.0711890247896229
0.0713812831560768
0.0714652782978504
0.0708202599075139
0.0708549292493641
0.0707971148965513
0.0709076839165688
0.0710326402576546
0.0713808381869569
0.0715960683425522
0.0716583048367259
0.071665640744842
0.071590410311023
0.0716278030064524
0.0719226996612354
0.0721591781304471
0.0722803279245167
0.0720239297795359
0.0709843657811973
0.0702155126864718
0.0700566948992727
0.0699095865922754
0.0698405758256474
0.0697089190537009
0.0697523015038909
0.0699112854088521
0.0701547497028664
0.0704595751269482
0.0709286057038876
0.0713552111995873
0.0719216475774322
0.0723503021600514
0.0713365763781976
0.0709755091190464
0.0701761788465516
0.0697173986128364
0.0692914090696311
0.0692774885501573
0.0694890792155829
0.0698030731212286
0.0701634478823032
0.0703037800461866
0.0703450677063402
0.0702913433611192
0.069825763559249
0.0695230952267852
0.0689016137837965
0.0684077035978041
0.0679262514179968
0.0677498762567641
0.0676315406053352
0.0674531706116352
0.0672556385411246
0.0670832703288436
0.0669588122597071
0.0667010849374308
0.0665036978997277
0.0665396714131437
0.0667705587232256
0.0671194587248408
0.0671815350875636
0.0670098232048458
0.0668781656309398
0.0668388118284016
0.0668247933875843
0.0667657007986426
0.0665938085837234
0.066311327814519
0.0662981797874503
0.0664825465094231
0.0666219710894604
0.0668077282650457
0.0670159960653916
0.0671716693283047
0.0675393472441642
0.0676664775005815
0.0679591763125465
0.0683416999103808
0.0687364566570644
0.0692156999585959
0.0695060126038156
0.0697838965287381
0.0698324937497488
0.0701468089526277
0.0702074825287927
0.0700322749099277
0.069417050628475
0.0689645172758112
0.0688760772709224
0.0689910493868621
0.0690507580033722
0.0691592547868005
0.06931887461412
0.0695155590134447
0.0695712616845802
0.0696532564608945
0.0697763801032981
0.0699173642162137
0.0701373793275198
0.070409452211239
0.0706321430590711
0.0707826807180378
0.0706467892591583
0.0704907877388678
0.070343042168839
0.0703661476875512
0.0705287657746665
0.0708235947922684
0.0712045012672984
0.0714378904841452
0.0716333627797062
0.0715579930060845
0.0711232122552657
0.0705682050903822
0.0700978957547339
0.0698739827812451
0.0696589608648266
0.0696301966752659
0.0697132537121995
0.0705346952119503
0.0714899023959494
0.0720232071192033
0.0724648655191298
0.0721136797708524
0.0719165277438075
0.0717705587749338
0.0719022761193622
0.0720811249086618
0.0724534350464245
0.0729942852645702
0.0729201340140152
0.0729601580952618
0.072961884424596
0.0729107083431253
0.0730553759733241
0.0730227273343586
0.0726385473910536
0.0724865765248787
0.0723307799676457
0.0718419508406169
0.0713117018056402
0.0716202004618073
0.0719902811978504
0.0725991086964366
0.0729126543990703
0.0728790333520725
0.0726894553207521
0.0732904352638867
0.0732816036653489
0.072899061415879
0.0725664656501017
0.071593154532188
0.0724069868358577
0.0727557739342889
0.0726481822788085
0.0726327664072862
0.0721242813400641
0.0719521886461264
0.0719483603865985
0.0717429103194752
0.0721575582784303
0.07268854574563
0.0725693161171852
0.0727011064079858
0.0728234816896523
0.0733142024090355
0.0751084687687811
0.0732130967665131
0.0730454804131939
0.0732123268346139
0.0725939697829202
0.0728252323202539
0.0726191916438133
0.0722486258872923
0.0721746908819963
0.0719114867953629
0.0715770204765625
0.0713439229930451
0.0712643606106618
0.071217713277359
0.0716238452035094
0.0715469692770349
0.0711383293573806
0.070179629429009
0.0694394542076084
0.068718113720015
0.0680514269697852
0.0679135282749613
0.067924926597224
0.0682763315442796
0.0687361324397339
0.0708694526877764
0.070909467133985
0.0702640378249652
0.0702477125894573
0.0700375834770153
0.0701922040099113
0.0703742220063972
0.0707197781310319
0.0709140685987252
0.0711784766550775
0.0713699579867273
0.0715338169712884
0.0716884069483132
0.0717389896773594
0.0715269839173258
0.0713817392741382
0.0712481294716377
0.0710620039581625
0.0710721524659379
0.0708945227662238
0.0705414267383429
0.0700966177650339
0.069798823558397
0.0697941723982511
0.0699126536477385
0.0698822334196528
0.0699465067178269
0.0699789134539662
0.0699552776281705
0.0700146351965775
0.0706341206635553
0.0713954628884002
0.0718032170011525
0.0689376935373862
0.0683815531285461
0.0679782102779028
0.06775350033632
0.0671131576934829
0.0668837994925849
0.0668260380257573
0.0666314130573761
0.0665796563748864
0.0665017567220187
0.0665977955390247
0.0668574168569041
0.067062163290059
0.0671344667973117
0.0674075428078055
0.0674977151219926
0.0676920658908969
0.0679999703776775
0.0682024390793601
0.068169877372507
0.0678799190962137
0.0674525566062057
0.067192998962764
0.0668913095901117
0.0664643585154277
0.0663013269189958
0.0664912363619754
0.0668481219036777
0.0671190206110688
0.0673845133680427
0.067348641068601
0.0673762423946526
0.0672557675322078
0.0671811327166986
0.0668723756823237
0.0665361576132249
0.0660449247880585
0.0655022166600383
0.0657708042902629
0.0659983723603104
0.0661326454743466
0.0665437751864958
0.0674361541177522
0.0677456370305118
0.0675004726852732
0.0674342119497952
0.0677808680118099
0.0681617404306569
0.0685796227617891
0.0689092031665609
0.0693005790091995
0.0695591372438834
0.069762468066588
0.0697887583297361
0.0694745952795768
0.0692812901465059
0.0692979750852651
0.0693144585486654
0.0693084610366693
0.069587564722519
0.0698146237044186
0.0698777819634798
0.0698399207194275
0.0697251375663824
0.0695851889703987
0.0694755071993456
0.0695546200662059
0.0696749845455639
0.0698858829134263
0.0699960533068771
0.0699930279505606
0.069886912230403
0.0697933976727137
0.0697896086550727
0.0697939016798184
0.0699256196057909
0.0700334023896764
0.0701397549316159
0.0700863023144791
0.0700297313956957
0.0700788154509162
0.0699764831969049
0.0698227461707133
0.0694303214889564
0.0691817754868439
0.0691593741139009
0.0691329396144594
0.0692174400889341
0.0695205520153094
0.0701733656987732
0.0715205205789962
0.0722223687328142
0.0719737648704786
0.0719319066435081
0.0721854442547969
0.0719120273660488
0.0721072336776953
0.0722632623411805
0.0726150559981059
0.0728214187759519
0.0727096245205731
0.0726018213859996
0.0726377267869532
0.0722145423487994
0.0719292369568664
0.07207150778661
0.0719287223251302
0.071655675230378
0.0714460459558592
0.0719240000570384
0.072110385397364
0.0722488549441728
0.0724532882898666
0.0725608457053794
0.0724175649788504
0.0729264011204393
0.0731497731079348
0.072945539630088
0.0729945332730305
0.072156820194097
0.0721969014112575
0.0719568746225906
0.0723031129925277
0.0737680669769843
0.0738704614842113
0.0734164191427837
0.0737358103068462
0.0739067094608007
0.0739460428959289
0.0738521410422549
0.0736436233104714
0.0731117613321538
0.0735784719523107
0.0737758257448976
0.0738613487249726
0.0729580970692446
0.0733584766848496
0.0725033533923005
0.0727301980411973
0.0732055112227869
0.073287051008057
0.073239497060236
0.0730572716714421
0.0730742831469039
0.073628982550238
0.0740232015694982
0.0737798830807635
0.0732678695356756
0.0734445032072188
0.073444340881908
0.0732925444733654
0.0737927737375096
0.0735261900976472
0.0719484952475983
0.0699574838621889
0.0684625958740617
0.0666272502331881
0.0664485917195118
0.0673465165341824
0.068812032947142
0.0703370775065855
0.0697746731850861
0.0696193005718802
0.0694656597159251
0.0695754227663941
0.0699902246022509
0.0702115685276821
0.0704463525390356
0.0706365349967144
0.070801126720012
0.0710153758720403
0.0713208301757731
0.0715318814053962
0.0715371005004312
0.0713226901742148
0.0707786223210115
0.0702840748101374
0.0701370915542801
0.0700723440733837
0.0700800997733758
0.0706030954596002
0.0709282965511933
0.0709777656702744
0.0712527324045234
0.0711553774483968
0.0709111366580222
0.0701790458021606
0.0698735624986666
0.0692990726814882
0.0688643827795464
0.0691734113663591
0.0691403889082261
0.0678283907948366
0.0670259232506492
0.0663709866123874
0.0655442003747428
0.0648477977011623
0.0646579129768633
0.0645005796257683
0.0645015385958534
0.0646845176903755
0.0650295692282164
0.0654390401542622
0.0658548693149733
0.0661513212492564
0.0663089689269147
0.0666218300290019
0.0669455517672368
0.066842275407603
0.0668768199791125
0.0671470344150464
0.0671771338421469
0.0670683687146921
0.0671284954832452
0.0671149404459876
0.0670054942637501
0.06685597918205
0.0665513530552277
0.066215287245127
0.0660072594304539
0.0659956522081736
0.0663304637654755
0.0667946704599566
0.0670003296429836
0.067179462563377
0.0672421497798291
0.0669927408954552
0.0667973169507593
0.0666935371053805
0.0662528141143214
0.0658402096667196
0.0661535728654884
0.0660237571175241
0.0663479227880979
0.0677575148404123
0.0684368445433023
0.0682479485504803
0.0678804990923464
0.0677690878392892
0.0678868716531632
0.0682061669120455
0.0686669929656444
0.068943203474034
0.0692527198258215
0.0694677290687287
0.0697124159619559
0.0700897892199422
0.0703944946686501
0.0704827910789166
0.0700705055624035
0.0697851358713021
0.0697333486521076
0.0694984389045202
0.0691120502001175
0.0687742787247542
0.068655881406174
0.0687009472545144
0.0687469427390714
0.0688578695576532
0.0691312009415502
0.0693814417602305
0.0693934191574919
0.0694562195583284
0.0696051262138846
0.0697566251223244
0.0698892376543554
0.069898141713705
0.0698457272946649
0.0697857955746171
0.0696265148395634
0.0694382643956526
0.0693223990360239
0.0693034837663666
0.0694719237057766
0.0694755283753586
0.0693377289498698
0.0691553204468699
0.0691069982526569
0.0691453040611841
0.0689009129936883
0.0689461981115501
0.0692928642142837
0.0701067373313608
0.0709166692591097
0.0714444119661814
0.0712992597093837
0.0715926025894372
0.0720097713958359
0.0724790366197031
0.0729464374508021
0.0733094564838672
0.072885748804254
0.0726648229486156
0.0722853430579313
0.072038209127239
0.0713248387429299
0.0710216849643942
0.0710338973154918
0.0709727888524213
0.0710324902302238
0.0713367487727483
0.0716691560668033
0.0719401362030564
0.0722160212869993
0.0722203941443798
0.0724431357158329
0.0723328965444553
0.0721455632084467
0.0719077506506771
0.0714847968759867
0.0712262180406714
0.0714811278140118
0.0714357761069618
0.0710880246041307
0.0719639486969841
0.0732578246286783
0.0735912333506099
0.0728446822640482
0.0727703000308164
0.0729148546494332
0.0734809755513803
0.0739961812781999
0.0739667194506878
0.0740611051476179
0.0741961292834642
0.074658776793458
0.0744702283441257
0.0740093065030561
0.0738981305666244
0.0737010666689323
0.0738812687003307
0.0741024430410287
0.074513127095118
0.0746827621689422
0.0742775519487467
0.0738661242578523
0.0742155697299195
0.0741510692442272
0.0743528949320899
0.0746587236527528
0.0750860636546796
0.0753765932327538
0.0753360437436908
0.0753047374454884
0.0745661321055788
0.0727717197916389
0.071116363557656
0.0685615194842429
0.0667479390371385
0.0663400780047706
0.066638216814917
0.0675040882371444
0.0693691882053656
0.0688373665962006
0.0683643825478639
0.068213111809929
0.0688087321863411
0.0693142453083592
0.0697786555445212
0.0698777867761894
0.070249303418268
0.0706427907114468
0.0706251218665873
0.0705278407940931
0.0704226158571131
0.0704802906919034
0.0706825022977074
0.0707084769258499
0.0704806732784527
0.0708548263601079
0.0708760997023598
0.0709707526584958
0.0710495615611409
0.071264224491343
0.0713169537664771
0.0719569536663955
0.0727156408422592
0.075331927430495
0.0730683211022636
0.0712783400054315
0.0698577441923674
0.0690470731172146
0.0686406859507953
0.0682356932647153
0.0678765482579717
0.0672387183881342
0.0666016734494929
0.06578025841834
0.0653220623235681
0.0653231994372785
0.0648271564331102
0.065232639396761
0.0656286064207512
0.0661027887444975
0.066535891223201
0.0666903801331074
0.0670191416384599
0.0675854030061555
0.0678159480209958
0.0674139792602747
0.0669618997501105
0.0668516544540462
0.0669444329997648
0.067007193732296
0.0671941308223667
0.0669072467548499
0.0665643862001585
0.0665608806998087
0.0665425443682917
0.0664662862497538
0.0661671530628928
0.0658925665400625
0.0657364100732565
0.0656434174338201
0.0658079025105195
0.0661892500988035
0.0665435610559763
0.0666970310114589
0.0669292796202633
0.0672813173523545
0.0673316254140821
0.0671070017737068
0.0661272622597224
0.0661194904025026
0.0664502829868014
0.0659902885350283
0.0662568660401072
0.0669075141391797
0.0673080937669264
0.0671361057610173
0.0671475516847292
0.0672698938003281
0.0674150662500579
0.0678981126238277
0.0683192420553647
0.0686841914721011
0.0691060911429089
0.06960199161261
0.0698392474255092
0.0702151870968246
0.0702650529034072
0.0693770306809223
0.0685752676112431
0.0682935887362973
0.068119367727518
0.0681451652988201
0.0683310651855569
0.0683377600617074
0.0681782701073654
0.0684946670077678
0.0689349135290842
0.0696577854728145
0.0706734542224252
0.0712313325680212
0.0713128001909907
0.0709721367447714
0.0707556682615057
0.070365222814193
0.070029161375278
0.0695950264004024
0.0690127695080901
0.0689444137707758
0.0689418957170869
0.0687507371549945
0.0684627856253784
0.0683090977186561
0.0681792038172197
0.0682707155074362
0.0683686381262839
0.0688105511088105
0.069349992127435
0.0696632138264578
0.0698404409771123
0.070068429462135
0.0703621019395043
0.0704456650648763
0.0708212931856914
0.0708161598695929
0.0708832994898004
0.0713246438488651
0.0716230124946603
0.0718555912887469
0.0721500739017618
0.0720216833811423
0.0719502497333813
0.0718764174203272
0.0709277668492968
0.0705210869106137
0.0703360255169528
0.0702645095067587
0.0706278685075044
0.0710147716022453
0.0711842056135371
0.0713702689362715
0.0715506263725642
0.0717104896430575
0.0719891161691711
0.0721468617802106
0.0719245091192277
0.0719550136897875
0.0720604696109061
0.0718972248118118
0.071597917616019
0.0710356230840811
0.0702147331632744
0.0704069317717186
0.0713607772195994
0.0718267693767391
0.0727765359895036
0.0726950747252522
0.0727258099000713
0.0729874700486936
0.0732538885998474
0.0732502939934623
0.0729370708314398
0.0725969024314197
0.0720561290616568
0.0726805804953295
0.0732859304664395
0.0734328524030078
0.0730900520383584
0.0740010546724367
0.0742041948946194
0.0747227355778943
0.0745409816235376
0.0740808273002379
0.0734075593463414
0.0732634878522807
0.073252152835974
0.0733454899890081
0.0739098003851543
0.074590936855044
0.0765332296477203
0.0760035750872698
0.075944829841725
0.0766785581888863
0.0740294151773399
0.0730468417948477
0.0714835965058068
0.0693628958840591
0.0675035618600249
0.0666516091225114
0.0673260367126708
0.0677688999295662
0.0688924600949431
0.0691607390481634
0.0676303523218167
0.0670867332918007
0.0672553036354069
0.0679125830396248
0.0681546300481307
0.0681502477675939
0.0682357907838091
0.0683012260683204
0.0685581105463435
0.0690894587458604
0.0697059448580474
0.0704610160445366
0.0711108056520724
0.0714081244714686
0.0717156869672067
0.0719386878943687
0.0719486108511964
0.0719507086050534
0.0715618240347727
0.0716638196952998
0.0719699086588017
0.0725767236028642
0.0732807251844058
0.0752511464166747
0.0758618606430945
0.0763276327837629
0.0745543635214825
0.0727798934526681
0.0720802284234292
0.0690719672259105
0.0709004483648309
0.0703981423035692
0.0701992146442229
0.0694077191104451
0.0680449194720216
0.0668518081073364
0.0659027226948189
0.0662314428214647
0.0660409562334023
0.0665225536868767
0.0670200294724407
0.0668588940502299
0.068618917901653
0.0694678005456749
0.0697833682755613
0.0690097988737508
0.0684313783352102
0.0679536192149794
0.0678822160382886
0.0675209862648393
0.067833571216041
0.0675565432979073
0.0678167174586001
0.0678048051212259
0.0681697359566698
0.0683806691232407
0.0677895667237438
0.0668946510413346
0.0664263002109448
0.0659941178348111
0.0659406815978127
0.0662098861614288
0.0666889040571379
0.0669789988205223
0.067394886581371
0.0681475439454499
0.0683884743922108
0.0682617630480348
0.0672928122657161
0.066596023397639
0.0672753902929934
0.0678183945095717
0.0670971265317734
0.0674920428321564
0.0667441204028153
0.0665228987995437
0.0664065407969982
0.0664123663718485
0.0664470154049046
0.0666988659161897
0.0669736171380094
0.0673472784303879
0.0679102393682959
0.0681701269978742
0.0685030743230005
0.0684915923404977
0.0684322018420842
0.0678430144213746
0.0675990603073799
0.0677353534402864
0.0684490135002451
0.0694512806155415
0.0698617466308126
0.0699637176624366
0.0706992031433969
0.0718145997975229
0.0722827088429365
0.0729296068699245
0.073313427129749
0.0728999443686739
0.0721192601802701
0.0707775288128008
0.0695410439970604
0.0687744620098731
0.0684684627200766
0.0682828363446008
0.0681408726750587
0.0680956349750418
0.0680629238952221
0.0680386641792324
0.0683427084935068
0.0682550773956607
0.0684287760512442
0.068846335782251
0.0689030063404868
0.0699040745074028
0.0702974132972405
0.070632265585821
0.0704754218558343
0.0704342990028304
0.0705530910064934
0.0705203722738972
0.0706047564600725
0.070513353246622
0.070657209719757
0.0712873678284731
0.0717146475080088
0.0724110497411616
0.0720664291158724
0.0717460244177741
0.0711902277286726
0.0706927407795378
0.0702054942913984
0.0702084455278884
0.0699409825288474
0.0700583927898703
0.0702145454839115
0.0706392024924322
0.0709384629743939
0.0713420440226541
0.0716246289438286
0.0719286744631509
0.072368403688604
0.0720649837437667
0.071914962556355
0.0716975077955461
0.0717864396114222
0.0713479527337631
0.0705159027691675
0.0703146156734431
0.0700973721380788
0.0709156893587967
0.0711723416071319
0.0719952650991155
0.0725127664079096
0.0726475711423413
0.0725254567459322
0.0727071489430816
0.0725315098262306
0.0726624005240747
0.0733550777352835
0.0719955882262147
0.0719263240401816
0.0720973730689302
0.0724972076069855
0.0720985140217513
0.0719911225147077
0.0714206477893716
0.071754290283719
0.073021511919752
0.07336709736536
0.0726939529482539
0.0733910939860399
0.0723164426765386
0.0725318462323384
0.0720068951677302
0.072277388008973
0.0739958412576642
0.0751367085828989
0.0751042542517217
0.075291810802287
0.0752484401273697
0.0733695947541395
0.0732039987906283
0.0725983996610339
0.07133407590737
0.0688074391804392
0.0673035834552099
0.0676684528638339
0.0686537276079408
0.0679302011951227
0.0679673107652117
0.0674329465360215
0.0674908234028651
0.0671439426674322
0.0674553849672073
0.068062349211501
0.0683346950340957
0.0683377235879837
0.0685971918228526
0.0692526295538673
0.0702299181311371
0.0702618803976255
0.0704423130117371
0.0707466212841573
0.0708899607445123
0.0712160926236499
0.0712860881802554
0.0714994006617928
0.0715857783279069
0.0715967099257286
0.0718633841997231
0.072058896962033
0.0726236849517256
0.0729098918569333
0.073667595798057
0.0750600588555148
0.0758061028335588
0.0752472701722276
0.0735214062502726
0.0732927408452281
0.0717900329897743
0.0712296442656619
0.0704091699257001
0.0702324646334949
0.0696380503165502
0.0689603222795987
0.06815623637551
0.0674167902524288
0.0672643090312336
0.0670737754679023
0.066880336573869
0.0672855712386332
0.0677908915055481
0.0686449344477773
0.0695230478454943
0.0700087893434099
0.0697693375300224
0.0695270133786713
0.0692453408551742
0.0686569934504364
0.0684310258956135
0.0671705340400137
0.0681798191717042
0.069681256382454
0.0689925703930945
0.0698865315097817
0.0704736924648005
0.0692772883343843
0.0686114727453548
0.0683355195989638
0.0688180141281896
0.0693608963930455
0.0695714854431302
0.069720980669789
0.0695342789992884
0.0694148837517823
0.0695957417833847
0.0708823275558508
0.0722343525604315
0.0705496542619871
0.0691554703617963
0.0678182790130541
0.0692963549152728
0.0685248630261602
0.0690457157497198
0.0695512166038466
0.0694427956097402
0.0682956672552547
0.0669257684718111
0.0663284210043748
0.0660474796604319
0.065841619292578
0.0659282309916955
0.0662188598846765
0.0662484287977502
0.066263771851116
0.0664755927617514
0.0665819099806924
0.0668181495823253
0.0673601165732447
0.0681196131744712
0.0692895453368194
0.0705054540411576
0.0711726020945912
0.071748690272766
0.0718098584119592
0.0722229253298002
0.0730530054444144
0.0739814749943726
0.0753815081386025
0.0743504884941858
0.0729908233999245
0.071186643829738
0.0697366146084479
0.068872571100733
0.0686474797139203
0.0684884356261421
0.068340150788767
0.0682327875624329
0.0694583444237611
0.0694825917264691
0.0694111789762556
0.0695504453562682
0.0697071203636147
0.0703289892542473
0.0703508224887428
0.0708336913611385
0.0713757395270734
0.071696960724027
0.0716016736473021
0.0716682934251388
0.0718008835375728
0.071549303817011
0.0710650762991853
0.0707946159499715
0.0709700113854122
0.0707355914854958
0.0706781543195985
0.070138318292045
0.0696252877806382
0.0693448490946244
0.0687211211329382
0.0681000715004535
0.0679681415806141
0.068324568659943
0.0683646486805001
0.068720784275517
0.069152684261237
0.0694721350175871
0.0699525541166915
0.0703447535938466
0.0707187470661511
0.0709292510777891
0.0708728153690883
0.0710690017062319
0.0711352178428369
0.0714877202449819
0.0715162860992613
0.0714653088359861
0.0708815815943761
0.0710481813656914
0.0710262690089788
0.0710374753292328
0.0708172167425803
0.0712773435157233
0.0719380075329176
0.0716653567246576
0.0713326060560772
0.0714501088112624
0.0713901459208983
0.0718917469836856
0.0724104807030403
0.0711422059878633
0.07113902529787
0.0711328725807738
0.0712286478475936
0.071630265105395
0.0707029163731366
0.0704507940917877
0.0713774625614869
0.0715203262566734
0.0719143870140041
0.0714748829372149
0.0716827321190923
0.0707342638731504
0.071310170872363
0.0716642604642153
0.0721567263271643
0.0729520692273681
0.0745450952491847
0.0748313384931014
0.0752184034579714
0.0754200229680667
0.0753632485336006
0.0747448195941438
0.0734859105365405
0.0719274746276484
0.0701283630419292
0.0678844614849568
0.0679530583372893
0.0687756157480384
0.0674950436831793
0.0673652342318563
0.0674259149950366
0.0673852870477937
0.0675000478000886
0.0675444044212244
0.0677200605032992
0.0680463758185622
0.0689509316972163
0.0697291497197377
0.0699052650424719
0.0695475337786338
0.0694390974424175
0.0695650557280078
0.0701114907114169
0.0703099995571497
0.0705846960428158
0.0706431138700247
0.0709628448693434
0.0712008792021847
0.0714866218889542
0.0718814475423735
0.0722144611997888
0.0724719710909887
0.072990507291365
0.0735223708509649
0.074869052794745
0.0755802177100726
0.0753041370303378
0.0746694076040217
0.0731045512443378
0.0718619721671288
0.0715034924139372
0.0710342554104598
0.0702107663796429
0.0695942466032555
0.0689212702782949
0.0688295943572264
0.0684975884863438
0.0681444935800334
0.0679447527553106
0.0682635740175431
0.0679714099139959
0.0683141283053313
0.0692061277923994
0.0701649097732508
0.0707600059845376
0.0710643586174553
0.0707592740585826
0.0699848620511339
0.0695105791422675
0.0690649735382795
0.0684958526317229
0.0688049800624914
0.0699670766418195
0.0691838114786524
0.0696425435554729
0.0702940593205671
0.0703836230842193
0.0705564150797146
0.0705161309905397
0.0715893192154567
0.0730785978779057
0.0735897247249241
0.0722788677112971
0.0708992678182257
0.0711606016075212
0.0712369201489347
0.072143590306197
0.0722052618988867
0.0704926508787089
0.0695439809284553
0.0693840719209015
0.0698869429669161
0.0698934039089442
0.071222814387181
0.0718327442227802
0.0725780061454397
0.0710923087729001
0.0699345348885395
0.0689543644401759
0.0692913574213868
0.068606041793191
0.0664855494070293
0.0663030289060475
0.0661996677009696
0.0661042192467323
0.0665767812802369
0.0670178249969701
0.0679636086518533
0.0686846112347939
0.0692370847714848
0.0703501271325648
0.0719049311094019
0.0728730858355185
0.0735706327564474
0.0735462213681357
0.0743779458578731
0.0749934020361442
0.076329672802768
0.0774902349227466
0.076280868745422
0.0749773093465749
0.0738353452614365
0.0726357976848687
0.0720316953854387
0.0712873276946423
0.0700415904671986
0.0683008242232133
0.0680285728019983
0.0688830560006095
0.0689980362177171
0.068799253992443
0.0693290819497524
0.0698161459148981
0.0703002640826439
0.0708756136813814
0.0718684440584909
0.0724128348957913
0.0722377169929811
0.0717150756260476
0.0709869544513383
0.0696527532348117
0.0691281546104659
0.0685679927399159
0.0684434018313529
0.0682901978056764
0.0684225986135882
0.0685509465702167
0.0684495092666383
0.0677638213482909
0.0672519281394223
0.066149125002095
0.0661144138094716
0.0665267549332765
0.067212003605226
0.0677183445835093
0.0677553366323531
0.0681404424362137
0.0685403915806968
0.0688602822659339
0.0696075043148755
0.0700332573594472
0.0701483609942449
0.0701786391336734
0.0701614315336096
0.0702655471280611
0.070556989803685
0.0709225369875445
0.0708181019845277
0.0709564175481985
0.0713663630668226
0.0719639496896006
0.0722731277412639
0.0713124049718581
0.0711729680327653
0.0720375158530675
0.0714072797109036
0.0714210154820928
0.0718989481910522
0.0722588545798188
0.0733311331461624
0.0722686988902694
0.0720657742541943
0.0722760154201976
0.0713155417962182
0.0714701739958097
0.0708241677109323
0.0710066301271197
0.0705153728081613
0.0715490643481341
0.0722775965798231
0.0726290412236624
0.0722916911753666
0.0722073541184686
0.0714212973289741
0.0723328119720246
0.0728923115864256
0.0732775253608416
0.0735827797791239
0.0742280981124833
0.0756468111753559
0.0761884900951059
0.075622619978903
0.0744780591088744
0.0741490102645871
0.0719154750960354
0.0712512448810732
0.0711743614103943
0.0682860388049811
0.0661777483463825
0.0674649527122065
0.0680197057083328
0.0674854010711517
0.0676596084016171
0.0675162887432681
0.067339524280101
0.068468256319387
0.0690490457439391
0.0697314306582903
0.0697739169027469
0.0695034335290413
0.0695007563712322
0.069265891086632
0.068936154316453
0.0689133686927312
0.0692283165177553
0.0693945288631131
0.0696472453816143
0.0695958088336533
0.0701100766802195
0.0707529441431929
0.0711665037508853
0.0714735239326855
0.0720007794112722
0.0724321846624217
0.0730387139051871
0.0737909049793079
0.0743645664243398
0.0745988555486745
0.0742800731903865
0.0740241190608155
0.0730328547958229
0.0722057648154985
0.0719399318538534
0.0712725798116532
0.0705120820081816
0.0694680457760932
0.0689772271301872
0.0688559030769869
0.0690953455462413
0.0695512118226388
0.0698836858107982
0.0691858841542671
0.0689909776508598
0.0687053921136393
0.0692343735304829
0.0697234777084044
0.0698830731219296
0.0702652992130325
0.0700539204677028
0.0699637728663522
0.0689394234027614
0.0686080949655299
0.0686435839001542
0.0691711751278554
0.0717925536226396
0.0697048910888591
0.0682300703681415
0.0683774307378523
0.0689228894972085
0.0702132366693455
0.0708745695796892
0.0723813599689634
0.0726712794167227
0.0724012856543079
0.0728064539343252
0.0735420690131348
0.074555637849277
0.0754118490946836
0.0752612982604813
0.0731534424140311
0.0706774647777853
0.0697237169009975
0.0696213479139728
0.0706412132040088
0.0721374776185466
0.072258604283599
0.0719653912695018
0.0713034217091747
0.0702104441012807
0.07015857515009
0.0698419548503829
0.0697638424517441
0.0703494519026855
0.0693160099185896
0.0689710228900729
0.0679685435894305
0.0680355905859774
0.067771050637124
0.0677182539785912
0.0682291521661714
0.0686537064027504
0.0700716246974503
0.0716668970388804
0.0731116993525458
0.0746157624499485
0.0754054330537316
0.0760231008053614
0.0763120692822287
0.076896261269724
0.0764539922478696
0.0767751786125997
0.0757101517541048
0.0744258513246015
0.074230607882235
0.0729744895944462
0.0725041743436253
0.0722592506072703
0.0705850125171533
0.069588164710833
0.0695704113095917
0.0693511205609923
0.068365531839963
0.0682280815047931
0.0688478920394483
0.0700643724872809
0.070723669618523
0.0704978019853135
0.0695959029049543
0.0689811626781678
0.0682872445641556
0.067317310069789
0.0666891032665395
0.0663987689761358
0.0668656378220228
0.0668318067593345
0.0665630048505764
0.0670607960905201
0.0671307260500922
0.0675362484162076
0.0673731682600756
0.0670731147312296
0.0662561543018433
0.0654150247149928
0.0654263600099146
0.0662877110762488
0.0670904193294894
0.0669290491019705
0.0666142553222535
0.0668937625881268
0.0677349364807391
0.0682106435927349
0.0683536205491877
0.0681191782733848
0.0683101001807027
0.0685086325927873
0.0689180025072201
0.0694291563446089
0.0699436232824746
0.070140932555319
0.0702571467142583
0.0703619901666217
0.0706588608607082
0.0715174339235707
0.0715892363093073
0.0716390106134283
0.0709462536942607
0.0716171657120031
0.071672872557642
0.0716385611913345
0.0709946799289203
0.0704170686350562
0.0710428987346748
0.0703413856508099
0.0692147314613981
0.0700651818691879
0.0698820136983963
0.0700822628783543
0.0697872544880824
0.0703435774795242
0.0710710356070319
0.0714958641656441
0.0712689180440127
0.0716426592678066
0.0712042960154514
0.0714477613193956
0.0700113342955668
0.0710429582396939
0.0715670561074369
0.0714652297724515
0.0720332929054937
0.0725040891981894
0.073883429409245
0.0731245283025533
0.0722231279625622
0.0715909873259061
0.0725357439902222
0.0718273323996055
0.0711698991709732
0.0713464508206987
0.0700093011356927
0.0676306660117153
0.0663701221834678
0.0667335118950429
0.0666922967935255
0.0669411576576168
0.0673975556498453
0.0683401153054846
0.069205309926656
0.0693067543427585
0.0694635326080378
0.068915419428375
0.0690621845603896
0.0688833885880348
0.0689359648068893
0.0690804786306186
0.0691989925322147
0.0695385988747725
0.0700020679884195
0.070400956387578
0.0705343488254121
0.0705468430057803
0.0706167555670277
0.0711440102732338
0.0716887194419356
0.0722196525913959
0.0731161049376284
0.0733776204902145
0.073921249301031
0.0739044797184832
0.0734077933628169
0.0726223110135294
0.0722519517474916
0.0718433452812696
0.0718798015283517
0.0710785748096478
0.0704235265944377
0.0698277693595158
0.0695663489024761
0.0696620152885914
0.0706805572234342
0.0711888191821136
0.0707024642023281
0.0703828784115822
0.0705054934081701
0.0697752760017655
0.0693870326289143
0.0690727750330468
0.0687546247799722
0.0684301144708068
0.0684135894502975
0.0688378787824306
0.0695451000572185
0.069552056548593
0.068730278734567
0.0684512306157136
0.068410190693313
0.0685986520719084
0.0690471022867016
0.0688931794163603
0.0691786858270366
0.0702377653944889
0.071222765166444
0.0727346079037695
0.0730872324791786
0.0733662618128108
0.0744056086555616
0.0759265819655321
0.0764064850427544
0.0766457142516579
0.076241604166588
0.0753526933060844
0.0741595052265644
0.072130455398262
0.0710885365451837
0.0706417517763685
0.0715347759230325
0.0724377070157564
0.0719222953204538
0.070997325112422
0.0698922142178851
0.0690632036425201
0.0691346614450286
0.06861943270255
0.0688879542561354
0.0684721452975953
0.0682058617304959
0.0677510289648873
0.0671400563566626
0.0670497397670102
0.0667260317865996
0.0677858744156144
0.0685306917625425
0.0690716337300132
0.0704947926747079
0.0728743148337408
0.0747244798889109
0.076454802761779
0.0775516989033292
0.0785145427894311
0.0778904818293191
0.0784067413169123
0.0770440659736718
0.0752742510623551
0.0741196174045068
0.0737836200009669
0.0725980128111574
0.0724917301997022
0.0720045361829743
0.0717676691810369
0.071315560138459
0.0699226968940674
0.0699695242569763
0.0700548224766188
0.0695169213344888
0.0697290675793263
0.0695031104637358
0.0688110168204825
0.0674339038786653
0.0667547960726724
0.0667058896446196
0.0665331642121809
0.0667048653137707
0.0667635037017189
0.0666179128844972
0.0665146478390262
0.0664635623326212
0.0665206509404504
0.0662959956613071
0.0662205017719205
0.0662518124778351
0.0663819997769648
0.0659388113601621
0.0661677135822955
0.0660406574337598
0.0648663445545365
0.0653663593177191
0.0657215976849085
0.0652335895577279
0.0653650274834461
0.0652113870648185
0.0656389772201354
0.0658764617420881
0.0664792677054031
0.0672327664531255
0.0677350134610623
0.0685714682639751
0.0689704237348291
0.0696293363870677
0.0702374243158287
0.0705304886790323
0.0702588094368479
0.0705010834939144
0.070741799206496
0.0711359158986491
0.0712285422730386
0.070479216832474
0.069944648974001
0.0691268349470873
0.0696046046800383
0.0696937845906152
0.0697311287516018
0.0691804596181868
0.0685359572589858
0.0685897858702277
0.0697694354344085
0.0703304021937667
0.0706318281605823
0.0712263236371632
0.0711667052725405
0.0706960721104751
0.0708492274850669
0.0714636858302925
0.0716587034443033
0.0725343650157307
0.0723544724374451
0.0719494770993322
0.0713610552140658
0.0709930952794888
0.0715785489079386
0.072329917116644
0.0726227856021017
0.0724295502556008
0.0727569337308211
0.0727095261818809
0.0732173582626176
0.0731322208436427
0.0722806835068436
0.0718451660469026
0.0711848248023531
0.0696245010262409
0.0698368892969243
0.0690637003696587
0.0689846713956991
0.0668129386325498
0.0657001527051868
0.0653254330892346
0.0657152080583754
0.0667651195454007
0.0676629624034684
0.0681422012817148
0.0688789864954801
0.0682886755304734
0.0670039557202741
0.0671100372358423
0.0673991202599387
0.0681092732724623
0.0687166566042279
0.0689756321420657
0.0696604413163854
0.0702181571269063
0.0707032523170386
0.0706083571081844
0.070466910080424
0.0703952607821034
0.0701445398992557
0.0701894460483156
0.0709949900680898
0.0716082895708246
0.0722919076934222
0.0723030587269647
0.0720101937332098
0.0715112922885851
0.0710203587576936
0.0709421249393078
0.0711038578340013
0.0710036012767395
0.070092214943378
0.0699142121876165
0.0695345153875759
0.0692997601206873
0.070231805388462
0.0713954696849042
0.0715211622111245
0.0715792639350138
0.0706097508316382
0.0705223898141042
0.0698601178486063
0.0693330076067265
0.0684835083132585
0.0678785057357889
0.0678586800104869
0.0678618714139805
0.0676928086869707
0.0681893964976647
0.068313223664148
0.0676473826472699
0.0673291872103398
0.0674544169407345
0.0681640697914395
0.0669484173754548
0.0693943910985666
0.0700429196875056
0.0715470469550277
0.0722344028256823
0.0723137959250598
0.0721816287674257
0.0727158481540744
0.0743585808883664
0.07682646755128
0.0784705555629565
0.0798471386773288
0.0792840266146019
0.0775703104146785
0.0761393628169601
0.0752659007846968
0.0730354227866595
0.0718514581147118
0.0719532224253706
0.0719189545103265
0.0712850421090152
0.0706240905232428
0.0698451523169039
0.0693601633284133
0.0696576112831277
0.0701317711500808
0.0708029030437188
0.0700763571207765
0.0696902980564731
0.0700995302344626
0.0699600135478962
0.0691445683584621
0.0688157584500078
0.0693747033941048
0.070017633214493
0.071018210099063
0.0714120211916985
0.0728242562380382
0.0747376932430718
0.0767320321253503
0.0785711715889258
0.0783096242993169
0.0777133474216615
0.0763459732159769
0.0761732838178018
0.0741412578139183
0.0735251386944772
0.0728999629466907
0.0721790393059738
0.0724265994538566
0.071999308525698
0.0714746592904978
0.0716253960132626
0.0709458350511602
0.0705290251503269
0.0702631246923357
0.0690138731548762
0.068592602055747
0.0680130601497963
0.0678083815379023
0.0679947103932422
0.0679443256529021
0.0679780969450078
0.068049472473156
0.0679269671050581
0.067123781835151
0.066844659118555
0.0665957626901453
0.0667563744078679
0.0663066524154068
0.06585719471418
0.0655210998977555
0.0655321221753058
0.0653515487483202
0.0644587538175192
0.0643377348554384
0.0640978173292283
0.0649716642247781
0.0650668237656823
0.0650659265712939
0.0652331939558905
0.0657516267723737
0.0658859236404588
0.0660075176322971
0.0661204319759107
0.0658702459957342
0.0662785957534844
0.0663436912947843
0.0667578000403755
0.0676014962001289
0.067921629613301
0.0684100463487334
0.068495919034128
0.0686791698778813
0.0689893423813969
0.0695402682890859
0.0693848839905367
0.0690267529222009
0.0692789213787818
0.068936001973188
0.0689166839128232
0.0687702669947167
0.0689138659061413
0.0690355379614052
0.0685078338471872
0.0685635157882672
0.0692370702782246
0.0710509240591655
0.0714433465600958
0.0716529409587967
0.0711162166496477
0.0705825594841322
0.0713468182627549
0.0718126849020054
0.0719372360555721
0.0728239783272824
0.0728185379192746
0.0726533909046383
0.0723279993548707
0.0736097988447433
0.0740793466525375
0.0750122738413115
0.0747484510779293
0.0745824865676982
0.0758002954291881
0.0749647207537581
0.0743785361132168
0.0740700005743861
0.0735972525829142
0.0730052842813229
0.0724060568689503
0.0723744210082312
0.0715888242247464
0.0699995162543922
0.0687398682795847
0.0676268003968061
0.067031052395617
0.0668490321796442
0.0660560345795857
0.0667170548349644
0.0675472180055371
0.068142465136959
0.0680739264552364
0.0682352675351433
0.067903363706379
0.0678897085922519
0.0673761690535788
0.0667414742174821
0.0663416102939068
0.0665645122042958
0.0667159920479723
0.0667733785499938
0.0666410630676235
0.0671203357348189
0.0677103858808581
0.0689543981702778
0.0694402711698456
0.0699925477186901
0.0701289665615282
0.0701497417605418
0.0703671160405451
0.0702333973159866
0.0701633537909157
0.0702413896420236
0.0701428793633923
0.0700539148937936
0.0702134254785745
0.0700787196971415
0.0701349972715155
0.0695757858733498
0.0700655073811156
0.0700741769511885
0.0699463608275725
0.0705912879436526
0.0712638013650691
0.0715963184564613
0.0711944605679643
0.0709868913219048
0.0712873208973329
0.0710327959092686
0.0700546451248808
0.0693649643792344
0.0691362793685596
0.0692765649723172
0.0702065305894783
0.0690697058715243
0.0699697172455956
0.0694432457164016
0.0687774689858821
0.068552996835427
0.0685898492055793
0.0699057423961653
0.0700839371156966
0.0714939548815842
0.0734140964869737
0.0735204643983486
0.0752412262666015
0.0757118537667326
0.0759887227546037
0.076190497909264
0.0758307256489979
0.0759656039280789
0.0769307550279573
0.0781452301898176
0.0787338739986735
0.0775645317765201
0.0766154798435087
0.0755489705478021
0.0739629791475065
0.0722403316113172
0.0707461294824126
0.070371325641533
0.0703856960871501
0.0707226930157159
0.0708448671053676
0.0713407914160979
0.0712572447100938
0.0714356154668745
0.0724589630002055
0.0735159022261612
0.0735725464231004
0.0738405024689355
0.0736819233253142
0.0735086170338864
0.0730965787248998
0.0731599143859971
0.0738402273962621
0.075039297640236
0.0757035806880169
0.0760770913732177
0.07573704396888
0.0764772340089161
0.0770078704349469
0.0764332092943659
0.0756513431726463
0.0747645729128542
0.0743710629228842
0.072782886664425
0.0721942789808234
0.0717064866776101
0.0719400391917634
0.0711834876707404
0.0709842137596121
0.0697877750734011
0.0697816273799505
0.0686610610154713
0.0684119729323275
0.0678752953073264
0.0670386003850584
0.0670471979653069
0.0668088881677704
0.0660297323990318
0.0661514419091798
0.0660934698950221
0.0663462858732978
0.0664729665332638
0.0655465205242493
0.0656317297248916
0.0642539223483722
0.0639968068677357
0.0635860319836004
0.0643808802723663
0.0634386379257533
0.0626125435892653
0.0629114379689557
0.0625588810705064
0.0627226932009908
0.0627280525691988
0.0628018975067958
0.0634324543437736
0.0637169551840107
0.0643883463181491
0.0648547740805488
0.0655543345314387
0.0654690309409432
0.0659772548744266
0.0668611297578573
0.0671621605242438
0.06743915995353
0.0673554895720937
0.0666904951464423
0.0670044010579566
0.0669319488867746
0.0672940859038774
0.0674570960848532
0.0681570765565839
0.0685005903967112
0.0693591856043887
0.0695506115295847
0.0692854934228924
0.0700649678384626
0.0696476053315332
0.0695131521512813
0.069320632691143
0.0699146386065996
0.0699444409074418
0.0697471864586852
0.0699405340100545
0.0709292079902786
0.0730513328593804
0.0718682531110912
0.0710387841543973
0.0708837497507485
0.0714686023520367
0.0711400972658016
0.0724157118939273
0.0714430762132477
0.072474119455955
0.071991813834673
0.0717276146887428
0.0735426817898695
0.0726126341974724
0.0736149903283277
0.0743898965887588
0.0745391490757722
0.07635480826507
0.076753386193593
0.0766437843897905
0.0764300683058814
0.0759169924929419
0.0747661605250097
0.0733520379376314
0.0739813171659967
0.0733645636727868
0.0723135940203594
0.0715260500203192
0.0703229242127269
0.0691831337810207
0.067841046491554
0.0675543435801387
0.068239647169133
0.0680967534662016
0.0680012405714771
0.06783663446747
0.0669650711477051
0.0666296052473513
0.065928784964102
0.0655242383491878
0.0653882622010278
0.065343786730691
0.0653701859777156
0.065725427522313
0.0661782666485311
0.0662944839506089
0.0659937654637751
0.066066909455638
0.0657426998409583
0.0664229605134441
0.0671468082644661
0.0678045061220558
0.0683291205123678
0.0686033894072264
0.0686208340485335
0.0688035865325589
0.0690369871053458
0.0694439686191068
0.0693403910199203
0.069458339929951
0.0694800215778347
0.069791827095598
0.0699437202890588
0.0700737053929528
0.0711098106725806
0.070487447958375
0.0694532691761693
0.0701457952590822
0.0702295557839927
0.0707282327189891
0.071931550170087
0.071291306066522
0.0710545008620831
0.0711393836215599
0.0711181072341916
0.0710636841410197
0.0713463351206833
0.0711785829708844
0.0698722654520376
0.0684038034841928
0.0686311279608686
0.0680746929270988
0.068485548775036
0.0691179383521542
0.0685911488354592
0.0697602713320377
0.0723387678627856
0.074340236289676
0.0747718727061502
0.0750822332555327
0.0758935729938892
0.074487837507008
0.073663731630607
0.0728033276929902
0.073402803874546
0.0745485422980865
0.0748157420336271
0.0758293239265366
0.0769647798843541
0.0771346670975757
0.0762489644800046
0.076097136456013
0.074584990654585
0.0718696590298962
0.0701043957041595
0.070025498587211
0.0704283414825235
0.0709220038470821
0.0712659583970557
0.0716996202746601
0.0715329606742207
0.0716103301060604
0.0732882757797744
0.0735118334811241
0.0731570632069264
0.0736839731439428
0.074045700634224
0.0747028253775566
0.0746338396526837
0.0750310149656717
0.0753113036201624
0.0755101957810313
0.0747889591810192
0.0746909625086411
0.0742437257348536
0.074851402297532
0.0748519432654267
0.0737622190760613
0.0730459196212601
0.072357478089981
0.0731253783126055
0.0717458415128815
0.0720467802110224
0.0720860687790876
0.0716867644860947
0.0711212100268536
0.0700485056357013
0.0694080733487095
0.0688398674021907
0.0678314293198116
0.0673739389442311
0.0665217220635785
0.0664580078911906
0.0661211292543232
0.0660573437310642
0.0664948551090332
0.0671415842388023
0.0668243202538296
0.0660998344314444
0.0659863715878683
0.0655440339612677
0.0651480351636125
0.0642672316948197
0.0651355952631919
0.064616009741229
0.0646341252822572
0.063551362737752
0.0634994970879185
0.0637954414109906
0.0631254861917551
0.0630816002216779
0.062685429633052
0.0627461293406835
0.0631968476288984
0.0631378419933717
0.0630352560895004
0.063369006657644
0.0638546101986853
0.065081737531597
0.0658308563628379
0.0667435873448196
0.0674679691394347
0.0679894153439595
0.0679376495474682
0.0678357736253838
0.0675611251344356
0.0677431045771183
0.0681228561649658
0.0689642831788559
0.0696109175913973
0.0700517446251396
0.0700536720337586
0.0700808082417986
0.0696556784269713
0.0704730067266786
0.0703560435906378
0.0697422157367074
0.0690786520227358
0.0696661187376096
0.0701398823739353
0.0701958028099286
0.0698811007960532
0.0711391288350859
0.0721991824356316
0.0722963198468323
0.0715928326785573
0.0706424068250858
0.0718196127293663
0.0742271214819388
0.0726614259674497
0.0731227678741898
0.0732596445633141
0.0741790865080253
0.0738685387347835
0.0745175345804487
0.0748059070541345
0.0749595024805512
0.0761129280549419
0.0756751156540713
0.0757148216620597
0.075644121637558
0.0763603941308269
0.0760747237092484
0.0757808963907508
0.075255070056044
0.0739370970213738
0.074273515482036
0.0734676213300436
0.0723105049813246
0.071299063417741
0.0699905590119944
0.0693007867998398
0.0690033325853717
0.0690535566761119
0.0681611319675866
0.0677615084920701
0.0670588011763019
0.0658036461177227
0.0651171620188575
0.0643681854581201
0.0638233898729861
0.0636591352411143
0.0637206996044809
0.0640340716338159
0.0639677585616768
0.0646424349985423
0.0653679302912207
0.0661801682941959
0.066472995672539
0.0668094882558536
0.067356225287472
0.067871340472411
0.0668506193476914
0.0667253075354457
0.0666861960548974
0.0666137450836978
0.0669822130910765
0.0672659666186372
0.0678919349703982
0.0681325964151103
0.0684823411899567
0.0688414270510847
0.0690205021952831
0.0694228113952728
0.0701337925479578
0.0699067964987665
0.069966829600682
0.0699222752677674
0.0694211837242396
0.070034345823941
0.0701061088986137
0.0705262512919326
0.0710452370034162
0.071250362432943
0.0717619474887591
0.0730933985086557
0.0720363747533385
0.0711415013692765
0.0706585079640386
0.0695017545891977
0.0681321324882763
0.0674374073803521
0.0682061868303526
0.0684799462227568
0.0693202699936173
0.0700873200186169
0.0703044324028736
0.072117861682775
0.0729222492870362
0.0740329459560653
0.0745370747687868
0.0750460854692331
0.0743685533324784
0.0743934058258497
0.0730417302625179
0.0730405011530437
0.073332893123032
0.0725413709658856
0.072602777912149
0.0729249761623789
0.0739975195048237
0.0751909999398742
0.075903119103835
0.0751462394524015
0.0743477816890565
0.0725556605726248
0.0715141991555152
0.0721510781563582
0.0723263149251961
0.0724168346712021
0.0725430391190397
0.0733482988394456
0.0733957153647021
0.0739881625350745
0.0737979997341501
0.0746414043754656
0.0738253141795264
0.0745958671295284
0.0749064178189163
0.0760373213863004
0.0751475376362369
0.0739854773005574
0.0727583028671548
0.0720117976418727
0.0717171019317931
0.0714105531549977
0.0724107176269302
0.072923174800804
0.0734136155065768
0.0726911921096183
0.0715262526809252
0.0714123948054812
0.0718822674119939
0.0700369227741006
0.0705211924688128
0.0698189742348735
0.0697236893401698
0.0685935610836376
0.0678788070180215
0.0675765414639197
0.0667816181136935
0.0663971862792195
0.0661005054643638
0.0656561857840146
0.0653446367377942
0.0646846828555062
0.0650919024029157
0.065197730133736
0.0654152027608289
0.0648205280996113
0.064491243614954
0.0639139650946996
0.0627991673079077
0.0635397837773596
0.063713561673112
0.0642564786674786
0.0642329049638871
0.0642215994906985
0.0637561521885658
0.0637731952153953
0.0637909905540294
0.0636573559574637
0.0633984032093146
0.0640892926388055
0.0644951885875113
0.064095797500015
0.0630493846535654
0.063015667543544
0.0638203093656974
0.0644473634316657
0.0653204772313084
0.0659924632546652
0.0665975115694563
0.0670861744620095
0.0679437083864542
0.0690616818077901
0.0691420891506684
0.0688945360122081
0.0686206355578564
0.0687215993318163
0.0694076258136396
0.0688611385117368
0.0685420634092122
0.0684249256057425
0.068116457718429
0.0678116051345625
0.0688656844698452
0.0697707381879319
0.0702533461329105
0.0697634797343069
0.0697960981336519
0.0699691779314311
0.0695159857077239
0.0707763489323624
0.0719673799098358
0.0726410146458059
0.0727135986269644
0.0736548102720949
0.0722350752551965
0.0737297185235519
0.0736658343883976
0.0737749517076339
0.0749843379342148
0.076552465127769
0.0767853536153474
0.0761644645001166
0.0763227932839449
0.0759637413281013
0.0761488500205961
0.0766860677461729
0.0759313275613947
0.076496004571814
0.0762325982408307
0.0764772787700416
0.0768425865651802
0.0751883034958227
0.0742423805789865
0.0726272442886197
0.0718815651304516
0.0716119845818467
0.0703909630660375
0.0705155448587358
0.0703035639840676
0.068860950189495
0.0684791175301486
0.0674254273667813
0.0661972555512226
0.0658088050644333
0.0654876869472813
0.0651107430968618
0.0643065356312382
0.0635357390131624
0.0628777787984221
0.0629175034126232
0.0633217722703516
0.0638294944533318
0.0641637928700517
0.0645116846820451
0.0652224064129045
0.0657082594266577
0.0662073899879273
0.0670847000346612
0.0672616966785549
0.0676328330930371
0.0672092214491209
0.0672088657895624
0.0668210327506309
0.066802365642792
0.0671999515254086
0.067327541384708
0.0680355021025394
0.0688562569214514
0.068511552253514
0.0684647349187582
0.0686043177944952
0.0689493997266885
0.0700129626021854
0.0690481408703941
0.070038853733523
0.0694690704354098
0.069750364893694
0.0704777083156486
0.0700799564686591
0.0708184068287939
0.0706299824357813
0.0701849882045219
0.0699290591730479
0.0696379526123185
0.0683801852079155
0.0686861412357328
0.068253283696556
0.0680157787050879
0.0681130870382593
0.0684446374312062
0.0699637784959877
0.069567853675203
0.0701273074026615
0.0700506261231747
0.0712721345193476
0.0717874439185948
0.0716051733129949
0.0728074273980318
0.0726847396377803
0.0729084174177429
0.0738580650200153
0.0737727713870298
0.0733388276548935
0.0729051513095031
0.0726630202173632
0.0719066113525429
0.072751293689737
0.0732336322550192
0.0741145939027404
0.0746982261562297
0.07498495990752
0.0741940837346576
0.0735920718994493
0.0723015743378943
0.071671479064447
0.0714992359058457
0.0716263933020865
0.0715977549958223
0.0719377317129168
0.0713450481484962
0.0712981813829379
0.0720948999613611
0.0724496226164421
0.0729726680508086
0.0733549508894518
0.0735733122565418
0.0728626097195012
0.0720779168616929
0.0714217532871785
0.0711911680738534
0.0708601914936872
0.0708945563052781
0.0705856371445767
0.0714250001709479
0.0726091111227469
0.073573109986566
0.0734157271353055
0.0727501977185076
0.0716162014467558
0.0713160421068861
0.0716355247519894
0.0701680724415852
0.0697873727850741
0.0688488519031262
0.0682104027407247
0.0682434192176543
0.0672728728189168
0.0677560739054357
0.0676294363376852
0.0675384970864689
0.0668498005918716
0.0657569466402265
0.0649561416636339
0.0646295768571856
0.0647164598009109
0.0645059061277743
0.0639584632574061
0.0638400606525868
0.0631165941065683
0.0629606115373001
0.0628254668798258
0.0635073763403108
0.0631239435856934
0.0635258121981311
0.0634139605101219
0.0640594479976958
0.0639992382353529
0.06334443832993
0.0639771710201522
0.0642260563520303
0.0642321526072546
0.0646270955072768
0.0641305342417826
0.0646205452358872
0.0640049080770645
0.064401667306708
0.0651147660097478
0.066201712533844
0.0667212699422867
0.0677629778650354
0.0682651730035306
0.0693099963342517
0.0697969854931211
0.0695226220103402
0.0699788836016227
0.069949938119897
0.0703545419345576
0.0704933608480284
0.0708192776726429
0.0703558983594679
0.0693453439096904
0.0686776527510485
0.0693154674814511
0.0691456541507422
0.0690553248295341
0.0691449445643661
0.068636570807811
0.06820126011275
0.0696333761009536
0.0703774123970898
0.0704278019264763
0.0702363400117866
0.0715208374149774
0.0727270700403805
0.073074173388067
0.0740806955053901
0.0749594340882905
0.0747227002090443
0.0751719988100782
0.0761033282471535
0.0762279566305732
0.0765841280446131
0.0755653177135228
0.0761469340355175
0.0761306596912511
0.0754923419690396
0.0760386764171489
0.0751683132165208
0.0746656347039658
0.0759848514073076
0.0760179226470385
0.0758716802523638
0.0762906336320049
0.0756616083824009
0.0748209026830797
0.0736462200481157
0.0719737909259048
0.0714669363746699
0.0709705829486506
0.0687297187038828
0.0692047068019488
0.0687140997229001
0.0690545401241248
0.0672312592173432
0.0651074857804028
0.0639611701970824
0.0636374380440275
0.0633850100089359
0.0630249300942751
0.0624810080814169
0.0624536703839419
0.0629765679908591
0.0635914351464018
0.0637851354483686
0.064405985156848
0.0640826447142001
0.0640417386103833
0.0644158985355468
0.0645447292927155
0.0648516225756942
0.0653835954312215
0.0659351359974665
0.0656069278126561
0.0658790468775422
0.0659374995296723
0.0659650341239825
0.0664108516662586
0.0672325695372006
0.0674402151667371
0.0692980235931326
0.0694145400821645
0.0693254430688757
0.0693839099175129
0.0693454229828695
0.0692888371483206
0.0692548457500627
0.0700002670400379
0.0695416112232866
0.0689090441878379
0.0687282091845872
0.0690909910748924
0.0697922033261969
0.0697151709508863
0.069450661295842
0.0697323761066981
0.0687561221644641
0.0679145135652307
0.0676657548705186
0.0667687107847324
0.0665484730241116
0.0667789494322933
0.0670829120646163
0.0690870833434122
0.0697213726983192
0.0705836121279474
0.0702953067220379
0.0697227280442478
0.0707385382666698
0.0712148895321169
0.0717899499907284
0.0721221865309918
0.0722634985886304
0.0725406228985865
0.0723781846745883
0.0722176394632146
0.0715414369275132
0.071855067464099
0.07235308106496
0.0712524189462127
0.0721098430192233
0.0722502898020993
0.0732918060614555
0.0731861951433064
0.0734676806860647
0.0720163529748405
0.0718341843712336
0.0705337884053014
0.0704509160267302
0.0707778910952578
0.0708075907119222
0.0699954430080131
0.0693119117959957
0.0701230237045592
0.0708885545117336
0.0713514184591333
0.0723335352707388
0.0716737557130958
0.0720407805278239
0.0712407313389832
0.071385744919853
0.0708157363152544
0.0710048877422455
0.071950043639266
0.0725746480472052
0.073766223867538
0.0737338137410706
0.0746478650861934
0.0745258907630846
0.0734672902281639
0.0713031634855691
0.071018456135561
0.0710578502084473
0.070925542254492
0.0690410647195719
0.0682471174647861
0.067749528023169
0.0676498395552679
0.0670911363231901
0.0670606965032263
0.067131954247174
0.0670111539357549
0.0664102591257413
0.0656095805954024
0.0641516955450887
0.0642097508715311
0.0637014863922425
0.0631646945411965
0.0624058513059288
0.0624873746435556
0.062436860216183
0.061913786502043
0.0622331304098324
0.0619885783295025
0.0614804368328385
0.0612750469028237
0.0614850338835506
0.0613845883836546
0.0623822219521118
0.0629795562163119
0.0623019731021113
0.0616486989334016
0.0616153165834709
0.0619469975967832
0.0627414664157923
0.0636633028294429
0.064204560509161
0.0654932557962197
0.0661078988383371
0.0673177161292998
0.0687755676577406
0.0705791592041104
0.0704379458518623
0.0695641277957629
0.0695940926789687
0.0689964120510883
0.0693483193994421
0.0696824134081439
0.0711458570775022
0.0725166898512013
0.0732557638034341
0.0726632877945103
0.0709116628365309
0.070500025340249
0.0706064197136861
0.070855789946264
0.0705296043519552
0.069758465331866
0.0698365649515039
0.069384379348378
0.0699268832781324
0.070288894928436
0.0705801169802668
0.070645168878079
0.070358162063993
0.0718871021831272
0.0734311238054376
0.0730190024297087
0.0738596801817647
0.0739328141691463
0.0733458475466345
0.0745530278145322
0.0745699363319041
0.0753370797454923
0.0753966374467014
0.0747547333261025
0.0753659836949613
0.0759201680062577
0.0749857281791492
0.074916156744751
0.0741710000091711
0.0744352239392575
0.0764716093951954
0.0758261116236519
0.074525174514158
0.0741138845115634
0.0751283610430259
0.074732857488392
0.0739300451341297
0.0719422968887224
0.0701146418348512
0.0681321631185516
0.065967097214549
0.0659516218731777
0.0663148805586228
0.066166359934241
0.0660195666616742
0.0639815307972255
0.0622084142700475
0.0623325644081896
0.0614361522828255
0.0616044125549717
0.0618713270673114
0.0624335033165124
0.0636324211495916
0.0639798463968973
0.0648645128482294
0.0651387731611968
0.0653402262416554
0.0651806879295384
0.0658867845238249
0.0657788137050355
0.0655067686588324
0.0662124896233323
0.0669026659632295
0.0670522940075756
0.0671136397385207
0.0678715135569097
0.0682645727685729
0.0687382897072254
0.0684350386332542
0.0681358731509043
0.06799359467708
0.0679361074149926
0.0679971697502469
0.0688482038293743
0.0697549992063435
0.0695912403445174
0.0697725516725568
0.0694463782640682
0.0688119458138074
0.0688642560287461
0.0684518332081474
0.0693974401982682
0.0691702359689867
0.0683914553244612
0.0689290116936835
0.0689709500453462
0.0693365536537744
0.0682883768042342
0.0685175166908231
0.0683526396700277
0.0690365028728294
0.0692942760664257
0.0690919025181718
0.0700885437673337
0.0718532624212644
0.0707539305119254
0.0697708075414654
0.0699458711342346
0.0708041526417344
0.070596863780526
0.07051694471305
0.0707324249212485
0.0706992204350095
0.0709864474950645
0.0713885161207648
0.0718802238900187
0.0715974421310949
0.0718831610283366
0.0720745291238665
0.0719033360077562
0.0724510743244669
0.0722711410874974
0.0718528855490092
0.0714183253947462
0.0708683160617225
0.0700763833775837
0.0696659008320789
0.0700242283994001
0.0702443543431067
0.069913010945636
0.0694612830223143
0.0693006116719335
0.0694333655922237
0.0700528368446753
0.0713238980320708
0.0710947558663039
0.070881785566169
0.071311109140786
0.0708180149527493
0.0720358902617328
0.0716733848990264
0.0720628289767751
0.0718916128758764
0.071914269889356
0.0733192839655519
0.0754942805691485
0.0755706640340422
0.0741200305793503
0.0724565317591963
0.0714203045893545
0.0705025113368466
0.0713442303990259
0.071152550881746
0.068988352556032
0.0679041232690597
0.0670474047087531
0.0668399562712488
0.0667289558237667
0.067355080005701
0.0666531924649793
0.0667663010206042
0.0668644320230841
0.0657675331744213
0.0645831791329818
0.0635283738463382
0.062740492739561
0.0625398992729618
0.0623115681769976
0.0623734559975651
0.062401402464622
0.0615663721985051
0.0618504410736994
0.0621642204362484
0.0618383891670043
0.0615397175516167
0.0612316320070171
0.0609796708682839
0.0605058507474061
0.061458770936418
0.0613068741791713
0.0609333009858584
0.0608767843792963
0.0616909583120993
0.0625132582451063
0.0629402848967057
0.0637977426754216
0.0640472571032197
0.0657727102145348
0.0672918226892534
0.0690682776149818
0.0702459709056576
0.0698316226148073
0.0694164344214169
0.0706431318529589
0.0708587303353609
0.0705760654775788
0.069697755373712
0.070529489811245
0.0718664831446651
0.0739162210145965
0.0745460928852203
0.0743219741335595
0.0722613251898858
0.0724151496053471
0.0722986413990661
0.0715137511285489
0.071809197503235
0.0710445620447542
0.0702209463586241
0.0709652955210274
0.0715831954443815
0.071751828071755
0.0715192882285127
0.0714442812762641
0.0711661762557733
0.0721226562352754
0.0743307476651258
0.0737072066598134
0.0735342309268371
0.0734867566049359
0.0738002321323663
0.0734143639299969
0.0734228902897397
0.0735929612299428
0.0735034128264237
0.0746605303210209
0.0752158810727698
0.0752178328057817
0.0738067867476177
0.0734639816886849
0.0734307673670551
0.0741407970424403
0.0750520826700073
0.0733091649235198
0.073918825327615
0.0743476359439582
0.0755671720382372
0.073500373033157
0.0722741858405785
0.0696858995915547
0.0679412427044406
0.0658758394644811
0.0653065845628387
0.0646919807893066
0.0650083644777402
0.0650093026499639
0.0643541494136984
0.0635671500525003
0.0625437948309148
0.0622510908451088
0.0616563145694285
0.0615472670958778
0.0617631659527095
0.0624245477639047
0.0627883025370286
0.0632974498510278
0.0638058324953345
0.0644195912303978
0.0644194182932428
0.0645116616916086
0.0656508283299017
0.0665749063737842
0.0667134042349564
0.0674723990397675
0.0672884297847429
0.0675455197043609
0.0680378079538439
0.0682711166936987
0.0692737847517044
0.0690960957506037
0.0691579272945272
0.0689271143589908
0.0684471709502321
0.0682548532283184
0.0685413829930984
0.0700256628663371
0.0705101072435429
0.0706998604325716
0.0691219954471502
0.0690342439252066
0.0688411856565881
0.0684202260290847
0.0685653241967323
0.0693919367657239
0.0681178960629028
0.0676976748533671
0.0691348726282975
0.069807240001204
0.0700502776257992
0.0686769997705455
0.0685966432807777
0.0686993971633523
0.0697659448440624
0.0700197596668551
0.0697356137591597
0.0701713842013472
0.0717095915473008
0.0722860851442673
0.0714833683158029
0.0711676804023186
0.0711169520215322
0.0707890763239494
0.0711101516458971
0.0716564387012392
0.0714455261304795
0.0717099503598195
0.0718532752048658
0.0720209247334662
0.0717855165871471
0.0728197097624936
0.0719896974853919
0.0720128682343067
0.071380549459947
0.0710660603649359
0.070386337048831
0.070162017672876
0.0699350624117419
0.069246509959208
0.0689753087599091
0.0700550137897316
0.0695775511179946
0.0694063956766835
0.0688337097890655
0.0695279910112404
0.0697768848713121
0.0716203335321637
0.0702485236521825
0.0702874447520958
0.0702118840056172
0.0709798487073616
0.0713791143002259
0.0709963563539029
0.0705722928364198
0.0714200518257102
0.0720133057254246
0.0725312090573931
0.0734287842577957
0.0738186039777943
0.0726584580723465
0.0713769859163051
0.0697565631444074
0.0686547515278571
0.0697575642374325
0.0693040270951672
0.0684111102027864
0.0677830779623245
0.0666647416249209
0.066144130645431
0.0659855352439107
0.0668116323052723
0.0668146553013651
0.0664917367851383
0.0662688262407966
0.0653593165429953
0.0647298801063667
0.063594391789069
0.0628299733687883
0.063252665100877
0.0630823337879319
0.0621678488063249
0.0613912916628914
0.0605755606287013
0.0609226296129568
0.0609199111265516
0.0609903699026455
0.0610898792264147
0.0607443464804982
0.0607350196739979
0.0606559156204944
0.0606675536132033
0.0613807833096593
0.0620758734618864
0.0631547976336865
0.0639606634555266
0.0646484249536003
0.064747328719826
0.0644073332861444
0.0642828330893346
0.0646552655738663
0.0658119078113412
0.066643317346551
0.0680639136002227
0.0693419964831369
0.0706259087702785
0.0707643660339977
0.0709053293821414
0.0705960428006495
0.0693174862613333
0.0696742881991801
0.0714819218301945
0.0710295480382027
0.0731600020459695
0.0732058290377208
0.0736376479804114
0.0748006172328282
0.0741444111381259
0.0728955443384196
0.0724595187161751
0.0728363741485119
0.0725227014139937
0.0715873921486483
0.072201607142454
0.0721693057851307
0.0732063789356711
0.073014446177998
0.0721544474037096
0.0719118562626376
0.0719927217987111
0.0736081216866566
0.073537953500897
0.0736351386542116
0.0734005027845395
0.0737440906853536
0.0740875710413246
0.0729427353426709
0.073771078249753
0.0726516749962971
0.0734679472308878
0.0730413217484138
0.0727222910147611
0.0741872072843051
0.0743412689972769
0.0739581724088723
0.0736673875889384
0.0741213098877785
0.0734911796737302
0.0736155036717716
0.0738757825820351
0.0731084992475343
0.0722462432736031
0.070985317508237
0.0686429641512662
0.0662894055437098
0.0625776558382206
0.0627544567201723
0.0625325704375532
0.0631575576783707
0.0631386053319658
0.0628501911790662
0.0624364206931421
0.0611568763599998
0.0612206842886547
0.0612915187989887
0.0615790057511426
0.062000219440936
0.0624755525448992
0.0624026516824228
0.0632915559943132
0.0633051830209124
0.0634265666487823
0.0640504200065648
0.0643077759578706
0.0648668815524284
0.0658377123266048
0.0661617099082641
0.066640838896716
0.0672174971373586
0.0671638377776584
0.067493891380942
0.0679356959329362
0.0682129160516274
0.0688674875454374
0.0691508837017707
0.0689899876151178
0.0692644163440298
0.0693690196835241
0.069576967629509
0.0698696942068498
0.0704384004428149
0.0705531441105356
0.069227423626732
0.0688785263690587
0.0688708707135424
0.0691475003393568
0.0697649431868083
0.0693266014560467
0.0694013760874345
0.070028806153274
0.0709058736332102
0.0707412930761162
0.0701476092772928
0.0698512497562019
0.0690589703268995
0.0693651529156662
0.0689007471740391
0.069346700677368
0.0698171422573284
0.0698976750094405
0.0708486016694108
0.0717346673848035
0.0721446963469649
0.0719521111005925
0.0708085528295447
0.0704101554028172
0.0712635003461186
0.070883034870783
0.0702989874772456
0.0704344028193563
0.0702667730502565
0.0704959497852136
0.0700842258313388
0.069974298527893
0.0696008704243568
0.0697931145361147
0.0702440488814655
0.0695626720919013
0.0686654656525046
0.0685097435086962
0.0690377759570459
0.0690425067808866
0.0694160730686599
0.070518734767234
0.070489201806773
0.0701499126106103
0.0700018405107687
0.0697385909298113
0.0695639724030153
0.0691188245783318
0.0687091092085642
0.068976060646023
0.0688760715442138
0.0694774300496591
0.0702131245452481
0.0712915444000667
0.0716912505202432
0.0720779803463718
0.0720449462539638
0.0719694754496104
0.0719710789089165
0.071888647409921
0.0712742283992108
0.0694470761642737
0.0675226584087899
0.0672444095520196
0.0680560140015796
0.067579866479809
0.0673290942113926
0.0672272984417083
0.0669503865272325
0.0674020323796937
0.0670147590034157
0.0665203003539398
0.0661254130117348
0.0655525653033107
0.0650027774066343
0.0642571689495731
0.0645481796002737
0.0633133712195177
0.0625748743508566
0.0623789635598627
0.0621369653860836
0.0608568785995468
0.0601457331659419
0.0602136847198185
0.0599367832693967
0.0598206969959323
0.0600802142609699
0.0607700548515024
0.0602503261907236
0.060046039841156
0.0611146698621086
0.0622780815901626
0.0631645451362964
0.0645716517524828
0.0659989584942815
0.0667828894779947
0.0666900322273903
0.066512696680769
0.0662706178122699
0.0653907967975147
0.065637314112049
0.0670775887702918
0.068585241788024
0.0701200038403543
0.0693930412815209
0.0700686349115533
0.0701408605657096
0.0695327482653938
0.0697344997022162
0.0696153192176258
0.0708182108269205
0.0718417852540156
0.0720492893531096
0.0738656561950039
0.0743912042162162
0.0740142230579331
0.0743098941720226
0.0738121928820679
0.0733974933913423
0.073706703034054
0.0735972653841409
0.0736435543809728
0.0728579850144519
0.0724894492733499
0.072607672878767
0.072556111489619
0.072623877749696
0.0724123927341034
0.0711522833322745
0.0706855011714076
0.0719227668863712
0.0726474709531394
0.073444108094173
0.0731771017629661
0.0735635596225028
0.0739997902703734
0.074436974185831
0.0738494575995026
0.0733793792122702
0.0723752023876319
0.0727121743074818
0.0733789773741803
0.0737519530842752
0.0739392211575994
0.0741151346140195
0.0741400224113671
0.0737765864996467
0.0745168139959285
0.074596267812403
0.0734234463881678
0.0718300506377532
0.0708143682229001
0.068627292353568
0.0663709261334158
0.0631022384512612
0.0645688294853558
0.0638209624355121
0.0624466462069333
0.0619477256071607
0.0617544716075647
0.0618242004636315
0.0615597669772616
0.061819032146075
0.0614721292760847
0.0613297561051225
0.0613019262536362
0.061442922481457
0.0614759204348098
0.0616666270764794
0.0620266040451145
0.0625817288378576
0.0626987097384987
0.0636149624150409
0.0643532214661375
0.064464624595899
0.0656191484816254
0.066181597166981
0.0669509119395253
0.0682225001735792
0.0678084691195864
0.0681161576101865
0.0685166433906165
0.0687802025338387
0.0695780435350765
0.0695998318908149
0.0692395391526465
0.0686742454022541
0.068730732890808
0.0689988763025375
0.0691357246281014
0.069343592256436
0.0690711737236396
0.0672860066091896
0.0686998823183787
0.0694893129949998
0.0699448198129554
0.0691605943981183
0.0688328183557259
0.0689012492856596
0.0688751090865971
0.0686318430105915
0.0689148771555054
0.068894950572813
0.0686670312208922
0.0680558789052345
0.0679205068038477
0.0678914983828381
0.0685515666678126
0.0694582951362407
0.0700572951211181
0.0706243797874137
0.0713456135269957
0.071306823510473
0.0722366823669501
0.072038943527211
0.0711589045737449
0.0713420237099361
0.0714281610615927
0.0709306271933421
0.0709124371764406
0.0702333552957782
0.0693978220648498
0.0691777413977555
0.0688522382262416
0.0676645281753477
0.0672665975995115
0.0679400375756437
0.067929311337229
0.0680235465329524
0.0671591101132565
0.0671839676209346
0.0676120085962605
0.0676614983783153
0.0685631095656103
0.0702446322484535
0.0690292223035363
0.0695038781535622
0.0694078256324305
0.068545504141422
0.0686055615756211
0.0691851020630673
0.0693547942489047
0.0702385230166078
0.0708710147614528
0.0711084414792339
0.072026341488132
0.0713112899187048
0.0706772817421857
0.0698006898285424
0.070561631771025
0.0718961705517264
0.0704464428122126
0.0706548352901784
0.0683561348044243
0.0672305814464294
0.0666695585785294
0.0662989680129217
0.0660658044861357
0.0662197162511814
0.0667292885403375
0.0666296748396264
0.0667373948763887
0.0659128771547391
0.0657387670176788
0.0650748056555129
0.0648463543355951
0.0645908349378761
0.0638253708369763
0.0632392230384743
0.0621841753779125
0.061848323029959
0.0612716086190127
0.0603955106776106
0.0591052351048092
0.0593467858373633
0.0596273458439634
0.0601450578022253
0.0602425798987148
0.060482573784398
0.0609693161277182
0.0611110910228156
0.0619241467502207
0.0635742558995903
0.0657610228894772
0.0678774321928406
0.0694616671240084
0.0697330575664797
0.0703323508330088
0.0700066664764409
0.0690281501507974
0.067872274458985
0.0679934658470235
0.0695581837212094
0.0702410200087804
0.0696446226288942
0.068527967527503
0.0688927668609181
0.0700032295564315
0.0702770516247452
0.0699850888258315
0.0696666953303945
0.0705893761053841
0.0712534074154904
0.0719175934557553
0.0727796360610813
0.0745176560377509
0.0749560630837871
0.0758240415753079
0.0768616172560939
0.0772286027348777
0.076909071984231
0.0760951512171535
0.0753317919428633
0.0744470498698653
0.0739154774662335
0.0736931380487534
0.0730540419262344
0.0728106447755942
0.0733744070768837
0.0724887519494818
0.0722163312484469
0.0718879747240582
0.0717654534471911
0.0723876451808386
0.0730993700479246
0.0732368671827352
0.0737899347492878
0.0739170755083637
0.0729273902308006
0.0715093227363389
0.0708904683673278
0.0704428451025759
0.0712752149173929
0.0727455885228761
0.0744944881073428
0.0731182320593411
0.0739205188173826
0.0739855136801931
0.0746856096421701
0.0733527549022118
0.0739936095272572
0.0732713401632244
0.0707662703067269
0.0715322122744789
0.0686767231899258
0.0626945706193126
0.0664911557948525
0.0681857040112744
0.0659474820760366
0.0647361697582875
0.0632400344590674
0.0627020188798195
0.0640702933095793
0.064639263208139
0.0644913204707925
0.0641986928730913
0.0641041328975853
0.0631329774535885
0.0623412541785702
0.0623698228692619
0.0617697669248862
0.0618198376083202
0.0623037674126562
0.0633891570696114
0.064181587234718
0.0646614364360624
0.065956419991211
0.0665054085876707
0.0669969794166659
0.0678902485589212
0.0684717658042156
0.0684347373542089
0.0683862812794116
0.0686073023294516
0.0691115182678272
0.0692986805111642
0.0694917600117498
0.0698113062785453
0.0699725970067355
0.0694198730460024
0.0693865905162008
0.0693461020115852
0.0690419640514653
0.0677545212405889
0.0682538319361787
0.0678350297132072
0.0681056971228931
0.0681505603746289
0.0672056838947991
0.0672138877177801
0.0674737139282611
0.0672574454167617
0.0678446768129625
0.0686116619176051
0.0687375697885842
0.0685760846499026
0.0680583619949899
0.0680713103521359
0.067990220534179
0.0685579412616666
0.068293889011924
0.0677554780572641
0.067651191470574
0.068140884372458
0.068907815475491
0.0696823543366611
0.069778684138885
0.0697258876754914
0.0697280085828478
0.0689509735635517
0.0686116698728996
0.0682999426012787
0.0678285252744555
0.0670473868406024
0.0663204385511657
0.0653735806116671
0.064600448523648
0.0655665610768848
0.0646686639871033
0.0657197834459118
0.0654143342736209
0.0642741277572045
0.0642209587726226
0.0651255337121169
0.0664295258086611
0.0668169281014179
0.0675223086956529
0.0670804799169865
0.0686372146843905
0.0682696782181988
0.0683159582787074
0.0680166097817965
0.0680050287766222
0.0678359508998331
0.0678825186208854
0.068589246515429
0.0688269124352131
0.0693094813418334
0.069309277693322
0.0685898123807887
0.0685546881848024
0.0697998404338051
0.0696309785466109
0.0690454588434801
0.0685486574267918
0.0678093594680215
0.0662521698399788
0.0652920527992858
0.0654950091665941
0.0656372917538124
0.0661960010012975
0.0661092638396475
0.0666523422047223
0.0664611663927173
0.0657734049283581
0.0653230979760571
0.0650375366116753
0.0654948848143977
0.0643328611858653
0.0628601637682248
0.0622802225465531
0.0615271298363114
0.0616126402037963
0.0606220984936645
0.0593754042441329
0.0596419087984631
0.0608177946880429
0.0609131857808102
0.0607724393507494
0.0607329478182659
0.0610289499261665
0.0617480527360642
0.0618627304707373
0.0636582382762656
0.0669755137018106
0.0718225754810306
0.0738329798623868
0.0738929660821507
0.0744161258130778
0.0736097314460512
0.0719820608407113
0.070321540335679
0.0687348192871528
0.068731262034601
0.0686451460922226
0.0681957248258901
0.0672457430649329
0.0675933223405561
0.068771262438503
0.0699780920916619
0.0696544920844313
0.0702559322348649
0.0690055119903793
0.0704713770460985
0.0716091992661299
0.0732531649892538
0.0738772168846678
0.0740301202265239
0.0730617845059465
0.0722522779113091
0.0723570143849019
0.0724900087929038
0.0729516251378995
0.0728610515722898
0.0731522777666689
0.0732356404262964
0.072351732164901
0.0725239411093534
0.07161147640036
0.0716820912254966
0.071307945816083
0.0714399226002236
0.0715258305332323
0.0718353535596233
0.0714003964461612
0.071253840244259
0.0716762387200349
0.0722365683574843
0.0727315560104657
0.073188640883369
0.0733239651464487
0.0721638681338651
0.0708750825941565
0.0709698743720775
0.0721044318193006
0.0722178979298858
0.072930039930587
0.0731324552425632
0.0723528251635192
0.0738353723055157
0.0726334274606803
0.072444614525135
0.0722297518271421
0.0726897729738705
0.0697914001592255
0.0707275155175604
0.0639171856023676
0.0702043100669141
0.0851368613337237
0.0763887803164593
0.0708465534163237
0.0680978802390329
0.066470966905965
0.0661903638397809
0.0670951521372741
0.0671595065170209
0.0673475125253255
0.0672982197680071
0.0668957680344693
0.0660147793887507
0.0647834014083388
0.0636509676453492
0.0630244220151467
0.062516095284106
0.0628584251400172
0.062666164943796
0.0626883722961886
0.0631027296098985
0.0636678498360275
0.0643072329038389
0.0652296685883828
0.0665572979632417
0.0671538582094304
0.0681660158548235
0.0685072423116793
0.0688512080851196
0.0688551046821873
0.069090257280304
0.0683320147169693
0.0688966874487322
0.0681338775291446
0.0676028907223521
0.0682254886957393
0.0682747322564172
0.0681121095860601
0.0678988788152263
0.0679537344883267
0.0671341625269688
0.0671049447436305
0.0668335824875878
0.066724569837007
0.0668200946304031
0.0670407965468028
0.0670882493602904
0.0669407579190067
0.0666270272564632
0.0659002345362051
0.0652028279309085
0.0658830214907489
0.0674259304015852
0.0678516728004688
0.0687861588299007
0.0684206272992857
0.0676793629270449
0.0673878223659388
0.0659185730994684
0.0674618910055769
0.0687297642434272
0.0689413816548599
0.0690178858380746
0.0695437698457803
0.0689842413085034
0.068642879957364
0.0667756172501075
0.0657851353772078
0.0647062223141381
0.0638448244418255
0.0638603818054252
0.063822349490013
0.0632728444924078
0.0631774018169716
0.0633980515870428
0.0640408426528331
0.0629520265767244
0.0627142200121416
0.0640290722890632
0.0648339426640957
0.0657496161239064
0.0668786599927488
0.066686950362713
0.066354901911109
0.0672246986476337
0.0663647689758892
0.0663183036142844
0.0664144374121941
0.0665380560597791
0.0667738508476494
0.0672055570804678
0.0677824867909577
0.0683631483030338
0.0682366152905233
0.0691497593392885
0.0683244224736653
0.0684025138565386
0.0679079816395373
0.0686604145320223
0.0673026670205971
0.0665150268609286
0.0650294520028463
0.0650294989262257
0.065471044620574
0.0662171251376459
0.066031411973895
0.0659300934790591
0.0659026999027681
0.0654787040070674
0.0648533190806921
0.0649183232391559
0.0645995438228444
0.0644145503435932
0.0633374271475961
0.0623299304577047
0.0615356242877243
0.0599534754153567
0.0589606360777217
0.0591903610328782
0.06070998224868
0.061571443167532
0.0614874560502453
0.0615252069754231
0.0619953034019527
0.0617553765978939
0.0614277875818298
0.0616696924487607
0.0615339674833921
0.0640961917398795
0.068835068259174
0.0743968510824869
0.0774734953354337
0.077376923390897
0.0758067943288212
0.0741992977002081
0.0721612322071447
0.0723318147990378
0.0695564540130044
0.068279633643244
0.0677604094770638
0.0666715255019145
0.0672249677929723
0.0679685627062357
0.0695605715625525
0.0695651662987383
0.0696280937632805
0.070355298114583
0.0700537369036254
0.071917540389199
0.0719697674313445
0.0714789200801683
0.0706673334409257
0.0696353486967157
0.0686933029404222
0.0699132701541399
0.0697953465655824
0.0701382969478627
0.0701763877416909
0.0708010945425909
0.0711133770513172
0.0719454670283333
0.0717044805576815
0.0720077971318294
0.071197565413487
0.0710667838423028
0.0704301231649293
0.0706866280806102
0.0701000305766494
0.0703735002495953
0.0705216762494183
0.0717083669747532
0.0711476008999729
0.0715096791448285
0.0717892306606327
0.0720968163408604
0.0710542974115079
0.0708071584715367
0.0701527701145382
0.0700702105506777
0.0713373233405385
0.0712896112447061
0.0715570684310328
0.0716495945994571
0.0718838931300859
0.0730300832587326
0.0731150299523138
0.0732000556571121
0.0727643572100475
0.0727815723558249
0.0716867861876564
0.0694699622626182
0.0648610943354252
0.079772602342057
0.0832782531560696
0.0771504348231408
0.0747777259114241
0.071644904440258
0.0686503858135443
0.0695248439756334
0.0711875836821616
0.0713761588140231
0.0715900508197091
0.0714400604370677
0.069884696800173
0.0680518559130411
0.0669725342918756
0.0662076890349422
0.0646452090778608
0.0637734846715161
0.0640160297633279
0.063275163081885
0.0632570017792414
0.0629225086355395
0.0627733043039723
0.0626864913090394
0.0632252157707143
0.0636724571163132
0.0652360110014089
0.0663409605161058
0.0672269313774001
0.0675283140108911
0.0677556773422781
0.0675788334502363
0.0674613417150076
0.0678350988155102
0.0680246689707436
0.0674607790083709
0.0683933356527814
0.0683491577775949
0.067971214815465
0.068139217711125
0.0684400266989994
0.0680750705028037
0.067911204516763
0.0674650928919727
0.0669297354358814
0.0668213777727883
0.0667822486834212
0.0664958906335537
0.0661385657965083
0.065521282853421
0.0635174171399759
0.061770809383855
0.061800878583559
0.0632086199292729
0.0643119056717775
0.0653533178157688
0.0663261475592949
0.0661015882657938
0.0661742568890727
0.0660973541665484
0.0652583539190168
0.0656446284944066
0.0666412667915595
0.066763507837306
0.0664086949395494
0.0667736278350871
0.0651982157334224
0.0636836091594364
0.0627770197962853
0.0625905992991132
0.0620407136033426
0.0609240443645497
0.0609730566426543
0.0612152844345368
0.0616646738586136
0.0625993483814154
0.0626996134480165
0.0623030178871256
0.0615543005497777
0.0618250605888204
0.0627157859613204
0.0637213488594454
0.0644373706489417
0.0638932408000018
0.0649878978227078
0.0650623142592335
0.0652999220510278
0.0655251745939402
0.0656771378491065
0.0661036823958427
0.0668248484665038
0.0671000249461202
0.0679074410254321
0.0679802296350467
0.0683692669662535
0.0684983546089177
0.0681558172344814
0.0672026313491064
0.0670162998706464
0.0662494542681163
0.066058318685998
0.0652080832155948
0.0654097276178543
0.0648321296105467
0.0654983135647346
0.0658054310707392
0.0655732385519239
0.0653647045562758
0.0653126571536494
0.0646409640949516
0.0640732578892964
0.0646795706413488
0.0654387458696608
0.0647440226619319
0.0629410936662863
0.0609509606727855
0.0596480866604043
0.0594777511522466
0.0621639560621556
0.0633981400849668
0.0655228433187221
0.0660749952165554
0.0662536012018989
0.0658619125606724
0.0651217502804187
0.0639668860239481
0.062007766032095
0.0625415044184551
0.0620358415460458
0.0680457825816136
0.0739071626088646
0.0786118449649727
0.0810743695050854
0.0778316603888119
0.0765788154928077
0.0743662033849811
0.0722272511695276
0.0714750802897006
0.0682012746704327
0.0677684502761964
0.0667912086203489
0.066554188689011
0.0663825886460553
0.0669564638364976
0.0686519105511206
0.0690872883718283
0.0698545305976132
0.0697641980873118
0.0696646642314638
0.071580061770323
0.0705964653590109
0.0702502531557505
0.0699230709502412
0.0692479917810481
0.0701844942733659
0.0712125162755775
0.0712980728285471
0.0721537661951907
0.0716032145194704
0.0720466523619973
0.0721512063213766
0.0723074662631889
0.0720510091736419
0.0717454785937299
0.0711599947357865
0.0706555740235559
0.0696881616875746
0.0699419214841541
0.0705432452066621
0.0706498404149793
0.0705429093258942
0.0711607318765452
0.070605958046571
0.0711556045691732
0.0717914344758619
0.072091904775253
0.0722580432027911
0.0708332119640115
0.0698649145464141
0.0704717621571731
0.071846026639685
0.0713854435058605
0.0715315531794061
0.0726707887905433
0.0734562993643886
0.0746793181122432
0.0752400586256142
0.0744033543648404
0.0729087325112822
0.0731118320983761
0.0722984416591897
0.0695473237332718
0.066370229678356
0.0856758591949257
0.089119750939359
0.0819571090851859
0.0803296595529343
0.0767594259333589
0.0744642443371025
0.0757668490356228
0.0777495487733185
0.0789497247191628
0.0795020782268511
0.0775564816558389
0.0737580154651537
0.072452135344489
0.0705742069796219
0.0669563721213883
0.064619684171627
0.0631509204147358
0.0630649478591213
0.0624861282061272
0.0624600100420423
0.0629356332860981
0.0631799077660206
0.0628498874729422
0.062453061023071
0.0628384690011761
0.0633439084947443
0.0645562052989432
0.0661337435513276
0.0671933069874702
0.0673370246838477
0.0675823750558694
0.0677287461661236
0.0686489686696966
0.0698536152193401
0.0700178497744668
0.069736895353864
0.0700998761246184
0.0692729599822196
0.0693053932602306
0.0679958277808721
0.0674207702501956
0.0678038741272373
0.0676945863626778
0.0678076510762289
0.0670250679432278
0.0666551168348764
0.0662454765053992
0.0654449083056531
0.0647682701028738
0.0636723469930963
0.0620352859177513
0.0626161957841586
0.0626664253750036
0.0628958111558799
0.0637806969193518
0.0630380186622574
0.0631186295009634
0.0627753038939366
0.062655168710347
0.0619636412389252
0.0612978285420224
0.0612623278641728
0.0615438699138989
0.0611350837928535
0.0605684755403093
0.0613191128346984
0.0599569784139538
0.0608790085671711
0.0610164232866275
0.0603308770373525
0.0597424560351625
0.0592732982358321
0.0595544073411767
0.0597895901702884
0.0605131909943801
0.0601760894912517
0.0601394218890985
0.0607340559576288
0.0606834897406053
0.0608821350733829
0.0609775752060221
0.0616799207707858
0.0622735157558982
0.0632053427754357
0.0639035005210706
0.0631028800580185
0.0638526223998898
0.0646074100715918
0.0651706596198168
0.0651214725036714
0.0660960360747114
0.0663839919550306
0.0666887012339529
0.0677629220680614
0.0684756062754364
0.0673706685613588
0.0663864333546316
0.0652323021995474
0.0655145904163541
0.065849078189191
0.0662814744901441
0.0662191618458024
0.0661285617250079
0.0653135749127044
0.0638762117148299
0.0632494339152155
0.0636537248038924
0.0642172858637791
0.0648176739072758
0.0655372178649942
0.0671006694764221
0.0664490228648987
0.0642183439158946
0.0612022476760592
0.0601188797843842
0.0606657384203403
0.0638949589444154
0.0696415523482025
0.0730014517274374
0.0731567224381017
0.0727513612370347
0.0717313187245312
0.0707663771792814
0.0684901215063439
0.0662540783695635
0.0648950497357581
0.0639448592909853
0.0639123278400918
0.0822050573159234
0.088055786513534
0.0872277471623047
0.0845982486526587
0.0794367925789595
0.0789279759641818
0.0770569457197722
0.073107407092739
0.0714893273920346
0.0689122510553943
0.0682111522894069
0.066988458886726
0.0656614566129313
0.0660995671095155
0.067184590141838
0.0685861429084344
0.0690234969383387
0.0686624643933876
0.0692965580744427
0.0695914204259719
0.0701242465426588
0.0699557670396915
0.0698023671224254
0.0692422404789123
0.0687412828689172
0.0694680729834832
0.0701853021270385
0.0703315948731804
0.0700627999141244
0.0708051397953258
0.0715528441232515
0.0721620673449281
0.0724962776159842
0.0728378952364007
0.072438748497702
0.0710268345429882
0.0699436361240374
0.0699443232121872
0.070089356237018
0.0700520678254131
0.0703128446035505
0.0701546628648902
0.0711970024826232
0.0707055418330724
0.0707459140728138
0.0710461897093471
0.0706967031666199
0.0717265934093245
0.0710762604568771
0.0708486550461994
0.0711126108115797
0.071449827834088
0.070991364707406
0.0724711737508473
0.0731518534734498
0.0737925584658259
0.0749285373360656
0.0762884059528425
0.0746834023031231
0.0744833952203413
0.0745292870378958
0.0718740003915832
0.0687487193144176
0.0680260330295654
0.0892546480566982
0.090829264191846
0.0868562253866797
0.0819696782408558
0.0786359329509342
0.0772769269868542
0.0821131684617549
0.0858917788599143
0.0881322044711255
0.0877717169826579
0.0856463708214257
0.0816578747245485
0.077352941722429
0.0745369923117072
0.0718847179718885
0.0690683547536816
0.0674831460965598
0.0656898800260982
0.0657276685838596
0.0639050439796023
0.0641607770253829
0.0638923306230195
0.063692589489786
0.0634082617342959
0.0631029409517927
0.0633555421839096
0.0652114392552044
0.0664284997336712
0.0670755840459103
0.0668866476724328
0.0679541753568058
0.0678943761077968
0.0687681205654259
0.0691335032024422
0.0691205761682789
0.0687465213888353
0.0688917487188573
0.0687637226495778
0.0684943370281449
0.0651038699999024
0.064712309991394
0.0650219798987842
0.0657837300392098
0.0655788444790307
0.064731969012227
0.06460191169112
0.0639934139856118
0.0635942931529738
0.062600273390307
0.062612484374044
0.0624734105252273
0.0628271280926491
0.0615716925739815
0.0615597165931292
0.0616214822982924
0.0609295643821514
0.061279978920986
0.0606208644110305
0.061085327883827
0.060062444205747
0.0596220673172276
0.0583329569268435
0.0585251046937985
0.0590783037840136
0.0598045436644663
0.059764821844665
0.0591477703794087
0.0591971492611855
0.0590786523270076
0.0590421571492992
0.0584413852153987
0.0578830841233398
0.0577623524759412
0.0581133265743391
0.0588681674065787
0.0595357045042277
0.0596593141030776
0.0591876212314597
0.0593825018173672
0.0595249158774779
0.0607499791780056
0.0612085879664634
0.0616615523018369
0.0616654972398208
0.0622908425496112
0.0624305549958188
0.0629282877693583
0.0638940143437966
0.0645707061914249
0.0650736705495912
0.0653392192230889
0.0656104842011486
0.0663456191497199
0.0677292561149557
0.0685393646380816
0.0672814341240816
0.0656575537678387
0.0648867193858171
0.0645265290934818
0.0649843237236051
0.0670549982825161
0.0675546954884256
0.065932519032944
0.064193715782618
0.0632335568786059
0.0636411165629059
0.0642908782718379
0.0642783055641478
0.0646616649414623
0.0662189600873796
0.065487683108568
0.0637074879965419
0.0617482203018905
0.061148871234955
0.0636796159477343
0.0649558340765906
0.071356972314305
0.0829714969626026
0.0860353558778903
0.0844287812025529
0.0818997197941912
0.078913680136189
0.0755055391619893
0.070538675226171
0.0681289093837248
0.0664218019570497
0.0659062241152613
0.0683752376347375
0.123297392843257
0.127691076030667
0.112050316953468
0.0936704433294856
0.08406760513332
0.082424166736205
0.0794543108734996
0.0726030562230457
0.070081053153695
0.0687107438642141
0.0677825954036963
0.0661279723007798
0.0654985147638062
0.0661122290702096
0.0664244710954046
0.06711610815579
0.0678504547303451
0.068580467674889
0.0697241731037492
0.0703146683422648
0.0702404647906454
0.0700053123188184
0.0695469699420797
0.0693878560451456
0.0691012833845324
0.0694658932266942
0.0690990174909688
0.0698358059358515
0.0702199347719676
0.0701199591967627
0.0709174054914827
0.0711644516686188
0.0721746027519321
0.0724030196103067
0.0720810085177424
0.07169045886935
0.0705814616911554
0.0698765359675428
0.0692353417485636
0.0694232712680396
0.0696879966895588
0.0699461555245162
0.0706525978524933
0.0708102564334113
0.0709472304648725
0.0704455567205217
0.0701095519943262
0.0715362869056961
0.0713575585078344
0.0713678091988221
0.0705152670320672
0.0708249255981749
0.0709616745826684
0.0711585987261425
0.0721554880142338
0.0726445225600322
0.0738848364706163
0.0736098528845506
0.0731134297441781
0.0727185282875029
0.071485827981872
0.069885431916679
0.0696687605384759
0.0669100762094402
0.0816196970146452
0.0856370484625938
0.0918405612903372
0.0899670158810107
0.0858908995144458
0.0858021578207222
0.0914237340054449
0.0979131321430984
0.0989271025028487
0.0972215657968954
0.094930637256923
0.0872871055466235
0.0834176418273125
0.0803955440534945
0.0766896208138412
0.0735636550732394
0.0725285817051194
0.0697572045161717
0.0686978795454758
0.0678061321325632
0.0672024334125366
0.066575782846261
0.0649102423747435
0.0642621774856083
0.0638472214140457
0.0637783455228709
0.064020493035402
0.0646111403849262
0.0652853557170097
0.0645247395415664
0.0650049652739932
0.0652394729272636
0.0655618396203402
0.0660340320676456
0.0653910069334204
0.0650966119639168
0.0657971169241307
0.0659236992373787
0.0662144959268632
0.0635889477832998
0.0639162540441414
0.063861361648771
0.0640669882467545
0.063610231932478
0.063230518358549
0.062959213269534
0.0621622381005355
0.0623961085341314
0.0621251164555551
0.0623137140678201
0.0615351742312778
0.0614593090604275
0.0609567274381547
0.0604316139175619
0.0598454507558552
0.0599808004797304
0.0600196338045509
0.0594329625773954
0.0595727265397413
0.0584244305666317
0.0586887737717276
0.0586178102609745
0.0580215276816323
0.0572634552573135
0.0562042560728729
0.0558081155403184
0.0556482897217731
0.0558672745519082
0.0561767937082031
0.0559785873688105
0.0556307681560637
0.0553736535563959
0.0557490623896204
0.0568235203820542
0.0572797045316549
0.0573517739517891
0.0574948826138336
0.057705532399221
0.0575507871568666
0.0584064385052995
0.0593115169273479
0.0598368721689172
0.0600773764320492
0.0597498513872525
0.0603181484278623
0.0613435262902385
0.0625632057728149
0.0627533821121696
0.0630001527008374
0.0638129040683426
0.0645938365542143
0.0644908318315616
0.0650870450193083
0.0663340612675431
0.0661667755112624
0.06611240364339
0.0660695068342143
0.0649612789739259
0.0647088192706612
0.0652300801726469
0.0682641320521097
0.0691797439506917
0.0678161124762243
0.0655817542765039
0.0642595681729617
0.0652787246367372
0.0657914290601614
0.0650033428757756
0.0655360681538207
0.0657402396409199
0.0637702512239281
0.0622116242331786
0.0618929700480415
0.0628073199707791
0.0683714389074622
0.0677891306650558
0.0824142486898294
0.0971394785639916
0.0950052946714384
0.0916290478902251
0.0896980667726806
0.0853587148586049
0.0808072274788491
0.074259815876891
0.0703510884625864
0.0673623685532445
0.0662100841290764
0.0691398195539238
0.111321226924341
0.120533700420867
0.127064208151834
0.099147359866154
0.0900848650437545
0.083611878903662
0.0789493648488466
0.073143759971851
0.0685040610418292
0.0675112894650004
0.0660390253901729
0.0649316723574202
0.0655140221263525
0.0656531303274199
0.0659667832067273
0.0665690444759732
0.0680092474111703
0.0688649995359731
0.0689682760622278
0.0689113202038226
0.0686216423697673
0.0682423794604418
0.06776137981719
0.0681158819693263
0.0686417891898559
0.0689889073073879
0.0695375379829539
0.0703973254597882
0.0706715331162524
0.0706452579874024
0.0703222824856728
0.0704089257755789
0.0716827933420941
0.0727423122883881
0.0720020717289741
0.0716595234477974
0.0709807711316186
0.0695235623187915
0.0686306781876744
0.0681381967331808
0.0690682175318405
0.0689730407744892
0.0698112956569814
0.0706260813645626
0.0705824008967599
0.0694198700823063
0.0690563943747905
0.0703926371853481
0.0712022291669981
0.0708606389284198
0.0705272311057332
0.0717704081899883
0.0722114041642256
0.0729462423889534
0.0724844262369836
0.0725550219049555
0.0721699857464174
0.0715275215804743
0.0719562858149592
0.0708541957214855
0.0704033021721757
0.0700851768579891
0.069316515154583
0.0654072509285208
0.0812873748116654
0.091965605569871
0.10254045754853
0.101720301749037
0.103769203053401
0.101695416247618
0.104524748406059
0.114932633293097
0.117745944082688
0.117241204372585
0.104315000068377
0.0936337505235563
0.0885115824281092
0.0845320726525313
0.0835851590595916
0.0824392295158714
0.0803225753102952
0.0783200584148171
0.0769937690256443
0.0744580437461622
0.0730039433580806
0.0701652871630118
0.066727961154092
0.0651323747066257
0.063580842582711
0.0622794136689302
0.0611844885346989
0.0611058447382751
0.0614623357164196
0.0613478001839648
0.0621510773644262
0.0631079043941974
0.0633460093810442
0.0636058604373423
0.0634648284783385
0.0633381575534186
0.063413909397628
0.0645742422334419
0.0638145213267369
0.0617889917495547
0.0617334568344942
0.0612982907183182
0.0606452099700898
0.0604282793159445
0.060745811168301
0.0605679268337414
0.0605020167824569
0.0609579062684588
0.0609409872475425
0.0612285398270196
0.0609478630436156
0.0604278004780027
0.0590767104610285
0.0589260785729743
0.0587962918868322
0.0587322984657685
0.0585782508477886
0.059143244575275
0.0594426535068443
0.058809837286825
0.0580526128568414
0.0569605340595501
0.0563552097011969
0.0562295699361481
0.0565035866230901
0.0574375251332154
0.0576355292828001
0.0571570141988973
0.0570107982478241
0.0564651693156159
0.0562539198598479
0.0567675800711546
0.0570471973882525
0.0567207295712258
0.0573028440004054
0.0563415037651315
0.0561069630455476
0.0570028983222322
0.0565707056215634
0.0567872206601957
0.0577625289701362
0.0580970708819295
0.0586802375127671
0.0592730181114157
0.0599291398537441
0.0605243554735074
0.0615168207183814
0.0620378130715874
0.0628500501632705
0.0633501654125431
0.0635654095148184
0.0640428903624197
0.065590339049013
0.0654197515702595
0.0657591001467678
0.0657864757486706
0.0656795672153815
0.0662603500429376
0.065578629759138
0.0668530155910725
0.0682052710932414
0.0684264109547241
0.0670078593733389
0.0655957812048833
0.0647024372476758
0.0650318827908611
0.0648228632651704
0.0643114135615001
0.0645849060552996
0.0639692733112822
0.0625172580498307
0.0611255590432516
0.061908033276567
0.0634113637471467
0.07040489583421
0.0710977478200438
0.101701612582119
0.156696925002709
0.13484708811894
0.113378917680318
0.101469986532334
0.0928982377884595
0.0863232298179905
0.0788492456234522
0.0736608496034514
0.0706984311782478
0.0689435931577497
0.0715325472524745
0.094415016279185
0.117726075196179
0.134015256794496
0.148883144661493
0.0984463547383369
0.0826371886921021
0.0777750460960005
0.0731987814426526
0.0669249480597172
0.0649056724283482
0.0639793401610702
0.0642819775200425
0.0647165830363894
0.0647978624141958
0.065105670305593
0.0657670717241693
0.0669268050299192
0.0673380206088694
0.0673477130698289
0.0667707213037203
0.0666769892236872
0.0664452225571048
0.0666563307158285
0.0678942759123607
0.0689156025595396
0.0696991886735888
0.0700151696621264
0.0708757384629929
0.0713170328622279
0.0707758848866349
0.0699586456530327
0.070328836944187
0.0707710508419541
0.0720578890460415
0.0725911671096047
0.0716209483500448
0.0709638721077309
0.0695779210010052
0.0688489143212307
0.0682150889543008
0.0688251441367109
0.0689964056954231
0.0695289586353788
0.0703344336948633
0.0708329538204234
0.0713597937336552
0.0692640993860127
0.0704583658370181
0.0720831989133255
0.0709940469376794
0.069991619676428
0.0712614119153737
0.0716687780992641
0.0726651752987864
0.0719289342249738
0.071689797339724
0.0714434563845009
0.0710105506058311
0.0696232649738337
0.0692531374655643
0.0699915651200128
0.0701734481789516
0.0684313606993788
0.0746573586973968
0.0964743182585432
0.110460945180826
0.123656690624181
0.121107701803114
0.134757633681742
0.123175202125094
0.123345378649553
0.138099462809087
0.138424737860549
0.13230877490167
0.111597336107545
0.0992797339320947
0.0960903620290845
0.0926396614472114
0.0928766152108438
0.0926579605382429
0.0916583786590315
0.0890218399416266
0.0854062590164059
0.0768024762176859
0.073118159217124
0.0707737315814707
0.0679309130328944
0.0646688496934689
0.0626330028670557
0.0610735833338591
0.0603490195708932
0.0598428852684962
0.0598133110352733
0.0604901750423409
0.0613138531378442
0.0619770534469874
0.0618586223612475
0.0617375684123587
0.0618237689362654
0.06146392130377
0.06187506306112
0.0622138145765864
0.0621045624996022
0.06101646225486
0.0614903133520131
0.0605336197905195
0.0598378370508734
0.0597777667284356
0.0598913007043109
0.059681042420752
0.059349154539179
0.059791045650593
0.0598346702078517
0.0590982296990072
0.0590060746118491
0.0584622124595263
0.0575391413075146
0.0580509693639477
0.0579373083770229
0.0589841317406314
0.0585675158988604
0.058094378412435
0.057599534624647
0.0568217174042028
0.0565510661511051
0.056397320714288
0.0558100377269271
0.0557096136286527
0.0562294102020476
0.0562232879366436
0.0571506689339341
0.05769497149698
0.0580338739186642
0.0575130339405464
0.0572312857569036
0.0569975205891423
0.0566195447445644
0.0566982966058083
0.0568573784021733
0.0565358787868729
0.0563750595093765
0.0565666483879731
0.0569592706652591
0.0575616876713677
0.0577700575412415
0.0580284740214763
0.0586559853094462
0.0591021751440803
0.0595934503510241
0.0596433481232222
0.0598565198098717
0.0610663717400073
0.0612190544003259
0.0619073499432615
0.0624705877475651
0.0636106332240415
0.0645137169524129
0.0650928731919332
0.0653920893755084
0.0660617552328956
0.0672015765026695
0.0675252945394269
0.0672455526355152
0.0675796036772777
0.0668535343270746
0.0672807228078055
0.0658212206812115
0.0645329790760608
0.0644953075259428
0.0636849867599033
0.0630027235358866
0.0630066701269549
0.0635083884640036
0.0622529767143179
0.0612298767530264
0.0615506040058354
0.0640056389060381
0.0649958832600832
0.072269851270737
0.073486264751546
0.141724746947978
0.176729572986312
0.15023876917871
0.123699660131654
0.108412854945301
0.0972010443341518
0.0883089121235959
0.0786702099595048
0.0743276560606188
0.0721450932109228
0.0704528983697739
0.0723053810172804
0.0855324039306643
0.106815286056952
0.139349322883415
0.155733720395148
0.105634030709261
0.0839311874873403
0.0815989499177493
0.0714298739110244
0.0649812203110901
0.0628641233249379
0.0629627497029732
0.0637272412048181
0.0642743295467408
0.0644639117998803
0.0646856518543227
0.0654683489944259
0.0656938624885718
0.0661982019381715
0.066184358398927
0.0653303122928303
0.0654477708299045
0.0654612502538181
0.066345816627534
0.068338383042284
0.0698153729671403
0.0696399623604741
0.0696794570706433
0.0713116041019526
0.0711571558208254
0.0695660222813184
0.0694431543948122
0.0699874768483739
0.0710789736478444
0.0715513057476655
0.0718478290616669
0.0712674339231788
0.070440059194865
0.0699988580739047
0.0687213413008607
0.0681115898692307
0.0688000596242185
0.0691684416191055
0.0691582064127945
0.0695469761458209
0.070474763972226
0.0707910051431745
0.070453080727139
0.0714766087395279
0.071066615557198
0.0709836393368309
0.0700149250115887
0.0713705670668647
0.0724670134030936
0.072625865081563
0.07182456542532
0.0719188367503981
0.070224716535808
0.0694746679688418
0.0689462683147263
0.0688949551372558
0.0697596999761144
0.0685404567051799
0.0661741097435288
0.0876072116731715
0.123180711174308
0.134564019438362
0.145776903523514
0.142446745212887
0.173826372054838
0.153414302733872
0.149912470058688
0.156292091191888
0.154026071981164
0.146036000003366
0.120591831232096
0.104921410553714
0.101034919772888
0.0971262066869656
0.0968540073372739
0.0972856080183286
0.0959496992245519
0.0917292455906543
0.0849171843775993
0.0771954743700826
0.0717363151510191
0.0685650142931808
0.0661984540243021
0.063564487895945
0.0620369358783986
0.060520538411721
0.0594293301746858
0.0591690118848389
0.0592793966376483
0.0596579354941622
0.0599280096457216
0.0601312226052271
0.0605023774752292
0.06069831703213
0.0607500619138586
0.0610610922889343
0.0613764918163779
0.0613847907515977
0.0610871965862374
0.06187178252551
0.0614872465677999
0.0609341350992307
0.0600371697219929
0.0601331644088891
0.0602000201944797
0.0600084588519779
0.0593832603651603
0.0588021054975643
0.0580835463275354
0.0576991158483852
0.0570826477210916
0.0572418072850374
0.0574136152942933
0.0573556540067272
0.0573108358020395
0.0580970599442575
0.0577485621559236
0.0570754412859677
0.0565136264036967
0.0570167385124891
0.0567996695981723
0.0580828868910892
0.0573324085563398
0.0561431283782787
0.0557284606030039
0.0562340267640502
0.0566000695467912
0.0569492350860023
0.0568460826675631
0.0570930358563385
0.0571362410361288
0.0571544586528279
0.0569674104434297
0.0570792689387626
0.0568774486313462
0.0569815950167826
0.0572131241534367
0.0576209781163261
0.0582704960514777
0.0587621707496014
0.0593055065950219
0.0590982040833144
0.0590323363651032
0.0591304908281299
0.0591659358672252
0.0590385134109848
0.0593864284497413
0.0604945385261268
0.0607746491565523
0.0610033330702927
0.061180001530775
0.0615874626735344
0.0630231273334993
0.0637208951790645
0.0634720621672988
0.0639390337344589
0.0647947059750523
0.0651356288875989
0.065125674913189
0.0653304688746398
0.065157957781508
0.0645888597162152
0.0629705828425327
0.0623472911278348
0.0618424876444202
0.0611947158376575
0.0615539688702222
0.0613461798288061
0.0611146827406527
0.0610418427323011
0.0621566202570315
0.0643210319580604
0.0664803372697853
0.0671759088284122
0.0772085689197908
0.0761778722848433
0.117411723750729
0.139630307790292
0.132213820341191
0.121636885752702
0.111325872906105
0.100392460084567
0.0912897070593447
0.0815820790453691
0.076131727946466
0.0725913853927949
0.072222289941638
0.0735832363807809
0.0839817502999026
0.0959472548158425
0.105176239783534
0.110354103328418
0.115801529649884
0.0949037881346939
0.0874662844108616
0.0722632772725766
0.0658325763566431
0.0613620302645749
0.0617595043064043
0.0631108284125307
0.0638944509979603
0.0640144491305947
0.0645983502027076
0.064982036208575
0.0646821705467691
0.0646064143451461
0.0655359695643656
0.0655192049223187
0.0654711376030717
0.0652345645990982
0.0663417669362662
0.0669873020762117
0.0682993084917261
0.0686864647116732
0.0693038350816457
0.0708339522566814
0.0715929721242868
0.0687966527622021
0.0683556187043742
0.0682053690493458
0.0688010711092116
0.069397148094807
0.0702334720152269
0.0699546686747537
0.0702712687447186
0.070265751541276
0.0689551611437058
0.0684868609892456
0.0682253922458521
0.0679517863416735
0.0677279736521657
0.0685240712725725
0.0692556481495542
0.0698656575642429
0.0711020533402262
0.0700447091016548
0.0698279786566539
0.0704402581952181
0.0707140494919757
0.0721997724751849
0.0721049810647534
0.0711096567078051
0.0716777898602079
0.0710038289887633
0.0697481715422584
0.068913073096533
0.0688178817668324
0.0692234252111341
0.0689643307059466
0.0675061659406259
0.0653005060807255
0.0990967978035282
0.159183628332546
0.15955369201091
0.172554285036823
0.180740845446291
0.180947273913171
0.177025037577333
0.181151333998355
0.176563091816216
0.164509718494233
0.157192446338087
0.129894275817812
0.115540743331722
0.112317862185964
0.10590447338236
0.105400471945525
0.103532833101105
0.0983216337775599
0.0886853126656903
0.0823366886270033
0.0764093019624605
0.0733836194299977
0.0695669331862575
0.0665487470184164
0.0646950142003968
0.0630788599070771
0.061275795937293
0.0599846750718478
0.0595304252234662
0.0595367230062303
0.0592499337857988
0.0596419874449992
0.0598725693811311
0.0600714407587479
0.0603369855866606
0.0609016816926844
0.0611083843890271
0.0610930632433311
0.0611966683664395
0.0613166921033124
0.0622298357198772
0.0625616768326224
0.0627016158707495
0.0619371121006119
0.0608116437642467
0.0604628753310837
0.0597936064114898
0.0597640279019783
0.0591133482927078
0.0588422896703087
0.0582369110981848
0.0579560487414899
0.0586363329082173
0.0591176767529401
0.0594735274772534
0.0593914316856578
0.0599654403951165
0.0593604018880109
0.0592251398965398
0.0589295609353665
0.0586460201543851
0.0589082349153175
0.059575144297471
0.0589612525443474
0.0582663954476482
0.0575750132789046
0.0574693732224914
0.0570958024817066
0.0575489067703643
0.0578232637768024
0.057988374742252
0.0583490628108342
0.0582612737009873
0.0579002971634877
0.0577728262790043
0.0579366947994848
0.0581753214016973
0.0584796136150292
0.0588164507287537
0.0594557250674201
0.0596590661265622
0.0597588433001364
0.0596735432923142
0.0594590168970556
0.059372511160391
0.0594376887025882
0.0596261836249525
0.0594240130058972
0.0594469036853516
0.0599082796014889
0.0600424269987513
0.0603798661149716
0.0605568851064895
0.0615349334274195
0.061865666731256
0.0618974904139801
0.0618870773174173
0.0623887482396956
0.0629591478893815
0.0632237393015148
0.0627971028299889
0.0623559214414102
0.0618117667315783
0.0607983324943822
0.0598209383788998
0.0599268130610163
0.059959543559864
0.0598327970013526
0.0597098418487699
0.0601406219223573
0.0614955810562137
0.0646086876323151
0.0674114435942329
0.0691666755774035
0.0725366693095864
0.0872183064413434
0.0866584840899818
0.119138212634872
0.130514494706519
0.126561611085488
0.118807162765318
0.111004857756882
0.103530853805172
0.0942621993214006
0.0858186233714068
0.0782104701085134
0.0746931833562742
0.0729037693486416
0.0735038658017746
0.0817770674214028
0.0883350587988818
0.0905804657259201
0.100635302634069
0.123327936131588
0.107402798085749
0.0963841097796362
0.0761878680266889
0.0681328315014529
0.0617523620103466
0.0606787472100376
0.0619252209896864
0.0632937646022393
0.0637269803638107
0.0642733611091652
0.0642543923694534
0.0639241138033859
0.0639544117836754
0.064423019799731
0.0646222048480287
0.0648140832271746
0.0648564168200756
0.066263470720182
0.0672715983698743
0.0691018668804858
0.0693283640388849
0.0700070075377325
0.0703604121469467
0.0699353218356514
0.0682575411335714
0.0670218374661596
0.0667641225708197
0.0682669025391832
0.0689997993168401
0.0692901987233839
0.0692525224474167
0.0700035703725327
0.0701673727114615
0.068824826086533
0.0663925085195479
0.0668247132216372
0.0672433455212567
0.067649219589924
0.0677619994669707
0.068877261429759
0.0699450365797242
0.0708082199539482
0.0709951451293369
0.0697694144163353
0.070342082940275
0.0697108771919714
0.070753764680531
0.0703833723874917
0.0709357510831376
0.0694591285193031
0.0689864415615426
0.06799527274682
0.0667870682999529
0.0669427484104663
0.0667324027309325
0.0674521359308077
0.0674713601143516
0.0635871909651871
0.105427651426244
0.187035236471281
0.198834447217603
0.240233707370745
0.209435287596393
0.19709698355574
0.203604578208562
0.205319850415589
0.193151681159855
0.178178588552088
0.169838131848719
0.14376600304025
0.13368765275186
0.134993702912923
0.123883779359341
0.121597637144013
0.107788720308349
0.0973863850401688
0.089783853136446
0.0818506447341687
0.0758681399372951
0.0702165994437476
0.0665515451223948
0.0654626945012725
0.0641098110575716
0.0629938395279965
0.0614769227218882
0.0602076774792656
0.0598885125685626
0.0598450045971197
0.059635298585875
0.0602028620193131
0.0604596699231062
0.0606580704288272
0.0610716670217491
0.0614244979223128
0.0615255011320096
0.0613661859221252
0.0613855577762083
0.0615061635540734
0.0628169589467011
0.0637539165952331
0.064108475534562
0.0636297095471969
0.0631293476344525
0.0628981656030351
0.0635630181478267
0.0622842648593149
0.0623085517130601
0.0622747385720856
0.0632582146927185
0.064365310650668
0.0645144345788577
0.0633750291057171
0.0624513776167591
0.0634900007639324
0.0649973256666226
0.065502328394989
0.0641189993355256
0.0622196922962392
0.0602287949262769
0.0597360204608624
0.0589160164112789
0.0594599004968901
0.0598156930619751
0.0587420628711524
0.0586853115323278
0.059254569639398
0.0597154577543778
0.0595839513617833
0.0604913805372765
0.0608591345399026
0.0613096825416993
0.0605280850035072
0.0604167933298173
0.0602129754270794
0.0603160612365908
0.0599273579207072
0.0597334161298305
0.0598873414300547
0.0598982973803193
0.0605157469209991
0.0599563242367109
0.0595956571253082
0.0596319015424285
0.0597199260406703
0.0597143596577545
0.0597187470950607
0.0595581830170432
0.059688536283454
0.0595380968288226
0.0597553795311269
0.0601570279370487
0.0605684726301658
0.0608110586034411
0.0619256774221524
0.0611599305057453
0.0610785771998779
0.0623344959640415
0.0623791621695052
0.0620789357714592
0.0613041430052174
0.0599953718247082
0.059521527981608
0.0593947429387388
0.0597825682252552
0.0600992651528782
0.0603787511439903
0.0614794773780423
0.0644741087156937
0.0665436751754247
0.0688922554890739
0.0717564039582143
0.0751589670925525
0.078230439999944
0.114957530760015
0.111301265270794
0.185310616850739
0.226750837499579
0.217142477325481
0.168883428090582
0.134652985497228
0.117930180997668
0.105835795240855
0.0929242296792156
0.0830138228079173
0.0773006770598648
0.0734914325291986
0.0714045122563292
0.0742878823252192
0.0794477185162445
0.0812037174963168
0.0840826626340578
0.126629780824144
0.0862448586024085
0.0958025778507057
0.075981594614175
0.0672702339779967
0.0623979474930847
0.0610556083852927
0.0617721891074535
0.0626310275991992
0.0632177348185659
0.0636185077196815
0.0637612585427933
0.0629560128608118
0.063083558133693
0.0631281976631892
0.0631844229443814
0.0635721560881705
0.0641646281345864
0.0664596925302561
0.0679937944220219
0.0685825329587566
0.0692767144477028
0.0687859789775129
0.0678607944869637
0.0679108949397251
0.067036326806564
0.0662121979759915
0.0670170287212672
0.068113275081986
0.0688181156522888
0.070247790321738
0.0693394888486044
0.0707844714783385
0.0700003668101288
0.0684798151421589
0.0679714832861531
0.0689184344294225
0.068470441025221
0.0685367912636688
0.0689844618710792
0.0691247285171986
0.0696832542674502
0.0701730349366901
0.0700665931103242
0.0694128109134655
0.0693241323763287
0.0702213960548885
0.0709755869654394
0.0703386769991105
0.0694429565215243
0.0676940891009343
0.0670256979576252
0.0667136543751473
0.066735979551865
0.0669292495585685
0.066575033638888
0.0678966839769895
0.0668486091112397
0.0642095732742965
0.0865832838709536
0.192594187450693
0.243348284828358
0.284492199503717
0.223948961590615
0.200890081492186
0.213778163161424
0.206714093169309
0.198706327854137
0.193201016192263
0.185472511995291
0.167032316648209
0.154194937160698
0.143580822592544
0.132477570287647
0.121091911606443
0.103280740899329
0.091663517085357
0.0865851641629985
0.0780132250843469
0.0733102842448525
0.0711014668990059
0.0679684197727051
0.0665207983345641
0.0657407331808398
0.0651230492068717
0.0631997054203666
0.0617694099482567
0.0618790744375601
0.0613312297696407
0.0607465435854784
0.0612104652085744
0.0612014495435159
0.061082370166207
0.0615161314938114
0.0617808971454402
0.0614994778175149
0.0617317701255657
0.0616007778367703
0.0621959346180805
0.0671590141483998
0.067988262285617
0.0678624304147788
0.0672636830736235
0.0687172308791963
0.0700627130293631
0.0692303560021664
0.067838220587859
0.06806184288129
0.0717066599167665
0.0802139159678654
0.0811652988419283
0.0811143756209505
0.0769945288854839
0.0734258584974005
0.0728735102953125
0.0754127417246449
0.073282208059379
0.0707765189156959
0.0680078440876443
0.0657069237991822
0.0647153435683769
0.0638798523758935
0.0623509845251586
0.0615260246700883
0.0611869416902732
0.0616822444746569
0.0620681310834664
0.0629618231225036
0.0639774347391129
0.0630338916322521
0.0635733609554
0.0635267967828062
0.0631349745905909
0.0633729345354476
0.0629873333746012
0.0628157018500518
0.0624728453348334
0.0616094060716029
0.0615991433362328
0.0617903958329697
0.0624034224765979
0.0605519957249513
0.0606239971241201
0.0605008238012637
0.0602834365478518
0.0603214757537112
0.0606147199265979
0.0604275896289038
0.0603607730528345
0.0604288490983802
0.0599360457841199
0.0597625044538915
0.0597778442921712
0.0601865114279089
0.0598527769571255
0.0604524356763761
0.0598388351797744
0.0606768913417998
0.0608837263700258
0.0610199996477844
0.0599139232039292
0.059302860247371
0.0601070536602929
0.061910590863817
0.0648833574878698
0.0670946279838184
0.065836114880413
0.0668791728476359
0.0698574028646675
0.0713458966998544
0.0718748321828974
0.0736407725450555
0.0792695794685479
0.0841454543170824
0.0949146591798917
0.101121006631687
0.146738910246751
0.170244390999329
0.191865384243145
0.188075623724186
0.149893488005054
0.127459064546736
0.113895977583723
0.0997801549148239
0.0881482492746049
0.0811418206007405
0.0747676094328722
0.0695635066825635
0.0698443571424416
0.0722626321867881
0.0741819981075597
0.0732881965960302
0.124824551684141
0.116213341114971
0.0927861419806559
0.0762908752527559
0.0670406787212609
0.0632610419015581
0.0619637583815246
0.0616130642827793
0.062178852514987
0.0624797645059477
0.0625462659881762
0.0625759284429276
0.0619191236069847
0.0617209685938077
0.0625711859358478
0.0637400819957744
0.0637224741794786
0.0647376767428418
0.0663719264618543
0.0671382423159216
0.0684303136684929
0.0670509945101909
0.0670614373536549
0.0671218570764678
0.0666701277493178
0.0660199286994918
0.0659976545107366
0.0662141566829928
0.067572525582562
0.0679192169149642
0.0678970484164056
0.0680035702280395
0.0684062744131692
0.068558747156521
0.0686584287741994
0.0698541561288556
0.06896589710392
0.0674285448743264
0.0683436065644321
0.0696630458297852
0.0695789483952877
0.0697330366520287
0.0703671510499578
0.0692900795352635
0.0685249487023794
0.0688287042732998
0.0693673355805491
0.0704442600843417
0.0694452173898027
0.0686696083180954
0.0678989954611533
0.0673840530080221
0.0670932779101681
0.0675815338681601
0.0667733644778857
0.0664643375927886
0.0670755941187865
0.0655012850335494
0.0639584180550883
0.103553594495045
0.274735222851485
0.301286180142891
0.295548832148641
0.218993692424969
0.204752946939912
0.203266709492106
0.196956359347532
0.19722504201753
0.196899461523691
0.194239982980883
0.178879206686679
0.165214505154717
0.157973004913204
0.140450153141589
0.123783014662128
0.100766947130326
0.0883623775221847
0.0848967264476996
0.0768833361859347
0.073886788809557
0.0725806138621836
0.0692768757820058
0.0682891292173665
0.0670819085037162
0.06710903071814
0.0645065545329765
0.0634653746413455
0.062411870959961
0.0618733798936401
0.0612594800893972
0.061483998274981
0.0610059674674288
0.0611776706641878
0.0618138127426311
0.0625726138793505
0.0627417352933329
0.0634194931921769
0.0643681779179991
0.06588573915534
0.0660881095580483
0.0686572920734405
0.0696727884702869
0.0697424404928933
0.0699482168052442
0.0724907714595036
0.0767637937182537
0.0792141372640938
0.0801085865235533
0.0966726426321511
0.119799489621201
0.123515867888067
0.126109556011813
0.111152430571859
0.0997772010951138
0.0981441883768106
0.097945826480838
0.0888227224501526
0.0811491701619384
0.0780937963285027
0.0746207971472724
0.0728873115159446
0.0695297857413506
0.0674606971819267
0.0671566715953456
0.0666358682736711
0.0670472525830776
0.067717720406116
0.0687149256391942
0.0687752254195806
0.0677321494461305
0.066958724696131
0.0665481957940263
0.0667097465570632
0.0665458597559639
0.0663464227089633
0.0662843779373274
0.0657004093229863
0.0656577372892599
0.0654111454569187
0.0647784624249898
0.0637859455935082
0.0627321743386152
0.0622270893096278
0.0614184079336049
0.0613149467597011
0.0612963921111127
0.0612519842189158
0.0610301347893472
0.0608816219365365
0.0607308662251046
0.0602344608170854
0.0599744300644104
0.0599684052476289
0.0597100429003112
0.0592557337533392
0.0593185519460291
0.0595810337743236
0.0596722004096312
0.0594580000730528
0.0599258692409297
0.0593568423277954
0.0634747909589787
0.0660977429270634
0.0687915018733005
0.0721863709240924
0.0730277437158065
0.0718381199835082
0.0718801530341649
0.0744702610846582
0.0742523687811684
0.0740849603913848
0.0756839132801856
0.0808195738743025
0.0872199609211312
0.0996298120230397
0.107385241689464
0.129533965812212
0.162839093933165
0.19881566789596
0.214651514297385
0.168589303323157
0.138899588355002
0.118624565668803
0.101572994588532
0.089779197254979
0.0816914691158599
0.0757780426565949
0.0688379908383219
0.0666816572296368
0.0687296155897756
0.0688133100581104
0.0730783324099048
0.0879598461124937
0.0921171849166229
0.0873990078730468
0.0785861798679236
0.0697313487542893
0.065724811839017
0.0642028602907279
0.0633510261087055
0.0624052487347111
0.0619967241208085
0.0615740693337492
0.0611610759609629
0.0611351191020405
0.0612964803304839
0.0626076500831205
0.0640015219553024
0.0635066488395207
0.0640016206383557
0.0639062588924977
0.0634692645722518
0.0654438312983459
0.0657501177378873
0.0671022824214995
0.0669887154163064
0.0661677451647344
0.0662891970297604
0.0659157509233434
0.066618555093823
0.067481898102186
0.0671458290663608
0.0669926045388382
0.0672173380446184
0.0666656998831471
0.0665056957035917
0.0666182920857647
0.0668559387922485
0.0667581851255505
0.0666598574256379
0.0684002475596961
0.0695027601568496
0.0696959884842999
0.0694233637014077
0.0688455260871527
0.0684133573245404
0.0688863922721061
0.0687277128925678
0.069287405774114
0.0698883869260609
0.069506892716162
0.068716699383983
0.0683804418872901
0.0681609159169435
0.0678996590662962
0.0676293086704571
0.0666181740596917
0.065861011522587
0.0657010222520731
0.0639080297523734
0.0635355255568623
0.0969752053077647
0.285632643320021
0.335741385041262
0.281781993309444
0.220340349789653
0.205160225432737
0.202766521149564
0.199641546145173
0.207269565753952
0.212964391813235
0.206678224758703
0.194640465747976
0.187830310854441
0.173897503401859
0.146789989610326
0.125061452805604
0.102463168019285
0.0922898193464616
0.0867730022877924
0.0803057158924491
0.077273990141474
0.0746763802019945
0.0729651496781807
0.071198956677163
0.0691112034272966
0.0687279838831709
0.0670329631642614
0.0657036886877311
0.0644060353486619
0.0633608958950277
0.0627490049658023
0.0624705107803711
0.0620337301313953
0.064151845767293
0.065199832174181
0.0659927208714922
0.0661061977636524
0.0661986677457407
0.0656407396156472
0.0659453029206995
0.0668516136560964
0.0702048119422181
0.0702978528715555
0.0711863915617538
0.0746039390418214
0.0790787698288017
0.0835794832183812
0.0903846772577563
0.0983446646435109
0.177034880577114
0.251377179167337
0.264114649835239
0.2530689064199
0.221954693960585
0.17179839943777
0.159292790812178
0.145174449431769
0.114132548363669
0.0969940785820605
0.0941946878458711
0.0872632050009979
0.0832298014601802
0.0780858500170215
0.0754170586004226
0.074395163791191
0.0735620481895714
0.0738005131217857
0.0739928749135342
0.0723647724397018
0.0726074532284791
0.0711060493593743
0.0692371637681452
0.0692581156203583
0.0699692103021766
0.0697210609708797
0.0693046394775307
0.0691063340873777
0.0682752759549827
0.0681697203252886
0.0666836215956456
0.0650500899412845
0.0642859988184079
0.0637908724670343
0.0633153353728381
0.0633291137604249
0.0634331213606364
0.0626562600254703
0.0624502881141323
0.0625132660182184
0.0620120931440271
0.0614714221087486
0.0612193900553424
0.0608329939527074
0.0607025324240233
0.0603362177071819
0.0600052445382901
0.0595901947330786
0.0593467854025001
0.0593684269582428
0.0590085334108245
0.0588510820444922
0.0629817835194583
0.065088779788387
0.0702670239703256
0.0782146339320022
0.080917922095209
0.0785068101139456
0.0775155667966416
0.0788704731759053
0.078965366141385
0.0770241321460761
0.0765315521302228
0.0778176434995324
0.0941616313416375
0.108938502080565
0.121235863183963
0.124147774246836
0.140837657698022
0.156669200139132
0.168380685595956
0.288737859251397
0.200648679037236
0.147771015910356
0.120638931522269
0.10318203092805
0.0905526508613906
0.0814793932131809
0.075409374899533
0.0692594076334562
0.0666654293094193
0.0674442227014507
0.0676895817408063
0.0683078005478134
0.076084516240894
0.0803390707965148
0.0813798752973707
0.0763211153026212
0.0699599542220319
0.0668603260469153
0.0656609745765142
0.0641571002528206
0.0629156440240017
0.0621055028759439
0.0612600671558115
0.0609196433276552
0.0612953568215985
0.0616289950174972
0.0623784636097869
0.0633331920652397
0.0626655398849611
0.0623738686297998
0.0620738200995296
0.0616805429768389
0.06345388065746
0.0642379325166485
0.0668184922590387
0.0672172261690219
0.0665546393642076
0.0672426382107373
0.0668688224379826
0.066320880545609
0.0664395551533894
0.067414427053388
0.0654334894571833
0.0664564175492233
0.0658835976561422
0.0661365021226714
0.0667802487267283
0.0675432739921535
0.0670483523882549
0.0663751452461509
0.0676958913462541
0.0691096571451694
0.0693043544494901
0.0684226315007232
0.0678056051360215
0.0687061183649003
0.0693651918523469
0.0700297218077818
0.0696466296191519
0.0698195311683963
0.0696940333675834
0.0692373054673037
0.069188206211132
0.0690114228036501
0.0684978339412193
0.0687172856314414
0.0662820846688875
0.0649122771138137
0.0651435934883406
0.063925890249534
0.0644426733914816
0.117382333835774
0.315573555024512
0.387613016538048
0.306567651225943
0.207373573298302
0.2113058582921
0.2018233203134
0.223537772513029
0.249726498312675
0.233356052712092
0.220414716135396
0.205656138229567
0.202827643216227
0.182316264101393
0.156686905339207
0.131190717652394
0.112004886040324
0.103673356825027
0.0964795576049192
0.0889926256506332
0.0845785851542775
0.0789792661515606
0.0759478106443505
0.0732831181677534
0.0725706553307774
0.0709453048138756
0.0676353154730644
0.0677676940340067
0.066907869176281
0.0668600835217414
0.065788306782195
0.0653815023282847
0.0651227297171531
0.0643926928271207
0.0650724160676068
0.0645680630968457
0.0645484508277232
0.0655368702724725
0.065255391078271
0.0657259778174806
0.0704547617394251
0.0736953565405991
0.0746285883178887
0.0775325244776713
0.0824944957187201
0.0860641683580157
0.0925463930920149
0.110907392628351
0.136319461171918
0.266639156352644
0.343182877249817
0.319945250816055
0.285717995171263
0.230646075768287
0.155210768211851
0.185983769041761
0.186618188455832
0.145292982046676
0.12116288197896
0.112640073981431
0.0986774150308338
0.0908317674134185
0.0841966872967993
0.0810897276545152
0.0787177179317232
0.0764649452289473
0.077390563298299
0.0780156932455329
0.0772459312789055
0.0748213508415948
0.0731888374239366
0.0713095505732074
0.0710864780361927
0.0708209267164346
0.0707976196113303
0.0705290208345419
0.0693084340586323
0.0672265145478149
0.0658935947998362
0.0646362131771889
0.0632635332546998
0.0635269503661102
0.0637581448538982
0.0641582201772788
0.0643759084120596
0.064853923887985
0.0641975134397499
0.0639720738160811
0.0639885668420415
0.0634945378899788
0.0627285077266344
0.0625623023669383
0.0624801156546692
0.062195898842001
0.0614348654390946
0.0607548047163225
0.0601786647511743
0.0598362086460987
0.0594709197626265
0.0596071885890103
0.0592061274014497
0.077813206280694
0.0810608459095931
0.0877807508160356
0.0995313109275546
0.103223682075365
0.0963441081971166
0.0905758237997392
0.0864461733876444
0.0834036219387334
0.0803553091964209
0.0789978303585682
0.0809353947123717
0.110854867904931
0.126111503631832
0.136912916684178
0.137825925347681
0.164294240186345
0.180770039103061
0.112202199653805
0.224899588882316
0.243804073099825
0.163344082501669
0.1238951058928
0.103339546802595
0.0900032411866731
0.0823922512592667
0.0759900479491544
0.0690107864878098
0.0664906935795391
0.0663371873707909
0.0671275714032963
0.0669031558791357
0.070768483809294
0.0730942919321321
0.075057243135813
0.0729132451253962
0.0703484156104364
0.0676180816888398
0.0665631710869093
0.0647372875384381
0.0630986794183125
0.0620495160267846
0.0606529040846407
0.0604338510517906
0.0608727235476897
0.06049966435234
0.0606836960551904
0.0619611629372714
0.0615466049711242
0.0616443989082891
0.0612788303432583
0.0612274996591918
0.0624905816258726
0.0632815656333886
0.0655334870415582
0.0672046582661098
0.0665598118331298
0.0667784526993133
0.0674441372824336
0.065978098613215
0.065869225835687
0.0664721204218242
0.065560163503047
0.0652133287270905
0.0655819030940562
0.0656691268926772
0.0663526372014459
0.067291418684965
0.0661480529454593
0.0656532327955696
0.0672446566330488
0.0687208160071327
0.0685041750807494
0.0685947234330804
0.0684388510576038
0.0687210676633482
0.0702781412615416
0.0698951723530494
0.0693829840970578
0.0706446250217524
0.0705218089587405
0.0697953311059774
0.0683708827803649
0.0694638226179734
0.0695275443504287
0.0692343409031761
0.0664956452066221
0.0654681554332046
0.0643274060656435
0.0639335804219004
0.0655168337462572
0.141826160138401
0.439978443555566
0.460647482088457
0.352415054969459
0.205705445474032
0.209006041552665
0.201786713541158
0.224238370505075
0.178327237778599
0.172250519155324
0.189379578967574
0.218294949158351
0.225877903609214
0.20809384483273
0.169100425605919
0.137997895624012
0.119713955235061
0.114663787954198
0.109061182469381
0.0961629066531417
0.0878853386473653
0.0825988323970308
0.0798262674845181
0.0786834034806847
0.0762612212563495
0.0772324909931536
0.0741050989024763
0.0735024806396498
0.0710438545060809
0.0695564048209449
0.0661726687250824
0.0646972794923181
0.0644179370457364
0.0647056720635205
0.0645336682167696
0.0647896211928383
0.0655650841822519
0.065419391688735
0.0656873110586566
0.0676601758739508
0.0732482488956749
0.0767632501683598
0.0788877207035496
0.0812814881421073
0.0845316019044547
0.091354845245188
0.104185486147305
0.129853815184242
0.177075315725325
0.291387538587925
0.309333786725183
0.278560189470522
0.25118835532554
0.113823566699256
0.0966152951684831
0.048451301677983
0.131382480209414
0.134587495748139
0.123176458854441
0.119766907250959
0.108217769696746
0.0999459620647044
0.0971712384295302
0.0933692038327686
0.0899827140814887
0.0896444998361567
0.0854693075299655
0.0812719235207632
0.0785880522065417
0.0763945885182369
0.0753705135564564
0.0750181985363866
0.073718881099698
0.0716809827842788
0.0709234641654806
0.0697943784141192
0.0679080479566257
0.0656547149430739
0.0644050964899107
0.0636378065756229
0.0628032533953764
0.0626983359830367
0.0641678120379644
0.0655189837377368
0.0668966848563395
0.066610736439558
0.066394511833058
0.0657733758959845
0.0665908786453748
0.0655600006246284
0.0647486549138326
0.0643263678478198
0.0645623198690105
0.0637247700741394
0.0629001771621101
0.0622937082698294
0.0617484618944607
0.0610196553108148
0.0605976124639676
0.0620399843932999
0.059753360332551
0.102870972240447
0.0950062158394669
0.102057060044586
0.124493503849657
0.147273888463995
0.139153861678832
0.125634836843359
0.110689485691806
0.101309678198931
0.0971879148470332
0.0970675436297656
0.0976872317446519
0.13225986361341
0.139440937218169
0.126629746174683
0.172175478605291
0.199490857881102
0.218186828850515
0.174671275272355
0.264054070379784
0.208925926926637
0.170976529576253
0.126822991419021
0.10628635130595
0.092054495743944
0.0828647352027788
0.0753569006165108
0.0706358712098337
0.0679714116344575
0.0665019197561733
0.0679903728150256
0.0672441982623785
0.0686892787397991
0.0696335580815652
0.0700102731282123
0.0696922735983746
0.0706872303835757
0.0680188786791347
0.0660843542417195
0.0638454958849308
0.0628129794521973
0.0618285292971048
0.0602802795420981
0.0598322231118869
0.0598436427917753
0.0595136278527426
0.0599343087273438
0.060628950329956
0.0612503139758763
0.0612242207635174
0.0611235706665029
0.0611430523871671
0.0616412233355087
0.0619775581251888
0.0643336429567274
0.066386893290998
0.0657603530799482
0.0668395157209222
0.0658379557646342
0.0658703700261
0.0655510255262065
0.0659835474644911
0.0655933045013524
0.0648677887866393
0.0656914087996547
0.0660077127081786
0.0664597721051958
0.0667269648815922
0.0673983561752873
0.0672603637494342
0.0677151212693353
0.0680379649047589
0.0698677675850953
0.0688236276988044
0.068954351337885
0.0687874003757989
0.0699004042466205
0.0703451921060935
0.0701435391064906
0.0713026890417665
0.0705027651029893
0.0688854508408912
0.0678543282001828
0.0686258566544572
0.0695165879455101
0.0694830576930247
0.0663814727962554
0.0650142543439016
0.0642576482639697
0.064023803451326
0.0714739921156731
0.156263942821053
0.393521315097116
0.465149248844559
0.342482083645024
0.185097535535111
0.205271812096193
0.187409242068133
0.180625249704062
0.16574575348155
0.188156327875923
0.235136058834025
0.296104380620833
0.30186735919127
0.272620863570598
0.199617579218175
0.154181130077884
0.134117553094878
0.118635295183896
0.110833365816303
0.106734161102825
0.0908542830815065
0.088670028357449
0.0878358965320823
0.0902774566672403
0.0859855532866363
0.0840450286430444
0.078604562352167
0.075722514591204
0.0713534749041326
0.06856338868228
0.0676208578619259
0.066049491730481
0.0655236665475454
0.0652241761381898
0.0646620412345705
0.0648641433418559
0.0658574507843041
0.0662204031160954
0.0679179731782337
0.0692327199519314
0.0737795824205179
0.0761047299937417
0.0797805619837167
0.0828535989060353
0.0908770903389185
0.101887418788222
0.117917727574338
0.154060723529288
0.209196053229095
0.293478895066743
0.283736765076992
0.271703207514948
0.239889100843998
0.0901444457135314
0.297780981720601
0.135917777116923
0.225833275678597
0.172807957150764
0.150244618207659
0.14702683596273
0.136334992731989
0.123415207016554
0.114715064253427
0.104750722675912
0.100335899272508
0.0968667834069977
0.090224176776942
0.0867585217561192
0.0843393870783677
0.0817361820747516
0.0800514031050489
0.0772888402889051
0.0748326528444314
0.0733468364866435
0.0716696814741615
0.069926628631939
0.068341979050086
0.0669764537838128
0.0652758307799072
0.0636500153946846
0.0635456311929344
0.0637894775687994
0.0647115309990333
0.064842696278323
0.0666144274745715
0.0666037162669651
0.0664364028698339
0.0673378711555594
0.0681667078576113
0.0679867238324164
0.0664534376663693
0.0660324731489964
0.0666143567234214
0.0657172780361105
0.0650210706683846
0.0638209492721153
0.0627339277181865
0.0623286482676647
0.0633200131429026
0.0638011460614801
0.0654972101680626
0.0871237491639155
0.0915777832201109
0.0989099437678692
0.11329485119103
0.17463964641644
0.176255444241155
0.162240737628138
0.146727287340317
0.134300250364951
0.12711517706389
0.115274676614978
0.130739955689802
0.165409163243094
0.1669246052673
0.172159885143877
0.178236644284521
0.214326092384293
0.217928276872382
0.20332560217108
0.191847303432768
0.227046860274634
0.189904056311828
0.141496260229922
0.114281867402708
0.0969279445919589
0.0858621735879049
0.0791274439032475
0.0747566280305079
0.0705591839489576
0.0686999488871097
0.069426433170914
0.0682879160732342
0.0690934574827078
0.0686317936329989
0.0697768357362119
0.0696453103900232
0.0702602326266093
0.0678971756435553
0.0675014033613861
0.0648085445244241
0.0635608463654023
0.0622753273654007
0.0603460323943983
0.0595959113890056
0.0595481816391373
0.0598124733955538
0.0604848750962271
0.0617947894472869
0.0616061699774859
0.061779030719998
0.0614943397632909
0.0615195671303308
0.0620613946208571
0.0620868517048284
0.0636119670048334
0.0652507194783726
0.0650983050900037
0.0659902336892418
0.0647865276421116
0.0656525861585187
0.0651766800179323
0.0649843825810198
0.0654829131571281
0.0647330969959166
0.0653320900051206
0.0657484330978726
0.0671161988833512
0.0678695902813259
0.0695752613733526
0.0693311919235631
0.0690454701476202
0.0693666468062297
0.0703163055914424
0.0687343385524113
0.0685042409407443
0.0678594373956773
0.0685832219495913
0.0697366316372497
0.0694639253182167
0.0693700978838364
0.0686009371446858
0.0667301021946384
0.0669329950147189
0.0678628706748104
0.0688788814123297
0.0680689539741587
0.0665936915222078
0.0653214390048941
0.0641152250632329
0.0637816055126507
0.0763284281678855
0.148490508069533
0.374380631195079
0.361606601430716
0.28321219714268
0.156253901650711
0.197520794892116
0.163358921368188
0.155949150074097
0.157910556705412
0.194783769403054
0.260775115646314
0.339210541146143
0.356055225829053
0.326444726711888
0.239359414112297
0.165023488539556
0.137856774945399
0.119178147810501
0.106344938838105
0.102567950482026
0.0993938160729761
0.0990962382567279
0.0971897606186934
0.0950838563979077
0.0870257823395306
0.0820992625517664
0.0777039918982136
0.0756771899837013
0.0721158790633841
0.0713344742956327
0.0694003954767724
0.068104601254217
0.0659213041597136
0.0652216479257434
0.0659974198274062
0.0668880498593929
0.0674984201230759
0.0675573620241348
0.0689828674656862
0.0695808722643295
0.0722065469274977
0.0786041847303168
0.0834768916307973
0.089162379252077
0.0988259255677357
0.10890382332902
0.128466198224638
0.175195161663146
0.247053455543454
0.298289025733949
0.285729092367478
0.296664902564149
0.292639778045334
0.338854657590469
0.300445467361722
0.130361861683086
0.247149283378924
0.196252658066015
0.160477139242397
0.164480635432701
0.152236122508818
0.134118899956642
0.12206315158658
0.112254548875732
0.108315636617091
0.10283374143929
0.097338347832921
0.0907831161448574
0.0878857126253441
0.0831902837986032
0.0785337593798126
0.0746344207092642
0.0731017245268172
0.0721181089893292
0.0708106108700409
0.0689508207638189
0.0681805149165478
0.0665257636814212
0.0647507794960766
0.0630383580722852
0.0636044809051257
0.0644868693228996
0.064904916699621
0.0645919943322472
0.0644900338455766
0.0650492556633344
0.0664728470752615
0.0679236192067977
0.0694865093378084
0.0703057399394748
0.0698961774719503
0.0697889320180714
0.0692933823157198
0.0686206186330388
0.0679230034089099
0.0662371013901228
0.0650197679418211
0.0648429076696197
0.0674803276057517
0.0698443961255958
0.0744618150365668
0.0873286425375503
0.102110761566274
0.117080459529825
0.167764452247228
0.193872496479892
0.192342730634054
0.184322962335445
0.176499900306775
0.165158321819427
0.15267156945743
0.13922391891145
0.147735906785245
0.159896524210423
0.166612448259413
0.177778971059401
0.185632945299984
0.201137755107114
0.210269055735468
0.207402212916589
0.235488137347154
0.249774103864909
0.211216955284057
0.162927994734974
0.128805126845619
0.105818852171634
0.0919406746813695
0.0831421251128131
0.0767816514003869
0.0731732336334411
0.0719953044529855
0.0703179268239459
0.0690270907154284
0.0695003088330919
0.0701330926204548
0.0702964449997347
0.0708601618771602
0.071326884869821
0.0689597967211737
0.0683219536973579
0.0665047152240939
0.0645607055664629
0.0626353734433839
0.0608339162467435
0.0597983339036654
0.059732451588385
0.0605153329932127
0.061459360269712
0.062246752290952
0.0626356933721352
0.0618523359643691
0.0621047095858378
0.0625304300371003
0.0630566193734707
0.0629137743657561
0.0642215269100143
0.0652598656825475
0.0643178898221625
0.0657848862109803
0.0640973881031522
0.0638886343895719
0.0643947952503292
0.0650538133726085
0.0658839324588342
0.066097179847333
0.0661229443684254
0.0666259885357944
0.067434041120049
0.0681732388396866
0.0693588657751311
0.0692396654741213
0.0697770453344913
0.0700670196355191
0.0698445235848066
0.0680269389418484
0.0674930186783404
0.0675047623567793
0.0677355500105423
0.0688406613054715
0.0680420110831578
0.0669501445907241
0.0666853647155792
0.0657831616542638
0.06603015400934
0.0671439721324978
0.0680717623728452
0.0663742307059304
0.0659719952863889
0.0651200441876232
0.0633316871992899
0.0646852122724411
0.0793656856716458
0.135569306156912
0.3829826152782
0.315028872314788
0.232977156565245
0.102719170611838
0.189302697454274
0.149082000951508
0.142219084911284
0.163905308141222
0.213585111710113
0.264742937570873
0.318146339153306
0.385187137053005
0.375317253496524
0.288907727869349
0.17576191829323
0.131685273427634
0.113114990363961
0.103013372218291
0.104114081080008
0.104638903659938
0.105250981442842
0.0987335810467212
0.0934450105626319
0.0868183143141968
0.0832675502318302
0.0786110679415567
0.0754802822669411
0.0725352506517918
0.0719408122272803
0.0712018933494503
0.0676340381833545
0.0649367559263038
0.0657630489755123
0.065780361391862
0.0674637266898205
0.0694587608814988
0.0704576786796471
0.0701219748596009
0.0699295699964421
0.0724151946545414
0.07995685286358
0.0884702084255752
0.0923060456368354
0.101617555528877
0.114108112483843
0.144489899142023
0.209645097561404
0.286956199393239
0.284123009967502
0.276347763562834
0.29815786076902
0.312277964753244
0.367071745333868
0.287736747594188
0.0327883796382172
0.0854761769224512
0.220597536074031
0.169827881522541
0.168266010358605
0.145158939688821
0.134448450369178
0.126359493322691
0.119647413001699
0.113193312299821
0.108538788777421
0.103939473855654
0.0942784365882285
0.0880441499317639
0.0808156994120705
0.0770441935222751
0.0730257517867077
0.0721132675294099
0.0715920143046301
0.0702321330068904
0.0677137541930427
0.0674557250594411
0.0661466302211357
0.064840945813106
0.0637095559408677
0.0647852869911948
0.0646070580883822
0.0648096710736253
0.0649158574769934
0.0650746821771513
0.0649313724973227
0.066296165844393
0.0680961581022019
0.0699559968092164
0.0710746598434547
0.0710466336349888
0.0708716674235366
0.0714049740064081
0.0710267489863934
0.0715619271502762
0.069581138725477
0.0693551577878117
0.0688882055285544
0.0718801799733248
0.0757399161406956
0.0847162328360738
0.0936780617537619
0.106202337692555
0.124859035557635
0.163510930650431
0.222509197990241
0.229938128523448
0.214529570094295
0.208276668014797
0.18156968296871
0.16426702134207
0.151100466139221
0.15304418322378
0.159061698446226
0.170092305689112
0.182144965823363
0.186244268814987
0.196077288977271
0.201811812629297
0.204913981905961
0.248216273561863
0.289244576789529
0.229280137981454
0.178214084049349
0.135719174102949
0.110139072467579
0.0952285429759115
0.0866896649009402
0.0804456741188996
0.0779635444227789
0.075490517108787
0.0720037207596192
0.0706836577366403
0.0702058826352847
0.0705903875359314
0.0707550240930623
0.0712811330206322
0.0708053669679889
0.0690367971660379
0.0690905160057598
0.0668064582749348
0.0643333367931943
0.0627630435022603
0.0614410841133987
0.0608042094768479
0.06053807190858
0.062021301129977
0.0630477015072698
0.0625616835272882
0.0632291469442383
0.0624841782181073
0.0633997837987491
0.0635833253806948
0.063839588683454
0.0640997527410735
0.0638742288389751
0.0655637538918901
0.065859780639722
0.0650684530003411
0.0638060416441715
0.0631314444561098
0.0639558970785227
0.0635944585489057
0.0642338166452795
0.0659874109684273
0.0654984404419607
0.0660834780355634
0.0669850424072249
0.0679118611577294
0.0694932620331979
0.0697139982260177
0.0699183241704297
0.0703429459224871
0.0684230841137028
0.066657601261298
0.0658053437576096
0.0677962930058458
0.0678515292510627
0.0667179072755429
0.0677747329323855
0.0677130978413805
0.0669896600243968
0.0670241753306878
0.0681606375164865
0.0678876965532978
0.0683995061996426
0.065775586435052
0.0652480656074643
0.0642177810510623
0.0627926655657753
0.0639359161337053
0.0745411060369551
0.116390231049559
0.402623239336029
0.304166135962197
0.175328461250542
0.0693887966125099
0.177847878194236
0.142055434432955
0.136531503436272
0.173837416218751
0.223099662923451
0.275737273463547
0.325856067945289
0.375252223423177
0.414817980280354
0.331751853633547
0.198197882334564
0.134453160140679
0.114761625674264
0.106244156159193
0.108550008209561
0.106447625886764
0.104063195097283
0.0987648247106494
0.0937032583886083
0.0881722519043028
0.0814898796306781
0.0772740999911411
0.0751733453897076
0.072767827087454
0.0726776561820395
0.0701922864678514
0.0675331981696542
0.0653160557888983
0.064872919069386
0.065678780624266
0.0670515628866262
0.0695887594881396
0.0702888931565917
0.0702823495255329
0.0706244579489658
0.0740385963642341
0.0826837009547667
0.0885785568668852
0.09130509577579
0.101703345755844
0.123859371313474
0.166856166974908
0.245471592536963
0.272046073166702
0.268906461034346
0.260391634332839
0.288540364550011
0.325168228767634
0.311243761730416
0.0363225859852863
0.436842136513855
0.0460814214842385
0.22117441427962
0.179984626368701
0.172646088104417
0.134334389736995
0.129770965374017
0.124644818124977
0.118018865787506
0.110370361264013
0.102980241429297
0.09595340258333
0.0899493400447748
0.0866909327822813
0.0804207060590456
0.0769862367286617
0.0726216575012048
0.0709625015435797
0.0675348655866893
0.0655434248199293
0.0640318427007177
0.0649179772564956
0.0657255846972638
0.0658050093508917
0.0658871951087577
0.0655615964206312
0.0648228819988277
0.0651016806788947
0.065205180972084
0.0664143248949228
0.0654376895373942
0.0664186667810734
0.0670938583739619
0.0689633488658874
0.0702031843619674
0.0720690535513786
0.0728683683034846
0.0725857081781165
0.073043903122856
0.0738627254860865
0.0730666364199769
0.0747352357490092
0.0761090577302894
0.0786846925896513
0.0811888439494317
0.0944593508655838
0.104579247441195
0.122952277092638
0.159794384939293
0.215544220503193
0.2275557455213
0.225294655350971
0.209147521054821
0.190531728497902
0.169841458562433
0.157110024256537
0.152332393775102
0.15194950435524
0.15514688802744
0.173717139008311
0.183284848505781
0.18636986859432
0.186409648619388
0.187415659366675
0.195858576995963
0.224290839056568
0.330562479795109
0.23502932431382
0.184828125481659
0.141400201486417
0.117033771883407
0.102552145628712
0.0910794308308533
0.0852144350866936
0.0821800339289375
0.0778613374273677
0.0748981517086269
0.0718228374230993
0.0715719180001033
0.0725176509539667
0.0715601405474925
0.0713615507049918
0.0712190889099957
0.0702510018554854
0.0674398831529641
0.066668012041365
0.0644079011956523
0.0631886335274059
0.0628616624382421
0.062438907461971
0.0619309655010529
0.0631404352999353
0.0633705961527959
0.0637347559633926
0.0640460057339761
0.0640756479887062
0.062835149216424
0.0633068469578509
0.0646775269950355
0.0637424873243483
0.0633602242850911
0.0652939022782561
0.0660613674596593
0.0652161830897183
0.0640853335045849
0.0636869848007984
0.0637399274521934
0.0636406139909919
0.064542607895169
0.0659342181612311
0.0657800566591671
0.0653606958068698
0.0656701780407817
0.0665355414171012
0.0677259635468839
0.0681286911478987
0.0685539905790426
0.0680292707257759
0.0669223850224713
0.0662828508055569
0.0668852705884668
0.067652094551179
0.0678352586935335
0.0672566949856626
0.068630939911281
0.0681241502180612
0.0679805484741363
0.0671996746425164
0.0674459156401821
0.0665346581428254
0.067097625635015
0.066346691805675
0.0649588744144875
0.0644927908008676
0.0627901804240082
0.0644140421986294
0.0720259881278284
0.111412205470755
0.375731395789017
0.381016727341481
0.234380797121898
0.0858850017341283
0.195998741706923
0.134522196281972
0.134785698289903
0.179911022150069
0.228642148288743
0.269251466928833
0.327962224204859
0.38995352242066
0.452948730300403
0.374128356672102
0.237015439177761
0.14227888683152
0.11993900546459
0.106926619893906
0.107353434255455
0.107128253655111
0.099607771672972
0.0927787699651902
0.0870002686328857
0.0826435786075409
0.0787617278277987
0.0758343232560843
0.0740258094461046
0.0733273624915744
0.0716027483835461
0.0693957344759039
0.0673210522461187
0.0654255030422691
0.0654332842559457
0.0658717922768518
0.0670920186957531
0.0689109310726915
0.069257470192482
0.0708236647596089
0.0731090361676781
0.0773823161442966
0.0811316709848379
0.0868235036165461
0.0923584379502499
0.111053629952345
0.145111128311862
0.1963691739759
0.267140219538663
0.264750995148479
0.270909933382807
0.264222955023775
0.303127334678099
0.348428899288217
0.370698618103989
0.398964904957025
0.112504693044658
0.20821338450016
0.305888460437073
0.18599815456833
0.180961994776785
0.131810195596347
0.128307600518573
0.122591522548425
0.11618102047666
0.105957872028555
0.0935510540665767
0.0874698197788996
0.0817148596387281
0.081954590432317
0.0777213084186441
0.0751516296983838
0.071672584161233
0.068176999918463
0.0634733633255706
0.062819793989713
0.0632778534743521
0.0655652395237332
0.066121768851957
0.0664724235579371
0.0658215940983734
0.0660546796982193
0.0650935536474903
0.0651121627989724
0.0651502540437123
0.0655380862632853
0.0657955030990072
0.0671640327849015
0.0670751811262089
0.0677476667693206
0.0692460319372371
0.0713084829892071
0.0729768275061923
0.0739685184964311
0.0757171934791751
0.0767324322968581
0.0782612381921716
0.0837563243376789
0.0834487702631895
0.0845057544494881
0.0915784777195946
0.103828447406947
0.120562949903677
0.144439228103142
0.198376763595749
0.225906488569922
0.253170284445342
0.225024074553401
0.196645910588133
0.172070276624787
0.160308088666157
0.157444494049895
0.160648387586937
0.159482618661873
0.165672389801373
0.178468755093861
0.180965016580501
0.183824635050118
0.180279807172953
0.180877388908723
0.182737643458116
0.238945272091476
0.265334840870005
0.203037357671886
0.166846848329565
0.138263345858793
0.11866208623286
0.107835712521285
0.0973643292586634
0.0929005767031986
0.0870932176903748
0.0815542773196379
0.0763065231996881
0.0737255208250414
0.0728457170778524
0.0738129433825995
0.0716519181388919
0.072042575972332
0.071168237799099
0.0702626633398134
0.068397780414298
0.0657831160759976
0.0651077916231864
0.0642051230602562
0.0637926191352339
0.0632403423638398
0.0626155406804883
0.0632175409865014
0.0647016931340091
0.0651519393536365
0.0650561615942975
0.0637829752491493
0.0621364930193877
0.0624495831710394
0.0632214999777718
0.0631255136196176
0.0642202867820972
0.066005705364651
0.0672113215027288
0.0662778360807137
0.0653764028981596
0.0642723706494911
0.0627892983935836
0.0621000726227881
0.0631098214462345
0.0648657191944629
0.0639951889859654
0.0650691717269043
0.0657653067374852
0.0660654038622497
0.0668362462860823
0.0677535955000843
0.0686651332035792
0.0682285703589001
0.0676563810219332
0.0676024944990993
0.0673982442942468
0.0670693382727795
0.0676257273790861
0.0689476700265281
0.0688127435689645
0.0675058137056016
0.0668992803569971
0.0668881170010283
0.0669982281388336
0.0668418139414182
0.066814078435968
0.0669201382473715
0.0659593537950833
0.0640389305989668
0.0629520621550015
0.0643806619034939
0.0705251878245476
0.11611060513789
0.356708969453697
0.384871134928569
0.238057762558555
0.145284845254238
0.145146864389387
0.125806323233971
0.129776966535005
0.178508361664153
0.235487305037955
0.279821857550895
0.326150125599971
0.374775937510902
0.442584651116597
0.394671739626998
0.298185757199989
0.172390319444907
0.130685362055125
0.107813298160929
0.105362377771653
0.0962666423783602
0.08822421162475
0.0829283997002176
0.0800965858264646
0.0781668943141274
0.0754179624763894
0.0729764303418294
0.0719838909084764
0.0710015819459667
0.0694360095022983
0.0691628111048335
0.0669905695768394
0.0655283138807241
0.0657458525438198
0.066267215007127
0.0667913093624967
0.0679986843224819
0.0697711553573298
0.0726832139473223
0.0735844690534897
0.0797860998719432
0.0831490791772111
0.0882688400110526
0.100337362488229
0.126270909548468
0.17272655173871
0.221069819725075
0.263505001046035
0.27625437658696
0.297702884522632
0.269362134933808
0.301536292622264
0.349088468582218
0.397761288623035
0.36880362741328
0.3622698706906
0.308012834289645
0.262427360669546
0.183453722742991
0.177070537356811
0.133636266928545
0.133688661489394
0.133286485668682
0.144663277666825
0.132251744147699
0.0979864762790031
0.0871020829534419
0.0840690841995507
0.0818715370814928
0.0735574718009246
0.0703905212615225
0.0679463635821982
0.0664818944092874
0.0644030140193717
0.0647155562500962
0.0639534311783967
0.0651091234533315
0.0651282429564121
0.0656912363094263
0.0654771933897174
0.0651339355341306
0.0647258743564957
0.0636920297946702
0.0633734311830243
0.0643468687153771
0.0654337489353574
0.0657700266666122
0.0672197756517291
0.067950429797986
0.0685131307249514
0.0706441750929774
0.0734154999726922
0.0761804796630214
0.0789591689831869
0.0809584196665214
0.084768249596348
0.0873858136976938
0.0854102465405657
0.0878412945304752
0.101447451657193
0.111180988528425
0.126853505083446
0.157974530720218
0.197468298991347
0.225755747251561
0.230599871888912
0.192133325614218
0.170625529669176
0.159302367234144
0.163068509068514
0.164032600231816
0.174941835147762
0.161118890323252
0.166784330457062
0.182603707222729
0.187310756719572
0.191155245660162
0.192044448447841
0.197172329892861
0.21147596042691
0.284269507380163
0.231240470319399
0.197558573848263
0.159649416352077
0.133529841961773
0.117117636045086
0.110290694086636
0.105856001643428
0.102635158395418
0.089649414113654
0.0830418973585263
0.0776874198199267
0.0748018022997353
0.0742566214786418
0.0759428294644889
0.0726252063428765
0.0711689892196595
0.071135402596284
0.0694498661873378
0.0668716495551471
0.065549530140907
0.0659055186014774
0.0646970445624808
0.0648540891128324
0.0639320886236566
0.0637180865315506
0.0635000900900577
0.0647586949045674
0.064306780346131
0.0644265067203031
0.0631744590148672
0.0634163836717806
0.0633265587458344
0.0649247712367483
0.0639778518471816
0.0664481111659207
0.0676018192468096
0.0682458111526888
0.0681315338147565
0.0664304596572526
0.0644224673448451
0.0641826458596843
0.0622287963248857
0.0616100815948563
0.0633369227087341
0.0645416158416974
0.0651831351136123
0.0653600993219033
0.0661922851464155
0.067952953135862
0.0686276888030599
0.0696642915016938
0.0686024713401175
0.0684966080464298
0.0690440300940799
0.0693232790560711
0.0685507564409042
0.0694394707250923
0.0695715933213177
0.0691155102266065
0.0685835402254068
0.0677448709305311
0.067910381721219
0.067825187128014
0.0677663547798698
0.0661019277087144
0.0656379922270031
0.0648718311711767
0.0634845659824433
0.0639816095848431
0.0661899892430592
0.0742456812320271
0.127940857184973
0.336223723622638
0.363373772088092
0.239161721847449
0.187578152586927
0.202191023203347
0.117660646564937
0.131448470411823
0.174804214024063
0.22219979718696
0.273815591128625
0.328428175401515
0.377197667206408
0.408677102491097
0.441513435333927
0.410942015628243
0.242625647544478
0.150107847185754
0.108419965479839
0.0948575704168691
0.08342844711935
0.0771757561458891
0.074356697868899
0.0742410833046152
0.0749533998706959
0.0727658346725953
0.0707006622903951
0.069826334607993
0.0689934282040478
0.0683322984646318
0.0687376645419635
0.0669815216486405
0.0659958078323711
0.0665114176699804
0.0673410849733789
0.0676885521913425
0.0697233723587707
0.0717711680638421
0.0737882331524669
0.0753701840389652
0.0833894387452296
0.0892789046966755
0.0977507537881241
0.112019850704003
0.151152545726826
0.19640188218722
0.231669386904355
0.27615994434635
0.300106441778207
0.318819829710704
0.256951471992691
0.290721673769729
0.330435047071733
0.350335474011784
0.209541838006647
0.324818923945561
0.336357051805062
0.220747506888998
0.178561850374626
0.166554715428975
0.142232300634812
0.141154791487846
0.150617721507501
0.189188577429159
0.134504038750588
0.103356829530328
0.0869355868110225
0.0853546206909735
0.080158075494558
0.0736709082745805
0.067296641541125
0.0633914495230492
0.0638027721270802
0.063548609806387
0.0655903467296867
0.0654752508260906
0.0651999294019368
0.0642765357989845
0.0645007154165853
0.0644596428100487
0.0642519981941747
0.0637744397490621
0.0631323329709936
0.0628131734629823
0.062967623670755
0.0631529950182996
0.0637444301525391
0.0647944142142331
0.0660794891599582
0.0679818544681974
0.0705373533176747
0.0746199310251441
0.0774789129289028
0.0803658205195186
0.0836511670327669
0.0851838721546353
0.0862629465946859
0.0845147293000408
0.0911083124859799
0.104886160324148
0.126838243658639
0.184378194300248
0.182304454691171
0.218275272514775
0.226977481017542
0.215897325619501
0.175180596600836
0.163737927666881
0.161700749880946
0.162701487650472
0.162277528539842
0.171804158856747
0.16720948448118
0.172613252958332
0.190935525737404
0.199722012156538
0.211835997123163
0.215434104103547
0.22639938713704
0.242298197273959
0.229487009265249
0.169037812935602
0.168653629699484
0.136947956102733
0.125181214369857
0.113043408650327
0.107082344707583
0.0998275332624478
0.0914827659646849
0.0920712552963341
0.083256561810744
0.0784989312063526
0.0754198559413505
0.0747547859647522
0.0751691449669924
0.0708123696429865
0.0686360458874808
0.0686374755008313
0.0672283956504428
0.0657421966578769
0.0652714850303529
0.0659202599801343
0.0656915590006941
0.0646394696067842
0.0642260044936488
0.0637314382715027
0.0642582580081791
0.0644601893710106
0.0643615488575589
0.0644214823219692
0.064946976381227
0.064935726478352
0.0647920748964887
0.0653746264086792
0.0668124791133016
0.0683519785760399
0.0681432163799714
0.0676600117139549
0.0682284064235473
0.0673616713868636
0.065128391804476
0.0638412552051094
0.0632205546103413
0.0615220838704401
0.0622131127838638
0.0639251418903084
0.0637296554537953
0.0648845604907416
0.0660968369924968
0.068287968731234
0.0706922649677021
0.0725782499615873
0.0724567525018691
0.0712339584983459
0.0714220084112282
0.0699306165343841
0.0696641435580089
0.0698159263794686
0.0690569576838504
0.0687250668187573
0.0687031182937805
0.0674557127117538
0.0681849028282074
0.0676841428886209
0.0666571763135701
0.065621985935721
0.0655987228464727
0.0644580991945556
0.063734756043379
0.0655704577247495
0.0682862228178563
0.0842747952980163
0.140915699725945
0.309039159741044
0.39839476125005
0.209386479080204
0.20114035676454
0.174302869742328
0.120045092987799
0.120988432640335
0.171664271133416
0.220319871884005
0.270350399391218
0.323938645211805
0.392003728305953
0.418710237853685
0.432696781602384
0.424231644202718
0.420247050511853
0.22426076947887
0.114161368918667
0.0890680818437043
0.0752419215515377
0.0708326416058983
0.0703167885948926
0.0697363436529869
0.0677308308418007
0.0671082940442516
0.0664632934111047
0.0659934361816535
0.0651475641212379
0.0640873423433816
0.0639794279353275
0.0644394089794789
0.0657161053745284
0.0669247230276345
0.0674077624477207
0.0686895649004137
0.0714750921197341
0.0752736500910024
0.0770508029382964
0.0790136030424989
0.088820335823434
0.100085473358418
0.107361121852719
0.124448285907339
0.164861531352957
0.199267467128865
0.236010432334719
0.254844655863335
0.269735075830371
0.301768793434756
0.226639070012113
0.276939921526206
0.319540698396278
0.35608609838123
0.399512800142856
0.275423927655591
0.270601006891709
0.185357875297477
0.171781238459925
0.151809810298017
0.152887860556247
0.142456419160454
0.154778962624194
0.162723757027055
0.141692514779364
0.115139744531235
0.0796560047224761
0.0779984322075399
0.0755918530416691
0.0681911034777929
0.0648498042448871
0.0638519939958102
0.0634079851700398
0.0633783586481593
0.0629465974346797
0.0633015862023892
0.0648752341401336
0.0647624000234802
0.0641039287924799
0.0631015461327736
0.0625354134392375
0.0633653607064005
0.0619146926256001
0.0604133041021088
0.0607455351558957
0.0611609930425676
0.062052470618848
0.0636271596386412
0.0652893348338933
0.0673860356409288
0.0704112781731305
0.0731653646831468
0.074791079633035
0.0782155120324021
0.0824913639996489
0.0834894607625334
0.0803035761540406
0.0834590008659593
0.0956866323936906
0.109157676636031
0.130906704263171
0.18730181399155
0.200454233239105
0.220155155192996
0.262788540891167
0.221997226773239
0.156308445278303
0.15858774664132
0.156848787713765
0.156808848546517
0.154374106057923
0.164453076329983
0.168320552431152
0.166278766502514
0.211553483965626
0.228735365290442
0.227454155721046
0.234489671192714
0.214822592930267
0.204269834783569
0.170630718663932
0.141589586720028
0.147321752373608
0.115454136625688
0.111468438351433
0.103697056136204
0.105653290843429
0.124283727769202
0.152097114573539
0.0903441921575678
0.0849106022889092
0.0802838809515011
0.0757991789095131
0.0743520469532292
0.0753382896275949
0.0691972665596838
0.0681119392901878
0.068209593229293
0.0689249033947369
0.0656241709005461
0.065866771228175
0.0661217542336901
0.0659453641551828
0.0648203474564059
0.0642218761700553
0.0637351344675837
0.0638181001258466
0.0641279011201824
0.0638072201198879
0.0633675446882923
0.0641842896138775
0.0650096220180855
0.0644104377682631
0.064521995308393
0.0657236381290805
0.0652333019377005
0.0658717826047226
0.0667160634941423
0.0666674992233094
0.065969695314496
0.0660837336519621
0.064362226112107
0.0639809132899039
0.0635822890312362
0.0642477719908296
0.0645173480314766
0.0642169104626189
0.0656674496074784
0.0666064110034127
0.0689434040012722
0.0713269712675781
0.0731014703876492
0.0742729443421298
0.0733725288659549
0.0719373187972786
0.0718347322143784
0.0719938996290508
0.069814011616299
0.0694414796160397
0.0690125510632562
0.0682867517774217
0.0681937026873206
0.0685789693621732
0.0670199027483196
0.0660005489347003
0.0653012049822174
0.0650375236691518
0.0649006696101753
0.0653497451599938
0.0663442173251497
0.0726131466254456
0.0960448707827336
0.155829449255417
0.300653187006068
0.344738792209383
0.347945741404989
0.209037868940759
0.12972640121659
0.10854996189677
0.12395070146137
0.173238777708872
0.220708019272849
0.264400802577593
0.299012467845477
0.358924870508374
0.389151769925514
0.407537292302577
0.39336755843742
0.376850081528401
0.282445012023331
0.131780368248235
0.0829731861619024
0.0703862880570766
0.0665876996625916
0.065647960615575
0.0650231294261919
0.0640243066697153
0.0639498081312752
0.0640962999110424
0.0634622300071063
0.0632446873680837
0.0632629224037862
0.0633284869206911
0.0637423502292966
0.0647514685607445
0.0665487791623171
0.0684827822044728
0.0715299932661422
0.0751407986167457
0.0781873549385259
0.0814746764472133
0.0826824476288481
0.0946710165640195
0.106300469795957
0.118667556058207
0.140101021988807
0.169621100513554
0.20590450705557
0.230921808589805
0.239717763812008
0.262123341473167
0.294552220945923
0.179857985353521
0.265966457742163
0.322780791766137
0.323602152717658
0.358161692608442
0.323047601763525
0.256486771708243
0.187556297419435
0.154914571832697
0.146226216927673
0.162178380827134
0.152762530960921
0.153021527751119
0.132637573222417
0.140164062356665
0.126115553143997
0.0830892870986775
0.0830286286051145
0.0864206084283723
0.0935339713858422
0.0992874218647879
0.0620918061322916
0.0626571994678144
0.0614353664396021
0.0606898811321827
0.0609988045560369
0.0614465855804738
0.0626121477998026
0.0628759025295479
0.0616508690759661
0.0605207628323901
0.0622686498307782
0.0602308473725335
0.059207037182508
0.0593943663990041
0.0599276192379329
0.0607356806810314
0.0616691638912831
0.0630365891480861
0.0651277725227683
0.0674695237912356
0.0696660973878052
0.0724971183762631
0.075463191832923
0.079032943235835
0.0776040527902402
0.0781060128852911
0.0859076587273889
0.0991070556824887
0.110760188396203
0.132318785012841
0.19151311690791
0.24331360213141
0.277862055931061
0.244105205262512
0.166090260806667
0.137752768676319
0.152087969281691
0.160009024467368
0.157739361946322
0.153540908690265
0.168083973629219
0.190692111382968
0.214481473754904
0.222598121920194
0.224701206185457
0.23038480315782
0.239518081567327
0.228135677756303
0.151568992241404
0.12565022030092
0.120289110598029
0.11904003671782
0.0974312600241731
0.0997839084278954
0.102997403640792
0.113848568350228
0.123326057177857
0.114401814637352
0.0768471740777457
0.0734596824625136
0.0791278624105865
0.0757583619481194
0.0738197189759811
0.0740974872607001
0.0669785876177287
0.0671306782901116
0.0684616596040973
0.069474063295284
0.0661902161896257
0.0663723150509786
0.0664822404125733
0.0651695476237545
0.065581059738482
0.0635663136338338
0.0632787547348984
0.0633284559690785
0.0631501926749276
0.0632862849354977
0.0630617745341831
0.0630150026578378
0.0644923342327549
0.0632068711811157
0.0652840774325297
0.0643272467118315
0.0624862619093683
0.0626847540745425
0.0646508485382948
0.0656464951742129
0.0657650083253945
0.0674556167553297
0.0671970438619252
0.0668877076006707
0.0664418511537451
0.0646695008042111
0.0644219680128484
0.0640030940609663
0.0652599665889804
0.0670680758420349
0.069158112081296
0.0700480440683322
0.0721624773349147
0.0733933337379137
0.0747474288329346
0.0744604275924993
0.0729236172434597
0.0713468660911112
0.0706333230865036
0.070220768883065
0.0696605010867878
0.0702508449302565
0.0703185806415353
0.0694646018273887
0.0686802233941158
0.0665843173148142
0.0658860664552273
0.0660980415098564
0.0661694917867153
0.0672921563337787
0.0710008827111979
0.0825097888332938
0.111387256862279
0.190211698763177
0.317858941326547
0.467566331665435
0.349357695038718
0.181974986425101
0.105702156147573
0.113119726160561
0.123483512595147
0.168509199734515
0.217915130546754
0.263847817716603
0.285618073889097
0.347246790252594
0.374021481302094
0.386184862041039
0.370306435858852
0.345236558255059
0.246795643651138
0.171221659785181
0.0746821585264973
0.0671346706568335
0.0637762129547555
0.0636924403836471
0.0629209965172018
0.0624138279589197
0.0619159895502503
0.0620534905042489
0.0622466366638947
0.0630609469179049
0.0638331092527422
0.064232946991445
0.0652317051714872
0.0661341229632547
0.0681566460355698
0.070774077182505
0.0756443428842895
0.0799738262284224
0.0826360913877055
0.0823799055343276
0.0854969527028685
0.101333695802655
0.116478667508698
0.129021597676207
0.146954700849019
0.173396863328191
0.204365586656623
0.197380845428354
0.194289111041652
0.214730083938215
0.0759584870079976
0.149999529488246
0.237434365031711
0.289594803626532
0.338211488638646
0.387662539100562
0.318975850820153
0.270661762547985
0.22918709837031
0.179623272659332
0.138546685484608
0.165547519102543
0.171723196389439
0.147547160665732
0.126011853912528
0.187978693615095
0.164873114327732
0.085804099172952
0.0795119357707838
0.0794534775723669
0.0815550220968898
0.0777553432578037
0.0615397676942571
0.0633113578005959
0.0612970027389942
0.0601734228866985
0.0603457607216004
0.0611154078585014
0.061616614160162
0.0607767902108691
0.0603809844484019
0.0603666871986636
0.0600735221345686
0.0599441087727527
0.0600791322642824
0.0596886384588102
0.0598800448578037
0.0602587035956592
0.0606648556128369
0.0616884122633582
0.0630599397334443
0.064956752734193
0.0668636851809587
0.0690210345620672
0.0715462794985222
0.0718632873318125
0.0712291610773323
0.0774986641541208
0.0866623775584201
0.103227138353218
0.115440397174324
0.138021188641583
0.179784829305143
0.221292231291975
0.203921227175959
0.174631822437591
0.138542618293681
0.128899735524315
0.147953246420178
0.167322163472814
0.161283449310841
0.189404032570256
0.219199392356336
0.198343825945046
0.216686126468793
0.230049273943989
0.212930986568155
0.243809173482912
0.245682538791204
0.183842866027736
0.101030275946467
0.0995936390380488
0.0989317424506977
0.0940275190662462
0.0845544449786431
0.0928020667615886
0.100730183442843
0.106012418362208
0.105422416477068
0.0989073174859277
0.0651707312124704
0.0638828548073409
0.0691444283722329
0.0693104138736509
0.0682205335248787
0.0688373093416069
0.0671104192424341
0.0675593396555094
0.0666828424310319
0.0659700255162759
0.0664261792812539
0.0665959264289802
0.0653843304816383
0.0653408592809278
0.0644587273321437
0.0632816718994809
0.0629820626993514
0.0630141278904965
0.0630958375154504
0.063564044466445
0.0632759785178136
0.0628769269227432
0.0626949188093173
0.0621746017432616
0.0643963637419252
0.0622023930568247
0.0624301557695677
0.0665909547751885
0.0692430145461967
0.0682748327447263
0.0674072902049711
0.0668727260180953
0.0674000387611412
0.0665174427263572
0.0653751445936552
0.0647265962005578
0.064789547152716
0.064967225836119
0.0653319028865232
0.0672665869512607
0.0695214542099495
0.0705724119399603
0.0730503331569073
0.0740500713697991
0.074299057916601
0.0746210751511702
0.0737627941933514
0.0730281653070785
0.0732346062795277
0.0740784026294104
0.0736972015167717
0.0721181710199657
0.0706577059203068
0.0706122994509157
0.0686402626758177
0.0675792011036433
0.0665105691069339
0.0663775856268932
0.0685019159491973
0.0739118954535424
0.0865509112349507
0.110079407121596
0.159390308240929
0.218561434103262
0.245572512885938
0.387480898883524
0.275463878581347
0.168717143228632
0.166050315059167
0.126229457602109
0.127427885241432
0.16483747063409
0.203392362738224
0.226505270498296
0.260525727234542
0.305402596733981
0.342165508084486
0.372160783221762
0.354616980151409
0.353079802839542
0.206906701671981
0.144954533533696
0.0741920964019033
0.0654720827400982
0.0613932808418688
0.0612490664020896
0.0609127944321894
0.0609867577337194
0.0612340838769346
0.061663745272542
0.0622821871457247
0.0633503862780395
0.0643090882471161
0.0656940497199799
0.0668711825621571
0.0686669937044723
0.0713452989880258
0.0775276812478033
0.0820731281396167
0.0841746726219484
0.0834320504393911
0.0833770727008651
0.0915480084427274
0.107652967080784
0.128613424521212
0.1399968741452
0.145769413782059
0.174241107570746
0.195392908553158
0.166308652806294
0.137701245717216
0.124878681651105
0.102163993595259
0.184944617025796
0.211774485620217
0.256018926070721
0.296286870576036
0.317437607242067
0.339749072941509
0.328711456408317
0.234971229229373
0.156219606579424
0.156756280325324
0.163030057955104
0.182371494984279
0.138562032414937
0.120630455264778
0.188997810675614
0.162599655357403
0.098993572913451
0.0743631907098821
0.0756966411465553
0.0741087367998808
0.0688007555188703
0.0619383170853308
0.0631164014475741
0.0611091430629749
0.0600803516788525
0.0608725267564494
0.0621639051270293
0.0609522286280193
0.0600688353439722
0.0601506744626554
0.0599570920484448
0.0596786794277945
0.0597420571221068
0.0601351264667496
0.0608806101752259
0.0609489194661458
0.0610122931102567
0.0605691123253904
0.0600643060574418
0.0605484708697867
0.0616724055980761
0.0633721674724999
0.0646019631958884
0.0659493360092861
0.0663217123882093
0.0689314671801
0.0781435542018989
0.0889794343567839
0.105530085775382
0.116096885502577
0.138630623831423
0.167578222425315
0.195202441200078
0.18819703219681
0.162610751949478
0.1284102631026
0.138376002657057
0.158016728704564
0.184160928422277
0.135560902176707
0.171549417102208
0.18663850031997
0.207227966741574
0.21931745840059
0.204038571358207
0.20872065690352
0.206431073917004
0.184589697205567
0.125282316098316
0.0763743361137326
0.0816023072588337
0.080845281341126
0.0787634592362061
0.0764588586522114
0.0834890174011435
0.0897226936368239
0.0910868340961958
0.0873875600717835
0.0704644014222627
0.0576364167423467
0.0618139814213447
0.0657553686802135
0.0703788361370321
0.0764058422633125
0.0875131363600514
0.0739883857531593
0.0652809500003987
0.0639959332607628
0.0636842642804117
0.0644560820900523
0.0642190853934293
0.064537193228142
0.0647664719584647
0.0629880317712293
0.0621540320904638
0.0618833249894398
0.0625465149938134
0.0628347360050742
0.0630186633339187
0.0641430304735824
0.065780077553716
0.0687286835814905
0.070996734307127
0.0681917689219897
0.0660699346465092
0.0685945356804387
0.0708011169067104
0.069828229561792
0.0679952365947731
0.0664889361801114
0.0661938784351334
0.0668597195215316
0.0659360811239984
0.065134498191296
0.0651903451295894
0.0658424913564282
0.0661942574402217
0.0672457701447923
0.068702266428731
0.0697505874819037
0.0702009790019352
0.0716742977589433
0.0738755702849672
0.0750413634255158
0.0757934850947187
0.0759906348568587
0.0758945358268919
0.0759146969975581
0.0752116681765849
0.0732768429905145
0.0727475239033526
0.0730840447714932
0.0720709360750454
0.0692063523298359
0.0676987968730642
0.0672407407648159
0.0682900440496681
0.0726706932468846
0.0791974600592506
0.0952620814906771
0.120244682305453
0.17304634726909
0.245549794467637
0.271381607921767
0.227813052192028
0.265529847637884
0.231847800592278
0.152907676735734
0.150515454209082
0.129931048668447
0.165917114132807
0.194604230599959
0.21894994990914
0.245011023190599
0.283410662445847
0.292275194593037
0.268441371996382
0.233298296156484
0.216394608245327
0.164169950489886
0.117566242911354
0.0773298782520446
0.067273752299187
0.0598388844725025
0.0602320683594212
0.0597716578282718
0.0602210366379201
0.0605652151993869
0.0616932283707869
0.0626866707382799
0.0638513817374033
0.0650523026777724
0.0669611256432691
0.0695021155715401
0.0732513673968789
0.078930927807006
0.0838479568389192
0.0838770976277214
0.0854562064792989
0.0875669879681929
0.0911861399890502
0.100742459060109
0.120891066478794
0.14361580973316
0.145166631613008
0.148832081598539
0.182789782314484
0.199420422519767
0.18068566697287
0.1646217263791
0.173189671531177
0.140073527087948
0.164055057422482
0.202548553426916
0.250975189312181
0.284238685617622
0.3302277181779
0.333090158295648
0.300460462468473
0.211870091867463
0.155968893429115
0.152016963191504
0.155758559514683
0.17741277777194
0.140606286710647
0.124121214982813
0.133814155860251
0.133500092347656
0.0940336452922295
0.0706591552345942
0.0712279850541241
0.0700218360692283
0.0651154541011888
0.0617352749695776
0.0624284145536576
0.0611741153973701
0.0604682322790493
0.0610679457090759
0.0615710024207787
0.0608736831792066
0.0610228318167322
0.0602310576091049
0.0599229807414766
0.059464675658288
0.0592170780701614
0.0593654656156667
0.0603037537705195
0.0616288343525812
0.061029337324022
0.0602772872608715
0.0599678576647843
0.0599771008354119
0.0607471112178239
0.0615075960146569
0.0625793341940833
0.0634135578675466
0.0651734626772043
0.07009533618475
0.0788285993820314
0.0912023446500046
0.106703194280288
0.117560762349485
0.137595157543003
0.159293714732209
0.177178334644527
0.176839026721228
0.154081331586514
0.129670002922042
0.112989785660139
0.133483039150937
0.191304512674
0.111854993027592
0.158060335473883
0.183371460865692
0.200786380154031
0.200853939171433
0.152944753382417
0.166323796290748
0.161420816153448
0.128467241362207
0.0823500441654849
0.0653873151764234
0.0712987410433637
0.071211333742104
0.0709193659366068
0.0707129969560564
0.077098537055046
0.0831937713289737
0.0788565834386834
0.072710698527217
0.0653821530078154
0.0645109204463604
0.0658337036299739
0.0649542777563699
0.0700225488173483
0.0743550836543379
0.079746860117212
0.0698293866714835
0.0628529682743737
0.0621405351116302
0.0621232946109838
0.0633040395591977
0.0635285581943935
0.0618680242146366
0.0613584048598652
0.0610228530508782
0.0609163010783269
0.0607716365130662
0.061402925080913
0.0626055627324077
0.0631987920614521
0.0642048798065248
0.0651853156070014
0.0666050238589042
0.0649711912732092
0.066269489143127
0.0663473371971138
0.0676320708724283
0.0694802331295251
0.0684109824792682
0.0667066710708424
0.0656446554980763
0.0662656753054419
0.0669466282675963
0.0671233260616834
0.0672373851865456
0.0670980467140177
0.067924325657197
0.0684095804290468
0.0692463785791173
0.069610836797275
0.0691180709525666
0.0701601089901421
0.0717005501439324
0.074347223205872
0.0761093325956518
0.0773318318349677
0.0774249700546782
0.0780835607864609
0.0779481175260063
0.0758597148987877
0.0746781515109622
0.0758570723992972
0.0747752670545342
0.0710591912188667
0.0684537742165989
0.0679044304391166
0.068808716378259
0.0713231774841449
0.0761275664938511
0.0891622952663631
0.112900719124559
0.141858934609739
0.115584115070884
0.151655147394556
0.28433073575475
0.27571399621771
0.448618726314415
0.265664250604053
0.144229165440712
0.135658253507393
0.13383530390012
0.168070250712582
0.188672425257973
0.209752936238897
0.239661003252614
0.293626598883081
0.318903624670882
0.223419808756968
0.202887801407451
0.179299083485294
0.136920523074838
0.105296005653868
0.0788784833443701
0.0688824374197904
0.0587759320134629
0.0592833056138252
0.0592217155067415
0.0601150480888545
0.0611144247622603
0.0622102591850578
0.0633614501678982
0.0651900543019768
0.0678290605166891
0.0708205677905059
0.0751215969812788
0.0808645097364547
0.0823148905348546
0.0852256512871063
0.0852640174341457
0.0908891650909379
0.0955110156415339
0.102641927276637
0.108743014569532
0.139130392254799
0.152629233324808
0.150814703561962
0.156230170381646
0.181720442860308
0.195403063959524
0.185156539080899
0.154222198262267
0.164470300868391
0.144732569026539
0.174546739759809
0.230138324956932
0.291609427502167
0.349510384344571
0.408899226839718
0.383112208325323
0.13885526363695
0.18457882878435
0.181047503388936
0.160426566552288
0.16474118302615
0.175647646157428
0.142209445186357
0.144986064363498
0.140535313279632
0.118159326328509
0.0902340943939703
0.0674416309407291
0.0676886865621087
0.0669335354800627
0.0627371805027095
0.0612108763793864
0.0614866888331663
0.0613433189164027
0.0608426758725726
0.0609173225726605
0.0626224339848183
0.0633432611052749
0.0631186350120158
0.0629311424857229
0.0623956689153069
0.0604602972580125
0.0601369707565845
0.0598516979862088
0.0598918255755767
0.0599843343244006
0.0599039311777953
0.059885747975023
0.0595930472370716
0.0601350912779594
0.0606345462189074
0.0611716006503886
0.0614473798041129
0.0618822381926934
0.0641019077962307
0.0702006526074376
0.081635639815633
0.0922036219684823
0.103818271835817
0.117217183067026
0.135497293197972
0.151392886175529
0.164757046906272
0.172188599590937
0.157122853534185
0.13137032348504
0.108695224336945
0.100523277447147
0.136704777542052
0.11856716844067
0.13626679950884
0.154515007885741
0.155983507477268
0.125876661409156
0.117307515143795
0.127087461845635
0.110556576437703
0.0820027233218925
0.064115662763583
0.0641394672228537
0.0682349051373105
0.0680788397825521
0.0671218522173656
0.0680541148958336
0.0728547054774657
0.0750459363435129
0.0695770517597942
0.0661770643198146
0.0664312898260059
0.0665847810746751
0.0630173247109691
0.06296809186384
0.0665733189761132
0.0680352636354073
0.0679710745779309
0.0637992382976062
0.0607520632880416
0.0614328001895276
0.0617318532708209
0.0622215999103313
0.061759121068117
0.0599500199900162
0.0605863729318224
0.0613087912536109
0.0613631767915899
0.0612146886546751
0.0614319074217028
0.062395947051624
0.0630033270335672
0.0638377319507793
0.0639984772190963
0.06481880271167
0.0652559943389151
0.0657883414544393
0.0651075472437165
0.064813031821836
0.0655806521937043
0.0662355025419331
0.0660360614275385
0.0653933808989796
0.0649796760518731
0.0656040254542235
0.0667753688102613
0.0671305440518841
0.0681416692671543
0.0688349064554574
0.0694109258840544
0.0705935529804213
0.0695956358057481
0.0690731893531892
0.0706070350370527
0.0728450748226262
0.0756328350434079
0.0759820296351073
0.076105249482626
0.0768107252799607
0.0772339878901742
0.0760191874023207
0.0748442851016116
0.0751788232534265
0.0744154911605359
0.0715729918286366
0.0688359414725818
0.0682448243869199
0.0684778898016364
0.0707697404188682
0.0740766965211945
0.0849135271698415
0.102078915203893
0.115481651310149
0.116001107868285
0.255017524789959
0.475156266951694
0.389559518872471
0.478351853579479
0.425330121157322
0.175271386861217
0.11873877007973
0.112692436334806
0.135380463129464
0.18610106115532
0.217559150202872
0.238663259360324
0.213487501770757
0.263449967261029
0.289376135003942
0.260618068078203
0.191017462736561
0.190438369874405
0.127282587665811
0.110446953124378
0.0794687706805881
0.0678722853326572
0.0587159574609976
0.0591814039450889
0.0596945139189723
0.0603720967153843
0.0612679636581069
0.0628585908652103
0.0643017807817466
0.0664680149317791
0.0703632516586597
0.0746071928825834
0.0797558026850087
0.0840648259832871
0.0845199679786451
0.0850829948149635
0.0889659765245475
0.0948406657418149
0.0981569949014052
0.105435814963535
0.121243509138672
0.159675948987839
0.160424120370052
0.156018751103204
0.159288863848852
0.175026541354926
0.190821472076715
0.183995764736047
0.166371545816101
0.177802581200099
0.145549933648682
0.17308950474518
0.233953271923401
0.317304195722403
0.387995829121787
0.421035934540818
0.336799241156328
0.102594933468065
0.200247462303549
0.187553522946104
0.153124713040994
0.1709078847882
0.172966208956231
0.136647872305269
0.147125867345737
0.132170788219767
0.110337130104497
0.0870140365057158
0.0639991478160293
0.0652117367466686
0.0644003778029102
0.0616916774327655
0.0615213605974067
0.0615377633013108
0.0613146559881764
0.06098311953433
0.0607698730494589
0.0621927429428436
0.0644355957448291
0.0639316526192547
0.064586380621816
0.0651029534546653
0.0630671341523131
0.0614469687318262
0.0600365751551588
0.0592141258984657
0.0587959358913647
0.0590331607549893
0.0591480446689649
0.059273865848931
0.0596531973027631
0.0599971492559485
0.0603419749598076
0.060636887229655
0.061503099843993
0.063935990187271
0.070055984453271
0.0801165982975621
0.0929605758481418
0.103759335646334
0.112836376254879
0.127789099792306
0.145350337535594
0.150596560016637
0.157945009165906
0.15235732424599
0.127532337113151
0.118149873039807
0.111163693610698
0.122364922547763
0.128696503773224
0.121419446045376
0.119511901542481
0.107099109780344
0.0880609783765905
0.0899966038899502
0.091893805235108
0.0771522783315507
0.0640466592207374
0.0602130478021491
0.0626498283345773
0.0642618340158921
0.0644832442755073
0.0639826957329915
0.0645654108669668
0.0683725559070555
0.0671473888010628
0.0630377193716073
0.0629759980816907
0.0618649752529094
0.0602606649339521
0.0600434576952321
0.0620825397582697
0.0625314501843835
0.0628574622575519
0.0620790596800177
0.0603947622412484
0.0600200358803864
0.0618841664052439
0.0619408251894644
0.0626152768250358
0.0637279511668378
0.0612513790357145
0.0615853892558544
0.0613283728517884
0.0609407849662704
0.0612493084262647
0.0619150373404626
0.0623661841367041
0.0624863589310874
0.0628167128604316
0.063484317386262
0.0644557523553114
0.0643514524242651
0.0655096790546647
0.0654863786284567
0.0641352118306429
0.0636821875331176
0.0650222150904299
0.065924732022641
0.0666685652478765
0.0666813749248359
0.0665267879171938
0.0668187397003777
0.0675707311793706
0.0680771627916938
0.0697678114936907
0.0709124637992241
0.0711535341243206
0.0696117269025485
0.0703627320998194
0.071638043201255
0.0723119058833008
0.0714018543571255
0.0720793130332792
0.0737086995914119
0.0750902100776637
0.0755713097430448
0.0758819451415806
0.0740115380115873
0.072293482193755
0.0699561770383174
0.0690096256778901
0.0683468448718557
0.0686160011273712
0.0712092303762463
0.0747041412089005
0.0808747484559735
0.0905488379400365
0.0940095226501536
0.110669832980611
0.24407245468653
0.423294580382342
0.409408188953688
0.399247625952888
0.436282658286846
0.301407008824561
0.118680063601382
0.100776262094685
0.0991084464497124
0.114676117863601
0.143231234527607
0.17882692325838
0.19686415485761
0.213873025396011
0.22915832425256
0.247049091216002
0.220837727800575
0.206862085706296
0.186714828340956
0.115181097371822
0.0992784910878116
0.0705979796846846
0.0709503767496653
0.0591032307733727
0.0597626383687639
0.0604656848060572
0.0609856544326073
0.0621661632475211
0.0641507553420213
0.0668499028840859
0.0706397984429517
0.0746656231034005
0.0787173692089943
0.0820690967871118
0.0842685152766787
0.0837612513268684
0.0862293003530614
0.0919569029147262
0.0968944710410933
0.100913605407598
0.113373849094611
0.134059704609838
0.174570502881735
0.161455709570171
0.153118697658663
0.15809787583177
0.167098635291014
0.18045124748519
0.179028226032249
0.173608714526862
0.206118191294862
0.159255770182047
0.182849375934228
0.259557222966581
0.354790188402586
0.457658656395372
0.49813166393314
0.0735275944337607
0.0758386586538572
0.223752204402341
0.18078795143073
0.132132084674694
0.161931095194053
0.1679806548506
0.128181821769068
0.142455291730607
0.12275859909536
0.104165750722894
0.0814016938259641
0.0611438047209576
0.0636070934327497
0.0628479105341899
0.0615068724207521
0.0613657579314994
0.0617753048659256
0.0616577448854292
0.0614818964174154
0.0615580441483334
0.0622819681572478
0.0634068992132546
0.0644571612913006
0.0643986657119694
0.0640458418841292
0.0628395225253183
0.0607820585372318
0.0597690266398969
0.0588451155786717
0.0590138077476111
0.0593503448277353
0.0595938773438164
0.0595211121918078
0.0594267612916581
0.0597063615213579
0.060266344305113
0.0607112284844308
0.062013944567518
0.0645623213055202
0.0709538742734873
0.0821845212292677
0.0954287897882761
0.0994765876301416
0.106914098199458
0.121930994056238
0.13302003975214
0.137763978976548
0.152257917292651
0.171616509125695
0.183266038419959
0.203853350454162
0.242159377552555
0.278296643984001
0.315611823592261
0.142528639850922
0.0794464493851644
0.0823177226357266
0.0709975150355099
0.0738801402262559
0.0723048023924649
0.0644440509026059
0.0601935580223468
0.0602682802746316
0.0618848465713658
0.062028228680982
0.0629329863165778
0.0630121329524445
0.0642934543761616
0.0658195802723463
0.0625150187076827
0.0601871900419517
0.0599348935957341
0.0578599656905225
0.0576339361886329
0.0595525483735083
0.0602152226982964
0.0600248033828933
0.0596606379562174
0.0590412309963755
0.059077637231331
0.0602575957731281
0.0616600918708738
0.0629967378173467
0.062856203582339
0.0627872208955455
0.0620096044857612
0.0615236723000798
0.0610851848807237
0.0609301519398372
0.061123918806649
0.0610355656357169
0.0617660313044558
0.0624147894825097
0.0628692921475782
0.0632925104712006
0.0637508998415674
0.0638686189359173
0.0649912377597367
0.0665553661433253
0.0656962814963383
0.0653537769571836
0.0646874656410063
0.0647988750401411
0.0654236857543249
0.066384128654073
0.0668123585869189
0.0666765693015943
0.0669409180658024
0.0678485644453631
0.068629766226434
0.0691895634412307
0.0686230925716954
0.069700074238677
0.0692174306978008
0.0681499223618092
0.0690596143338767
0.0693338854399611
0.0702659358450256
0.0712024246201912
0.0727859298577826
0.0733691652384697
0.0719582544759336
0.0701112113702556
0.0690251651533998
0.0688918381483953
0.0688227410718243
0.0697164784334915
0.071761707175046
0.0764981343952442
0.0800175086451785
0.0850686451274363
0.0937546174819381
0.125689845054936
0.219815113914986
0.368686101092116
0.407586232547752
0.311986187290421
0.468339989620683
0.305263224603143
0.152717796966648
0.0780586799389631
0.091109478898177
0.0918235489023551
0.124418122531257
0.118747257728443
0.14716056977927
0.161880609207067
0.171771142534157
0.201776590732406
0.217350201957604
0.225550432314546
0.199434538511966
0.188017956459339
0.159630678062398
0.153502056863936
0.129737625434414
0.0594524336592213
0.0616005967837991
0.0595221346709408
0.0599381082325686
0.0613199208015149
0.0633551107190277
0.0660610666405869
0.0693469916178395
0.07322574996491
0.0770779996208227
0.0789377819992851
0.0822053800733261
0.082675051422536
0.084898953518377
0.0902979663272699
0.0955246072064894
0.101085486115982
0.108585287653159
0.128918648883352
0.15849251121488
0.178302667851443
0.150015438389786
0.146548035860541
0.152222071870042
0.159607973827149
0.175272236304263
0.185170299465277
0.183498897794687
0.206189115817957
0.176830421458302
0.196179141195804
0.274958870084093
0.38546679312697
0.481328381445718
0.488274865014749
0.379634750790165
0.0695167077650737
0.186380105126181
0.144382176251641
0.109377292822436
0.140129864070628
0.152059404387397
0.119214682189503
0.134744833017208
0.103715846526434
0.0848690697947078
0.0695350004063459
0.0589608306045767
0.0633377563942901
0.0616747003320664
0.0616746542512662
0.0619871462569747
0.062888316660436
0.0627404311125157
0.0625497726865193
0.0622681542961536
0.0618958682706705
0.0617725666515661
0.0625455662837085
0.0634306560453334
0.0627254648601607
0.062285524649614
0.0610199473782116
0.0603945171459565
0.0598463707801484
0.0596012733574641
0.0592818168860463
0.0588518124595631
0.0595735733852257
0.0599747725585732
0.0594310166854347
0.059562972610744
0.0608613900809813
0.0627195810317036
0.0659406480193255
0.0733656773103902
0.0847838464097321
0.0925660263530414
0.0957741252599417
0.104129882466827
0.113330185133712
0.120529295860554
0.11960351736012
0.133974277318984
0.158575456362017
0.177229814108969
0.186024068576176
0.199096902723952
0.190263549491397
0.151459233620464
0.0797553452851162
0.0745530994059011
0.0692543480882519
0.0677017576432871
0.0703359078580855
0.0687542540529052
0.0630471467033041
0.0602660040184141
0.0612838032910212
0.0619729501621469
0.0629636826759387
0.0638208429806203
0.0649138636433461
0.0654255877705067
0.0624376194067648
0.0591845862263711
0.0576217990092858
0.0568188354000435
0.0564840129945226
0.0577612656913287
0.0584247422410059
0.0579020891654218
0.0572446662636345
0.057116125429953
0.0577127585938665
0.0594559780786883
0.061179414041146
0.0622186907615551
0.0629181849026213
0.0641522625065703
0.064990424573571
0.0645847421426065
0.0633744107302787
0.0626188422575711
0.0619607360045473
0.0614458544171639
0.0616316865540667
0.0616928119605401
0.0623277880854445
0.0627178380316781
0.062828166198577
0.0631589417970744
0.0636043229983442
0.0638900208870969
0.0653235596147806
0.0648094481817613
0.0644329569170019
0.0642168591360597
0.0636981351673417
0.0637283169283648
0.0637096730386912
0.0637588557263935
0.0641362470493805
0.064347598585849
0.0647035504383887
0.0649863487362733
0.0654287196033353
0.0660440593953972
0.0665728205867246
0.066957733800893
0.067748984955556
0.0686237967519567
0.0691213382172894
0.0694801792919098
0.070414022025324
0.0701246249047442
0.0705568620687836
0.0695958372777852
0.068586432713398
0.0683519763053781
0.0686067743121562
0.0708696478063711
0.0723357941848546
0.0766387346645539
0.0818236082054851
0.0869419405861518
0.0932540441372282
0.10718545341781
0.140065910806734
0.180116000172376
0.134992666870848
0.166185443952292
0.269431413357035
0.205672088516427
0.136134142388719
0.0779767851191895
0.0732070012215935
0.0859383001314721
0.100495695663987
0.108554688248389
0.10432942437559
0.129086474553347
0.144111477231387
0.150486486183045
0.16509158144197
0.191056977896389
0.207947073957403
0.211147915829928
0.213129629336634
0.202074896223001
0.175448916971371
0.139053958131542
0.0591013999693675
0.0669964471186993
0.0588965265620209
0.0603430469297789
0.0623735785062761
0.0649951438339328
0.0684587467590311
0.0718963265480427
0.0757858742972876
0.0783379607935997
0.0798952233084959
0.0804263886317157
0.0808953723877363
0.0873995939634711
0.0949317950084186
0.0990906844846089
0.104495572936108
0.122399920760426
0.145190013832802
0.17813579387411
0.162302116716113
0.140727881368634
0.145902512825792
0.14438851631314
0.157131963225084
0.173467632530951
0.169628563055338
0.15377741249962
0.176866622974506
0.170595151144974
0.19711012879524
0.262933291368906
0.342291310124838
0.382007184717699
0.355419713902659
0.227262991367906
0.0867611146602318
0.147665670263384
0.11842870740648
0.106048066360403
0.145881630149497
0.135983126196524
0.106347564658103
0.114972873754561
0.0841914928509067
0.0693702673282337
0.0616302157483143
0.0591663320859302
0.0631378207544976
0.0616926706026203
0.0621072755823728
0.0627872337038212
0.063257223635988
0.0630317449106898
0.0624115878955322
0.0621386149739626
0.0615978096164643
0.0612086270516008
0.0611403409867607
0.0615863585326169
0.0625634295499297
0.0620202812280459
0.0613851089629258
0.0609797141735304
0.0604944282738726
0.0598609751518432
0.0593551623141884
0.0599545966055189
0.061305891717216
0.0608945499294235
0.0600492410539271
0.060342186954806
0.0612089715869071
0.0646278096294356
0.0704752350519237
0.0816794502801236
0.092482689077143
0.0980304025598218
0.0960211727148711
0.091674880692011
0.0906251404297118
0.0896663259621373
0.103743528760291
0.124153144227405
0.151759514826818
0.156752572242384
0.134937710484015
0.115318317084639
0.0955631375430714
0.074446382871868
0.0683486508507433
0.0691884252016221
0.0675772143313017
0.0678825855858943
0.0684740675587877
0.0683932353533333
0.0669492870439035
0.0690565834377898
0.0755545679116248
0.0710650800091603
0.0633774812771458
0.0651639182791684
0.0655911157410045
0.0607122460179194
0.0574482362985523
0.055947437877643
0.0557324642175016
0.0557508485720989
0.0567559975564404
0.0568949935828206
0.0568147174486601
0.0572939385629257
0.0577860455303415
0.0596394608662495
0.0619947179517575
0.0634402226016193
0.064415730163104
0.0648064634636079
0.0674591509309149
0.0688091368445264
0.0682344424309928
0.067521707538468
0.0658063257586976
0.0649751791008595
0.0631905157252383
0.0622972871609988
0.0620913627690971
0.0620680634081488
0.0618581168606044
0.0618730787860042
0.0612950943673824
0.0613648327337062
0.0613563511289186
0.0618270017719112
0.0631597601697616
0.0635631597724464
0.0627258409710573
0.0616281270285377
0.0612211020485244
0.0610890810081459
0.0610984362128988
0.061533206946162
0.0620294992119629
0.062669770531787
0.0632435210871963
0.0633414029497199
0.0642243652733957
0.0658186481563471
0.0662877722623116
0.0668122163488647
0.0671852072740696
0.06786335013336
0.0679258854214715
0.0678321960493552
0.0678213795686258
0.0668348653994561
0.0670756286892401
0.0672855157014233
0.0677953999619045
0.0690444320573257
0.0718160158526471
0.0749324813578102
0.079069755576295
0.0858979889078104
0.0943659610066128
0.102736451709881
0.113048282319461
0.135393039880816
0.172903614237396
0.245634450010383
0.251089554452238
0.365886093087773
0.129738339806557
0.105970104453236
0.0641185164382472
0.0784800450792698
0.0802100056702358
0.109695560965583
0.0979925131743993
0.0963751460574814
0.0958816158384348
0.118450466460352
0.137383873765041
0.137355610873587
0.155493300733245
0.18010524601959
0.207377639128079
0.212730799821142
0.215408983984896
0.199814993771685
0.174642187008629
0.139312412632533
0.0743127514661953
0.0724124013529985
0.0595459919270041
0.0614793502844771
0.0638569146706192
0.0675614719940868
0.071596148273755
0.0737633846501055
0.0761615931257456
0.077255197151266
0.0778119191881784
0.0795031047017684
0.0832567683130395
0.0919486667202508
0.0978148983579709
0.102678911472532
0.113476079608428
0.137016200976832
0.163041623046696
0.180240653755776
0.146014315389458
0.139923847356341
0.140897680614006
0.142291426382701
0.159730025783941
0.176502267079891
0.223455734987328
0.232917464282117
0.14893762587505
0.166248283282104
0.184938626141135
0.232325855240033
0.266244034992739
0.239634089004101
0.187913483773543
0.124105660873574
0.137232803023762
0.168861502332596
0.117451303232813
0.0921558983228518
0.129338666437667
0.123867469481799
0.0942234537551335
0.0954864765290721
0.072743889108799
0.0632317339528256
0.0596551736462821
0.0600802362511741
0.0626747355915043
0.0616353869725775
0.0626165741077552
0.0633126975186911
0.0629854662833838
0.0626170878231311
0.0622035933620941
0.0619124713595391
0.0616362800140566
0.0615091058303732
0.0610532597187352
0.0613404402974163
0.0624089367195198
0.0629753679919515
0.062745913067271
0.0620117142183638
0.0612579192890345
0.0600650361007856
0.0597583778343023
0.0608096834485771
0.0614657501040696
0.0610378627105911
0.0614352550562786
0.0631420230102303
0.0643847748162377
0.0666522155883371
0.0714988089431375
0.0738249633030316
0.0740572712401126
0.0623579360749693
0.0633143694568109
0.0677857676821455
0.0792190650190479
0.16300521787659
0.144946048443887
0.160858116958423
0.165285704837995
0.159885995821564
0.142533958102935
0.0816216654086533
0.0728650930404939
0.0668710891449893
0.0674618195904864
0.0669896696441346
0.0658815270883981
0.0669453768432045
0.0704507481167448
0.0768119248663808
0.0853543495228013
0.105561605917055
0.112806478743608
0.0750861371411948
0.0654261776080692
0.0646932883962313
0.063483769615083
0.0569575353395635
0.0560649296251662
0.0559627923627714
0.0564857603177989
0.0560726723517251
0.0564585473800137
0.0568688402216247
0.0578889998937666
0.059989808261712
0.064345394307738
0.0660428283002919
0.0659280747991129
0.0654389612771738
0.0662287705208847
0.0676497813250233
0.0680148077299552
0.0677950651792576
0.0671863806813454
0.066898749913767
0.0684805797851854
0.0676632393417061
0.0664468460710724
0.0639030123025949
0.0628766436691389
0.0630348884317063
0.063401350815162
0.0638576215426978
0.063176728753375
0.0622846410882207
0.0614363205421645
0.0612309322549164
0.0613335327304064
0.0616036064775081
0.06117896903167
0.0612741148906445
0.0617717613042527
0.0620122060310579
0.0627988558953403
0.0633319443591823
0.0642702272563599
0.0647612033440763
0.0655218498501627
0.0667416050298659
0.0674726938463189
0.0677824206084308
0.0674353255555518
0.0673409462656099
0.06729740022416
0.0668546701166522
0.0666602519368846
0.0663157740371936
0.0655947205479801
0.0657819825584437
0.0670473761850167
0.068609410411763
0.0702070060150995
0.0732131705433165
0.0763726896611653
0.0815955813907322
0.0895053694473745
0.0986021827863965
0.110021325833283
0.11647750591761
0.123777447325737
0.133980788194396
0.126785599482673
0.101845054905184
0.101180726284158
0.273119394096382
0.090892858774927
0.0643869889066887
0.0519137023264716
0.0815185677864062
0.0853653440087945
0.104743382324212
0.0981994080892416
0.0877039894652586
0.0952467495894528
0.100387340568827
0.124082803141797
0.129618107599518
0.154253850849944
0.178147482063277
0.203649113822326
0.218779100475996
0.228776084188661
0.219557386960598
0.200814467753039
0.134324296821007
0.10547647645143
0.0647711558678637
0.0656365672939915
0.0627552992890402
0.0660994235248189
0.0693565919219428
0.0716275459857545
0.0731338580728616
0.0745487242743586
0.0759178975676273
0.0775965668961704
0.08159225743231
0.0863963251882937
0.0938018231034335
0.0988026016601048
0.10794476663007
0.126448626695897
0.150391504051094
0.173181161164284
0.166285312705185
0.131745402320536
0.133396987506855
0.136437411498515
0.140138282136582
0.153215171152234
0.167947316770883
0.21436986804963
0.225662477889996
0.143007180906808
0.131736169477799
0.1610072410094
0.192355143784828
0.188503890788687
0.141396486598639
0.10729174210073
0.114207644137591
0.161452692883659
0.162908638389714
0.117906149244521
0.102519203390532
0.113988757710718
0.107413994390833
0.084920398219921
0.0822954279943325
0.0667808623318105
0.0620396249918345
0.0595946497976271
0.0608621135188705
0.0624492145574619
0.0622206147947297
0.0635349573914532
0.0636013897363815
0.0631845858591457
0.0630683773193378
0.0641866013798077
0.0645132598985421
0.0638151424773396
0.0631782039832629
0.0630476851606318
0.0623577048080488
0.0623490022442284
0.0626612007900854
0.0624344644011882
0.061959542567063
0.0613683133853133
0.0609772351177326
0.0611217193066829
0.0617617933045219
0.0624858556087849
0.0644471926639438
0.0669664938670964
0.0701820497329277
0.0725397705920455
0.0726272133919355
0.0690826606925218
0.0794024850101227
0.105133599169862
0.204771023674453
0.269110330157754
0.271159667549437
0.387795560730211
0.237656556360883
0.219734851432229
0.210667195664179
0.200417220993682
0.173488249497392
0.121452744219737
0.0773429383843315
0.0704142212772868
0.0655165007962278
0.0651461357425221
0.0652187984141977
0.0690897286579569
0.0755677229606128
0.0848909527895106
0.0941293075556713
0.103982031429032
0.10263003889104
0.0814107043619371
0.0673432844089517
0.0626486620284662
0.0619289629943728
0.0619728321843468
0.0564359216916768
0.0571236643909297
0.0568503547134123
0.0565001309644205
0.0567451918644104
0.058923959368528
0.0611319154776982
0.0636074846962627
0.0662614984331837
0.0673015741579701
0.066880211069238
0.0673226147143456
0.0678471174682691
0.069032187496562
0.0684551302778552
0.0676765510991458
0.0667956365566648
0.066418383505187
0.0667243539646936
0.0680674138888849
0.0680193189109009
0.0677804003121898
0.0684441381231061
0.0675592312511463
0.0670221123562448
0.067231377576489
0.0679011673732695
0.0675847943637577
0.0661155872343166
0.0639668546426115
0.0625611575159925
0.0617217961768464
0.0623362947835241
0.0625475521744164
0.0630808099195058
0.0639008854759282
0.0649950437645708
0.0656372014497606
0.0659003248709314
0.066820233221769
0.0666621990252291
0.0666928722720369
0.066970155845445
0.0680896266297142
0.0678860610969055
0.0669724080269333
0.066035502406582
0.0656881183134878
0.0652980808738263
0.0652191619685524
0.0648885177649041
0.0654711965011587
0.0668685858831201
0.0688993350308619
0.0723761945073023
0.0765398789319047
0.0825792278695721
0.085437063246256
0.0936167341131334
0.103283720564475
0.113288729554683
0.126567347700077
0.127192886009169
0.13336493786267
0.127860255556688
0.111632826619307
0.166350409651764
0.188450083508155
0.119081665713825
0.0899646130809572
0.0569524575259682
0.0548802553245058
0.0757677106950471
0.083964682166837
0.100089635764551
0.0999583510008087
0.0913598922381454
0.104452861578154
0.0922245724332964
0.109367798688894
0.122934724869169
0.145464835812398
0.181682091427931
0.202189643002308
0.22649820467283
0.236337395493871
0.227405841583672
0.199257718484806
0.139851385871986
0.138968170979639
0.112144607628564
0.0615526568238361
0.0670577216094259
0.0687052057911873
0.0700170587201852
0.071722868261967
0.0727529026665816
0.0738135583817652
0.0757508083514902
0.0790045285030793
0.0842786867234703
0.0904845513016676
0.0968632161684344
0.103063765341186
0.118352527812704
0.140407831276324
0.164205731998803
0.171680599131797
0.147001647351009
0.125481301855729
0.12753315498866
0.128998241885307
0.133551167628512
0.140245864481199
0.152278701938273
0.173929045444803
0.168447958295304
0.125885428211883
0.131333677848115
0.146710761290665
0.158407134714095
0.123888370975817
0.0871167723906199
0.0893462871319404
0.121462324051459
0.14680445375885
0.132966157825875
0.122863847777163
0.127851961174382
0.177468325925588
0.105815396982493
0.0800016814230591
0.0756298956891929
0.0652277207438277
0.0622882153980064
0.0601097602226563
0.0614234842470481
0.0627157420346508
0.0630951904059691
0.0636798060271125
0.0642771116749318
0.0651931087582724
0.0667665489743543
0.0694533023502545
0.0702832231565419
0.0693340531629228
0.0672961972876217
0.0650738225089335
0.0645061772407775
0.0635580169156772
0.0631382138994942
0.0633247859148718
0.0627484803109468
0.0623881798076848
0.0626788274078428
0.0632112422309072
0.0633781995248747
0.0632231752000569
0.0692619694006085
0.0833803280662357
0.0972907083407497
0.115446540644038
0.15360128811493
0.245038283424501
0.383560426959703
0.47517134413694
0.445772855182621
0.483859203703733
0.513187907933272
0.42884230455014
0.162637887717609
0.200122235998156
0.171921977210583
0.163468492166909
0.122203678674599
0.0946360190937572
0.0740250177623828
0.0701032142734685
0.0681664304909511
0.068045427193152
0.0691239142978099
0.0776014051282519
0.0883341715136427
0.0956537336434903
0.100641302344456
0.111327817775905
0.0866423514713755
0.0840843346000684
0.0735286346256578
0.0668000852128496
0.0671602928943449
0.0643485087514062
0.057613970978811
0.0587230832135168
0.0588570251354649
0.0618572790050698
0.062749076518043
0.0652531209222449
0.0691451338119392
0.0706917655334404
0.0704173951246978
0.070036744643849
0.0708252763311904
0.0721740845387637
0.0729978602488155
0.0720429345672428
0.0703671149815908
0.0688279348399731
0.0675370668649395
0.0672037383641969
0.0671202636527343
0.0681608185522238
0.0704908090159522
0.0703035650239501
0.0710561814189477
0.0719547566676269
0.0706800370583222
0.0693468041406932
0.0684575752858682
0.0676150784915932
0.0660443629227788
0.0641853648179398
0.0632495960944908
0.0624265124956592
0.0626516565566528
0.0636538204024421
0.0641262865546382
0.0643354398431935
0.0650110155528813
0.0658116536490642
0.0661530001116613
0.0665562494799342
0.0666278906217177
0.0668039059655973
0.0667256779769972
0.0665135214237596
0.0657526286344935
0.0650692572341634
0.0648513009723378
0.0647380326572652
0.064562359475625
0.0648084772490556
0.0658958623538442
0.0678306090195653
0.0701176559647628
0.074925350305106
0.0795424579931348
0.0875526091462827
0.0959365231319357
0.0995939697672976
0.107642983053999
0.116544617867026
0.12823412481103
0.138290034796959
0.142911992400961
0.136556624870755
0.118856389012225
0.147333262203215
0.304957167467651
0.266577671760597
0.0698096448612245
0.0724572794456907
0.049704494058361
0.0603489844997168
0.070920675274458
0.0741421925266252
0.0865322900419689
0.0805715045940794
0.0817672504537931
0.0950951135258304
0.093456558718043
0.107717494798731
0.13120476352176
0.174675293090883
0.19230875831457
0.214251963500111
0.226986093105605
0.240257747013585
0.231511835487359
0.204020573458324
0.17110901127286
0.155973649558287
0.121078410627485
0.0617567683205624
0.0708641584499095
0.0700550857356074
0.0718667161410995
0.0728375852416009
0.0740732201915067
0.0754522131411199
0.0773695192445044
0.0807211609798016
0.0859688462363292
0.0936877434787135
0.100671299316444
0.111805420128507
0.128604952054032
0.152617655666516
0.171254546601594
0.15451564605002
0.134754626998373
0.118063420297901
0.11748751221284
0.116964732529124
0.120024573053725
0.129728478072897
0.144528791030017
0.161581143562388
0.148451076441394
0.132916015932257
0.122596335132227
0.132525926760049
0.127074375463809
0.0929729356097433
0.0638945629174874
0.0915605805843033
0.120068031279052
0.123183644164007
0.134353231788923
0.147860944841768
0.168502981462512
0.190969489738731
0.0869589378089174
0.0812582168508401
0.0757992312218344
0.0682616208998311
0.064678898275697
0.0619465049920859
0.0619400484612471
0.0633615513433415
0.0629827254263807
0.064448054926952
0.0646184062954021
0.0669364993068083
0.0701313955914729
0.0716911100070177
0.0712516347910073
0.0712345517693663
0.0696511755907068
0.0662042071536716
0.0649086708483374
0.0648678491739665
0.0645607201035618
0.06362869872081
0.0633042972463675
0.0633771422260293
0.0640834104642293
0.0649525491528725
0.0656671143185765
0.0687059092917545
0.0792108907800154
0.109162284025577
0.156916036598831
0.220576416051919
0.329218945975728
0.463606378724932
0.577374744394496
0.626438549617435
0.4811679442539
0.489616322384695
0.454425925703204
0.326751703564274
0.122094147596975
0.207287372065417
0.191606503209117
0.141120729051822
0.112390771995618
0.0851547608032335
0.074620724356219
0.0714606493120453
0.0680160094926663
0.0665685929847231
0.0678349241870723
0.0660482636089549
0.061873057131317
0.0698893499499949
0.0927695732586214
0.118127915397745
0.206867701140058
0.12485298982469
0.0754736027063842
0.0753294599975458
0.0869434056435033
0.07906423790252
0.0599241284548399
0.0645121517592466
0.0668885552346702
0.0690722852635102
0.0711154201481961
0.0733227976782175
0.0760411713591232
0.0773435723422077
0.0766837599588426
0.0761108284866047
0.0760457943274196
0.0752844335955315
0.0752258185599444
0.0746784485247955
0.0727517516823959
0.0713081908708865
0.0709065885506327
0.0700985519789658
0.0698811175548652
0.0700968426411614
0.0706500212085232
0.0714882471408778
0.0714268047001031
0.07062347759335
0.070131312110093
0.0679659603883948
0.0666834991246277
0.0660984361433395
0.0654426912054941
0.0638147604840543
0.063003529952121
0.0627426537232208
0.0636171665288397
0.06459259825262
0.0651693675111555
0.065314506955894
0.0657107700381872
0.0663175529380662
0.0668199101432903
0.067076732037957
0.0672496271882388
0.067066724046743
0.0664523663724422
0.0657592931730908
0.0653437162776394
0.0654841266117426
0.0658965400710013
0.0662597084404868
0.0665955102253266
0.0673312274637048
0.0686889678768197
0.0711305637899822
0.0765320406085801
0.0841416103294031
0.0910729828490918
0.0986908725925446
0.106259808007814
0.114086635452739
0.122958658548503
0.131803274606892
0.142730984925472
0.144592522147113
0.142487145602289
0.119073507768174
0.0999835511321152
0.187863674036451
0.192147840904686
0.128713833023089
0.0669352055789755
0.0580286922568311
0.0457555093864682
0.0562805117938384
0.0646980909012683
0.0707716074050368
0.0829082661568847
0.0916516064970557
0.130792248229797
0.0921920238828574
0.110074427313418
0.124040405919962
0.157941524190882
0.203729274723
0.235242427573981
0.217703573584532
0.223289493908445
0.233199775576327
0.220198618278695
0.197427561495607
0.181125458720309
0.159155893105829
0.115343473248754
0.0639599661813414
0.0752406987069298
0.0724093679094769
0.074642855246208
0.075407375706038
0.0765049216238276
0.0765735639381874
0.0792832091201659
0.0844180821019779
0.0928652425688241
0.102006958384693
0.11379673927123
0.122315289864725
0.141896745767762
0.162204747412409
0.166645736259316
0.13837982769973
0.120593041891528
0.110151271809825
0.106759463460883
0.110144141441047
0.109547442344102
0.121835050876235
0.130904072837148
0.152704211540945
0.135613048662814
0.130357293733322
0.111021958453533
0.105943905915296
0.0762318773401811
0.0458560825151807
0.0445269856333965
0.082499532411203
0.131008257075471
0.125498211395385
0.16080481514817
0.186423824030227
0.192766867164529
0.218569715461848
0.143616469585453
0.0856349215403409
0.0817667855791104
0.0747151158547727
0.0711550491859972
0.0676270812683495
0.065286529183046
0.0690900081690956
0.0761036659184015
0.0661963815303361
0.0636831902523176
0.0657580465144119
0.0689886586646733
0.0699642919530732
0.0692540582723709
0.068867757291315
0.0676653528349184
0.0681781864791366
0.0704607498158995
0.0699025128051656
0.0690883131083638
0.071603087572281
0.0711493782913702
0.0684809818387832
0.0686138966988115
0.068351188149737
0.0699358451636392
0.0787701312287935
0.0992736126951067
0.146593448669081
0.224391164876784
0.322147953444575
0.418275360878946
0.495489933308046
0.530292101968277
0.586466120006885
0.431723717927008
0.424377799480726
0.341031395020369
0.213303928311457
0.14139810759229
0.2124138096272
0.194288510334759
0.153183849095659
0.12008938431707
0.080101262791178
0.0755737168564325
0.0732730081960268
0.0823425852016718
0.114957463504044
0.20431415635784
0.317395456135518
0.260347096108629
0.0586667146357742
0.0410008216946863
0.0799016283492401
0.116793779244653
0.120215631859454
0.0805595653135128
0.0940772400162238
0.120357097215649
0.0865524187701272
0.0661428282698508
0.0759361636735311
0.0743677619986359
0.0749302976182123
0.0773161504961863
0.0824365339939024
0.085111299714811
0.0872316020363492
0.086742318534642
0.0856259275772832
0.0847110592313798
0.0840720380940852
0.0831223797502442
0.0812828170069208
0.0792625950275778
0.0781520443965678
0.0760726567938326
0.074158987042518
0.0725072389428426
0.0709313806397753
0.0695794612742999
0.0687690500038672
0.0683399633458978
0.067241412428411
0.0668433165047446
0.0664879864596399
0.0653799746839887
0.0649593713247997
0.0653367022751148
0.0652597160552306
0.0649618373919486
0.0646583253270457
0.0648687899743204
0.0659298582154851
0.0664824900997198
0.0670603704908638
0.0675725598697132
0.0680466682540867
0.0681211500033631
0.0685648201762634
0.0688443123166368
0.0679522907616208
0.0673198674719714
0.066374757515526
0.0667938260681027
0.0671260937010725
0.0682894354326498
0.069279194236523
0.0700459644993627
0.0711674974130017
0.0736694429611086
0.0783135102707618
0.0859882446260878
0.0931250192778358
0.100060089860109
0.107582780413556
0.115649907587542
0.127271452457938
0.139356195355592
0.150370173298935
0.15338835659253
0.147934119563547
0.130806417120849
0.106890149785099
0.110762566152219
0.254000188930514
0.155254167881506
0.0508171058657939
0.0587084486296717
0.062574381730462
0.047305314659591
0.0597284045893224
0.0584595960279649
0.0648241250676782
0.0699976584906122
0.0872872380780512
0.0990105086522969
0.109589667620874
0.120050543605503
0.150462402924344
0.173391566708325
0.196552270708074
0.223311896654335
0.219500002620491
0.229982078491739
0.230485972489294
0.217108729866393
0.201326342230024
0.18500563624084
0.129972069977561
0.0938233899722062
0.0691275106716029
0.0817928047502126
0.0766911416143507
0.078460244810889
0.0787830851732644
0.0792740671268348
0.081616857950004
0.0857525067511987
0.0932512082543544
0.1011070234547
0.114459470675222
0.129777351954622
0.133647497005985
0.153514662965499
0.166977833757206
0.155478463126331
0.126742577699412
0.110577960088472
0.106587062208669
0.103425173575474
0.10652141817981
0.109323469536774
0.108182342008666
0.122337835538037
0.122800456530511
0.103937756465959
0.103488766031218
0.0904130542089306
0.0662395933985975
0.0512259834602808
0.0432055027069491
0.0379637783939538
0.0720860891444939
0.167096733109716
0.144950647324597
0.208331556724657
0.208561319656875
0.224131869998475
0.240927647738159
0.178343921751864
0.0961011308404343
0.092341705241812
0.0866525207351549
0.0836129988576163
0.0789799669789509
0.0752474477607565
0.0790899492005693
0.0842128876770195
0.072185227277921
0.0647205994481899
0.0656998614894824
0.0681637613813997
0.070111213827182
0.0735812220629078
0.0742136848232294
0.0786365755637136
0.0889841735473592
0.095062669150901
0.0916568572859026
0.0900722536394468
0.0902444079661615
0.0928425216942724
0.0903077552511348
0.082414015997295
0.0788410048226636
0.0834472067866734
0.0967481030442092
0.130190592480805
0.187301685470276
0.257751950659496
0.320656817810642
0.385269852385167
0.435343901018097
0.501413039437704
0.511342499864506
0.369418355615536
0.361952029704304
0.278566056916983
0.22710191399972
0.243197832827747
0.21151714386059
0.226179414291494
0.159642328646948
0.122998633072529
0.094694035120342
0.132609733842568
0.184437544108931
0.14161626220514
0.124887903556263
0.133391743993355
0.170769687884494
0.161041783335668
0.0788563962161027
0.117177825009894
0.105053953419711
0.111284170899212
0.10943362783532
0.075773266080611
0.114119128160685
0.146239558984035
0.0951620493965769
0.0789123262744307
0.0812341528583235
0.0788800934567709
0.0786739941781923
0.0805624657176136
0.0848446268687999
0.0866841319002061
0.0889963230897687
0.0894780846757009
0.0876381915824504
0.0866893950058672
0.0857219764831055
0.0841358378501547
0.0820973488805811
0.0801404956740421
0.0788725615260923
0.0777038937346123
0.0763727507911065
0.0749759821318831
0.0737639431173052
0.0718258749069472
0.0705836296794329
0.0697247704628235
0.0686872573153575
0.0681484613617451
0.0675848889912721
0.0676249697885648
0.0674418094763131
0.0674649827004462
0.0683530767645155
0.068605972902553
0.0687778433561033
0.0683651981224831
0.0693115154831519
0.0696228297883909
0.0698958144402468
0.0704302777398447
0.0703872235929424
0.070964616811372
0.0709525934384267
0.069741780749643
0.0685844636417343
0.0676892200775615
0.0670141444042596
0.0675932743781984
0.0686498738770347
0.0699253376638834
0.0721197006091124
0.0742240320478163
0.077870012060248
0.0828655292717052
0.0889303810701664
0.0966680204134483
0.102443777632192
0.108884865441296
0.114177228995072
0.12266728662901
0.136336144141413
0.146755863134625
0.154875448757009
0.15332191996692
0.146557283477861
0.124951129103597
0.115947999725671
0.121661035645709
0.177067489528614
0.186062149731183
0.0607930696579523
0.0598447335320774
0.0583041838470629
0.0504225945044532
0.0497976111925753
0.0628379362083213
0.0645708053474735
0.0853361703732859
0.0919864072376422
0.133373865598737
0.136513709415871
0.1409236272236
0.155971957718735
0.167823015864253
0.177972613380029
0.185485552018006
0.190594669136278
0.215535035829283
0.228297751722734
0.210241222208461
0.188830382204821
0.142569884325908
0.0963166878252108
0.0825711890316856
0.0778696160020354
0.0898747520194575
0.0825950230694547
0.0811558997387278
0.0828070530013006
0.0851642146988257
0.089014825860367
0.0949980104831912
0.104477542445027
0.114648039176705
0.130064573004727
0.140271137018361
0.147404048987106
0.162908257179141
0.166551468295497
0.13999273325883
0.112090142782719
0.10571918397922
0.11154232950843
0.10492040713447
0.104759045181867
0.105439706607917
0.108815001317614
0.101608226924849
0.088267210012806
0.0874121553208983
0.090382879101472
0.0763052811218869
0.0587527697280177
0.0419127628752287
0.0362854128349479
0.0342880212869937
0.0658324153172299
0.170261586977106
0.187480503933361
0.223950415205899
0.217957805339472
0.28329439089385
0.283605736190559
0.221965958139916
0.105902591567407
0.103502419417587
0.0997800260201619
0.0980380694354927
0.093883342763332
0.0907983322216384
0.0905553830819341
0.0942026182063178
0.081464673170858
0.0718038077339166
0.0700988200237903
0.072410348549481
0.0777848373866031
0.0889961769197189
0.101102298877658
0.114287695969905
0.123489648683461
0.13095262706236
0.124767867626198
0.120931413015937
0.117479864312172
0.115378020680394
0.118979788479575
0.107624659722314
0.0966559361554583
0.103911271265599
0.123817777544131
0.162543731003254
0.219280208569279
0.260564796321744
0.319830621926208
0.367913525051512
0.403389291087185
0.457568411227183
0.440223256563404
0.312810442240102
0.31388690989769
0.230529541989031
0.230718862736829
0.254746575892306
0.274829867154904
0.17627838350067
0.150608340323502
0.122021348390035
0.108207491142032
0.1511557063079
0.185757134509296
0.133981416406997
0.0939425898285748
0.110864101091091
0.128378982274042
0.0934966252917262
0.0830470363866282
0.0856130016309972
0.0878070301526341
0.100141688118817
0.0903768797095019
0.0758651854805958
0.117683351829728
0.149027575401836
0.105367416040539
0.0833772312621537
0.0817666207592397
0.0796949339864613
0.0801447922909987
0.0823899808117756
0.0855205516436989
0.0854068585716204
0.0867114653493846
0.0869601476882954
0.0868714052963579
0.0857754961365903
0.0837832457270895
0.0831762333880889
0.0819467190707131
0.0825552496422362
0.0814073452211105
0.0794572201841033
0.0782203560807213
0.0773988710069774
0.0762926925734826
0.0753429669288612
0.0740510080767489
0.0727577788285588
0.0719639069077109
0.0715157617614307
0.0712430516448045
0.0708924363803567
0.0705273255826688
0.0703510910507417
0.0709775405381381
0.0711184072418271
0.0706395990700737
0.0703472463490077
0.0708999169963407
0.0714118129919752
0.0716300654600417
0.0725072690108031
0.0729603146005599
0.0732101225132397
0.0712554279819134
0.0700368837284227
0.0690879556658607
0.0686794299420829
0.0682886996205306
0.0686669731150447
0.0707782512815747
0.0740044737885425
0.0766328864576999
0.0798344078788866
0.0859810986882488
0.0926357533197083
0.0990071407386446
0.105554255549651
0.108658388146087
0.113293161189285
0.118715553676713
0.130389770739525
0.141472468946694
0.153007616423482
0.153261966133832
0.154161951443017
0.148968890799945
0.13887171277056
0.142861130158865
0.165945360600399
0.24129130040733
0.376901415320176
0.11998668284758
0.0491220209210344
0.0520236939730905
0.0442206018251576
0.0710129294123433
0.0600577834974956
0.0766875554154103
0.083158196903458
0.0865373367209823
0.122202985810623
0.117870834564274
0.147526056512304
0.179483779713089
0.167831722925419
0.186943574057399
0.201633266108473
0.224650320631067
0.198941632282685
0.184029914048359
0.153259336322684
0.130440309664323
0.103866978776242
0.0821747308083113
0.0818985496855333
0.0883929893459673
0.096250952978377
0.0903170233159436
0.0859310534759392
0.0897286044150478
0.0939006208350004
0.0993117440818466
0.106851374101479
0.119078812129214
0.129190787856992
0.140289566152077
0.151430008806265
0.159069559454469
0.166361072114327
0.152318060285513
0.12382374874065
0.109703318479501
0.1081375917924
0.117018868626344
0.109404240728585
0.104074321637653
0.0989905389239441
0.105851010525918
0.0886592159410209
0.0674895504154052
0.0656091861752366
0.0701969558136511
0.0580529256493659
0.0473023015922904
0.0369755396104074
0.0292528018335735
0.0373580680832294
0.0654583342253136
0.135119561501278
0.194056907177189
0.264923859815183
0.354659811765701
0.359561369656364
0.311640070058546
0.258839169771649
0.129040368443483
0.114330191381952
0.113096654807131
0.111354878045248
0.108258043221093
0.105051299954403
0.10165699951658
0.103816862587546
0.0905738922810481
0.0861644649634301
0.0850153207072217
0.087976400630555
0.100144329258263
0.121290526721724
0.136086295110803
0.145792009160577
0.151658677618499
0.160819817024177
0.147385224359559
0.14564096255315
0.144077209124296
0.141358278179565
0.137512223000445
0.131751690291718
0.123727625458557
0.126058944261366
0.14667643960021
0.178565988957296
0.206217676686744
0.23187184945513
0.270601221356784
0.329314218506057
0.330081472433945
0.390467704972403
0.382969170153268
0.282432785230331
0.279724462090261
0.177556320445988
0.172512219022071
0.214586177810086
0.339776102943641
0.241167185996814
0.14050654426121
0.121456024448861
0.100453113255118
0.141895607181151
0.172119653749995
0.133598118899159
0.096630907362632
0.142540199173186
0.102789951615302
0.0842255423432407
0.0683772165582961
0.0749067311294623
0.0831484931843106
0.0962504948263612
0.0929055751888792
0.104323163965311
0.149747528874545
0.16683123437762
0.122542815397536
0.0886972752797143
0.0823331968423888
0.0819453502768708
0.0830588051289185
0.0880239440586888
0.0894650122819624
0.0894290858593933
0.0899467059443062
0.0900092423869138
0.0897729850748573
0.0894380592428866
0.0865526485049569
0.0856232740290826
0.0841268418932363
0.0836242861289627
0.0821085405473665
0.0805952478720801
0.0801609287089425
0.0799115987787346
0.0792367007799103
0.078455479399394
0.0775833448345555
0.0766881343072776
0.0761024939028153
0.0758478827363829
0.0753695306981963
0.0747697980789464
0.074131880745882
0.0738467624137087
0.0735598000766932
0.0731741213713615
0.0727738363536703
0.0728057680173838
0.0732842525293173
0.0744039289761819
0.0758805942755733
0.0764611322596581
0.0753824114721399
0.0740773413728653
0.072907845487779
0.0715878058221999
0.0705616082592057
0.0692646399915205
0.0688003603206707
0.0699295347912222
0.0720627039076401
0.0768759859585923
0.0818029027437222
0.0878932600044708
0.0940604171390423
0.0991662813457938
0.104860886562961
0.109684719590154
0.112954354425162
0.119273433339326
0.124782261606323
0.135942891143822
0.141225106324432
0.142942882530279
0.145801734322176
0.160385375260333
0.149306737822922
0.147972492280256
0.153992493072395
0.183515125367519
0.253764969896863
0.356776973149404
0.176818140449165
0.0902456807286263
0.0514322217903355
0.0369716005141204
0.0544355464367509
0.0493071118977471
0.0617439889368099
0.0751808351264833
0.0872296694965484
0.106484084338111
0.111371009628196
0.150599267385816
0.153568966132329
0.174636293101232
0.199509128969072
0.207472077925491
0.212470277125323
0.15314838867556
0.137297589561199
0.11504378066854
0.100642091228446
0.0882430548048448
0.0812943414360343
0.0883052176984997
0.100240356587822
0.107545199254097
0.102103484705965
0.0950089781721021
0.100208846099543
0.106348047334224
0.110276455152212
0.117877599196942
0.126147342648329
0.135614593594041
0.148906137216166
0.160148055844585
0.167845106046133
0.166341851177761
0.138206038755991
0.121236071010097
0.115813668789568
0.118561947072721
0.144846894073098
0.115377270388606
0.109318430963699
0.104185233351489
0.117212136255582
0.108498536222786
0.0696318428029705
0.0578090479996707
0.0536347947052223
0.0409716864374661
0.0346619934431977
0.0300001440599651
0.0324053466215914
0.0440082397631547
0.0584033561590337
0.114308586962428
0.211053384861559
0.315422907826461
0.357520587192942
0.345563712984338
0.317524625143591
0.277272494520898
0.166249105767771
0.128481554044436
0.125049772189793
0.123204329958564
0.122453489719352
0.119176472913363
0.118912971044635
0.114531909028851
0.103190999192538
0.102434128106762
0.103476185799019
0.111048357829913
0.125364206378374
0.148471252360752
0.168271736891536
0.192513796190085
0.231261736957686
0.185000859365721
0.17287780254048
0.163314751777342
0.160710866420664
0.15801909371067
0.152080250953958
0.147374197282946
0.151296545390196
0.158652399400719
0.160342837991665
0.172407745834269
0.188062270507991
0.196818842874769
0.231313240263139
0.298520851551388
0.365377609998541
0.497112979088388
0.344513683140746
0.281906923726665
0.258783757324602
0.185794201570659
0.250547949113147
0.171151218667131
0.284214121590688
0.311078769044818
0.16479573308864
0.175014345292017
0.144609780129464
0.145369965850446
0.160509112001501
0.1345830870202
0.10310283133827
0.108751830929875
0.0853753752211012
0.0906864178506423
0.0688487192637627
0.0703572393580484
0.0858396051963974
0.106620407927356
0.0985330984727225
0.120514732094916
0.155316418644489
0.145474036712932
0.113422101855474
0.0780148699613181
0.0845072151117201
0.0854464134668519
0.0875484528460117
0.0885834272560592
0.0897857491437841
0.090956156338216
0.0908378718783068
0.0896158965600893
0.0867552598578082
0.0910878648711267
0.0894732058532783
0.0880189445493136
0.0859471891871069
0.0852837086921521
0.0842433956089456
0.0834302331929066
0.0835339330318079
0.0834071408906303
0.0831607671629629
0.0817607647862565
0.0809825449284466
0.0803473302745742
0.0802005535195285
0.0798508491502389
0.0791165751207606
0.0787656295700885
0.0783988565797781
0.0781754207614274
0.0778728015269295
0.0774230296000642
0.0768661447471556
0.0768956747341048
0.0775544909962004
0.0786816965870937
0.079758521128001
0.0785680999044573
0.076614214234066
0.0747064202573171
0.073363514108485
0.0722926403043341
0.0715398655590068
0.0711513447334783
0.0709662519523881
0.0721520636084641
0.0746536447748052
0.0788382122410159
0.0827888946222575
0.0889586059840341
0.0952173810132962
0.101009583807054
0.10433285603564
0.107629585856296
0.112130594476596
0.119187945649723
0.127868119511811
0.131787954981361
0.134188070157802
0.13517474533331
0.131003577445949
0.138903683687607
0.140897511291903
0.145910840296604
0.154475581239667
0.17500721507301
0.189248523857782
0.292658724185136
0.137335957524267
0.0623866880154799
0.0434024474316863
0.0326562524063482
0.0449439888522213
0.044059338814358
0.0675179512700165
0.0622867073195393
0.0726994161309211
0.0956547493460138
0.103752140283237
0.124340787572745
0.146350176490083
0.176415832496836
0.190315936621351
0.187852250850629
0.16154767048524
0.129334164608507
0.116944549063872
0.102157568113422
0.092734436239724
0.0863776274979272
0.088659697978296
0.102096669330645
0.11497216521961
0.122861288623193
0.117323586951919
0.111642382857489
0.109076931152051
0.115143468441832
0.121126121945761
0.12850181919163
0.135455441786633
0.144750159323681
0.156420177796227
0.170489318824516
0.179203839833283
0.16565461597642
0.1323812128142
0.126485909019196
0.128193941296776
0.132261129612692
0.153468760633279
0.121173119332715
0.115566861561581
0.108299432464178
0.107626146573825
0.100685492884427
0.0835532031497398
0.0636335939477685
0.0569479875478035
0.0432476833314321
0.0324684266016465
0.0316079133227945
0.0333014277141396
0.0430096285051257
0.0573680697175837
0.087992289949775
0.20127504229719
0.29610782039673
0.309477085372564
0.287148220977544
0.310389467555735
0.28845490206559
0.213995795141952
0.168310617039189
0.143870089958268
0.13417316703255
0.134399731931781
0.134083198018711
0.135002970485777
0.128187721548254
0.116241995717448
0.120391950890866
0.123307045482859
0.129987462486763
0.147195626169001
0.163902764611151
0.175790575769079
0.184277156177789
0.188916781946496
0.189524866445541
0.182245942703494
0.176907583749379
0.177112548921029
0.172069536078788
0.164431569547998
0.166725073066664
0.169651986255405
0.180541774835381
0.179841063223795
0.175002832441563
0.1787360928369
0.207227992892296
0.345541938132746
0.326083866457451
0.418435873520388
0.534020702259071
0.36477389822227
0.309805902611413
0.276794753452549
0.200834899478938
0.166016088688722
0.125491670021257
0.17097422318008
0.276238204430481
0.210878562336725
0.198977265712427
0.190101180794562
0.166198958680967
0.166220135547276
0.139027866889306
0.114382489807464
0.099211967492434
0.092367299884137
0.107545183277376
0.0883608038743292
0.0737879841070527
0.0953402802685348
0.114917981776147
0.121440374264064
0.136527498356407
0.161917700724691
0.140411470960958
0.102787679490501
0.080071537216449
0.0860084937147435
0.0875233276405966
0.0906392748594157
0.0905878220574377
0.090790707547636
0.0896249126606891
0.0889923112736806
0.0894211584736359
0.0894860583268549
0.0955779785523264
0.093746112474282
0.0927998890559116
0.0892951270447895
0.0883080123946382
0.0877005230749413
0.0875218536321579
0.0887336694924309
0.0885310442858616
0.0885146121665973
0.0871090723062692
0.0843768314663345
0.0834869078637896
0.0832745121368541
0.082453272246033
0.0820015965656337
0.0814083000738712
0.081286181195422
0.0809703555160794
0.0807257765196905
0.0800154980986796
0.0794483738800495
0.0797168528932539
0.0802013355327071
0.0809522993321402
0.0795124303630753
0.0776247761204952
0.0750177258273377
0.0737490501410664
0.0734129240575309
0.0729600556532417
0.0727136888920701
0.073132029879332
0.0731172260309491
0.0747766724420289
0.076868302934462
0.080502517271445
0.0856946083363245
0.0926042940394127
0.0983620237089047
0.100053064731298
0.104194354200903
0.1091534547509
0.112696166670505
0.117311012228851
0.117704451270786
0.123729158693779
0.124763967489973
0.120210103512535
0.117485117794391
0.119697692797745
0.125028732212475
0.130851241915736
0.142938749849294
0.148286373381725
0.1430456145274
0.180084892181485
0.0813125062923634
0.0456701002834528
0.0427415838970517
0.033900138002937
0.0380110365059551
0.0376314467367001
0.0543933508170773
0.056058638638022
0.0669378565691261
0.0880039935943994
0.0894371110528087
0.113587798866607
0.142413369532825
0.168920385959527
0.179804855775911
0.16471221364075
0.135136980509831
0.121409784077379
0.110982902953719
0.102585821102904
0.0978271573133127
0.0953158262630151
0.102908714246874
0.119541783080087
0.131979388588427
0.142178661191524
0.136772168114601
0.130875438991158
0.115385576248515
0.124320546589003
0.130338536484086
0.137990417445774
0.142424611182195
0.153177163225031
0.165650559365291
0.179504067132597
0.18764550023032
0.157476437492968
0.136708913009499
0.130693070310974
0.136820892603686
0.145882993745382
0.152287535109055
0.138700378366912
0.136445365236176
0.115951432518813
0.120816197426635
0.146187679569762
0.119620720337202
0.0840623865611862
0.0646653468585929
0.0441556085036718
0.0460637747256383
0.0423744033419335
0.042230439983121
0.0435731145622243
0.056187052655164
0.0824641180452414
0.178503708531622
0.252186727632956
0.251546873702091
0.301160987277679
0.314210665260579
0.300495569084166
0.257841774937297
0.220238977032244
0.187967472059903
0.151364796059662
0.141107908412218
0.143024696626139
0.146622056321001
0.140261537349085
0.128344538394758
0.133976185273339
0.139158121793608
0.146133412788003
0.164874611995005
0.173767891149228
0.17847115381177
0.184539487804061
0.186189117797118
0.190088426257523
0.19451620861686
0.194769763138831
0.191970520145941
0.187520915207492
0.181163792354246
0.18149559406932
0.184312898806939
0.192173028874352
0.200319805424916
0.197910969445011
0.194784081828625
0.190447047765437
0.352468145042347
0.393152846308573
0.435924104940054
0.500353264844711
0.402546825224522
0.341765451442389
0.305436829201437
0.294785974593827
0.226844325814251
0.130001406230615
0.173763785415943
0.251144971842269
0.227185843503522
0.221154959323792
0.204014269002755
0.185057480522751
0.173366429632818
0.141766669781594
0.118880864434257
0.100859891995565
0.0987262599716732
0.123071959116124
0.105288416429815
0.0907898539642573
0.10416777705401
0.116962546996351
0.129189477081155
0.156715218979439
0.171001851800761
0.139082401685893
0.104766401860421
0.0826073237495541
0.0789087577004806
0.0826218383888224
0.0849182449329696
0.0862856443798909
0.085983265408508
0.0864603657775461
0.0871227176073582
0.0870699747402495
0.0885256527274906
0.0930168948959847
0.0930726260563257
0.0932581610454171
0.0911556185638768
0.0899485278661264
0.0884326990620019
0.0900189060243709
0.0894862165899302
0.0890804432644545
0.089042871823734
0.088973323553195
0.0882164729862687
0.0865556951668709
0.0860924574738906
0.085152219502298
0.0846743983246992
0.0839292333499776
0.0838271439096103
0.0836296499989438
0.0833216875175012
0.0824438495664708
0.0816532832305296
0.0815284895046227
0.081700658399771
0.0810162206629887
0.0791452109386422
0.0766343690115142
0.0751027216330554
0.0754196778994624
0.0752345271858872
0.074786329326591
0.0742180713538694
0.0745861260848946
0.0753526019417941
0.0781984538524897
0.0803788031227896
0.0819899229949927
0.0854225169055861
0.0919595157869435
0.094413014585941
0.0974527949457648
0.102957620882889
0.107307434302664
0.108001763379431
0.109080984023338
0.105980990642227
0.111166778138878
0.115079118577071
0.117779655561154
0.113900666746925
0.109966225801999
0.115101119178431
0.119826927244079
0.124592627069442
0.126694841022534
0.114250456495311
0.109355042424697
0.0998910944468937
0.0940580499288872
0.0320740825634875
0.0342611134203229
0.0367227392201721
0.0348869547820069
0.0456974365342573
0.0559178576403501
0.0720547584082153
0.0975371463962666
0.0841905356093258
0.105632167794597
0.124081519842324
0.160196023941931
0.174470295909407
0.150348214715926
0.131521037713046
0.123330591314749
0.112711450235212
0.107756887320705
0.104885053891045
0.106407559171684
0.116179047167689
0.130300284146896
0.14424146361786
0.153902495788802
0.14936805543093
0.144298568082875
0.121420669531745
0.127386211235529
0.130820382656765
0.139688263838557
0.143134579662362
0.158484591881287
0.174995441203705
0.19084443429864
0.188565218977996
0.166893100057047
0.158337817779365
0.153587385445327
0.1417730504326
0.13867247893472
0.182618653796282
0.157032758292931
0.147694021574921
0.197300723802432
0.198673485637525
0.169697777849523
0.137051278410683
0.100301059005126
0.0758715228744277
0.0590687824050658
0.0605111105328061
0.057038427127201
0.0541630102433454
0.0474721739852892
0.058179773321109
0.0738552978678405
0.139461504245174
0.19813386882042
0.248400343204768
0.30031262700395
0.316111578897785
0.313501081679037
0.292624788098242
0.266678107926187
0.238685466690397
0.190564059982201
0.152103481594293
0.144300942931252
0.151819543202958
0.152779183660053
0.142428482187756
0.140989613874451
0.148644521152586
0.158117136205936
0.172294676208825
0.179836456301981
0.17491283350758
0.174993898350948
0.187965343943785
0.218800230225054
0.20926156042981
0.201887954645041
0.215939762602219
0.227392915859702
0.21380369018012
0.196869927257652
0.188362627435819
0.190772562840447
0.197105501948609
0.210471705086267
0.214257692700607
0.218070063333779
0.383321032482286
0.463586619170748
0.408324629455957
0.478318086100584
0.429447916779871
0.376937305793278
0.337727633909237
0.325643842004203
0.311547114360445
0.253318049302426
0.198545950888652
0.254596026192383
0.2424347697582
0.231382371313641
0.21896438596702
0.209513940293264
0.185185132949243
0.149839376956302
0.125091506369922
0.105305298215467
0.10777709294058
0.116706768977074
0.107674409549473
0.0941655556163727
0.106154660930512
0.116635759454598
0.127877041934244
0.147437384280281
0.165098508185191
0.136674079149971
0.104267889984452
0.0858664226959614
0.0774055863913818
0.0846362070961943
0.0871229926927627
0.0860296660662485
0.0859382517637502
0.0870088279157549
0.0871993813062952
0.0881040965124926
0.0889060897828026
0.092498387890364
0.0918980157689141
0.0925354390813833
0.0908126836747943
0.0921326226558978
0.0894462784566296
0.0893187838221188
0.0887318628646873
0.088894356519443
0.0886320421879975
0.0876302543700426
0.0877221413076564
0.0871774388716099
0.0863700000775522
0.0859687585960697
0.0858265307496393
0.085493175474273
0.0856025108324578
0.085816149021465
0.0851795282841332
0.0846575218943947
0.0841443388232437
0.0839811025334345
0.0835070460325924
0.0818763887975724
0.0798589546581703
0.0777298157888442
0.0769729590407216
0.0776228093326981
0.0783205922840423
0.0777560698850333
0.0778205838782026
0.0784775280911143
0.0794166613832913
0.0818545573938418
0.084435686814832
0.0868530886854038
0.0890503962051234
0.0902489294070939
0.0937544623718841
0.0992593947748019
0.103192714326695
0.104181706306514
0.102693732097285
0.10428203806319
0.101084429824582
0.10339582647569
0.103281201204351
0.104815445251589
0.101177292502878
0.102831027951441
0.10415295038254
0.102975199788603
0.104912911178837
0.0995406598830241
0.0910967482942062
0.0815214761736231
0.0615692506435826
0.0895568879999571
0.169639052218183
0.0353731508479747
0.0288801113810523
0.0250141420709532
0.0244078759400658
0.0438339563775959
0.0670837463766701
0.0859129947308229
0.0901360519889919
0.118256995185083
0.138160357915464
0.182739187430271
0.199795279950577
0.149311134375544
0.13626165879665
0.129950150476245
0.122829606233398
0.117928760405654
0.118134212416718
0.12374364204098
0.13257504457792
0.142492373408727
0.155094321103381
0.163580017906764
0.166242225515246
0.1568211943625
0.132620086902423
0.129279253319448
0.131852137549096
0.134070609631044
0.149602279863078
0.161525405173125
0.183469313659977
0.200325218205985
0.199925245988489
0.199820677514127
0.184733370395598
0.169625353580231
0.194937913122441
0.236072288442573
0.230486358374985
0.188493352636988
0.165378163732612
0.202423225344022
0.187494994144954
0.179400390956435
0.12830612678401
0.100888245889318
0.0869017386184811
0.0750612201577132
0.069016855920837
0.0676262211261235
0.0583781311879796
0.0563948091408432
0.0672145634525209
0.0743577956791102
0.116080967224247
0.164915739199182
0.239277904949724
0.312795228387444
0.328127641431957
0.328089573965818
0.319837540385746
0.293972208747125
0.268547013151601
0.239450710761885
0.184636389120638
0.151667695943692
0.148097660766696
0.155773309198581
0.154615554889531
0.148090747988727
0.151535763322228
0.158414191808763
0.168701403265088
0.175025343690985
0.176843737110769
0.181626951615691
0.196094693403552
0.22054527894697
0.226761388087794
0.235388071917306
0.290649841518144
0.323178877712466
0.301059176031501
0.272001224878695
0.25292361371829
0.246806700404813
0.249580508047564
0.271459065094515
0.282078092749183
0.338068048859566
0.356150587019844
0.395827666924263
0.369007336930633
0.429725042098436
0.430276500374553
0.411920543683261
0.37031436929983
0.344674449906158
0.319967133243424
0.333888375190833
0.238213089253847
0.259716323384074
0.226164512591845
0.223905333181233
0.242066245430347
0.234362147013161
0.214082703930374
0.172077915050666
0.145796986215371
0.120357017798882
0.123159828745813
0.122689612981896
0.114188265513426
0.104858128913033
0.12159371671773
0.116205426507465
0.118643144028547
0.123385206902901
0.1555149616244
0.119865382529498
0.088752907100505
0.0755699245453672
0.0779824723796235
0.0838738572793194
0.0860359593088419
0.0887994882425446
0.0854386818438731
0.087831911771567
0.0858389906809943
0.0884536178910498
0.0907930831755719
0.0887170877161301
0.0884089640092119
0.0891263809765975
0.0897932901588177
0.0909046893477676
0.0906121543177089
0.0888317475354127
0.0868253639985166
0.0857496436451968
0.0858314313114842
0.0858752007165359
0.0866077751965533
0.0866993940030698
0.086959984459766
0.0872064728269529
0.0870044599181204
0.0868251462269164
0.0863786785562568
0.0862483451316451
0.0859196668413041
0.0854837297126124
0.0856178909345551
0.0848681773889844
0.0835854037967021
0.0831392632823229
0.0815065741029654
0.0797010534759485
0.0786203674441616
0.0789671821493412
0.0798141498216089
0.0809032649302251
0.0817171464066127
0.083211727140083
0.0825233155081648
0.0852836626701653
0.0878797374929965
0.0906599803566943
0.0920636192488178
0.094091893986134
0.0971685530119129
0.101141956191316
0.103829930012932
0.106263178993868
0.104852565568953
0.107110525676721
0.104558937620941
0.107555078842958
0.107109651002703
0.108356447311709
0.104670397520115
0.0989225169174426
0.100308461015848
0.0981152524192255
0.0973885552701067
0.0917476062525202
0.0857000778930587
0.079641945547038
0.0595282956355974
0.152950206971083
0.162917331728498
0.0559535561914654
0.0231199393247276
0.0195470061324453
0.0206756071976341
0.0325743115379707
0.0580365340329893
0.0911441809234403
0.129980379251048
0.202953697776144
0.244722773689426
0.193660340972928
0.185677376884036
0.154386725898565
0.146772148405155
0.142608038696106
0.14195457431699
0.138142101556131
0.140891084713036
0.149224105179991
0.148210477527861
0.151579467643534
0.16223238103523
0.177063263299887
0.192695311479702
0.176793931670434
0.154453179282804
0.133957663822154
0.133985225165808
0.137932931123467
0.154058165050428
0.168683274341649
0.195700670580585
0.212205159780902
0.217474339256145
0.184354193581259
0.191606444703614
0.197512353155157
0.23589482799691
0.280287263292522
0.259383806784316
0.237700948321928
0.199662651888552
0.197335580133016
0.171048818276579
0.162233851207896
0.134459257866426
0.120530986661054
0.105867943806492
0.0970939089654201
0.0928295532121979
0.0896379316993359
0.0829222331711064
0.0736087479894576
0.076837338111206
0.0844731216331145
0.10843627851696
0.157691174616801
0.240188731139139
0.313103731471431
0.352646425291905
0.3507410863029
0.345577724286183
0.315108434100108
0.28529670241845
0.259012069085895
0.220061333917516
0.171568919711281
0.149128974146826
0.150289894332787
0.158219863667235
0.153705753542203
0.15176013053105
0.158325286569713
0.167616255300821
0.173385040881615
0.178361542053799
0.189048954913535
0.225214998675627
0.255468094268226
0.259627621590494
0.266633791063476
0.416471290095075
0.418146041849464
0.365043951220659
0.316786165588186
0.289834420334513
0.275279975698455
0.270871191843921
0.280974147072039
0.290981177416178
0.315525104663433
0.311297139874531
0.339584018206802
0.349655436831912
0.383800511196228
0.399298658496358
0.408531634881663
0.394275133451521
0.363312253643576
0.325223269679029
0.339891092686953
0.25357830009426
0.267759987219389
0.235897618647727
0.235168289347882
0.242478366214837
0.292661661206754
0.25371034730883
0.199754044602773
0.161508021835826
0.159213971296771
0.144844456419323
0.127948752881259
0.120511006900298
0.116457465596465
0.134627970358926
0.114232149705656
0.118123854053182
0.110053457363952
0.147241100601451
0.0952022522250949
0.0798822687721778
0.077864141215971
0.079123891777758
0.082153633135009
0.0813370032393583
0.0846826562306275
0.0876498840552197
0.0924685679010612
0.0907199771957484
0.0881667623477676
0.0956842545070761
0.0935330855844969
0.0957185714823998
0.0917143978662471
0.0858855368067571
0.0856459353766589
0.0893370063276303
0.0897200263499948
0.0857052678960227
0.0843861029685532
0.0846128386548094
0.0844146162931253
0.0850924652666341
0.0855168085772953
0.0857209596025071
0.0858112146527629
0.0856375135036199
0.0853530077165907
0.0853706955327309
0.0852531868694137
0.0856947978180501
0.0863610909982273
0.0875620989233549
0.0873190529352629
0.085074183180344
0.0826780268135097
0.0817689982943073
0.0820258020328422
0.0808165804684032
0.0819891199678639
0.0823686062466149
0.0844164596778883
0.0861973836340477
0.0877335243181429
0.0894662841399776
0.0918192716153526
0.0911558076936498
0.0927137907115151
0.0920250210057639
0.096466576835135
0.101773240500224
0.104911169403317
0.107677077018329
0.116502382396286
0.110885216453284
0.114398806059331
0.109073203481626
0.102390607698357
0.102666505183145
0.0994918292390291
0.0960293901429283
0.0940494980585126
0.100027869081468
0.0981161736079544
0.0989202561080667
0.104273914238774
0.105341264223303
0.120675432289598
0.112844639322361
0.193380190759658
0.197971357269947
0.0135098580799289
0.0275534435185081
0.0262397661178306
0.0531741614105758
0.0932050646471503
0.120133377752834
0.14172013331214
0.217686072686408
0.238079328336277
0.214715499715188
0.194450874500656
0.182951163564004
0.168977080414339
0.16662206914222
0.168591731089943
0.174829444865393
0.172631033267805
0.177858479600274
0.184158891234842
0.187575671563005
0.177297311174193
0.174320684362542
0.181827692969339
0.205956706308031
0.198169935596134
0.189413742721976
0.150278066544
0.140449667740669
0.140001906600657
0.159092804125551
0.176277658110988
0.209697864491267
0.221667743234454
0.20246651673949
0.180184658452751
0.193019523213327
0.201507472637453
0.234321355459914
0.272061716552394
0.248091144474677
0.243564543138086
0.224737418013432
0.197562692741724
0.171790895233311
0.162049841335986
0.136305943844138
0.128967728071179
0.130296438111399
0.121466854411744
0.107598967992749
0.101154788470794
0.101558800473021
0.102775926568798
0.0994827382341642
0.106301464005749
0.120763815658182
0.166369077874918
0.247643616275694
0.307217760946509
0.337082856079085
0.342866054840765
0.361270667812797
0.349939294167029
0.302993506774985
0.245146851401622
0.231891582617145
0.189644702064732
0.155938959634258
0.150042739491519
0.158140963522975
0.157527558141458
0.154454852555101
0.156669902520578
0.167128260075908
0.17990399930096
0.198996893943031
0.22715433528901
0.2501357108545
0.264246365271694
0.255231448832016
0.371315365046633
0.427765485326496
0.41283142631116
0.377383739476278
0.336824669457727
0.305252422665707
0.285244790689975
0.274488367761093
0.27280247656825
0.276088998101875
0.281933229655546
0.28161004596081
0.303136581459507
0.31183537298519
0.346030299284177
0.352977022768962
0.371527839625727
0.386366235332456
0.374180046017955
0.3378120827575
0.330758467189242
0.270405980606629
0.265316969686089
0.24475780310287
0.244412832513122
0.279780225783971
0.2876771271783
0.260655350577833
0.226520274725287
0.186921534634057
0.163819532196856
0.150939712852517
0.135882014949123
0.125021800781609
0.128880557550422
0.126838916675714
0.119397725790473
0.10989788752212
0.0982982299560456
0.113006064941204
0.0787284878006814
0.0804215704631936
0.0822921813524682
0.0816029283358062
0.0825984016617947
0.083598334682607
0.0873556769710413
0.0891122661647648
0.0918469129708277
0.0948846679986041
0.094217183607829
0.098015242542187
0.0938271838169795
0.0903748272319223
0.0853719758327633
0.0827654412485913
0.0811734497610005
0.0807128759730534
0.0808891757394507
0.0812746818901312
0.0811071079255549
0.0816087131260775
0.0829337612182005
0.0831269644923798
0.083304811064155
0.0836507574775571
0.0845251701498915
0.0840543370481948
0.0849896778806175
0.0860547708523834
0.0887890534517208
0.0902408355146371
0.0899255246802653
0.090308990146821
0.0919874122041217
0.0931382756157476
0.0883289518871313
0.0857718046083717
0.0840201793218489
0.082773510219053
0.0841998736217849
0.0865419152788229
0.0887618549177718
0.092399465900572
0.0950241540842124
0.0971352190178411
0.0967103539798833
0.0960207313200412
0.0960270670755828
0.092050440107646
0.0962490736258459
0.103110819597768
0.106187754143051
0.108073994559507
0.115935047718048
0.117007793422132
0.11995221946257
0.117500012797761
0.119071860740689
0.118841964095612
0.108163117235861
0.105614917910473
0.106191111545552
0.116613441768043
0.132047814738826
0.139368542439722
0.174522911764799
0.187176034608165
0.224409885978896
0.156781623605565
0.163382484169009
0.13925235631734
0.178537094455321
0.0921308155682618
0.0806712614614488
0.143521560030282
0.216658227200335
0.274363066737902
0.12746024425964
0.235899629859663
0.218882856125191
0.209891204248459
0.194497118212307
0.181760867585409
0.177850599922792
0.167250720111202
0.165211532582871
0.171211398082422
0.173550076391879
0.181141396438406
0.188501065425726
0.198724578820095
0.193255352643953
0.188435694297266
0.198401812921548
0.219313944345121
0.213926104218106
0.208572407863026
0.177590665208215
0.149824690552206
0.145619861531436
0.159936020229298
0.200638796197437
0.223512892810574
0.208310070347809
0.183014030606677
0.177224341575855
0.182927276759218
0.194495458947396
0.218926195017266
0.248590877421999
0.238812980657106
0.23449566806445
0.222061759360369
0.202653948197328
0.189187785711383
0.183618447205619
0.179348476265106
0.171310089495782
0.155097188148464
0.146692000529491
0.132884975707097
0.122212296791682
0.125138678837717
0.127930343320897
0.133027630989711
0.136830621801988
0.139167997620711
0.174425415892049
0.249496498888886
0.272486771844339
0.3143580063863
0.338595124566674
0.376745601412605
0.38902124077629
0.330405658200957
0.239632554080296
0.239835466020609
0.214758264461522
0.170354258217774
0.157974586326125
0.161054030773737
0.157203922324727
0.155443153756389
0.159176187931596
0.174285238970338
0.194752841977585
0.214276596514695
0.226127139563588
0.240559118559761
0.237296324449601
0.323269184197031
0.45228776384579
0.462279533166744
0.42498346014024
0.385682422560458
0.354375190840417
0.315450628714011
0.285504684250803
0.267544917135873
0.261618660466028
0.259847400469681
0.259887709834932
0.261218479139654
0.264747618782054
0.271085422596294
0.296086416694966
0.330699478383754
0.322130925005834
0.340614034629418
0.351489546373796
0.333104688155774
0.306864711321419
0.291243985471146
0.25281236368826
0.229263337185336
0.27609604553772
0.278255343219732
0.285467590086274
0.271062274725537
0.247210663118448
0.20351662269495
0.159922353348175
0.146964443578744
0.140592611906707
0.13362146693592
0.137226864597348
0.125695162032249
0.125096463745697
0.109787971451525
0.101380349775056
0.100650584731893
0.0807271058968781
0.080240351659292
0.0836985020848836
0.0848319485397521
0.0857749872725677
0.0844602195902901
0.0841471188790805
0.0847653625401843
0.085056989816851
0.0864445720951012
0.0855571515618324
0.0854699931571374
0.0830171731485248
0.0799489072186964
0.0795096174175378
0.0774651447468745
0.0768088411111656
0.0755611314888134
0.0757307777354917
0.0772129574269115
0.0782934421943995
0.0783646279640711
0.0794990285537907
0.0803741401602822
0.0800532590975858
0.080066301619406
0.0818026065140248
0.0829238331381023
0.0857669259525325
0.0872762770053111
0.0884138542295034
0.089837122361516
0.0912323876845173
0.0948480444516459
0.0980337518566201
0.0983020073114379
0.0935420969892102
0.0923077914052579
0.0919856158906568
0.0911431853931085
0.0915172074522352
0.0906355313678118
0.0968684110393166
0.100735742420445
0.0980153989363491
0.0963291183223913
0.0929949175264223
0.0895228668179397
0.0895854048527868
0.0880803666571255
0.0881661240440519
0.0965337124185609
0.108589547843361
0.114462356098317
0.124242431862041
0.141029654202381
0.143261577923672
0.15123077290571
0.153361392967255
0.157725321573387
0.161446017105511
0.155626404116481
0.163176495670939
0.179282170310486
0.206506087020629
0.228810412921451
0.239539064461587
0.24620389639709
0.352896954522884
0.252016774509001
0.24459172865418
0.177754523650268
0.159457261526392
0.177775717294425
0.191539480563715
0.321470166958097
0.258916330566565
0.227566665075743
0.19280910063577
0.198954862688096
0.189324777146348
0.178426111839348
0.166061805915323
0.15735658736196
0.156900930624562
0.155508672251348
0.158336709396623
0.163563267620773
0.16768253631161
0.16701820261542
0.177233605612023
0.196074893351041
0.201839550970806
0.196347734125658
0.198343734525466
0.212328641286517
0.220098432343429
0.218528123072944
0.208720633890115
0.174389882483674
0.164367526066729
0.182670677401677
0.22593409266646
0.239595213409457
0.193849620837598
0.175856702977943
0.17116164687672
0.174419216901019
0.18168294687811
0.201086079654303
0.231848626605109
0.224432865506424
0.225860843515427
0.219098796140421
0.216042588973388
0.204220442853042
0.192394639662924
0.19222391377912
0.195974003752219
0.175415530662886
0.158086219401012
0.154420557642892
0.149961519968349
0.144239413897655
0.150997553607807
0.147332582239479
0.156746016271518
0.159342750149896
0.176938317090158
0.238522674549654
0.25742789084583
0.305639021689136
0.354065894890562
0.378536521011198
0.397702931759404
0.366774108589355
0.293984497398238
0.262785936782551
0.262309948089572
0.204769837643544
0.175464336789228
0.166438924827198
0.159750502716869
0.157581947353253
0.16364523172563
0.174178768787636
0.187208137469312
0.197515459828192
0.208991662259785
0.219404949555818
0.228693929522944
0.359216057000782
0.423484886285602
0.447542693272277
0.423816945121075
0.387154111689014
0.350665968052674
0.321626559545085
0.294839945004574
0.270150544166574
0.254967679404368
0.243448279061102
0.242641057950511
0.248882322146118
0.244573899484846
0.246529440337436
0.251936913815242
0.368835378852522
0.425090126803718
0.403830377312447
0.375950998061555
0.347768919942376
0.298875699278083
0.283899192336329
0.239730699693089
0.219437414275494
0.302318350024809
0.331508354461972
0.302650397353866
0.285086059037741
0.263481173580202
0.205522458847507
0.164499005714064
0.144762544553507
0.140077426991524
0.136736746049817
0.14161170137446
0.128691167497474
0.12143420752352
0.10072246794742
0.0968866143195326
0.0884910892689366
0.077662261534159
0.0773052295622393
0.0814196497168208
0.0828851877851288
0.0830119463191509
0.0819650975232386
0.0806296147224092
0.0817465375149044
0.0811783259538196
0.0818439310191039
0.0795960545768185
0.0772532162739488
0.0745842231352844
0.073770024712048
0.0738496218417345
0.0742935521541223
0.0740131098834969
0.0730877825578471
0.0725258356296072
0.0727045126001464
0.0732204433325652
0.0751271035993104
0.0759386475492637
0.0769175655433127
0.0773303428206172
0.0778599354095915
0.0797775111751488
0.0825386907915154
0.0865644374576212
0.0916206559910933
0.094751444611075
0.0973218982246539
0.0990597455999728
0.105540212698348
0.108304914617758
0.105369594179436
0.0982056527742584
0.0924914146407249
0.0944770888518132
0.0990187066977878
0.0965969403262386
0.0951981445491359
0.102255464754005
0.103124229300278
0.101940826715534
0.102431152863495
0.105659048383952
0.0951446294540621
0.0942693893677036
0.0938698510520534
0.0994826734098207
0.103947844967002
0.112489418101321
0.121965084258967
0.134478913256215
0.155435938547849
0.161182580793172
0.171289747986414
0.17719021114043
0.183911197647779
0.194512401452866
0.190194345263075
0.189368269637987
0.196183461230121
0.198341315548619
0.181004295901473
0.24711932352057
0.240150835521873
0.314954976685443
0.323001530406718
0.368991621173501
0.381108373029285
0.464811237601973
0.452797535935827
0.506364638170303
0.391616652980531
0.232018092837016
0.183976503687992
0.171163699381848
0.133620983404452
0.134942927451119
0.131847879544785
0.13336248128175
0.136254795849705
0.143626404117861
0.146100232253292
0.147395317002886
0.152534776206056
0.159559019564884
0.16365683430167
0.170679990150657
0.183585347716696
0.191735598186394
0.191012130339913
0.199884614692076
0.219116087948622
0.235633986214661
0.232041967875161
0.231760971043912
0.207909793713319
0.188878480074748
0.217016802080576
0.236548077543265
0.238383771434895
0.210141475135033
0.185607799292634
0.178497023546692
0.178875538659943
0.181811855751742
0.190825675874863
0.214464355766013
0.207883930187551
0.208224785198673
0.209526890074118
0.208067157108431
0.218367398771916
0.212520395054684
0.201226180962616
0.185981460779652
0.181292425799748
0.172305886280011
0.160393644163347
0.15956283478528
0.16211440569142
0.175707200250811
0.173001821731349
0.175623599010937
0.178057847136885
0.190948897255
0.223724113492438
0.252407630423608
0.318770920501319
0.370037586359891
0.42629769218762
0.438853712659503
0.404925930648298
0.346034864302011
0.314285257010473
0.291562820587231
0.233122104076758
0.183092599723718
0.16470449336955
0.157914404792199
0.155724721583475
0.159727356882956
0.164127518409123
0.171947924243854
0.178940443445264
0.193038891558393
0.2027518027501
0.227527120198162
0.319553357248238
0.372761034614312
0.195974681625354
0.334901259803274
0.347642687119438
0.337288492014906
0.316730558926951
0.29954197674844
0.276583420952541
0.266322875483709
0.250586935445392
0.237945727169374
0.245433706345045
0.232470186488211
0.232847318200147
0.262886955408983
0.329550811673624
0.389635828804846
0.401422452107328
0.385880093534678
0.351879222188417
0.302312619503878
0.272538293324148
0.274771740941411
0.272201743272208
0.301015202966463
0.267236612835921
0.263698015024085
0.266474660968795
0.255004087376927
0.197337502090991
0.163381604034995
0.148761873160746
0.140433541554231
0.135342289749276
0.143428757232428
0.130739074404002
0.115421929125575
0.101142331213362
0.0951329951235212
0.0824490931524763
0.0735990733104295
0.0740585424551958
0.0745629708940205
0.074716289361396
0.0745755784507428
0.0755771290199055
0.0752682147859591
0.0766689992566757
0.0772277121205136
0.0773364223071329
0.0766360082964158
0.0756006856936587
0.0743562063118885
0.0729377547634179
0.0725786308340989
0.0718042299434033
0.0707627338090655
0.070737572775493
0.0710997506795282
0.0712399095989622
0.0715332824007116
0.0723599075757788
0.0732965076592108
0.0748554797003242
0.0761229783344885
0.0767008041831754
0.0785255184901639
0.0801161761818853
0.0831267975417051
0.0859587055717904
0.0900887527155596
0.093915326236931
0.0969086497685204
0.100709577417328
0.103533810844378
0.104816377559096
0.102826558110791
0.0981022823158569
0.0930592706591866
0.0903176083995745
0.097185080462691
0.101814470800996
0.101744865425476
0.106313195462706
0.107825658845035
0.10885543386466
0.110727755873921
0.111823662117141
0.12008362109987
0.112460700443364
0.11846085485372
0.126779176782282
0.13863230493672
0.144867291112926
0.144308730833271
0.156673862167379
0.167265927185869
0.179205927686481
0.196832599857276
0.212253966766577
0.233744067462668
0.24883118645785
0.266869522719239
0.259647851350995
0.269703309705416
0.166428998930604
0.16025334899406
0.181870450270946
0.206330301471784
0.218429483983126
0.238047667192337
0.257626829506796
0.289926776752892
0.311437555612315
0.23711054554404
0.162242640442028
0.145057228194925
0.139180021772223
0.131640437761728
0.122737935415355
0.12236373408764
0.127887159022452
0.132375168906348
0.136412369395723
0.141948083195785
0.144756400003783
0.152333645546495
0.159574124357031
0.166214297811153
0.171133609816045
0.177230783761445
0.185918354609838
0.19451640144489
0.198946490657424
0.208892664754613
0.224186828104962
0.241105842020722
0.24414316621045
0.253196150503173
0.246946463223028
0.230122468544879
0.255759002190397
0.257009261954732
0.248268084235543
0.23341955268925
0.215847413655285
0.20314825431264
0.195888300772519
0.191225532185947
0.194104992799344
0.206810351652173
0.193152106344941
0.198620861985027
0.203739548180919
0.204873302139863
0.208689379181613
0.204999625481702
0.197788257650318
0.188106125332684
0.179973450912859
0.163260611257908
0.160432177589385
0.161108980148552
0.167299437667374
0.19321766153726
0.199301879225823
0.202555482019957
0.211603992636082
0.216127092813776
0.228551375728
0.258457863437268
0.316831628797579
0.38233142291887
0.443224427400978
0.507917057918095
0.46689019584392
0.403147150864761
0.36095914886579
0.309757082379191
0.253198244218995
0.183938066713634
0.155989392862124
0.147638522989948
0.147761515293348
0.152865354191322
0.155885132606986
0.159779863064973
0.164258598259474
0.184491973723581
0.178816802388975
0.260688568363607
0.320097319651073
0.318394996551052
0.393706242483193
0.358770594335561
0.318286448854867
0.313716126104925
0.310633135479608
0.295485863920372
0.275807346953142
0.267249225112533
0.252992172925906
0.248809669190806
0.171984930363239
0.403477410948674
0.414285062392461
0.379438415058885
0.340437869855814
0.363120564799585
0.377123295513945
0.376860712455091
0.350885538349807
0.312262538845865
0.283558510871056
0.291946723099942
0.397350340582355
0.232950753995885
0.184317896355545
0.230711181821017
0.262558496435658
0.227908388604149
0.180256448666737
0.166519703904032
0.155462071713778
0.140323645103307
0.130058120363411
0.130762039396961
0.122816326174988
0.106949487965617
0.0985352063591422
0.0911523723841559
0.0791386014529499
0.0747957733771188
0.0740495858569521
0.0734680449807751
0.0743210006323666
0.0744803217200912
0.075041575720316
0.0756869198915455
0.075713321227927
0.0760124369806513
0.0753015938331383
0.0746092603276907
0.0747526513547423
0.0739068595362291
0.072475071904693
0.0715193972080472
0.0705111825052252
0.070270654002031
0.0691417726411729
0.0691166580151308
0.0704561074449761
0.0723300265905643
0.0741717228092276
0.0753449854686452
0.0756827713617406
0.0776252634718564
0.0793785012477024
0.0820488636636494
0.0852168881259817
0.0891389622755478
0.0938330296084548
0.0988921742699576
0.101763789101466
0.105111433176005
0.107275057840987
0.11274134714552
0.117669439613281
0.121237400829779
0.117232614393804
0.111174208934886
0.0961577658346297
0.0969823960772204
0.106159667976292
0.113382407332471
0.124365478365278
0.12840016382368
0.127189555259064
0.126657205732643
0.128504014239396
0.129406463748298
0.12483746896544
0.134001609166255
0.141726632087762
0.151387959338455
0.1583240176169
0.164120405099522
0.171783210205158
0.182306598477875
0.202379457586558
0.220156844489938
0.243674673662155
0.271002294547727
0.280361281572178
0.311771702878272
0.368145735221513
0.27041488327932
0.160724414787333
0.147936136818629
0.132673249045689
0.134098162697271
0.132438410233699
0.133393529995692
0.13842329353747
0.145878124737374
0.148270384976954
0.124315845981026
0.132498734630683
0.140302725381629
0.148645639945471
0.151264188178342
0.143956768067493
0.117733774815746
0.129489700391998
0.132548945721054
0.138997569338812
0.14207182246353
0.144853666426134
0.149585995649428
0.155216103357578
0.160191992115507
0.167112389856124
0.175427701555593
0.184375216242168
0.192729328646708
0.203339294040383
0.211024669331942
0.222469578517245
0.234437214914545
0.238277940347886
0.24244737481834
0.248099477014653
0.226706992593587
0.265077527748711
0.276503506310589
0.267551293225879
0.255529157595918
0.242290852586758
0.228191057109794
0.210505038655376
0.19435874253291
0.18976768688941
0.194567179510832
0.181022025851095
0.185407773985029
0.193250888855916
0.195592318843668
0.19328236844711
0.184287975416276
0.178582158545748
0.175764248205898
0.171744226217922
0.165120069336273
0.159991580691892
0.161498470153223
0.1639423061314
0.187243673919965
0.206981755622467
0.217218719897184
0.231518883969412
0.248098325630213
0.248002832846724
0.269874588746241
0.332775460664897
0.402442907611072
0.449675800715327
0.51785332277578
0.492729811694278
0.432181577384895
0.38541059734545
0.332915008560051
0.264894724385034
0.192564204880324
0.152088866725302
0.136060093881845
0.132948159891819
0.136146976429174
0.139092120729793
0.144273902073674
0.150799946649484
0.166608461822552
0.172863261051282
0.202755282152353
0.265879811041137
0.329384114651325
0.369454487898744
0.358958253241213
0.315299398306158
0.292209842603057
0.296034596963784
0.286819758580225
0.272996587026206
0.264000593245138
0.25323477622987
0.245720207948132
0.207688762539042
0.410865654005911
0.429929807816072
0.407619800362111
0.352270746503993
0.363059464914712
0.365027436423021
0.36080062428375
0.338372390844872
0.322036252552998
0.305292916105648
0.296126800397673
0.512872380648174
0.364817597106345
0.293453934927987
0.285410616699907
0.274434526322009
0.219594488003846
0.182543537515193
0.172236367480519
0.157941644045178
0.151322090101268
0.137647046612011
0.13491152006186
0.124889261629378
0.112008991086363
0.109869648186869
0.101602158206801
0.0870125228987657
0.08080974152104
0.077904376920864
0.0764876694353864
0.0767712506822689
0.0761664267664993
0.0754505272456634
0.0761169918135887
0.0766402967040166
0.0772330622747371
0.0768172940094276
0.0765780561900883
0.0766064052052487
0.0777965311770619
0.0775677245321502
0.0771905051590278
0.0751999597054206
0.0749633321381351
0.0767584245102596
0.0784607565236241
0.0800144709809378
0.0798750648116892
0.0806480133909832
0.0809700738223655
0.0815695974414936
0.0826563511684716
0.0845400391079792
0.0871508727373028
0.0912594701421438
0.0947827599682329
0.100402069365544
0.105408273080249
0.107764133542057
0.110640352803333
0.113827953740248
0.117019655243855
0.120444179043047
0.128525495086619
0.130692404010446
0.131094384358698
0.125038799984221
0.121139669874352
0.120005064031598
0.116738463950854
0.121265402600842
0.125575495302093
0.125030009284321
0.129755580612425
0.131303530084975
0.137972335601613
0.148048226504584
0.156235345677381
0.160122064499486
0.169147570595374
0.175975415152292
0.176617987232668
0.178888832643452
0.191890525212138
0.210546533964225
0.223437180094119
0.237567133323734
0.244466492881101
0.245170148577847
0.322934712976266
0.324984665239767
0.268101764616909
0.193150226594377
0.149040829174597
0.121941363041351
0.110072812484285
0.107406875519814
0.107804554584562
0.111894653507599
0.118631942376815
0.126801235183854
0.13744700940447
0.148432820731234
0.157226988740028
0.164068608507156
0.163702626146167
0.109421233456243
0.127094407532032
0.125706321220735
0.129124688803244
0.131531382422352
0.133449288506782
0.137090947712067
0.140766274935272
0.146907348478708
0.152145383692216
0.15770845258693
0.16721812170672
0.175315461586409
0.184106307920244
0.193576652735893
0.202189899436749
0.213350906528182
0.225357640620426
0.233183593855623
0.23711152507678
0.239852305495285
0.217372255377501
0.327967856604155
0.343819590965773
0.320756615307759
0.293940042953471
0.260846033611848
0.226761165717314
0.20830230716399
0.192909150719965
0.18392139764172
0.181818066471626
0.173455203047869
0.178471386123035
0.182608916764712
0.182685428281069
0.189066312134681
0.166808648708024
0.158218668435562
0.155004204819701
0.158339647414046
0.16371200500006
0.157801304071181
0.156182739419428
0.159149170416074
0.184023377727948
0.208124343428257
0.234768945310229
0.254136562880626
0.345768721593422
0.325763187379892
0.316191562649057
0.351493714432671
0.410378322627211
0.460094470600286
0.508329227511838
0.483131232960362
0.437196786032835
0.414775470396616
0.36971704206541
0.277185511977402
0.179461320087182
0.142515969934244
0.129654822023986
0.122235663311094
0.12232987408893
0.12292278626649
0.125514375792094
0.135338544282693
0.147638120653091
0.148173313662383
0.185141136544083
0.24277209349409
0.33910361324535
0.383464821414955
0.387367498502798
0.353510523347247
0.307379663011423
0.288911442775121
0.280167545400963
0.269780718718368
0.269698820869722
0.259763174382037
0.242238559137095
0.226683932413487
0.318531668724054
0.354997264566196
0.381692090775179
0.331796963817937
0.357792864124805
0.358343790263168
0.340043164827127
0.327477765281578
0.331733697468213
0.337217822599267
0.402201679755575
0.481600059352904
0.344828919369268
0.285038939474964
0.271458279541982
0.243530600994234
0.20297431063156
0.18514001527524
0.174811045912291
0.162728823158149
0.154526898134727
0.142698096824742
0.134868131880862
0.123238849451524
0.115178588980576
0.115241458812392
0.110210268723237
0.0984003327356813
0.0931470757779052
0.087714298666907
0.0837762465233245
0.0828104576519559
0.0800801381232835
0.0772404293823744
0.0779875527300477
0.0767638265811452
0.0771711364319374
0.0782420064516826
0.0799934793474898
0.0800984279048231
0.0836368124635579
0.085567129420478
0.0861420808992743
0.0840360216745894
0.0817592388847395
0.0829770849651552
0.0841501003610857
0.0873638364568075
0.0891900708083245
0.0907247107154397
0.0895940248890558
0.0899241814633134
0.0911960591120358
0.0901780227245855
0.0913097968441725
0.0959231636725737
0.101132844036014
0.106822884536525
0.110187265985243
0.111681711240194
0.114792916316744
0.118588172181324
0.123440181973886
0.129267133169723
0.136123628277285
0.141273632810048
0.147525812733101
0.147335052475442
0.14424538108492
0.14317638506116
0.138580118666092
0.145317748809764
0.143871832402222
0.137784288070329
0.136969026910979
0.1436021718
0.149809129488378
0.162091175038297
0.168641529166196
0.175083947497035
0.184922419348176
0.198489993057386
0.211756336799341
0.229480971147762
0.262681110240873
0.316733557434221
0.346136894422569
0.384764373423242
0.411216464853529
0.293718067386037
0.251767595358564
0.35450503140957
0.299019623459123
0.201422546874547
0.17062496565802
0.142309484811292
0.124898096004239
0.113331358711777
0.111441446949467
0.113575490091949
0.118210164666259
0.124912496955167
0.133933051048457
0.138667150558067
0.14148128799623
0.143160299563134
0.135854202860006
0.112197312566525
0.120753792397603
0.1197934953041
0.122401983337942
0.123685818154132
0.125713147223514
0.128512094844305
0.132282540750269
0.138642150543931
0.145022480217713
0.150914013851838
0.158263112871951
0.164792167866562
0.173168872142112
0.181092664199083
0.189145171751073
0.197520041030856
0.211973329242739
0.223869498745336
0.227266266188018
0.231669302298894
0.229322206574668
0.235740425825545
0.266556674851277
0.267680445681333
0.260865412704852
0.243106494952242
0.225229362223251
0.198943063000985
0.182739590656275
0.169993154235557
0.172003069187274
0.161141480589554
0.170025790250082
0.173064564831835
0.171923569659247
0.196887477953933
0.171088561440775
0.152028375544015
0.145946829902925
0.149227496508903
0.153704427979386
0.157544705609184
0.154543897012588
0.157525560221283
0.174429934313664
0.198062766403461
0.233430545185574
0.257285924038002
0.274557693884537
0.288870240165759
0.324469871728839
0.359885629378572
0.430412266034867
0.510543599064271
0.497088260964326
0.462013064371142
0.44427289618465
0.417565783469086
0.40137112227967
0.354869117562428
0.235860693264988
0.159257839064135
0.129066239475243
0.115279471725921
0.112652078323256
0.108544057866698
0.110643037730967
0.115345639077475
0.124150913031677
0.129833866143763
0.191632930824523
0.250452492035495
0.33087539609072
0.385893246973797
0.413890082499363
0.377589940455662
0.314903972491109
0.276538190580532
0.264216509036594
0.260071779861575
0.262964678254748
0.270072439221582
0.279144555140281
0.305953047682041
0.272633218879714
0.313664810558763
0.328431416795963
0.401479028132841
0.408322579522927
0.347281069462836
0.32800333992391
0.336750617673416
0.341467877496275
0.363560177451641
0.393274175729544
0.478758386889924
0.333804835362488
0.277943482592922
0.246246576307291
0.221824877043077
0.201081511972077
0.188456272358707
0.173067684773039
0.161834784416146
0.157114154777751
0.149459282348697
0.136300494956099
0.125445095637452
0.121187484835982
0.120252163714382
0.113252342898004
0.106135226976473
0.103985991666044
0.0951547318375432
0.0878392096976569
0.0849872079609964
0.0848658090634036
0.0844639129088555
0.0827255652506629
0.0823901161920055
0.0832656737732437
0.0830682601324336
0.0814577096085994
0.0839373979392357
0.0857822008019926
0.0854052250787385
0.0886064975348115
0.0895807971978592
0.0926674714561608
0.0951355711146499
0.0967363796645589
0.102192102544901
0.106240899232386
0.108330068530519
0.110164590070743
0.110505569590114
0.109647489774314
0.107370726155707
0.105864778604626
0.106873096736318
0.107433771566604
0.111145341798454
0.115604363382225
0.115699256637359
0.117588207477178
0.120893973103467
0.125816692012067
0.130879015179299
0.138500870290294
0.14582538658072
0.155614691432074
0.163906324698475
0.161638089535835
0.160809725676984
0.162425360346514
0.162215911807979
0.167276565192512
0.166069164725668
0.163879955339834
0.169215118415201
0.174990098342674
0.181499095706815
0.193719852014148
0.202210139118985
0.214758952968263
0.243898877512073
0.264358646539069
0.304818637337772
0.348891522408317
0.387392214478756
0.354437482817104
0.412923480111349
0.438930452506871
0.376845215148041
0.213707801390195
0.289565579182325
0.228550218994419
0.209614788100055
0.210187113830848
0.208888999632512
0.189723496111388
0.169681867763979
0.153558883126772
0.150938498041568
0.157704665601382
0.160456837141871
0.14733423210446
0.154510455386961
0.154004607062662
0.152206762524817
0.134448236849011
0.115595403825544
0.1209369602795
0.11954652063511
0.122521319146744
0.124197833105076
0.126266874742436
0.127297362377229
0.129750423175467
0.133844428009474
0.139344803647993
0.144943406368592
0.149719464403343
0.155568122247623
0.164077461750122
0.172698000323819
0.179207443586543
0.186261860443954
0.196477400288293
0.210560077551269
0.205168617677258
0.213693796463749
0.219358953956602
0.231749720745289
0.250296205446649
0.249848429392952
0.242603243082942
0.233394876677934
0.222711076295869
0.201423773999524
0.178783144651028
0.166337821171048
0.15716803956277
0.154071695341924
0.154966948627767
0.156781915093483
0.15816472302656
0.154823790498611
0.153484592596978
0.143082368720944
0.135222337156
0.132523839386493
0.143088932605216
0.14980193898412
0.148969712275874
0.148178322493846
0.162929950738847
0.181073465347694
0.221638861852988
0.255854532865875
0.276533977478399
0.317078661410789
0.345418342199445
0.398528419526212
0.47185283158141
0.549151287942998
0.506591611631007
0.479904317785274
0.463147370509425
0.442727981674788
0.420258848041672
0.397304857869392
0.347181190409437
0.198801654866994
0.128527089313771
0.108511648105154
0.106635997168527
0.10539125404582
0.10756568716175
0.108440702362519
0.113416376898719
0.114632928631025
0.231933980152249
0.315601594432394
0.32758675445972
0.136886849610101
0.327951291800019
0.394306115776079
0.362670350063493
0.298653189035016
0.264111616319045
0.255903087223866
0.244460295720341
0.265772947157132
0.279301573928055
0.244491764012766
0.402270921441703
0.402440337944057
0.37535929376087
0.39769070926757
0.385706368789339
0.362649508721571
0.331737083916516
0.354933304255219
0.355536803172012
0.383702549493363
0.387918155681454
0.408453232571978
0.303845396028359
0.249531857644982
0.238239871842954
0.224714255976685
0.211684661971771
0.196473515819833
0.184753861312628
0.179770053002111
0.170496774258269
0.161941741935714
0.149968631271853
0.134580462888811
0.127363138699129
0.124528331824335
0.115177377024085
0.111061882186087
0.110478402708291
0.105585007234387
0.0973290392103212
0.0947795039353418
0.0938462485879021
0.0924541129839356
0.0960761485954801
0.0976028647966534
0.0987507673339627
0.0977710916685355
0.0965799452951561
0.0931025433944054
0.0934777815414069
0.0900552482785662
0.0938332262748301
0.0997271938768608
0.106484621501716
0.112846060300625
0.122856154699979
0.127280424722421
0.132238537435597
0.136968366925955
0.138813267040125
0.138168685869225
0.139912567838361
0.1406094367936
0.134555005502009
0.127553375700926
0.118961034140301
0.107983435828181
0.115779206304808
0.1156177588703
0.117684693425044
0.119677267525094
0.123991978660312
0.128675647008641
0.138229244883733
0.147741274384242
0.160116823945246
0.173707057258591
0.175880005027821
0.179706317224859
0.183375406780218
0.182019248102903
0.184060080640859
0.185083393166912
0.189160195303619
0.197386357841093
0.206901310985392
0.210151381218166
0.218420691457027
0.226934154371942
0.249479072688384
0.286800474322529
0.321628230868433
0.369306981868403
0.419415718318292
0.430620500439514
0.499313809633922
0.417586664218029
0.469965199853576
0.345999931679614
0.28660494759741
0.274494885031296
0.2693049282956
0.297198096330302
0.334915567270574
0.384522370138598
0.428643927419718
0.446661475755183
0.373387042892231
0.272478180486838
0.326888549133598
0.273197485686487
0.163292343851192
0.159963266808541
0.15800388960528
0.146228494226878
0.112124368171514
0.122823926740804
0.121839311052188
0.122628244833443
0.123388311397262
0.124934556881534
0.126845419274856
0.128768429414382
0.129920276854864
0.13132006297701
0.13548594111141
0.139677709314128
0.144309965801462
0.151377993850515
0.157818945323619
0.16359630312262
0.169525054515573
0.17636787507049
0.181828618897861
0.192151956053558
0.197696668767214
0.202150510668082
0.210537044185084
0.226246721435798
0.245851594490772
0.242754559180728
0.23469182754808
0.22248227175779
0.212261911816447
0.197413495070501
0.178072071466102
0.166026035357409
0.153923568267612
0.155632594166279
0.154631026617595
0.157736456536708
0.153330890156271
0.150852231662832
0.150327722862052
0.14966931042156
0.138734729533955
0.131179781157343
0.128666320892503
0.146982669616447
0.146081974099329
0.147225948709794
0.150702024095716
0.174156110278767
0.210516443558936
0.250271043497075
0.284455288661808
0.325589747890593
0.370215376681713
0.4174862328602
0.516797309178577
0.555715550392339
0.488017513828396
0.485817072508271
0.473685802064412
0.467787530290354
0.462314775402935
0.4254887355347
0.390022745355184
0.315289861826952
0.160509203342262
0.11099614883759
0.112075474588011
0.111547870641614
0.10877638709174
0.103192617582557
0.0926750835075436
0.153960867971996
0.298658385893509
0.370524507640473
0.382360930735928
0.360339679767871
0.327915534035787
0.341387166353464
0.338165795346224
0.283212753945701
0.255684519683747
0.246650027923508
0.219591118834062
0.242213483796122
0.265390308649933
0.255111927953395
0.300328312252376
0.314870125168328
0.324320931443514
0.409572250323907
0.400401584394126
0.413880442786968
0.366044493102111
0.364551027554089
0.367092062442674
0.388038115307784
0.382886158996334
0.376836366080081
0.281013586884229
0.248402273279487
0.250369108702314
0.239987995605636
0.22920745071818
0.216462779125755
0.197965671831091
0.190433071837142
0.17918555187337
0.170770045944249
0.165556707349415
0.152791949498572
0.14378113542787
0.136890757538764
0.127320461009794
0.125491146109146
0.119749870758315
0.117031577166561
0.108323360082155
0.100631979004973
0.0967087969560557
0.0946882570789946
0.0995200518440865
0.104780691588156
0.108801188862788
0.110062036983004
0.110646001957321
0.109248319392806
0.101053937762018
0.0925413303207667
0.095095314378145
0.101355378613015
0.109214669540767
0.115452643282114
0.121096229494499
0.129150857079049
0.133771728342643
0.136725382567312
0.138866187513742
0.137775456004518
0.139509036136517
0.142387711821747
0.142863995952461
0.137468558459425
0.133595938888094
0.107443550672642
0.113654060533744
0.113928735309839
0.116757746307778
0.120116567240233
0.121827250786896
0.126965712469983
0.132023252515206
0.145064633519331
0.156746593131413
0.172055903879433
0.184652138471609
0.192515007336866
0.200913512985548
0.20421867323378
0.202941059820164
0.205921212307136
0.204744729653617
0.213757313115352
0.223289085017213
0.222440331586202
0.228373507832813
0.245737283275673
0.281240175391053
0.310976221783773
0.335972537242622
0.400416221125984
0.404440064812409
0.510342171157839
0.508591968861776
0.368859211892767
0.290118980910112
0.138687387654369
0.193968753094
0.257922581589231
0.271334109876864
0.291438536189106
0.307138887628387
0.312406484847701
0.30429438973679
0.29748651045064
0.284634562169133
0.320141549263906
0.334292622497815
0.252074915366706
0.143336346083313
0.150020718772213
0.134651172702925
0.127940226659588
0.122737384752896
0.126422606452338
0.126485873637961
0.127152064953279
0.12721268977507
0.128484683102333
0.13025796402109
0.1302965559783
0.132129206908153
0.133808664058261
0.136365884875901
0.139143973687198
0.14380473018463
0.149111671440986
0.153272147454503
0.158720584142692
0.162404788157118
0.16527364183272
0.172060896141699
0.182892827205748
0.190492944070777
0.192246041858431
0.206068293105832
0.23823555103448
0.246089662514989
0.240896948431
0.229649663419777
0.221616489841297
0.215918614214651
0.20675405510913
0.188395421829076
0.171550722926039
0.15459839892594
0.156404277768033
0.147162475872482
0.154602864803338
0.150648554139086
0.148308720968843
0.154108199805269
0.157951343557954
0.148332164819067
0.130812941431336
0.134780566234115
0.147226970596351
0.147347987858547
0.144832087646026
0.155685847595294
0.172809911236164
0.211869587657962
0.252332831509237
0.298273060963956
0.348629737484073
0.380568267146991
0.438859620651583
0.549526877632283
0.556079156491575
0.476715565908544
0.479763626197453
0.481953869153179
0.47234130060004
0.473195473757193
0.463284122638593
0.439094574351659
0.380532671679595
0.212861625375306
0.127879543579643
0.120821616888025
0.120764976333881
0.114268634132359
0.10573320577448
0.0963681645686069
0.1345203832656
0.213802235074728
0.289014438090492
0.32600705431613
0.0923839890596371
0.259579222776362
0.301600040475291
0.344786222246008
0.351107683941025
0.274413240983918
0.214887733233553
0.220892315816235
0.245463607048061
0.269815507676647
0.238622711431232
0.256221742597798
0.263231921777248
0.322122979295403
0.472880550927571
0.43328832480923
0.473615125557534
0.311817721380196
0.311573594920377
0.358876734479
0.352705943701942
0.346397705211274
0.337018725966197
0.295194447516457
0.27033939799216
0.272777206952337
0.266171114480544
0.261045639513576
0.24662896198072
0.225283287046638
0.207469532327893
0.190837540846314
0.187854010222691
0.184767429952662
0.177794696160544
0.174234064773221
0.162289157330133
0.154129148248042
0.148291898421938
0.138394860449331
0.126489243060465
0.11678505956981
0.109675161688589
0.104279238902996
0.101366145072608
0.105294616867787
0.110189801178572
0.11256856578715
0.117057031444494
0.11935825899822
0.120532653196573
0.12107564534691
0.107256729991732
0.103254047569496
0.112725301890749
0.112057338518631
0.117814517905445
0.121116079431352
0.129688739546159
0.137358169123094
0.144676534521696
0.150201508350886
0.150883340613661
0.155741758669993
0.160836154617079
0.170506527298688
0.152195414630689
0.123305690717382
0.115467477098503
0.116210575379037
0.119373797273994
0.1205926370588
0.122900588853148
0.125145910092145
0.12795814927105
0.132380563695225
0.14031415205901
0.151547825099618
0.162378660468479
0.1777462169472
0.195563891955405
0.202758271060394
0.208595289918228
0.210819576870095
0.218677913007687
0.223386234085133
0.228351789294657
0.233780371289215
0.234394782062517
0.243888841186191
0.26740319961478
0.312919487520702
0.338698505262991
0.367251764359528
0.437263371210564
0.475338647756696
0.562592110961256
0.564562733389838
0.323319723919496
0.237459206646184
0.242278972109424
0.336273313168423
0.383691913784893
0.332129622407342
0.326079208364906
0.319132380400663
0.309522242995292
0.320594117217767
0.350380754921514
0.302483658511761
0.191351314539078
0.22613355150665
0.177841865217687
0.152961838956655
0.141340622569129
0.13635771969542
0.136071874237018
0.137281036926615
0.139282480447211
0.135821051109077
0.135005188895523
0.133984764143313
0.13467123374999
0.135222557991957
0.135306041836995
0.136338950957987
0.138623648769318
0.139716097389475
0.14197700552064
0.14412139624293
0.148450200551131
0.151884741194907
0.15627450751525
0.157504304909107
0.158521627208666
0.162879952911088
0.172260610619762
0.183084606142389
0.187831810630681
0.199214477554552
0.242391694759143
0.249288827620848
0.237059832079723
0.222370524847898
0.211596335463356
0.204768601542644
0.199244934405315
0.188867177339197
0.175336582736842
0.158590819022661
0.156223619449474
0.147677348831781
0.154381671519508
0.155585185837766
0.15772615042786
0.160771870650686
0.171627728805853
0.164855915169005
0.154417812133442
0.142209347925556
0.143070371574421
0.149396735047189
0.14581514712944
0.157027196346109
0.172897647844896
0.217299099299369
0.26466142262
0.324107141422833
0.370413337523292
0.410567131515179
0.469008700735149
0.557091949049555
0.525941783963911
0.453516263696457
0.47383521647712
0.490758856359632
0.483047522347687
0.47922234480679
0.515281869681383
0.487782258134978
0.410647887322645
0.318402625763092
0.1955379798272
0.144245399908734
0.128991722537537
0.126758719367984
0.107593884910676
0.201960229997817
0.238611641204828
0.294731746535283
0.324363132900364
0.394142437124255
0.367656988143494
0.125272772529256
0.376276594935624
0.377311360133154
0.385267586111313
0.31619629781723
0.236223333136566
0.267139095911319
0.264873108144095
0.271187924874036
0.227333541254609
0.297728965838171
0.285776487937901
0.355300643543046
0.46174447887238
0.458826475125844
0.483827493006709
0.415984984745859
0.281952884639336
0.36213684770936
0.352549248944138
0.371229174835621
0.344333512370751
0.319132777992119
0.296446107150243
0.291138630292786
0.287163256678838
0.278748740510955
0.281520111045439
0.262530225323325
0.240084263333347
0.216165710960584
0.208910449819552
0.199286343631482
0.195296260860742
0.200867002204017
0.189972508066032
0.177461895009343
0.1703595720004
0.15538183287429
0.14701525654756
0.132576415572811
0.123587264973531
0.115090545439921
0.108583956487503
0.108106918538811
0.112289763579635
0.112252768805717
0.114495321162187
0.119697367470763
0.118170255939617
0.119970788495618
0.111055569793401
0.102526060857464
0.117390551914112
0.11754849747582
0.120590034406207
0.127763721691443
0.13478030404757
0.137803003160065
0.136630882716532
0.133741944059091
0.133494674435253
0.140100760047812
0.145099886627386
0.143473301379322
0.121036620436772
0.126645681655431
0.119844433146988
0.117892373509836
0.119410846398628
0.120178041638303
0.121790854256684
0.123291982925052
0.126356395689986
0.130717537762456
0.140124779812609
0.149827376056715
0.160877027937668
0.176373689912666
0.192931431931258
0.205991326979868
0.216920331169899
0.2205282891134
0.222544993327894
0.226109844173469
0.231529203135457
0.240514218275817
0.247274290078495
0.260629674372791
0.297442890439509
0.337287837382886
0.342746130760193
0.399786688091086
0.355568616337668
0.485374157606045
0.589848278961329
0.550109362472396
0.147606046625485
0.234808444542317
0.250497558191272
0.306048008656457
0.340287504885433
0.343160473479147
0.342311716966279
0.326258485889499
0.324184178082476
0.367009879796087
0.305765356077752
0.181334328337938
0.167975844755729
0.175768686801168
0.157831754315862
0.151605126717096
0.139952164015325
0.139737970874905
0.14507769748901
0.148398137873191
0.148297305129
0.146913108393651
0.145272510125321
0.142779558990699
0.140716833469396
0.140769016814289
0.142824572041048
0.143086308278172
0.14469570785513
0.145187586625683
0.145409575008884
0.146742159352191
0.150402346070396
0.152383110804434
0.154669681068285
0.153661830292937
0.155881727922335
0.159360138063089
0.164633993323058
0.174133252825889
0.180140932266529
0.189508489532562
0.226576653381873
0.254155262912875
0.243970718524389
0.226833396555378
0.210053181279697
0.201485262827309
0.19849471407633
0.190551293677603
0.181931915247768
0.160565095152154
0.161042911698769
0.147451064419158
0.147678659520686
0.157706995858359
0.166758555720696
0.171697287135289
0.176156413686473
0.180650973459038
0.181541830352541
0.169650215544248
0.156884823786961
0.156386322412511
0.14593601656473
0.156130763339192
0.177794628374104
0.214262317134155
0.28380107398532
0.369806954669679
0.407344196030137
0.425938412637648
0.464788396245526
0.538998199174896
0.530707152003371
0.441492107923058
0.494218419209911
0.509649880974599
0.509871578000175
0.486185926482049
0.533595996477972
0.543899156534736
0.481977814742225
0.444403274998434
0.32244615202889
0.196636511433028
0.154255181364891
0.120550895143249
0.103168565077257
0.170096946801839
0.293993505264871
0.339641518935351
0.367672387412435
0.3726983037451
0.365179732429845
0.33122463146511
0.335559756321683
0.404124942538206
0.437212158426121
0.403528569365952
0.31266330423842
0.266859374998485
0.244911116121908
0.233879655942452
0.263533665430492
0.347088886844004
0.409223115859158
0.448700221296176
0.461464835242793
0.465846774520439
0.469275084780297
0.360954766291304
0.0431380116242971
0.375014176235433
0.283491892054228
0.389183226640965
0.374268610738657
0.318078138597031
0.311795860135681
0.303363971267661
0.320373737977998
0.300335943946907
0.316008747330645
0.290907995805888
0.279276324415923
0.260474347574487
0.246087469209508
0.237166458827259
0.224562490896546
0.206684782378112
0.190599711798562
0.179656243666625
0.172872407369618
0.169145215865463
0.164035032405052
0.155596101997596
0.144476724798708
0.129992679168759
0.118352795598225
0.112167671721178
0.114981939200803
0.117504388046852
0.122217434763074
0.124453153369784
0.124654677530763
0.119785651554387
0.114869161202671
0.107400147002539
0.113490874357822
0.113318433823072
0.120421382535917
0.126602467376351
0.129854077556086
0.126220599862115
0.121512169785616
0.118795473496049
0.118244559867329
0.123433020853556
0.126936860364518
0.131154806402603
0.138297087245561
0.141325468727171
0.140073206161283
0.134525294656987
0.130807853853386
0.128298531671111
0.127882931648737
0.128997132153287
0.131417393268638
0.137827532084778
0.142031956289868
0.149912073974508
0.158977016774105
0.163954772971743
0.177917855241527
0.193261595848042
0.201298826419211
0.209734668738366
0.216188459034273
0.22784745895299
0.237046664880898
0.25089369518792
0.267492541676629
0.29235030890649
0.322206674820731
0.349501233296459
0.350588194687337
0.352832671816655
0.290717038524878
0.512167159888739
0.583123778299481
0.417129431664415
0.137780519363224
0.246854505106445
0.266121325163081
0.310213570601127
0.346029996170666
0.376388793431524
0.403757717283114
0.42659598421475
0.395710419848127
0.229783891589416
0.222884611380261
0.167327361672827
0.174069436458744
0.167976280067489
0.157749643311438
0.153439569070337
0.143494307850672
0.145450697194429
0.151124725315254
0.156942755367058
0.159296629189017
0.15678835280526
0.155067958539567
0.153443180996028
0.150719292012832
0.149645854182632
0.15057498426371
0.150346314536984
0.150930355204754
0.151622411901106
0.151236075672919
0.150823138657508
0.154043407985441
0.15358755803085
0.151252848274704
0.151276995504159
0.153847284205199
0.153663800844751
0.156399812407487
0.163234520477382
0.1717750688637
0.179873821592613
0.204692506550865
0.256624608253827
0.253924319614856
0.243436521115437
0.2167044354809
0.212169101161078
0.210920681783446
0.206370514793024
0.200012687879867
0.177560952624141
0.179026928544482
0.157939350501157
0.157654952940021
0.160250713174578
0.168249709345997
0.17845967111106
0.187067344795476
0.193432401331755
0.189622638576522
0.184254431089261
0.159483168304594
0.152521337655663
0.149241744127591
0.163892846418451
0.200544733457839
0.224546131156306
0.318818238008202
0.411156600901893
0.451362358700868
0.447156249887871
0.504700759670895
0.502115956954786
0.534018792073609
0.396551554343263
0.477402371122613
0.517131493201536
0.524036108525711
0.493567557704502
0.476747041228789
0.50652693018452
0.480620819901681
0.485385879984659
0.307874202059885
0.213546723627985
0.146243270703549
0.261912580108462
0.239329555830832
0.174523802701106
0.286091909685601
0.359872608825774
0.373532165173552
0.365533831191839
0.344054338986528
0.222441007401469
0.288791807101679
0.397752101047583
0.382732159644454
0.376901708864169
0.324038070509804
0.284069279390857
0.261062731423096
0.210430444235913
0.35539057658908
0.40130206866662
0.479908607776625
0.472822266071022
0.448959030972397
0.475669921020181
0.154377400218845
0.408580839522086
0.33837229866331
0.447878930812571
0.4609508753565
0.450873746769087
0.387462656903265
0.30816817299311
0.322337297975117
0.318231869486041
0.33470947971204
0.308338989796024
0.293551393911307
0.249360818767579
0.220146883470724
0.23640694236794
0.251767949297875
0.25498598868268
0.224167442901386
0.213856506557859
0.200978772117959
0.199991539068502
0.190020686320689
0.181358183145382
0.177359783597182
0.177902760434678
0.16523097975488
0.144862081681343
0.127448834508974
0.119299051111418
0.119375756678301
0.120838530858853
0.127462063436937
0.126369662058129
0.12515741841301
0.121387974823281
0.119893239112185
0.112154269290478
0.113976586902602
0.113276324801603
0.117224260480915
0.115480013972581
0.11433960783742
0.112730465670431
0.113996625159598
0.115343015789286
0.115935527275122
0.119375712627792
0.125598422301283
0.132632900086834
0.140139256744107
0.147330967862582
0.152199734034356
0.152748245037456
0.14847102652006
0.142535908189075
0.139286675656613
0.139731958933005
0.13943864238021
0.140907146004905
0.146255979007263
0.148884957961293
0.152681980566052
0.160739847363215
0.169515961203356
0.180399255008859
0.193920487532074
0.202285815773472
0.210241451436066
0.223833649054816
0.236620275714704
0.261557734494828
0.288039547954628
0.318537436668487
0.349968856858847
0.353254210091677
0.38913964195272
0.304310629912391
0.344597866655527
0.451468831270954
0.467794935554426
0.308749355161214
0.140492894383212
0.26163206763717
0.291442949124249
0.334999656497855
0.372144619798496
0.378598102648131
0.374098689499514
0.362990196176335
0.327212112325858
0.227531723787154
0.210422271424892
0.189930736594936
0.183845764004548
0.166982218108138
0.163162880708843
0.163140208395018
0.155439260264373
0.156639149184039
0.161461481779273
0.166137998758656
0.17435732681528
0.176408016521827
0.177509885896532
0.174891511192933
0.16985998168521
0.165862820170462
0.166354703531991
0.164216057163596
0.162660535390559
0.163582003195442
0.162981157559612
0.16207117356944
0.161603109019172
0.159077409529813
0.157933576310049
0.157139781176798
0.157853037812141
0.157715021489301
0.157513919178741
0.158810178230948
0.16478317466912
0.173408938984484
0.192078280041134
0.236720561454808
0.25228614810036
0.246187538261969
0.231044857506504
0.226018395114864
0.227709367442034
0.226803711468385
0.213775641640842
0.19728514498246
0.200658318251127
0.181812221876062
0.17796379080426
0.171953976287354
0.176936984099759
0.186607301124816
0.189531173784458
0.196681463360784
0.192358318033686
0.202998743085795
0.159969232209889
0.156905759441057
0.157344290213279
0.169917841152485
0.216230746737693
0.247285980840553
0.381234653453219
0.456932213414515
0.476343113323108
0.46772310914687
0.492329137910368
0.488384093189548
0.493301456205817
0.467425821747836
0.462549072315952
0.475416979356228
0.470103022359771
0.453895157640642
0.467435241356381
0.510811820559024
0.500978217925303
0.468629149468953
0.395487504266657
0.339960125310794
0.239401131490979
0.373412099418681
0.376454634539365
0.298589396178244
0.303330338307195
0.326291355970478
0.347299929333751
0.343884026602667
0.337518276097393
0.250060311976327
0.352037353573141
0.327777460288871
0.304379135689309
0.277495206981008
0.272980307818383
0.276742921979385
0.229481402109017
0.194430517538156
0.351928817201715
0.405074552707514
0.475299219819082
0.497397165563925
0.44131519035942
0.475414915016115
0.430361862395783
0.428463407111708
0.396635012521105
0.423737364651579
0.458102267405724
0.414270268395069
0.389801300729249
0.287614575212802
0.32059861861877
0.326779610875756
0.350361056124692
0.296635539409748
0.256541809375055
0.196310908249118
0.192545896965631
0.197743129488228
0.229781187694632
0.232057877007473
0.222178592649644
0.229115934803232
0.217097428772058
0.205386811859062
0.205090671210054
0.19554719205261
0.184708046905001
0.181660561978274
0.17320115851328
0.16073658200525
0.144791242331106
0.127288623764607
0.126720143167366
0.12948205914933
0.127983054768452
0.124510254268388
0.124487005856194
0.123794224405414
0.122269259427153
0.116068683661338
0.116680764140541
0.116098890670788
0.112746821246093
0.111964763796804
0.113120022545992
0.112394775025745
0.114461435011601
0.116528922301793
0.120308607344531
0.125831610651151
0.133327213139685
0.139134826686048
0.144566479434022
0.152067637427116
0.157127673028194
0.162844094296493
0.162350123591441
0.158252041048829
0.155523491950378
0.151438123268056
0.148420461366308
0.149164764138623
0.151803064124584
0.15157632533129
0.150428986320048
0.154544969056495
0.161161858230185
0.169332170694085
0.180473899358749
0.19729943689995
0.212865595437262
0.22515410997549
0.242849368650583
0.264464952105946
0.296978018266549
0.328102884983477
0.362308250994571
0.373877941996074
0.352390262464955
0.338312681776547
0.423176930190327
0.519660030002477
0.549900733830774
0.395735619497812
0.195295750111893
0.276184037400545
0.328770386678086
0.383310384604758
0.411939725504334
0.410125967635484
0.387042434863178
0.37059287485177
0.351050477417099
0.313511747138739
0.26188200560714
0.222813230326581
0.205889340837383
0.180075113002963
0.178683612851559
0.175897898032393
0.16372457522023
0.163835910374106
0.166064979284329
0.171404787116508
0.181221143593491
0.189131277655979
0.192133652149942
0.19036849745254
0.186126599321517
0.182535508900595
0.179491167895008
0.177403037896465
0.177132779272818
0.178489322053022
0.177699749839354
0.175657965982541
0.172484792753258
0.169880647241184
0.168401642580318
0.166931597802043
0.165828598173381
0.164633511431875
0.163135887379505
0.162137196404516
0.164728425857977
0.172613666950462
0.184340928237825
0.208274371343655
0.265147759871131
0.264342616659931
0.246614391870524
0.237180636176898
0.233558334188664
0.233210792430217
0.224922366441992
0.213296910698161
0.223367969061385
0.207296796321912
0.20310464128076
0.199771018869211
0.200437411774958
0.201473818798042
0.202315009866521
0.198775856444204
0.185669863374689
0.201842004193201
0.175696556769026
0.163432332085916
0.162768433276071
0.182794546243567
0.232106266626933
0.266402341615527
0.455282272238491
0.479931697480254
0.481228568718041
0.494606497441002
0.503888099676723
0.493992180575452
0.507650799836686
0.519086838531848
0.484074996992337
0.434553825835523
0.349055647700387
0.384061333085507
0.458747457068675
0.499891610298954
0.513326918001547
0.475914400352403
0.458497569900959
0.436550725800427
0.345874695126139
0.38448432475472
0.429359653306408
0.35549404391919
0.304880041265176
0.331402967031072
0.355273474912797
0.305088267923431
0.298649426977489
0.226418613055737
0.268905593634536
0.299883460650273
0.280574450802087
0.303152752775828
0.345305120263539
0.355373848389949
0.367190029927834
0.286634070173718
0.390895643221313
0.470044742329211
0.514465678412142
0.466703642639135
0.438068976558894
0.448936107364885
0.442783956806712
0.441441842967003
0.435263041976431
0.430245957340842
0.411818473902047
0.446956040690398
0.33894192782665
0.265710417997194
0.315868075715953
0.334715178876601
0.36845650748864
0.306442187378948
0.246013107614574
0.149977928372096
0.188595868149506
0.222949566680355
0.258811327738092
0.260348559287654
0.239904668793898
0.239558584990499
0.238093756421852
0.225640337653616
0.219396173197716
0.218114203744011
0.201479271991119
0.189978528818422
0.175658993084078
0.166156431183552
0.146664343050058
0.132212902318235
0.130144511661744
0.127246292144211
0.127766404383724
0.123476372952495
0.126416596878561
0.125365859321079
0.123561972320182
0.117048241961524
0.119298746453378
0.115678360389791
0.11426718719646
0.1152127596045
0.118882363454161
0.121083789599681
0.123832265343867
0.127499798485983
0.130948126773788
0.135758995239669
0.14303164494244
0.148452272633586
0.155328701161476
0.159998160764797
0.163915882108922
0.167693581191078
0.171807318900496
0.171267003576439
0.169374462524365
0.166109295143819
0.163262593900172
0.159819192472489
0.160404154600357
0.157796258548357
0.15288312776699
0.151526549268445
0.156795357484399
0.164350466452716
0.169272431168768
0.187378718991057
0.212982770757538
0.235127951568514
0.248593654121776
0.264093364383629
0.29987537732632
0.337507147614007
0.375576469379501
0.376109590578548
0.330773896000336
0.44076307468926
0.445463143402211
0.518364659770546
0.498505241135057
0.363719734472489
0.216480719975454
0.294751467723287
0.357052521468761
0.411409379588466
0.431914700247775
0.420503790534842
0.405043650081269
0.418158481717058
0.417166852616465
0.367253337035879
0.270052319235369
0.244985402107934
0.23114085228122
0.21187333873298
0.209229614485694
0.203326954658588
0.190400518135772
0.188742816171827
0.191023527305095
0.198734582604174
0.207572704408939
0.213309268295965
0.213658210821497
0.212307711231093
0.210142705806499
0.209052746881813
0.205960579105837
0.204570314586999
0.205190269691407
0.203967424071548
0.201251838741297
0.197320154913298
0.192037675484221
0.188219329441226
0.184603453115476
0.18219179400373
0.177509162527714
0.174826288162834
0.170485827846238
0.169095073889359
0.168754072854506
0.172374247642331
0.184510971760362
0.19785152932226
0.234833810906722
0.284772275549039
0.263128763191809
0.251068980470987
0.240997780738661
0.243120531126867
0.245415857424345
0.238719433041413
0.242123385218624
0.225793519954153
0.212455194195629
0.211253600144521
0.211123313232113
0.213059080735638
0.204919524137674
0.191407852997863
0.184160163369369
0.184249162766513
0.184641677263595
0.173785500571324
0.176232248350097
0.201485012043521
0.24897722905567
0.314064527798925
0.485958649039076
0.488717457714263
0.504821879334859
0.53120220883402
0.502456828316086
0.494183655313699
0.495807761016878
0.48311477123043
0.459812748051147
0.365549110730556
0.173500947744453
0.460342325209481
0.503009637248916
0.479162357145333
0.453982730528302
0.478521474510886
0.468117277531235
0.445755959581625
0.392244914611687
0.411930097889333
0.439694150601743
0.452816313970742
0.365777183240903
0.37065782510195
0.406796631725003
0.0708965028413687
0.186066970724236
0.117299738749778
0.0935436959200373
0.199589758396533
0.185869447272991
0.216940079926518
0.235962066276528
0.25190172869857
0.299542925014795
0.247594366977802
0.278183378079602
0.40167032012186
0.433587288453274
0.381825566358038
0.415386210767565
0.432899252041089
0.440934785792919
0.452784751111822
0.434163506518538
0.44495303001465
0.320258012564059
0.406714292992899
0.36236269524984
0.281200505413633
0.294857239075871
0.312642555442255
0.339132669482227
0.305977990267219
0.251665340103054
0.151565432596652
0.17586643361333
0.21346916492971
0.264161776360234
0.284005279754144
0.256525383176577
0.25105238604894
0.242930418443993
0.245528724847301
0.226328994560453
0.220880754895792
0.207680070367866
0.190974149797552
0.179885788979317
0.170099115797791
0.159420994410509
0.147566305811526
0.140548706676647
0.135166736134965
0.133241260986387
0.128864138554837
0.131206053246411
0.128047753744193
0.125954712693757
0.116528290718817
0.122920162561407
0.122026567807399
0.119273990182647
0.123904676320157
0.129685213081127
0.13367392472317
0.136747502512159
0.138690777176142
0.141719222239473
0.143673062419194
0.150334579220978
0.154710688727467
0.161770713399829
0.168676035605342
0.174119006348571
0.177236871742813
0.181891368738021
0.185725466450434
0.18580628728146
0.183748552930536
0.176395241877505
0.173248408559581
0.170601136534981
0.164671323256505
0.158813791404442
0.155330040905665
0.155447511791133
0.161530142911516
0.167418369300328
0.177530713118821
0.206512368002251
0.238258665592343
0.251639490421935
0.271214236480666
0.323621065080617
0.367365851794796
0.402424346212838
0.380218467205121
0.371905402920389
0.470941654342881
0.434314315536956
0.487948544238484
0.319979170918461
0.291728332533293
0.271989244155199
0.295720624921674
0.379869730759378
0.408338840165247
0.435567340083712
0.429527674638946
0.427957595106403
0.508464150993269
0.500599452930144
0.410290934860056
0.303862248271929
0.258784436613773
0.24793331850799
0.233357496299291
0.232994740378762
0.227548380790029
0.219657661106066
0.223399669178762
0.222441608950787
0.228796981377348
0.236904201626383
0.241304084514235
0.240710093969488
0.237608981677009
0.235603591834611
0.235834233095018
0.235956753162461
0.235084142840329
0.23506039452107
0.233017890168987
0.224707277022262
0.22124564635435
0.217699291091243
0.211644289770909
0.205152226624526
0.200022319231156
0.196277403280111
0.190476629299916
0.183731757132337
0.178124194021812
0.17669099722337
0.176565863228445
0.183463392355329
0.196085979923642
0.212207177450891
0.287931335662177
0.296554667747125
0.270764167018702
0.246674624627197
0.257471259340072
0.263760518804088
0.260181139747581
0.266215418419533
0.251528115276121
0.240418461460159
0.226651860010591
0.222344506906712
0.226601144413836
0.21779908265776
0.200915893326963
0.188997785489726
0.199631116975256
0.199478565141882
0.178216681665932
0.187542225854008
0.2260228573936
0.266062780902406
0.338732442403456
0.507197807975342
0.512380762934428
0.529791602023104
0.509102635507826
0.491009473527043
0.488663994962533
0.460993193674321
0.483990256493527
0.456924815528231
0.0859458756618216
0.228615776779087
0.5083894992857
0.515550558536839
0.498059327883955
0.492433227525734
0.46743644901355
0.456570308210747
0.44968397307501
0.423982292923928
0.493237526387081
0.419463267966653
0.437537240663764
0.394190636497285
0.394853436046146
0.389318538562178
0.167587424526884
0.126863724533199
0.0517326256194236
0.0978923367088414
0.0347432090185467
0.0869311953738329
0.190381060677693
0.237004847310648
0.15765941075013
0.168165652575074
0.151440279529473
0.164558550681478
0.306743686938566
0.42785511089659
0.330646348095638
0.282137093948727
0.408538056101417
0.395812010759827
0.4315036853859
0.422463792411575
0.44290693397665
0.404143661493066
0.392448802507902
0.395738779439708
0.310170647053367
0.269466563116297
0.271538293532861
0.277182965320452
0.25380926971177
0.226859979872086
0.162444775865642
0.163272335284774
0.184188914447257
0.232791690349664
0.260803997389512
0.246092956763557
0.234639582667184
0.245662657965659
0.259080906250285
0.234782683644436
0.219270866763276
0.217286822520293
0.221928265100689
0.202035312319886
0.175588784765163
0.163355439032216
0.154845129187702
0.151297580877319
0.144749321751929
0.141040614572676
0.139342891752703
0.137309306543202
0.130653279028399
0.124463550661496
0.123581951936791
0.125952027061333
0.130924380997831
0.130514383212602
0.135407294457513
0.139458391569125
0.144616198200836
0.147212289446075
0.151261515036912
0.153244565875995
0.155555415981246
0.163096956373251
0.169917240896823
0.175709340281415
0.181185005366055
0.189391992695113
0.195371446370531
0.19573346529625
0.199825752675275
0.203405715644737
0.206378820568962
0.197840716476562
0.191956605573252
0.188474985443623
0.177467898629117
0.165934782597593
0.162451611000131
0.157597522427786
0.158818050184143
0.160216194000741
0.167293273843884
0.195597647353683
0.236880632473796
0.255267383180493
0.281949671027568
0.371616005692838
0.381409322856215
0.416197183712108
0.393258122406687
0.385302623379763
0.45400049344142
0.415681176410659
0.442620653403643
0.439878871838421
0.381993076710407
0.397149232067089
0.455702273226179
0.413245093753591
0.439643330811586
0.427361824353716
0.402324935676648
0.374881382110469
0.424947201688998
0.460670279266491
0.430330121600478
0.348828287819198
0.288284561064636
0.271167451834386
0.252956002797621
0.257054356162763
0.250318355335247
0.247194212515145
0.259209981277665
0.262780147455045
0.258268678359419
0.258986062878193
0.261795111940334
0.265628026692958
0.263384968828476
0.260781648189316
0.26408831347051
0.266816767322495
0.268130758775518
0.263707887424815
0.260938019625134
0.258256230821556
0.253835639879547
0.245327191600665
0.239859062470518
0.23188629517223
0.224121043408125
0.21630173740655
0.208044232888298
0.202603957178426
0.191455643472641
0.188449802683643
0.187053168352989
0.188398819913134
0.192636979457042
0.20967515966496
0.26176030174819
0.33640044579435
0.305825358096746
0.249023729158131
0.263070666515506
0.273336757989156
0.27494110400794
0.275259087283617
0.268294163298949
0.275061497611137
0.270306043633455
0.262186686335052
0.25668507952835
0.24097730090166
0.210871635647272
0.200716526984018
0.219318455471829
0.213584642398975
0.183033629874239
0.205011140419185
0.234067686041363
0.277982755616382
0.35799527311265
0.529707628914965
0.478276060465713
0.504602693010649
0.518729591463575
0.506490524469532
0.48787742628838
0.463361928140387
0.499951528297125
0.499162747255128
0.428685745649744
0.322966659330785
0.511336236669719
0.493053868383104
0.508052546272232
0.498762616338103
0.469554541626641
0.426112730159929
0.389422575900049
0.367588558915948
0.504666283100179
0.47044206289798
0.480372372404478
0.467016495453871
0.43754677748791
0.39777690815696
0.337846031481047
0.24698578886764
0.105914820221227
0.0665985018197552
0.164497524080241
0.180512006259666
0.175687428865227
0.189651881071936
0.0793780293729623
0.0975436218677613
0.130547191009058
0.255214021603323
0.285714497242778
0.364602113962637
0.365792710611128
0.386591608387016
0.40413530953578
0.366611235465568
0.406299661710949
0.413143995345498
0.443427435417332
0.433035367405476
0.387941245144759
0.293642694309982
0.335192244647923
0.245202093564498
0.181886516686479
0.143936888010588
0.145970947432017
0.185891440554809
0.146211319548209
0.142579688100778
0.167342463941353
0.197239332663138
0.196441398705821
0.190698840238345
0.202134096927266
0.19411241466209
0.214650336318487
0.225533518027482
0.220462626029526
0.207689296014756
0.211637262969271
0.208400042527361
0.185451485533233
0.168583443006305
0.166859315375738
0.166985528784519
0.154756486126681
0.147087153452893
0.14781726464125
0.147341502718189
0.136943048802555
0.128090036102781
0.135495684117023
0.138305121918745
0.143381827739084
0.142342207312869
0.149391659464731
0.159799279075626
0.163503790953797
0.16427035431868
0.163142717831544
0.167861906769905
0.170203271203369
0.177323850025888
0.179098910581662
0.181982494064025
0.188467259219743
0.194716972420846
0.20369103612938
0.208557664050599
0.211466303276935
0.213938201140355
0.216142329522992
0.213307748192177
0.204941073540789
0.202131484298796
0.189938559284901
0.173822624697834
0.161131853777594
0.15831807872959
0.153169455837668
0.155631430001812
0.154654093497646
0.194396451250801
0.242468257145155
0.274910591554223
0.300760894144154
0.421987909835353
0.438656448073557
0.425641126801647
0.414274073498878
0.389305966150615
0.410220845990566
0.399962960260339
0.407188861964818
0.406328926876645
0.394381273619587
0.42043782296283
0.446127398410055
0.455176485966807
0.459109749246087
0.414664018699476
0.394037294742124
0.346606283599906
0.323024110729365
0.385423237857648
0.393642917583659
0.366272542085577
0.324516325598476
0.295343623882761
0.269129451075791
0.268652969096337
0.262385179872585
0.257837046396222
0.267533647652322
0.283834678057633
0.283789728064207
0.274614583938484
0.274644018005041
0.281190092637417
0.281130841668869
0.278528788603805
0.286139340339153
0.291743271446792
0.296273379143263
0.29094747928211
0.285359388866011
0.288035088994414
0.28641485187587
0.281427287410224
0.27079008277368
0.259409924496235
0.246533285169979
0.238646453662268
0.227360270587746
0.219168054278164
0.208073800392158
0.202538487104468
0.200260401430939
0.200760653221284
0.198424735530041
0.212882005213503
0.274571115064759
0.399467652146692
0.399918236234748
0.292802932051757
0.276540804087796
0.270659107148652
0.274531512037667
0.282048973870987
0.284106261121567
0.307012460167594
0.311410759629244
0.300141844649858
0.298392347696837
0.271265573252327
0.231401704262185
0.189820932690429
0.187031028348851
0.195883408719382
0.182283173611953
0.222137724515287
0.241533163693193
0.265596100669314
0.322145882188193
0.36284150463856
0.368890222504113
0.323705034070644
0.541710558970253
0.512646793715871
0.488661867266602
0.458922384115941
0.521941260370039
0.540344311986435
0.509705994598125
0.496273953709927
0.504781111414707
0.501825241400446
0.492601886677466
0.474058583788442
0.45988759840185
0.418095432399158
0.378712118288978
0.344837755095315
0.414307816280865
0.429238506964647
0.448134567352096
0.460194372679786
0.440681761702675
0.349502014234783
0.38367941021047
0.209035976979125
0.126135659223721
0.182069071701682
0.239727265030779
0.280662088780722
0.270066312966833
0.209938802837039
0.144059781381169
0.146198004975031
0.203204985963084
0.346881486311454
0.318210383538778
0.395777191084708
0.364184006310016
0.367110233664721
0.388896207149299
0.354802053210919
0.390014325135418
0.383834835567289
0.400379156759739
0.436047578739176
0.239297834884451
0.198083593989962
0.318304680463895
0.268849912307886
0.203968987985314
0.147182352444532
0.122138326077056
0.147023742425294
0.118849145229408
0.13277396546885
0.159819476459805
0.168346386937104
0.161207896792374
0.159690645224962
0.175731245047316
0.187767177015985
0.198530117426012
0.208421625552737
0.2143161502107
0.206895523695817
0.201195045101913
0.201584327057723
0.198362195617829
0.188349079612205
0.177285166188573
0.171126148390778
0.161929550012768
0.158664498487069
0.151960795054762
0.145667531540263
0.138804103169792
0.133252191996977
0.144232878832434
0.148665940267419
0.153169276910668
0.157720975141778
0.168983286520355
0.177519418745227
0.181399872494538
0.184683254442379
0.187435589287484
0.185669599617035
0.184577312915076
0.186420777074754
0.19157228709166
0.193414661090876
0.197001274152749
0.199582758148141
0.207036919727513
0.214516988453355
0.221054396730001
0.226928431688998
0.230906432482564
0.229728201202382
0.22377045533459
0.217533566014484
0.205966869325822
0.186109573553166
0.169983695492393
0.157807672817669
0.146129006898514
0.143670099983372
0.14256938554573
0.200231896766806
0.257637153785129
0.30821241039876
0.400062134143964
0.428150264693402
0.434178940594535
0.43665829418448
0.452309870064209
0.418851381860398
0.470467872414123
0.38163682960278
0.418996101117226
0.386928456692081
0.381366146943059
0.408943843107127
0.397142150451097
0.370132447244546
0.360621353969628
0.330996658852588
0.329241686903485
0.306552312910802
0.288461881325546
0.334913382247283
0.359726083346036
0.333137774652887
0.299630740811612
0.292039214377215
0.273241444413938
0.269485678873975
0.267956684889814
0.260233400142909
0.277974936127745
0.284031707308562
0.290056848315208
0.283899534966101
0.271402953304038
0.283133691092763
0.289616073172644
0.292706453421996
0.298303617289773
0.301328126308469
0.308120729696109
0.309816712209962
0.306218219406139
0.306597660759388
0.308731281834585
0.305713316355184
0.299300962312214
0.286072019718626
0.270143480047708
0.259038187174603
0.247301756289747
0.237081142915439
0.225651295999665
0.214522274330031
0.213159595865882
0.212866558779122
0.211382110441293
0.216818461107272
0.251019246080528
0.388747849020092
0.445781656528885
0.383650445447719
0.322238445275807
0.282501791857295
0.276095179398526
0.282236142436916
0.299925553410382
0.323204316303444
0.330786081902166
0.332320216859393
0.337907704092041
0.320653752736027
0.232336496232123
0.154529659178113
0.202583674506201
0.182253066646241
0.171647068055268
0.200908252077362
0.231050325181119
0.274909119480376
0.296197366180894
0.270592175306233
0.253245474460543
0.377898688178237
0.501457939718862
0.50859321739136
0.503773176544005
0.465625001113834
0.464904441198062
0.504906441396132
0.520474943910305
0.520679164838786
0.488041312845454
0.492820713459127
0.482181905116459
0.483035945015783
0.463537647642702
0.416633991987008
0.366189135657355
0.332535243442787
0.315388828198081
0.33312546585856
0.387737810964403
0.423407567344741
0.388070203382389
0.395985676503819
0.237768108857424
0.168600896986455
0.1669763558404
0.187543006910939
0.238528651574694
0.265123436478834
0.263995200276617
0.238674753834876
0.20454989949989
0.184186352553577
0.185280634348043
0.22186822107297
0.254154822757935
0.287921765268714
0.289621176820626
0.342391204268414
0.354782123164611
0.307928282976399
0.331552681630497
0.353438135639357
0.371671098827723
0.411160851887155
0.382051518007518
0.315358272868369
0.305907492498157
0.283753295371248
0.264820151489265
0.221820406385693
0.178346792178863
0.165210110326165
0.147361982050591
0.16026632546803
0.165400988730836
0.175312246571077
0.182522501504879
0.166880168778966
0.155845779140534
0.175884351643669
0.194954835785464
0.203091531763825
0.207296110014558
0.203994255259506
0.202563638981737
0.200968767060795
0.202469421649011
0.202512204536387
0.189690528415516
0.178984260920184
0.174550182917123
0.164958145244799
0.159757917990159
0.147373133705612
0.148682860871665
0.147701622458784
0.149045996865497
0.158102363229262
0.164151058426516
0.175413237305035
0.183056604112653
0.184888940959214
0.192508401505666
0.194669879659109
0.193420768122315
0.194635008806916
0.198042837481874
0.201613292524819
0.201326407750347
0.198329370364058
0.201162552700477
0.204594168377115
0.208043036038136
0.212722915832845
0.218546156306336
0.226443240845833
0.241205768835123
0.237997981571193
0.234427019031443
0.227709817095572
0.214942441496883
0.198017952438474
0.181155756792527
0.162977412043623
0.146081734081773
0.137903521867395
0.135384367709845
0.220658380593483
0.291448629628554
0.393475597674337
0.447042365149563
0.463957154169478
0.46349707200389
0.458585633529803
0.429798301985739
0.40177524622719
0.407571909880715
0.369811207812969
0.394661119107775
0.364810384174196
0.368420393780996
0.401020036184498
0.371607787306746
0.275384502431753
0.28476595276304
0.248519473642321
0.297025015146047
0.291276337245099
0.299495150393411
0.292084623568746
0.346142553071394
0.357360487315685
0.328423578912327
0.296220162900544
0.274077679955183
0.261763590171731
0.256615128390961
0.25221752923143
0.260495793804895
0.266986613869563
0.272662541879162
0.277851623024592
0.265672756455616
0.276806578124678
0.291376620910068
0.297547102699905
0.297048693057672
0.299944759130608
0.305487620184566
0.324818568411585
0.332696885617798
0.33144568230606
0.324372128041207
0.316692527718863
0.313507672804542
0.303438533015433
0.289771660438836
0.275314854262319
0.262061122455728
0.252777957584989
0.243587411748861
0.228496706274941
0.224860089700668
0.223395102342231
0.226740882616114
0.226416907022449
0.235951328614473
0.322241026263812
0.382136802747679
0.485878301232162
0.397473880932594
0.330059385758086
0.276399321123425
0.333834126868792
0.304438917302626
0.324909038186222
0.329716197344265
0.339358739869657
0.343090074609506
0.260250501615044
0.192266662046988
0.148591660786897
0.21427266809752
0.209642707286386
0.188548669297358
0.221191779649071
0.265854632638802
0.303227131379041
0.330187759856141
0.29650909940579
0.276451297407289
0.311488697011983
0.477746594833765
0.494748964459708
0.486627906326239
0.444424911285036
0.31791586274505
0.510631802886815
0.512724711716394
0.522225269233341
0.504105381068477
0.473006878260191
0.477823452222871
0.487226746067761
0.474577366911329
0.441781452201732
0.384806572269355
0.356910071115671
0.321925277158904
0.291533445474004
0.374806174642586
0.458973161283745
0.406119335389668
0.36380681355527
0.259618810959102
0.212925247221094
0.253286981216632
0.217519692026533
0.239584666313316
0.265098678183789
0.294201617088081
0.289067366617328
0.265201831215813
0.26612692404455
0.245356010281568
0.256793110678212
0.295859739303268
0.28534120046572
0.309611736293704
0.363332730328686
0.347760144242145
0.253760970139052
0.260910879570435
0.0965200035335518
0.326319838885052
0.339662003764663
0.315986034729969
0.28833178743094
0.260912178230556
0.271093194564027
0.286969762568203
0.257954873856494
0.225944444064807
0.228195988174759
0.216403427019965
0.285658011104969
0.246635595037426
0.20925451031135
0.217017574002524
0.197726208145428
0.17753271468442
0.173581396351339
0.176914338555166
0.191355994573738
0.198473485248974
0.196980451648498
0.198986617961074
0.203319450274475
0.206393358861898
0.205637496201798
0.193923965554094
0.181050944063722
0.172406828657057
0.158075467893103
0.154637861407629
0.15601856085929
0.160503258381956
0.165064619392745
0.160948986186537
0.173487886621694
0.177536995990309
0.184685267410068
0.18541792278178
0.180641520341139
0.17930625299866
0.179236685438435
0.179670498816009
0.180940322124853
0.185728524392251
0.187665205452804
0.189559224114043
0.18925886323626
0.199538217272634
0.206167821788111
0.206790438637057
0.20691191196315
0.210411082996592
0.215866497344626
0.230068539711527
0.237010213375164
0.232229123869675
0.228329759281513
0.219915217778853
0.205437732175299
0.188617938296086
0.168338312322752
0.150946697166669
0.138143832042872
0.132957120803515
0.27484187354252
0.343717106057865
0.436260603907768
0.481595836015938
0.464382079796595
0.439983171516046
0.441875753316885
0.471148709455036
0.392157405913777
0.365896098248119
0.34635821457952
0.396404486071977
0.345462977153132
0.348789964112314
0.352690440905694
0.305500561942845
0.27908248746643
0.272638406014844
0.256898965309444
0.315656379444538
0.340300487623817
0.292195831348773
0.265883701788004
0.280087570957801
0.29405522273123
0.29795427169412
0.287923513398825
0.272676558330707
0.255246145353869
0.244552310204942
0.242797659070355
0.239880268391318
0.240258736119487
0.244876057504934
0.24429737688255
0.240120231739949
0.258219587637434
0.280546712957987
0.295552449394585
0.302434714579029
0.306508546696807
0.308161910603496
0.321674716726313
0.342210444710515
0.351088047876711
0.34184129499607
0.330501165362999
0.324407571370971
0.315629589163875
0.303693319440988
0.286990907802711
0.275331073888188
0.262529782395891
0.256179923228846
0.243392836695441
0.235423968837975
0.229032124788467
0.232721895132964
0.237945072472859
0.243464989503881
0.256233844038831
0.345986780127233
0.487047052325717
0.457943382027448
0.440896429889489
0.408010056883423
0.394819892491325
0.354162500294086
0.356777334379885
0.355738743476751
0.356488109609256
0.363537148855257
0.245312847083602
0.222485457792047
0.150742610907949
0.213540535903076
0.208281194089634
0.223278927244119
0.256850618519628
0.301700621920549
0.352886143891739
0.387330505114948
0.349048997166887
0.331654363836572
0.285033208813645
0.432754373514036
0.466999467716476
0.47277742550408
0.447423594939012
0.497544297250767
0.502015518436596
0.491479166946053
0.504153363164823
0.376939366454708
0.45146961938828
0.460603573612075
0.477118504877845
0.470794243765041
0.451864342786101
0.401726321350899
0.378835365112083
0.353486625849649
0.310885369618184
0.238757526971345
0.246362111332886
0.227509515442001
0.258755422452333
0.223407137532562
0.254337017848823
0.255411356681162
0.250867645847779
0.255246645151378
0.264184711149676
0.289444687860924
0.324257730072134
0.345705336787186
0.393434296378674
0.362312512641514
0.276886280894636
0.331322944254101
0.313537787759991
0.364594062438252
0.358448719898614
0.31960248096054
0.243012372312506
0.267673158276294
0.204137288838625
0.273255809220019
0.260843426892585
0.307963541624118
0.314787439988136
0.255778917042778
0.258238514661826
0.267624213293153
0.262926342182401
0.226300132455839
0.223469378541342
0.208983502235127
0.293110649168202
0.232780681552776
0.346133377266282
0.267223799494065
0.223344046249962
0.182042554080803
0.170315628285115
0.176992617171782
0.182925869084495
0.194168739366588
0.192820256955908
0.188944159103937
0.191882610722684
0.195885097438792
0.186505277557858
0.172453585846383
0.161337200903857
0.155506821190236
0.151205357762189
0.142973516511528
0.140473761258189
0.155849739579573
0.167067046988912
0.168570450365282
0.181093609365009
0.191121011763835
0.192150425966929
0.190669173861895
0.187975066290805
0.185459623446749
0.182538535474958
0.177713159933942
0.177733666316306
0.176344711011347
0.178008681097445
0.179506813681576
0.185350543291171
0.187658492763269
0.193756446062712
0.196892743299054
0.194345929203866
0.195441408657883
0.207435163405157
0.216290490273982
0.221123259168277
0.224683273508958
0.222070638559898
0.220923067160819
0.210120733289416
0.189657711544508
0.168174131349065
0.150429919847933
0.136088781999874
0.144966753217108
0.348052433311304
0.346680276686829
0.436728774874113
0.453557299269122
0.462951872690233
0.426233024503446
0.394683693151034
0.439698816531472
0.384823096083455
0.350245161912749
0.313921076944371
0.378833435434031
0.34505542003642
0.344241389066654
0.345541236183749
0.326227947663611
0.260875152997564
0.310369225509837
0.292780054185913
0.321024518433106
0.307109087087045
0.299877626487489
0.315427135794116
0.313298802654911
0.304747865357727
0.298045140115533
0.282677518113941
0.258296578705081
0.25218073980576
0.25135631838085
0.240737604620917
0.230675478533865
0.223740355603995
0.224086506857594
0.220340147522287
0.214197326469161
0.226002421214396
0.250729600868126
0.275065606403677
0.296272856515284
0.309187504076729
0.319349023717687
0.326696188453507
0.340720128983538
0.349732031495283
0.345737899817938
0.335093482380961
0.326927363204713
0.320840291298115
0.312619333725603
0.299606071255049
0.28514522806188
0.276594583494658
0.271039667296593
0.257717978960392
0.246212649808238
0.239349602060864
0.233928824587836
0.238324613627532
0.245473754155147
0.275153304492704
0.364836567562777
0.450403925809163
0.452424725337002
0.434287976675526
0.421940594510113
0.413671037874469
0.404377968760096
0.381485582980196
0.378357501918501
0.375368657906966
0.403423063527313
0.255765466871737
0.22819058969357
0.14543503382017
0.197086506804889
0.212001469611194
0.268898284284702
0.301070897075476
0.346250070567333
0.43269854450765
0.475891032755373
0.387291312721632
0.380840914394798
0.464925909249703
0.442590172533769
0.433584400257018
0.443492513315025
0.451986903003725
0.474191867840272
0.501194986827031
0.487322197021109
0.48310053937131
0.437662931143217
0.450578229032299
0.442228678939108
0.430715227239509
0.429700877415014
0.430602159063058
0.414459964979555
0.399914892800563
0.397704915791531
0.331436223265103
0.271522907999493
0.194636731133722
0.240291462081854
0.170013011305347
0.181066428404941
0.229115252053271
0.249778582726462
0.2670526720913
0.291002569095328
0.27598564907456
0.29785158197097
0.297051319457701
0.358462345372431
0.413863541151024
0.413419813815025
0.259572257015145
0.322797751167411
0.359043205698268
0.0421706313260504
0.303595723850535
0.303499456756305
0.142672161073895
0.174171180864465
0.183968450949556
0.217752150349797
0.266890435836144
0.243418896951296
0.248479642475183
0.198592158044106
0.150541908946865
0.19169122670433
0.185321190230537
0.176048303416137
0.180019401587758
0.198272576484186
0.23706581887494
0.228426700507304
0.24823848085949
0.238443080993379
0.224197129521773
0.194687940694104
0.163766337079509
0.167565471081746
0.178888195115119
0.173028654026103
0.170691688021346
0.16769368542699
0.170962391801662
0.174857478945717
0.163004281515963
0.152688985039506
0.147270669198465
0.152292958669232
0.156288960107039
0.156624545560399
0.155953793066265
0.155906667548479
0.160043020878022
0.167939833849191
0.183394423862709
0.190350063957394
0.199321427668154
0.197443836351963
0.191998662902061
0.188683133438186
0.186868279912522
0.17990592630263
0.178328111973921
0.177473234000018
0.182668656110601
0.183480602002937
0.19138403607735
0.19204323247043
0.19658600653435
0.197517827779122
0.195337161158656
0.188754968075866
0.181674671315967
0.18988443972488
0.197446978677323
0.203457524613823
0.202816812028495
0.205189731359422
0.201359678170873
0.190128016682787
0.169424944506433
0.150098737254971
0.134783215662633
0.170615512315664
0.389601248140541
0.35638787021534
0.361263727671969
0.382096568534185
0.458295684878419
0.399794612400736
0.459334673224959
0.40420041017194
0.447404780913739
0.359937906589388
0.294116064091592
0.314552755053301
0.302592260440816
0.310971151601349
0.323856808752227
0.309879167159418
0.281221588130406
0.273825500283345
0.334942016319986
0.368291044677552
0.342250656125926
0.315973103724181
0.297541709972365
0.33355406147057
0.332772938505977
0.324736747126006
0.307088859437901
0.279261713650925
0.253421491954448
0.240406452396458
0.227433036028467
0.21441782822993
0.214453023907169
0.214860538400211
0.218654068280363
0.210381042645458
0.210177769906305
0.225725377176685
0.249250563183258
0.271816266131191
0.289494686335837
0.309613954905545
0.312089452034512
0.322716898838169
0.339540224835351
0.33925875981678
0.325315982686434
0.314088639961019
0.307489072281222
0.305554358520184
0.305969457433788
0.291045422796559
0.281052305239299
0.279812517218775
0.268654975865981
0.255507053512703
0.24494880163624
0.234790949491602
0.237862449543881
0.244186360515563
0.265912093839358
0.364998481038722
0.41425553781424
0.43284155093815
0.422915812483825
0.424198179733425
0.399550082496356
0.385127958618498
0.375260574688616
0.360413030799845
0.35556645937252
0.345974952845399
0.254843860769522
0.206083137540241
0.153705778104066
0.189003794184316
0.231814434519482
0.281035264664458
0.383605129134548
0.366113799762621
0.459316100909834
0.482724873561379
0.444530278903805
0.441586304907712
0.402934466426762
0.163372343670693
0.399334890391223
0.392210926769158
0.420259290570697
0.456676780302544
0.505623178154285
0.205125792384172
0.500333871993862
0.454077299416873
0.39258744282319
0.435425147222283
0.419568792528541
0.401931824772059
0.402893409459826
0.439941408726781
0.432859252735078
0.33514594954859
0.340525792371922
0.279893440053254
0.209003758509056
0.158940452858207
0.191883748342143
0.238810635776101
0.210881092191582
0.264779819461224
0.286725580750984
0.29180091094306
0.322686590438362
0.346408982992128
0.324913974486506
0.350974723045433
0.324369589678885
0.31999706901994
0.414532788156056
0.413396560678031
0.378557824349042
0.237442347634705
0.335898684428165
0.22827644243748
0.20438338677642
0.198419636445765
0.251930208909922
0.258431253711799
0.239222494789547
0.219946973958733
0.20557421022001
0.192636513963077
0.161698297195524
0.200876785771334
0.161534493895983
0.170423859031293
0.181037678559142
0.20185585262626
0.217524180539652
0.214749682521946
0.242466720967395
0.262786755891379
0.230121599666028
0.219874168327529
0.196644947250539
0.175001473613299
0.179807698659663
0.182995499354499
0.18898626185559
0.184137282558451
0.185180333827003
0.184864925648824
0.177198950280124
0.165729298176784
0.154967659775377
0.152602344648234
0.154281878276087
0.155712669915168
0.16032603451567
0.16457978164765
0.167389433815729
0.174594432785593
0.180569522441128
0.194946654056635
0.198220945723663
0.195340447024225
0.198791722077618
0.19183112590344
0.182757117500485
0.178519844712518
0.179660474456959
0.180840278141344
0.184203884117127
0.192278277064984
0.192471321621881
0.188667662008924
0.195570572698012
0.193757671117663
0.188001127773041
0.18369188681653
0.176429991682859
0.176893601866344
0.176532178226238
0.183118265571569
0.190700514871294
0.188185359826185
0.190928861252585
0.183650725134687
0.165174766224652
0.149880573162453
0.134770243549805
0.216193645748947
0.398863958132249
0.36132805687793
0.297262762006893
0.318573443089101
0.383403014456537
0.371342317193036
0.366808286057473
0.315928027025982
0.36035701696645
0.335609812173389
0.321875233317668
0.292524916662633
0.304083836191324
0.302782845901134
0.303150811342856
0.312649657517581
0.291434308902994
0.325644980579303
0.335176141988507
0.374828491980339
0.392989769630977
0.377477427708633
0.360808274258647
0.306133636173928
0.325550134980705
0.319301010993626
0.324871910556436
0.30281126571892
0.273624577894472
0.25175325042779
0.237851637986791
0.222141489569365
0.20959622431004
0.200958904503668
0.199433767458543
0.197839543020361
0.192325776114774
0.191627871908451
0.203947908970525
0.225623093041441
0.24852579837074
0.268493446110563
0.28314956440245
0.289762919663384
0.308254289544955
0.312407010854658
0.305144625927191
0.295880367425306
0.288084206067706
0.292434204268858
0.297749611904791
0.292545215992408
0.28138045260452
0.277432474384775
0.27424873460817
0.26482432181435
0.253610778532281
0.240482272871244
0.232823805535955
0.24420709752056
0.278428452878506
0.363891608600909
0.348723889264929
0.390135457395772
0.375341537309666
0.411238736815433
0.425620665532624
0.421093405204332
0.385703439474301
0.370548436291597
0.374619611655132
0.308770098911669
0.258688485412944
0.203173571746675
0.20650634442072
0.220430500127683
0.296599627467999
0.337915585967155
0.356091723632035
0.348470027680266
0.452166309950525
0.493650975709229
0.456556681410063
0.477050608036233
0.413100093732019
0.416345826705148
0.334979297442867
0.333557582705578
0.358175028726138
0.403753724009242
0.452761867902097
0.419166031786374
0.375412841023948
0.379003855853764
0.377377545869991
0.374164709285356
0.371148679716396
0.377180242775241
0.408412696602947
0.435265659325317
0.453834277743421
0.217650672930607
0.369741425413556
0.311333167043522
0.247462405131555
0.214369776926238
0.235160866019357
0.267141371522298
0.303457083506776
0.33073291402529
0.330075892137701
0.317868688412793
0.315798751346693
0.333680259494199
0.34712601013062
0.349637468875283
0.351881307883199
0.333714123014561
0.388502208901011
0.381617458431076
0.335827103325821
0.286228003384837
0.330548081569886
0.307519212967253
0.330489199808787
0.313559890995525
0.257842953306757
0.288497522729555
0.297274188425653
0.288092866818164
0.280178676999411
0.264316423365969
0.244513773430765
0.238255116355719
0.208233583586798
0.204547182333962
0.202095577616154
0.1956601548312
0.204314665019079
0.215282936831957
0.230101285320135
0.243384164458186
0.222954960384151
0.208023895738902
0.192503388991083
0.169721637232069
0.161944148636417
0.157534387557262
0.167281437135118
0.176092317834702
0.17735079103489
0.174636265034441
0.174570809025887
0.168720040542672
0.160147385162196
0.152588105851433
0.149746686706321
0.148499418325567
0.142167805260015
0.149035598362038
0.155595173451111
0.16730246859823
0.16778027367065
0.173629513993004
0.180698514127215
0.181208139916687
0.173862949463932
0.172335632904661
0.166174443559559
0.163808147216705
0.168248107302742
0.17398331714592
0.172168070106712
0.184436972516449
0.190938223820933
0.187950291960762
0.190166693478492
0.187259650567273
0.177069818710699
0.172177211931789
0.16478094969334
0.163888563427696
0.167549094886923
0.173102922780508
0.179372043664389
0.174904981494864
0.17695801208315
0.172504142898636
0.156747078730985
0.150230471228326
0.143932807835068
0.259416256750786
0.166474804207334
0.227452962329662
0.284899716255591
0.2893040377222
0.315578959867351
0.313440121495954
0.401959320559395
0.312090896459377
0.313932325990314
0.341773312239349
0.320817534833495
0.264534595339438
0.277691476369143
0.285502026884165
0.307760808468811
0.316651996452671
0.303396198482661
0.322576290029903
0.340341891360191
0.357913378642914
0.371995490539137
0.370269584792401
0.377126270865054
0.378477289975024
0.362611132301557
0.365781369093663
0.32798339629788
0.309315958159915
0.287656715264871
0.265345413724119
0.248716728038873
0.23532287304754
0.221373597008759
0.210932166865147
0.204252438976159
0.201050035084975
0.192754736469184
0.183150333941985
0.185299006610643
0.188188840673638
0.210613557708944
0.227114800993971
0.242522253704568
0.256081102074201
0.272056682086456
0.288659252909825
0.293718939285925
0.287295793671333
0.276716361912771
0.280476667660685
0.286279051202518
0.294802263392322
0.278284836187702
0.271540569982588
0.26957955428666
0.26655752038632
0.2567864555466
0.244253520400713
0.233629891569815
0.244448240771938
0.292351272713295
0.339623558423843
0.325320085235393
0.354107521008887
0.374244400182486
0.415393015860263
0.417751514689043
0.415803063566921
0.394777389056151
0.382104818652261
0.358715826541439
0.259925713072035
0.248508679303769
0.308339165989041
0.262039923345643
0.259640903036447
0.311584308602398
0.452393990150885
0.406782407419866
0.362972896646381
0.403787304553853
0.27529665768758
0.39772655508579
0.421237733238864
0.346568744396337
0.363133754070753
0.357838791103821
0.323065530650797
0.313200228420336
0.372940865118608
0.359690503532143
0.360716894117306
0.387989453989777
0.396287980054012
0.395155483553568
0.381536548064764
0.377164038616893
0.383394186456326
0.403328098681054
0.397462102578424
0.363101727987776
0.394375163824864
0.468223426104973
0.427920423655651
0.380312715166944
0.301803128345126
0.239427362105582
0.285119324269999
0.332122046265814
0.384248274408067
0.376536323446205
0.35357417130776
0.32780505186346
0.323896949089812
0.368974918555524
0.372140224509589
0.366936568883982
0.346100138129138
0.331164490047012
0.345305985208999
0.320712513351741
0.299762031435872
0.337952589954896
0.332963453798131
0.35995249940721
0.357727698353669
0.328359290691865
0.314144861984845
0.312143667210918
0.291238809735151
0.296968848810372
0.289694076901176
0.288541789722198
0.245227541575181
0.269627547106174
0.239048836261795
0.228698433264585
0.218377050572884
0.214933834272238
0.211286479414183
0.255528497467636
0.241887775547607
0.235768406911146
0.209646540151289
0.194745663024273
0.172275566171939
0.15680064193817
0.153792913368482
0.149572722792052
0.161111858567275
0.169138983831259
0.166024981670579
0.161587455350858
0.156167076712963
0.152479972728267
0.145973065850471
0.139222414749294
0.134784098719764
0.132906034674309
0.141383090095133
0.142062765958704
0.14912369182723
0.153521512280652
0.16080696018851
0.162304659126493
0.166206289901637
0.166484115506891
0.164433049462677
0.163001082260439
0.163174533031876
0.162094481862011
0.164665406122044
0.166083439543248
0.169632397068511
0.175016368119624
0.179803395894475
0.180173359745679
0.178631400504744
0.175581150613317
0.167886502331089
0.157885050712999
0.151152066616057
0.153521065195788
0.149999856877824
0.161007604646802
0.16510587386
0.168393602522123
0.159641561352425
0.149575261525965
0.149216766788957
0.14987594412605
0.230253841321347
0.132138490493002
0.105645760680853
0.170863810535988
0.259121024911288
0.261299259919494
0.232431700689674
0.327940482342905
0.302494457608944
0.343925432819431
0.312712414656866
0.283768850654585
0.256394807487951
0.261313846626256
0.262993710309594
0.278118603590365
0.267107042437455
0.27124788871002
0.291351637574119
0.323221937062893
0.339712243696079
0.324872344107457
0.336973392965515
0.356433491639513
0.399555655517417
0.347205681656109
0.376383180517995
0.415437814185556
0.353654051547781
0.318456349150476
0.29588585856106
0.278815106654481
0.26681728638302
0.256985755441193
0.246204256205962
0.227377592221517
0.222683800273543
0.21327917089309
0.202383511052258
0.195280089275064
0.184928325283783
0.192849484781875
0.205343023516869
0.22034012005653
0.236865415650771
0.250072064061318
0.267207892620766
0.277790486844905
0.279704367769698
0.273914119994274
0.2735677487658
0.27824105156047
0.282822931839655
0.278225942405278
0.269888598832246
0.267364173423
0.265560567471597
0.257337795274904
0.248141330549384
0.240043311516129
0.242740500328468
0.299864331365818
0.327536811283735
0.307453509781887
0.382293565366754
0.404054591939115
0.410359462008483
0.374026046651482
0.394942525925417
0.386542710599111
0.367043504173809
0.34558243777729
0.277443415887497
0.335287816638076
0.342030128941893
0.292698686501616
0.274149620246162
0.311270258835177
0.443941589809971
0.425806799541514
0.414806915605286
0.411870951389817
0.398867478990618
0.400783695281448
0.376182310982361
0.364045659896816
0.380740395602213
0.366786974232256
0.335652556283127
0.327420400762447
0.373061035605833
0.338270945422186
0.356355255828331
0.365340179466429
0.375600910416608
0.376395483716752
0.358338422630061
0.35488546099127
0.370051582821432
0.390701007056893
0.369558969541093
0.384301939947281
0.380410712676235
0.395385928597041
0.407922372140121
0.317203761454589
0.295072104110283
0.287002152540758
0.286425359729873
0.346672473923231
0.391754718108685
0.415181087504258
0.390187536302635
0.356150852517509
0.303349039171915
0.385164259013347
0.401265539966149
0.412166619654201
0.37791171359319
0.313905731142415
0.327415198210199
0.313230528445853
0.303844116652612
0.338604653195901
0.346835372845872
0.364499832325703
0.361253529306988
0.340120679024087
0.308672558167006
0.317726474443919
0.304846803292622
0.323022321765207
0.33352209089738
0.350378546245581
0.338265749016229
0.290979309718854
0.26887975749203
0.235054696655064
0.22404061666769
0.210078458544462
0.198295603166092
0.220011070520822
0.22741542682905
0.221865534188809
0.225044719747971
0.209642739726674
0.190875903656
0.174839881791362
0.163069972734897
0.156032137464424
0.151713422736153
0.158899648896701
0.156317222065957
0.156276397358901
0.149219998940853
0.144553531568543
0.139036436420035
0.139448637373797
0.132120412312798
0.127479680501423
0.126954135334472
0.132162224772287
0.129005750178989
0.128400209781637
0.13090741684968
0.13705092822797
0.144277218969769
0.148337239802511
0.153065115161601
0.154299580939758
0.149621676783959
0.149614649510243
0.148322421736959
0.15111784036749
0.163541772258092
0.171182891166364
0.168673256237717
0.169041621247364
0.165238488677925
0.159514841408608
0.155849855674356
0.149331392400448
0.145827054254097
0.148387321436829
0.144583667532238
0.149239349559726
0.15302997615622
0.153544499403971
0.146524115280131
0.142614667056447
0.147217651083564
0.157353798655863
0.220168573759627
0.124884716747699
0.120594615349124
0.152939351119078
0.173475581826064
0.176292525586498
0.165983453644303
0.213592484876759
0.293771543924538
0.298111760844618
0.270628111925553
0.204581088679011
0.225815383724406
0.230437352186479
0.233849276696686
0.257167334602336
0.25752834315794
0.270667712251277
0.28718620696272
0.307127512606492
0.354984171692258
0.321970958269653
0.371342476406389
0.368848261032438
0.352093946018483
0.306674973479008
0.309463537499787
0.325564685150385
0.332243544792879
0.316121414663972
0.283966995008944
0.275155922963472
0.263334975649467
0.251402509330954
0.248275173824329
0.233855722787901
0.22111517882962
0.219757223847476
0.224067112293616
0.224306466365114
0.225238006404681
0.231981001292085
0.227574873372948
0.227090613919563
0.234009439099395
0.239089416283664
0.249020676316386
0.261737105171989
0.270605817786399
0.270063112533846
0.272564389240808
0.270294403931202
0.272857172679494
0.268513186666757
0.265459472049625
0.265702895133492
0.264970555719479
0.265559001222354
0.257282625073809
0.249783668560074
0.24419697674501
0.294126702717374
0.365101589251624
0.34345258171765
0.365936686849224
0.370572699643561
0.348910537337718
0.313043667087171
0.3226486662132
0.36470188500093
0.371278109581934
0.362132383251679
0.32517278111918
0.350587900088826
0.352835637466982
0.336297953641969
0.337167775691155
0.353902270466635
0.387741760640032
0.403726127295194
0.395951274619805
0.41790933051148
0.391597134541516
0.397602962657562
0.395132862777597
0.386848180537611
0.375562054606906
0.371327710860413
0.332258085349675
0.27983079251414
0.329424673085384
0.308863353677627
0.345525382547785
0.354280373994736
0.367476849850714
0.356511318839344
0.346934181443924
0.341336292710173
0.321017249496903
0.359239492899682
0.370429337290954
0.389920445366924
0.394202597058975
0.407690435672243
0.441366472649632
0.436453452996556
0.432790342809129
0.42078333491079
0.403614222355844
0.347121743172964
0.419162516654769
0.405606003621242
0.363120197908807
0.418394494941756
0.491556997582339
0.467040369744111
0.443176004785871
0.419990484176958
0.380230941839057
0.314502772974729
0.30221534943095
0.280070118990298
0.281785509432112
0.30337058830382
0.324342868935714
0.33740805950341
0.33970662177192
0.354528033017826
0.317173800607191
0.305421647241218
0.307407482613837
0.317600363879695
0.338305463577425
0.357758769254357
0.362469816162464
0.322080251187917
0.299641296113098
0.29114599337176
0.263968339330507
0.238405854630722
0.203453255480985
0.2100993334339
0.27283854362516
0.215592108074416
0.226544157943776
0.216327547787368
0.205437973830604
0.193102442428079
0.173838422197733
0.165613447869731
0.156563195591263
0.151266832950129
0.152115004491524
0.153775616655552
0.156186921457332
0.148283337624693
0.142247653527626
0.135715413793651
0.133691494853909
0.12682964503844
0.126099754931569
0.124128599950358
0.1223306506838
0.119513284143375
0.1193555651195
0.124327735002494
0.129405126226546
0.132815735009516
0.136055597739438
0.137917128057712
0.140117776478167
0.135401632526075
0.131351518660696
0.134093136728514
0.142617165923455
0.147121901154353
0.150542026528737
0.147834781634441
0.143321661842089
0.140986688716725
0.139754178571874
0.141366636457269
0.142017216676791
0.144085089717818
0.140757505172667
0.147917221718406
0.14983423689396
0.147017422034339
0.141945259720865
0.137266744991227
0.145708840917388
0.158338354636251
0.207759729311546
0.154179168734766
0.115458607719736
0.131818220010516
0.142608644823538
0.147072711785255
0.150140492290816
0.164359011212891
0.182375532894962
0.158857808138992
0.202833998097244
0.160154432848212
0.182435161384926
0.198165979983438
0.211062484251971
0.241618435722113
0.237382799258073
0.249860502762792
0.270586284511623
0.289269266428633
0.328735215609963
0.302556063389379
0.342031070391612
0.365609757415221
0.383717757499626
0.331497028126585
0.307140884357284
0.291879836069563
0.269194745708086
0.28595038004057
0.27369574203088
0.276568012195327
0.26965408519992
0.267978784077614
0.270661504732528
0.262851755196333
0.250015899669594
0.243534510975001
0.240633299312066
0.240787241048694
0.244507856476609
0.251730735463564
0.249897076254554
0.24286464196659
0.238477711815238
0.239700812378795
0.23984744687198
0.246583003521313
0.257364994258773
0.261565318602399
0.261859497027687
0.2599384037028
0.25729056614761
0.253522307190651
0.250868734412673
0.254044532703784
0.258739149737565
0.261324785134292
0.258954718107509
0.25537306755028
0.244644173172095
0.269341175806348
0.374658502484898
0.399549281604151
0.346951417192883
0.365012871137803
0.286393489164624
0.305745440646584
0.303570109891951
0.339042243692953
0.303282684033735
0.34184125936154
0.342852321776391
0.34812077862505
0.346356740828798
0.341080669314911
0.357292831523452
0.0471539792303084
0.423094353833408
0.415299628315355
0.404996500805025
0.395613736856308
0.393885384708487
0.390643827111485
0.399816436128468
0.400397794465661
0.39227013133358
0.414053804830963
0.382063084401715
0.390706821692936
0.386488483786124
0.313304612260078
0.342267505175144
0.346692629453888
0.358505096042431
0.353450837258325
0.348616014120384
0.346714053576606
0.353273416782338
0.36017437856779
0.360783713352708
0.392324155546258
0.397063851782069
0.378928660171195
0.370922330168955
0.371062563027914
0.390286309722949
0.38771287801744
0.397473453787447
0.392940449314492
0.443062029756165
0.427983316869631
0.455252717808769
0.456470586600708
0.454519551232621
0.433543353863066
0.419037569562595
0.405233370164422
0.374411829307055
0.319344190371842
0.300134877467717
0.276995115909792
0.275309797689485
0.280548580447174
0.291848030177835
0.292287221612486
0.287816753661979
0.290324206731891
0.296519398198146
0.277331870693697
0.301490137294444
0.317534611845511
0.350903532558221
0.355758270900905
0.354437992032521
0.309304004918106
0.312013919436861
0.273255169452972
0.246254348523766
0.270857996160231
0.21680131781707
0.194277563172332
0.210735939255621
0.222607005166746
0.210791278874847
0.199697388604995
0.195845565621417
0.188068260757981
0.17718916110036
0.162645645165241
0.154321352580836
0.15440336456682
0.152436652115036
0.151570640556312
0.154531403859185
0.156162888172043
0.153101705972756
0.146386350479685
0.138070632989128
0.134533567557915
0.127857374500372
0.131941335883142
0.132000515852503
0.126919530048562
0.12389222576502
0.125575007928656
0.124076755722513
0.12256007525701
0.126101072966364
0.130785724374689
0.132350926381417
0.132133268120531
0.131614702772732
0.128684280261876
0.131458336292833
0.129302728002845
0.12192298972282
0.11930581901142
0.117552850108135
0.117213243467345
0.120745579223969
0.12465450427356
0.130572101374526
0.134962565140816
0.137992972388737
0.142899137619714
0.145811168018358
0.143102832799686
0.135220961851588
0.136339389675401
0.140431376329815
0.160315186665811
0.180355315335005
0.246327724205257
0.16308992600932
0.178826507923021
0.156675975004789
0.14086877885963
0.135537074504836
0.129162021035061
0.111953427569924
0.117900423511677
0.157484779042974
0.156516079045832
0.176098219591948
0.195923430768311
0.204714583762086
0.224619868741727
0.236625318579967
0.263997494119276
0.246680612689387
0.266575366422497
0.262073926861298
0.234680584851865
0.261894238219792
0.24999781081465
0.269220103796203
0.24154380798201
0.246943331578794
0.244929177731846
0.230251310568639
0.246665658602163
0.24933459811639
0.255071581668325
0.255027640833229
0.267653136349835
0.268894916621123
0.262147275369344
0.248199973852911
0.244188767545094
0.242620325079929
0.241473948614876
0.243873412834291
0.245392575193248
0.245534201399112
0.245825873642689
0.242948747535798
0.241321805575353
0.237226094847249
0.242586672127179
0.245452953754593
0.251506959585565
0.252169628461953
0.252201909293989
0.249921024345527
0.244461934382425
0.241963758584352
0.242734599029679
0.245506817935646
0.251515433400575
0.251625890368074
0.25259468900747
0.249549115860834
0.245351852391554
0.269979169253167
0.281667981339999
0.283392448427933
0.292279947691427
0.271681019953201
0.304223599123293
0.298052074930833
0.339088439642614
0.280690470844378
0.386050528807749
0.390407078656525
0.358794551666422
0.332586872434299
0.337968742659805
0.308890139492709
0.285660303587161
0.37695763554281
0.39851309004217
0.378630595706983
0.378253058217285
0.385262509234307
0.378360460317615
0.3865847001589
0.406003557680343
0.397038222071723
0.416117471775877
0.416905021554349
0.403677931326533
0.368402291286141
0.3393012941529
0.357379189607142
0.358396388852834
0.364960505055579
0.371988716006972
0.363438467823109
0.358005700446714
0.352689490746579
0.349334708961866
0.352340520768875
0.391457969287153
0.400573607223857
0.389206863899864
0.39951857057915
0.40474629960281
0.409816138237926
0.41097208966484
0.404606251022757
0.396297644898847
0.399753751454152
0.402193884079956
0.419187365493097
0.415384057660461
0.416734287106303
0.415419049743085
0.405172365281734
0.392199375122855
0.367917002463167
0.320850094240386
0.293800819984253
0.277179446024866
0.278544480778042
0.282336699823618
0.286991371842442
0.276129944619925
0.253639681437733
0.254692470298613
0.261854402330864
0.26315353863469
0.294952263065901
0.312153989277324
0.3602195193118
0.366241974587657
0.354679385841662
0.346188817899253
0.356096982054293
0.333312734779597
0.300670550071571
0.2296938038218
0.218903591092292
0.194370884602957
0.19176630033148
0.191181023036723
0.190129239153478
0.187738846329627
0.186705311375487
0.182201735540941
0.177837147272325
0.166980110278509
0.153729540112887
0.148702290504139
0.142282465380566
0.137510021516872
0.140582886015327
0.145319998045847
0.15439780756265
0.153267084950263
0.150837586509189
0.146834183105456
0.132107452545366
0.12687368910789
0.130768019744216
0.129851243182132
0.134795043740693
0.132315904633281
0.12593021804907
0.124077843977543
0.123734189375825
0.121356612597647
0.124958610514908
0.123427952329292
0.125698691029503
0.126637494705057
0.125827880277492
0.121337217524682
0.11238606265555
0.104700107812761
0.101174250738576
0.102413144515348
0.104500759331301
0.109117079787019
0.118301743369333
0.123850394424777
0.131329339143799
0.131208939451488
0.133127999193077
0.132269149895221
0.128679357550455
0.134210359417634
0.140291687777983
0.158794679565788
0.155990669484673
0.311499209744262
0.230888383296886
0.254610912938453
0.184264701731051
0.140132754394554
0.151894582779551
0.147614744382083
0.137129167240323
0.170164380482155
0.188633836233844
0.163074701671713
0.173742218824881
0.191612607926389
0.200792276089256
0.22724977523603
0.240097488233002
0.252169287192677
0.197838170605897
0.197817096642731
0.211050654403731
0.219033921584903
0.221443167821567
0.231646164071131
0.198150337246823
0.193215187196664
0.214601278744697
0.283742756941724
0.254545954228844
0.229308479663463
0.211093509270422
0.275280047064075
0.240877975831428
0.252488115918318
0.269682105835387
0.259555805806626
0.248273154763379
0.240526741281978
0.238839254477327
0.237875281731988
0.245917892600862
0.252141775887456
0.245574637333715
0.246158312495976
0.242598927032937
0.24354433659209
0.246421454116157
0.245370479393304
0.247457624525045
0.244409409632103
0.242993671331936
0.241091822094473
0.24002498603733
0.238173535799349
0.235865742602505
0.235865811755504
0.237653958450955
0.237986566899912
0.238470321971737
0.24369158394545
0.249810694423075
0.245369830742275
0.264381603369986
0.277738325553779
0.279707794746291
0.286038136702492
0.294338831522302
0.307476708751174
0.305206460690078
0.306021374693673
0.302044810942813
0.327001074829429
0.293684720729637
0.29138661562519
0.275819054682741
0.335618624326652
0.345981811689765
0.344909163680537
0.381458045670442
0.392670971339792
0.355062897336618
0.366642238723393
0.383152044648283
0.37451763365395
0.373198173608095
0.382529903509241
0.386173785954172
0.404219308094671
0.437768411093544
0.39423204818705
0.376127192608939
0.352540538219536
0.355936223758375
0.353840243457789
0.362048554661768
0.362059795471743
0.352740789421945
0.35839385742341
0.350328402610703
0.353630773170394
0.349538172819457
0.381493197444738
0.385913797544425
0.39036072171145
0.389004492916072
0.415715426257899
0.42479880807285
0.4406451770875
0.42421990990494
0.413781390474782
0.405910824019934
0.410056425259046
0.416272337392685
0.42073555841551
0.44316541999577
0.434370851252025
0.40481139541674
0.377022504124615
0.363083367301079
0.316639520692178
0.290375272076471
0.27417937021492
0.30654523254853
0.28651529262401
0.282060412445256
0.25540415721467
0.226903499994674
0.230278379816356
0.244296246268021
0.248023288843305
0.252184754084367
0.281387057924212
0.339855810797275
0.364729799179559
0.386235157436535
0.33644187674844
0.370535885929123
0.330358397998223
0.298012941390341
0.20795905371411
0.19872895632159
0.196757890097759
0.192205425095849
0.197767524888982
0.180460596243763
0.173599664158827
0.166740757491476
0.159101866302556
0.155955802349346
0.148293808742106
0.151663676558202
0.1444613669893
0.124575414891647
0.119483171959848
0.117015128490424
0.12216096047717
0.132322858180942
0.14044505294016
0.145547177581295
0.146808567422268
0.141171006030783
0.130304267837537
0.126770019095814
0.13289671667222
0.138225875955474
0.135041375064999
0.133126604388136
0.123610083291343
0.11949383460088
0.119567836725871
0.121683350657129
0.11946536068003
0.115455107290545
0.116630356795892
0.107478556465773
0.100958648637006
0.0933566579331558
0.0930223542319749
0.0947445612880741
0.0973255460026863
0.0986302253281317
0.104987694187419
0.11142629497658
0.115476113565064
0.121309285500021
0.124981484706614
0.12574432707452
0.124616057000472
0.121942749377969
0.128180229683501
0.135228152904968
0.162296595112483
0.153839260818984
0.318119052865979
0.263461793495217
0.219432168980951
0.201992565757171
0.155997941693729
0.15721768769206
0.154299137140561
0.133706014270494
0.138947902286134
0.159614310351691
0.179849970435504
0.237830569087086
0.237079407086965
0.19904119396868
0.20419698559044
0.199362824274456
0.19362595747469
0.208510951518679
0.208296923801476
0.216897172789346
0.209950328243055
0.169503625571092
0.238869638705138
0.208632417488649
0.179825053059383
0.167362233251977
0.183438841031841
0.222888885671962
0.234535496920538
0.213813265982985
0.227020159949721
0.220426086282328
0.228034068094154
0.255706749389965
0.251951361412904
0.25008868663882
0.242369812382238
0.239575529284153
0.23087633990331
0.239480178205347
0.257179313988017
0.242012538720295
0.235139643196261
0.229596644906898
0.226783857513324
0.230868537249579
0.232870588605683
0.234521991169682
0.233609960916664
0.23246845759777
0.231641377772126
0.231295989543908
0.230652273332846
0.231031926071667
0.229249927125604
0.230541173652472
0.230732897140539
0.230718553724243
0.23112047445946
0.239762049727236
0.238582734212721
0.247179556670872
0.270907719752031
0.276136312796061
0.278183029233164
0.296329749856693
0.303269357642785
0.329884032171673
0.319365876608045
0.304084040740111
0.33132255514502
0.33732481159362
0.356999176970375
0.343340134200958
0.367997105094164
0.385084389770313
0.392965402268114
0.411042148817128
0.385246734871269
0.374843231765444
0.367116825578801
0.386991524258602
0.370952535188742
0.369288500192413
0.399539183129257
0.430162644971204
0.382966220895516
0.435396081557412
0.411566076950152
0.395508782986519
0.365284004650357
0.355032086223848
0.342814208037528
0.34077310603318
0.344752249733438
0.342723589211413
0.384055161755634
0.36901387462091
0.361061419578608
0.355071508307684
0.353132841444552
0.376758876125512
0.402856780808641
0.385528500874885
0.44802417537585
0.434447450809605
0.414308618303211
0.398477941157904
0.396294019179305
0.393155077326536
0.396510708997029
0.40545902119773
0.413739436444537
0.403750020307419
0.38355078403455
0.340725553719519
0.339453409197002
0.336762288001245
0.311001202130689
0.275361077354085
0.256644736567697
0.235492504034367
0.218654668839977
0.255841592509472
0.22148758536538
0.199843133506706
0.184422348291719
0.204899723673466
0.212717159673027
0.245169507961449
0.247775221830021
0.292590035079815
0.346966345021614
0.382540240260506
0.331688951405013
0.317403434991188
0.268985951823598
0.257840012367605
0.260697168867907
0.187733879334881
0.192351585515083
0.192347935243276
0.193840252177052
0.172885836501211
0.169146749828591
0.159559159578275
0.146009038578157
0.13269364176882
0.128791484993261
0.133531960397244
0.134354276216148
0.125762427617902
0.11493100419981
0.107716081357962
0.109062663664689
0.110017784227597
0.117991485886667
0.126587259530265
0.13007948710114
0.122797124674965
0.11738695736738
0.116087941484214
0.125964955925255
0.131146896440054
0.133103388344487
0.128072023824079
0.122478464706246
0.119958024637585
0.117191116853192
0.11392423411756
0.110885659609485
0.108216910392818
0.106507144886703
0.100388383328864
0.0939825229040224
0.0908433788645053
0.0894037639834422
0.0887844865207613
0.0925841408167933
0.0971783951019437
0.100338265689927
0.105633368745053
0.110351487056951
0.112588175857187
0.115914452079319
0.119871155026182
0.120524323894692
0.119445780563099
0.128072918224404
0.140805842653773
0.17742354382215
0.166774473726141
0.299232247357447
0.242010342880319
0.202506622809238
0.205309040148744
0.18072928177116
0.161426134284572
0.167703705191319
0.164911512842447
0.170001561542543
0.182606869806673
0.197519485476576
0.219455431762613
0.202936601536841
0.182596160444641
0.186236542299808
0.178494791840101
0.171709304860671
0.178768573851154
0.20014870516486
0.184506797730205
0.16430068161813
0.133248309606267
0.147834605427584
0.184714036740949
0.183347603434449
0.15415913784464
0.154636459176581
0.164571408899084
0.175393592743727
0.17736398809149
0.199168153953463
0.203157508129982
0.205642563727261
0.21652268980014
0.226128282681015
0.215008299283994
0.202467081495268
0.240918562714318
0.223341786089604
0.224685118782619
0.227857136462204
0.224574383475541
0.218633794632102
0.21835535765798
0.212767685064972
0.20889290134699
0.208514497010093
0.209847120082885
0.214108419831291
0.217034996179505
0.22143458841219
0.221459109507632
0.220825032259167
0.219001917115269
0.215807311628226
0.213926738424171
0.215573640034976
0.213378899279926
0.218221780328949
0.223977956693981
0.230561369491796
0.237357870235088
0.260241558982462
0.271880235478529
0.280565304324309
0.293766069939392
0.312436113144317
0.347636814288809
0.336045700170697
0.347158175586886
0.356440206587462
0.365499858913171
0.359487386163329
0.366112734113788
0.383828193999877
0.401020868035127
0.412310474287747
0.428052875871138
0.42052229809826
0.421037986518189
0.377894316491725
0.40584705814899
0.392656083652893
0.377820990502289
0.404990361554256
0.400860356346712
0.410236914005151
0.40607748556439
0.383341120728284
0.385840588025821
0.369411069984421
0.3664136795517
0.359591803276601
0.348573267741797
0.346588311369811
0.345795621905957
0.369474854672639
0.362856938406771
0.358388372292137
0.357443111355213
0.35996203968984
0.359415261287332
0.354712618936015
0.347183883688721
0.428432519752533
0.440427547950819
0.427798903424971
0.391626568697046
0.380045426396191
0.384080530932155
0.411944311362105
0.367179515445254
0.342900511706227
0.351737493973923
0.28657628687465
0.269712966589598
0.292632848835787
0.2936461924956
0.28648870026292
0.253791016914696
0.207210162853437
0.232334734483375
0.239939205449122
0.194124481686586
0.189029244641261
0.182197567861413
0.193344164308046
0.204731419012033
0.247206414330479
0.252941815763529
0.255124806941392
0.273945461157048
0.319488287371154
0.336800054004878
0.305496379485327
0.27623033173806
0.231137706528085
0.210809998803147
0.258167454705682
0.179027126720422
0.187905023113307
0.17690747234593
0.180457901457171
0.165785795304245
0.159832154444998
0.153846860360382
0.141126110058182
0.128078189300258
0.115586643820653
0.11972117011974
0.12320033021307
0.121521595458006
0.121776464939792
0.118353519820725
0.110016887150437
0.103703112013528
0.110092528042358
0.115649535635407
0.115226357989688
0.109517668825495
0.102986186907411
0.105971969031018
0.11026011642223
0.116833269441623
0.120585481360899
0.120108909869025
0.114869167346846
0.113590933040768
0.10914051883227
0.104959154946628
0.106364504671887
0.103722081358152
0.0982298203428911
0.0911583875699494
0.08683894878415
0.0856635227387405
0.0863894417251497
0.0870813567916089
0.0902980005779368
0.0938131733205237
0.0959153980258332
0.101857929866171
0.103972264633591
0.105362345308808
0.108344012837465
0.113300973518125
0.116414846831851
0.118429961253913
0.133875369992327
0.15169737739903
0.190533201974803
0.135606380595309
0.342166445637565
0.276192021510026
0.249346273720484
0.236840201670529
0.201813163188962
0.200295880130364
0.200229022420154
0.196921799773244
0.201001235623696
0.228377722709734
0.222555767193982
0.252199354172908
0.209626410638199
0.191146122659532
0.201071981805005
0.178408012821307
0.153257746129472
0.150029017997115
0.132837106555002
0.117213054440445
0.133905340835034
0.112216428483051
0.140631033144837
0.138463589390265
0.159875777725982
0.141239416675027
0.152403266398308
0.136578942064338
0.132561557011154
0.16303269387612
0.168277216486131
0.179203126846241
0.178665029211359
0.190790307872122
0.200209277953971
0.195482147331493
0.191279553402764
0.200673164015997
0.203126825453733
0.202863988996107
0.203031603020414
0.203382561628879
0.199123820389141
0.197193789586869
0.19462461118242
0.192067389848381
0.19207312487255
0.198679771854006
0.19974427421175
0.202577706876184
0.21085581883668
0.205947036615269
0.20294296568297
0.202374687764963
0.199913617171213
0.198261669711715
0.198987387943985
0.197553016924373
0.199233940520103
0.206401078352992
0.210987944357841
0.223111940218639
0.237181709113125
0.255899677387892
0.265958847634286
0.294275426652819
0.308197264711397
0.335027947960839
0.356831394651792
0.388844039970426
0.387891349292585
0.381451690216664
0.380574398577898
0.413220643233626
0.423171645488999
0.415692718321579
0.372282950170386
0.449302005417435
0.432669046696767
0.404517552143459
0.37284322231452
0.360569805313798
0.391684119266038
0.36961748448031
0.40312683346228
0.403745247272325
0.386233388829459
0.391106429335562
0.375594379483127
0.369776241989775
0.364792782268347
0.361281026049756
0.364419863639261
0.369821585299211
0.368184553145836
0.367098659245241
0.397471955264498
0.392057154783346
0.376144923314806
0.370368560223358
0.367432258378915
0.363509828673716
0.351999025603438
0.358183359364526
0.384109503049301
0.385677735168588
0.391412459876012
0.355846661325151
0.364056979730852
0.396273452230614
0.403037553406966
0.347014672027198
0.301439805774066
0.274378367003846
0.23927912206093
0.239908567555207
0.27101177599684
0.244041943553703
0.255143133821868
0.243822671399545
0.198858097470935
0.239592831471724
0.285095221101394
0.263624920819063
0.230521048175841
0.215114892147725
0.228925634229404
0.244066438912946
0.260179293881999
0.296655084131761
0.260580197765179
0.265625943236143
0.287555982949214
0.305882619104152
0.301327785135249
0.246375220888651
0.20152542855693
0.176907337874294
0.226548208072535
0.176484905747324
0.160052900043993
0.175310094569788
0.171078937716906
0.15462693093856
0.148142857936778
0.141008852764164
0.12759905591976
0.11686720819219
0.105636243851699
0.104643059092026
0.108417729408934
0.112050067127303
0.119017848248576
0.120563843194369
0.121301516702388
0.114547385601056
0.116224306212468
0.112850726923013
0.109351243820402
0.105030021531034
0.0964544474250764
0.0965684001931964
0.095552522896089
0.101910506630157
0.106564112673193
0.107042681251879
0.105377118419403
0.102490910897845
0.103627968087153
0.103646217980232
0.101227322271075
0.098052784239581
0.0956757241669412
0.0932188839212574
0.0867783948290433
0.0857006726600952
0.0869459356731357
0.090394113452158
0.0902733765418436
0.089927869439871
0.0906644942696532
0.0967307974689624
0.0970454080401632
0.0999821003108922
0.104050206267805
0.109214736270321
0.112396266870206
0.121656940365242
0.132878296936278
0.160416865694828
0.146024950239591
0.138885259143824
0.220983980644443
0.227042721844921
0.180245503224624
0.16673438402526
0.188818236027706
0.246513994114497
0.221830579928584
0.210418695284088
0.216903802702379
0.221686416692437
0.241247198267168
0.207579675038693
0.179473343265165
0.173255478886505
0.185297701354249
0.169066513815262
0.134301005703561
0.125690825677364
0.112592129343233
0.125471163016462
0.13657178752754
0.110033966195901
0.105654673934765
0.113887919111009
0.125817390326171
0.122684431218527
0.126411815787542
0.114878127662259
0.109293745240407
0.112401141446298
0.123603177607257
0.128155021577258
0.1333006101512
0.141940082451035
0.164559557359479
0.16690357379003
0.172214600145713
0.178982933875577
0.181934153514205
0.183269764159061
0.18516248260314
0.183778493588077
0.184542516207737
0.186171891249579
0.184310483497238
0.186787592461059
0.187685327782121
0.19127257392062
0.193125473651301
0.192980181501714
0.192421078226282
0.189555667194414
0.185536241222453
0.178555078740259
0.170328205802937
0.167886372524783
0.168794807970746
0.170306646752171
0.17660341590351
0.184434410279794
0.194178336350828
0.211092974570841
0.22413918188532
0.244982755528364
0.255778838508001
0.304059089257389
0.304625057440486
0.31640795073266
0.334032741673079
0.375713794775211
0.389137078827082
0.387838273370553
0.39058810312497
0.396113369373972
0.392089739022813
0.390531932473182
0.346750699254097
0.42037183460764
0.407336310577091
0.377390866982477
0.351041164386352
0.356928592672354
0.356593240150994
0.34497021204564
0.356341009111314
0.362068506514814
0.363472715877001
0.377444021453682
0.363472447881174
0.355034648195884
0.366038967847515
0.374472995349366
0.372703280915236
0.373827127191992
0.370456371131071
0.383579068361085
0.40687218486825
0.400094672558518
0.394556124510351
0.388880468674869
0.376379856766603
0.358415046658016
0.339527235119126
0.320007949759035
0.315456241556861
0.318376839404624
0.109652811460424
0.322056476623609
0.303547843096157
0.348780245685316
0.356198931947988
0.332125336179477
0.287268855254576
0.256455775077251
0.241528227182928
0.241952873315237
0.2845213205464
0.229952603175219
0.220765861862086
0.201668697572939
0.185871995350067
0.287955771009846
0.282366294074303
0.265640546462304
0.230691333170653
0.231673148126469
0.275525833491235
0.245295277990527
0.271861580891228
0.291906905475044
0.250619028586594
0.243515549181583
0.263550842960381
0.271586261379347
0.253918664101448
0.215359757073377
0.180778051101323
0.159903441765755
0.162878480008228
0.158875634186989
0.150472193651192
0.15344691731303
0.177320986155531
0.14997211871106
0.14101901742884
0.134628273625163
0.123258586501566
0.108433616127014
0.0998117071029125
0.101273707510677
0.106070883110378
0.105307055897523
0.105496398429664
0.107170049789968
0.117260726124541
0.123244364218798
0.121472710888192
0.119558969418796
0.113778515845553
0.107574268417036
0.101948265478018
0.0985323421299016
0.097166884033427
0.0997587373802567
0.0990949476992666
0.0996374062505785
0.101424919711063
0.104558220243077
0.100842849143626
0.100770669900608
0.100242597527782
0.097872436060448
0.0953888920805197
0.0931718711567192
0.08885406478737
0.0907993135104308
0.0933449882008164
0.0919935180663996
0.0915214515175083
0.0885923696911793
0.0879502500030351
0.0921148899878477
0.0931178603459126
0.0957004463465252
0.0991494893707991
0.105859316470716
0.107908937121801
0.115864671031439
0.12830682610839
0.139116950582822
0.128335006188021
0.128037900748276
0.111081711969166
0.101771221463199
0.110888383756847
0.114572204593819
0.132972405288489
0.238774392549441
0.26497325836575
0.221790287277265
0.226127864301169
0.221047809590313
0.199164045907798
0.174167385301272
0.16845891374707
0.162015415478887
0.152712339918389
0.130661859789724
0.117757350613143
0.123158699684091
0.112253491246106
0.108487024138413
0.104993617976115
0.0983809707419801
0.101915618323716
0.111797965894261
0.113530834034749
0.11280865391228
0.111405073980774
0.108557270122818
0.0997393632463083
0.0994571138043067
0.100189604749942
0.0997272727759252
0.107169361511593
0.115173734649379
0.132046947510837
0.139848527521617
0.153013151168259
0.157688671213716
0.160447062178706
0.159053590977842
0.165680339522927
0.169311034142696
0.171010170740386
0.175460700039802
0.177349282578552
0.178392934425638
0.179660877856423
0.177012752985264
0.17785429567341
0.176665470553214
0.175993782065863
0.175793689192948
0.16963035711705
0.163495677389521
0.157517191851897
0.156095095391961
0.156906181807998
0.157184238762533
0.166618981447075
0.171329544000886
0.179549423803093
0.213265102568867
0.224976528855148
0.259687352817675
0.270765718819303
0.314884704684782
0.306435385616606
0.304026511359875
0.306316760169143
0.321392047954649
0.363248617043871
0.376354175104837
0.368741342044829
0.379031762435607
0.361865839775545
0.37066928093373
0.367681310948772
0.363693289602677
0.364345229824275
0.346468139259742
0.342234631381977
0.341843589815975
0.329115043335597
0.320892145808439
0.329801395552312
0.34157176927988
0.358562624987822
0.384032307622831
0.36738043424084
0.351738554609298
0.367780421457999
0.36528436113483
0.378676747061604
0.367903264507096
0.359506895345667
0.375519315510149
0.346138162718061
0.387745763806959
0.399248641641627
0.400493399859706
0.3881705689778
0.361740206903591
0.355624574624247
0.345278349608655
0.331631405591914
0.308705154012517
0.269949922885465
0.283175138253767
0.284000877379129
0.279081899935508
0.358991613291478
0.342439425937038
0.359283487039425
0.295289163023571
0.323807554671236
0.277869870104901
0.2343775061865
0.208148395155596
0.186809208761305
0.184797826487882
0.227319464117871
0.301147932415241
0.235527216419116
0.215601188997429
0.208438038855054
0.235218538931673
0.221486388914568
0.219221046761599
0.242639525710621
0.247170511618405
0.233668375541177
0.241505519472543
0.289476372409977
0.251552466891294
0.222933996962559
0.195299803306386
0.176475099870268
0.150778125403128
0.149468917671013
0.14564042683068
0.151580703850123
0.155522858710161
0.173514081538034
0.148142506347792
0.137429868815617
0.130595232119443
0.116266307127031
0.107438558868726
0.101458064607627
0.0920867145738008
0.0960496191850161
0.101692098014913
0.0982992099166334
0.100129698925127
0.105381390290485
0.113324645742374
0.117447249914263
0.12033794996727
0.118180785498893
0.112475196460356
0.106637971252868
0.102769384205172
0.101082769949569
0.101631743812518
0.101640853413321
0.0995375541079229
0.10311902686945
0.106549756580553
0.100775082688999
0.105919280583767
0.109139523433561
0.107094693996262
0.102420171377034
0.0998834292934103
0.0942632999323827
0.0950418986963626
0.0949076805032736
0.0926215860004637
0.0903991836060206
0.0915143635644173
0.0881944007107698
0.087659196094295
0.0894712909092671
0.0950881375214381
0.0968825559243938
0.0973722318777811
0.0969506441417948
0.106634762924675
0.118892171538653
0.105394662982804
0.109793424631593
0.10890473652795
0.129132772188945
0.112874125281333
0.104180995455073
0.103362925043839
0.161784451624444
0.276185152450845
0.264613553275638
0.237835269434643
0.206309475562093
0.183542231697568
0.160805708962239
0.154361449417517
0.16163674672015
0.159497973463899
0.15038761349129
0.126028970645223
0.118255251522812
0.115187364552423
0.113458766524785
0.109334799488538
0.103739378795062
0.102082560093317
0.105564366377104
0.113161612782139
0.107802900325751
0.107804716839069
0.106741741045763
0.10974543061101
0.0982637648207351
0.0969950142816209
0.103902286348542
0.10028055951438
0.100914668673544
0.107617799814312
0.115367593201823
0.116853252730006
0.129608019772768
0.134134962161308
0.139927113345953
0.145112500497159
0.151084827238069
0.155384925180162
0.157520225084453
0.157167184962356
0.160370336271155
0.1638283178747
0.167686206850726
0.166881841730216
0.164843736445334
0.161475151442952
0.160766034642793
0.16060748605209
0.154250954197171
0.150575887644543
0.150225042322814
0.148443874143049
0.148674123000167
0.148322270973742
0.154554513294946
0.155299300957092
0.184748015634795
0.215988775162227
0.249186107932728
0.243496070481307
0.279532686100333
0.325326109663894
0.283257590437707
0.280956100097362
0.281659378362972
0.299352941738034
0.345842787938339
0.349591544727547
0.350478953677895
0.338972346810395
0.329056310936104
0.329291721537828
0.33318087708948
0.325666687675501
0.329031126464873
0.331665431957918
0.329282070072622
0.329808339514956
0.316224927053908
0.311664666970777
0.2986035667135
0.340398811645931
0.3527586830918
0.38299512786549
0.359202752243801
0.343577432733858
0.358261866808669
0.361394440755293
0.360191443890955
0.353355339385593
0.351000815824759
0.366256872056549
0.340548896975782
0.361649669044083
0.403838777453692
0.392382413655188
0.386419500495802
0.351938156185262
0.344557853467396
0.332737278236055
0.325819406637621
0.327464676496651
0.303558456369372
0.298216644917141
0.289751574760709
0.288805119773281
0.32882065159745
0.332426409498399
0.366731244205241
0.30399577004208
0.351781576340629
0.298647286541679
0.24366146117013
0.221208299736456
0.207377125723502
0.256419678489136
0.243622211479511
0.207460214156317
0.173901021232472
0.177559558710596
0.215235566187389
0.214188828973983
0.189982517466577
0.186351230308887
0.201314425998419
0.235665270284231
0.227206573664049
0.265029817355723
0.292266096332212
0.234762048909864
0.201922038038801
0.174302843297668
0.172785627038519
0.151735598199462
0.139196445888261
0.155141320789229
0.181185810137165
0.142991713876409
0.149267363101388
0.135463932592315
0.129583913305325
0.12323432661651
0.108287925124673
0.0998602146887248
0.0907990455492689
0.0707588512219059
0.0775634862916863
0.0860313223473669
0.0994850931993409
0.0982272516373935
0.101773834491922
0.107968323382505
0.109525505430301
0.115417337726581
0.1112490568663
0.108308410141493
0.105956925423693
0.100579699195811
0.0964686914248012
0.0944963111401991
0.0927769128160981
0.09506950725238
0.100261485862972
0.10446558800811
0.100756973544786
0.102287731118698
0.111183709578294
0.109895744522449
0.105375515565729
0.102765866515317
0.0953083771183536
0.0953741533525592
0.09059495891086
0.0868223940873603
0.0886868010629626
0.0887000848936817
0.0893722421687491
0.0877319624161607
0.0912018794356016
0.0943447991597429
0.0932252795466411
0.0932642415120791
0.0909505558081422
0.0960320490797781
0.108618180945579
0.121093091546129
0.135924776260939
0.136145674594448
0.142915565208278
0.101704137582396
0.0982546126393154
0.110072792629715
0.165794503566168
0.263638907541878
0.229418989767623
0.198430116358533
0.172396688566196
0.159547900658753
0.154740890850885
0.206330800356589
0.213009538302963
0.1830030951657
0.161277505460318
0.134820227671362
0.119203758909694
0.115879954885332
0.110403241381096
0.103363099419394
0.104625392229301
0.105973501679377
0.104734719610017
0.104406495216926
0.103209347211087
0.10550551042549
0.103103566572903
0.101010580644407
0.0901186679962852
0.089381105353627
0.0949844570193563
0.0984605909318147
0.0982843177813229
0.0990580905712666
0.103231455804602
0.111852523884826
0.117376805643859
0.122362538385065
0.129589899531696
0.136127820470901
0.138926436910879
0.140822201547143
0.143714852069169
0.1440099619262
0.149750836092746
0.151087793817205
0.154718416928635
0.155983263962661
0.155679230063778
0.153862692781806
0.151031411066322
0.147537112949707
0.145705926454098
0.146174080714229
0.147462995206249
0.148350135354272
0.143627822900677
0.141442054058501
0.142193155566583
0.14317860993511
0.166915365818893
0.187159361815162
0.232287344610919
0.237903745892376
0.263271119474935
0.299103212580666
0.256850408526287
0.259164789084821
0.265619157162419
0.27226275222011
0.291016605432028
0.288553606353799
0.302218399689
0.289132643129224
0.285290481629553
0.27456365808574
0.26541625679671
0.276256558640475
0.288220316414703
0.287019806203837
0.279323825705732
0.306797966863432
0.289273262726581
0.268063046412966
0.274609574665425
0.304269506135053
0.347292490367871
0.366272556905711
0.364101647589094
0.360419283653058
0.338595352511175
0.342096026775341
0.340053117532556
0.358701470383861
0.345788692027226
0.343352248172108
0.320447294147646
0.308027877275334
0.379300615905636
0.368887067605723
0.341196242317497
0.321423331023446
0.307054801196697
0.295823638566915
0.315457504891021
0.3364170459933
0.280578930531139
0.27753289216251
0.259227589812357
0.253647051876327
0.340463112990926
0.334431900200258
0.323279142640257
0.282282918492194
0.329683629056417
0.292012951794721
0.256052241364881
0.229411620659885
0.215298604363844
0.229790672165652
0.230881905242247
0.182862778699506
0.166466911140694
0.168001190489957
0.231432178499391
0.18560692824346
0.166406027139584
0.171422945603729
0.203669507336868
0.227334758002075
0.214239593333789
0.241362007222642
0.280386871898396
0.227092634979202
0.193060675225917
0.188025253832796
0.251772676586123
0.171162608812945
0.144049347727785
0.142697042516462
0.138863063252788
0.131068271383071
0.134345364656996
0.128653678398926
0.126551548601937
0.124050496754103
0.10768142625853
0.0937285008379657
0.0861887999303242
0.0650315144363621
0.0628647178457138
0.0808649834016797
0.0941777787771551
0.0975381449583442
0.0904327209734394
0.0931390310970348
0.0996852745133942
0.100856175439444
0.0976477911433453
0.0977652654559619
0.0943307483201918
0.0868346773447573
0.082479400879141
0.0843950056072155
0.08537420885899
0.0866547101821426
0.0917737565881836
0.0934766068452171
0.0904446987643946
0.093096189124672
0.0942389791216285
0.0946063614014291
0.103026432560018
0.0996324437872715
0.0893378879111316
0.094689641634652
0.0940424030900616
0.0902491460749325
0.0898805558232864
0.0950901238843142
0.0921606081593213
0.0942530276845617
0.0986112974101169
0.0940030860809802
0.086034663771018
0.086815104935414
0.092540990498575
0.116016140052491
0.188241659555182
0.143996791444468
0.132655336871452
0.145014954346455
0.138126556968875
0.131586215317113
0.131044522398977
0.128413103597791
0.14895773429809
0.162728733824544
0.149059606737087
0.149426156058481
0.144708183928299
0.152268207565524
0.153517127917852
0.176840757708868
0.194965549334112
0.190081431648749
0.154726042279646
0.131224514287325
0.121920703231432
0.116851200188056
0.108930746589068
0.107433525113563
0.108733468731998
0.107951898241
0.100510409541509
0.0982092840310759
0.0968285352036962
0.0969370157519881
0.0992151302454279
0.0945239354422748
0.0880828619684561
0.0875974742193209
0.103136914225317
0.0925644806413792
0.092710070135695
0.098280746729051
0.104908218455194
0.107597637495504
0.10900482892085
0.112697587621379
0.120914347993295
0.126169642090075
0.126483182899852
0.129309033068874
0.13278039203329
0.135572083889739
0.141281355097029
0.144218620224729
0.143450701015801
0.142752179261038
0.142199629107984
0.141552983135049
0.142976355367174
0.141685089877525
0.141343966541922
0.139512517046401
0.141370052798165
0.141215565728491
0.138985058784247
0.140608260586468
0.143372953759464
0.145638646899526
0.158661301902724
0.167545276860397
0.185295933567557
0.223983313430964
0.25419083625546
0.256261340640924
0.232092817058492
0.239899432952816
0.24848813737603
0.252599324970743
0.262745124129483
0.260509559623632
0.265146609357265
0.254877594479773
0.247262130391098
0.258846106792419
0.26475030557859
0.265498234524042
0.261843037092431
0.256679545011766
0.261639791142229
0.282544109454547
0.276079949656013
0.261182130644204
0.270453756953793
0.314211038551578
0.30091989290572
0.320883905449364
0.320899119556048
0.317890192618716
0.30129909850392
0.315989316837984
0.307733924084901
0.310636390310386
0.323041977244062
0.310527959481017
0.296736338929695
0.294027963783751
0.343274515133666
0.34498647897756
0.319044069337955
0.313380149063414
0.273902891936627
0.248586533702262
0.232044533517833
0.231619852258841
0.232906949035834
0.22346332311999
0.218735976870675
0.193514425894936
0.204491963400093
0.246516962674482
0.236066616066299
0.227913872746027
0.279080257117293
0.255054314028144
0.249741668261863
0.248519548736283
0.214646530005014
0.216654920480788
0.219287331520567
0.167432269052819
0.170853877784407
0.155673649682631
0.181189328252523
0.152017488130321
0.146363310285731
0.152626773564542
0.22036595178386
0.26242342712224
0.202568020965186
0.193641134484774
0.283075488745033
0.231999589933564
0.19541800611762
0.176192601719634
0.167834577873518
0.143848057965137
0.133157035772048
0.125268586707419
0.129941580618364
0.121951743641126
0.127517904870995
0.12254177191423
0.122191855925496
0.118658799105623
0.101198976725548
0.0836436625062142
0.0859208247738607
0.0694072645328893
0.0593083898561209
0.074785455836131
0.0783067461777463
0.0926104150181992
0.0882543434005847
0.0857247867177553
0.0880214068980612
0.0887487758190612
0.0857698800184052
0.0861727467143096
0.0843202774740823
0.0813024172087214
0.0798230690947514
0.0796689834102156
0.0802284401070522
0.0825270645190831
0.0848186410591183
0.0847971373713824
0.0846855734998343
0.085522941175263
0.0871252534030396
0.0893098971888844
0.0951774226246866
0.0941040741432338
0.0962255594717623
0.101325662714295
0.107469756294976
0.102244464842964
0.0988174653714492
0.0998541959007702
0.0995258288362997
0.0996685013340144
0.0965555453909003
0.0897777045318655
0.0857329661440769
0.0882632617204177
0.104134863492579
0.101100266873818
0.244627622453643
0.171846330956224
0.164310718738023
0.135886938734063
0.137197683411619
0.136056107559866
0.132220196420057
0.132133507626709
0.130914935919919
0.123817600409845
0.194676342846285
0.148938527706354
0.133865945104759
0.132077194327087
0.138249607500781
0.173577869395724
0.188378527719671
0.152891377153541
0.132928235200585
0.122754689505194
0.115399952411524
0.11542324148455
0.118195173399891
0.117940696153921
0.112969493869189
0.106427835342915
0.100335943966359
0.0979220413489569
0.0935607523368669
0.0882146865587343
0.0907608135202552
0.0869905588116351
0.0903609355961365
0.0912256828631686
0.0927570579232225
0.0836500809170754
0.0909776592801166
0.106791525619138
0.109923587415152
0.109790446377262
0.107140300937818
0.111700359204833
0.117103667781417
0.112917565207353
0.113593960351213
0.116785331509791
0.124445651083946
0.128045752394652
0.134851974996742
0.135264046135991
0.134759766857027
0.134191599650352
0.133803566288473
0.13216175027359
0.131394182355034
0.128489868829824
0.131131172986308
0.132968975120871
0.136253671223933
0.137761479232558
0.141486576957835
0.14388500153145
0.147545814966506
0.150891805600042
0.157103784061193
0.159791803168224
0.167784967479772
0.206970863987191
0.23408493384225
0.228156311740733
0.223875011119181
0.225998446976306
0.233438672462648
0.235397448541255
0.241055959889037
0.244793016675832
0.249442657672775
0.244014470563921
0.236769759547209
0.244380305784868
0.249935509624123
0.249247839218772
0.248949951429486
0.260952055149165
0.271580153874365
0.283597737294456
0.284689338891917
0.25999529312297
0.269029927082731
0.273443401844562
0.290090376117211
0.295712782869668
0.27024458247594
0.260972907637504
0.265905755877839
0.273911341385107
0.30024554044218
0.315816904037006
0.292729903678079
0.307726157059535
0.309934612582752
0.352490516845025
0.308753763403267
0.23857640992515
0.247116041151763
0.238827395055227
0.256730366480039
0.224811965794703
0.220598989867553
0.219068410475705
0.233096003772467
0.220398519859919
0.219454692863058
0.195878894637853
0.196124727135208
0.188782979537333
0.194988132764704
0.199686374098972
0.211920993944477
0.218341455180295
0.228849299839413
0.214932266403316
0.214171533406646
0.21280204345602
0.245299684168733
0.145968714069661
0.157894880717961
0.154547360663665
0.127149615146956
0.128704868248827
0.132418353942102
0.127841798813954
0.135619355305159
0.143049570282879
0.149917556542298
0.154491729570864
0.242560251984833
0.237127015037034
0.17570099027211
0.165196604504405
0.162353553644089
0.15908368303123
0.151701198720276
0.13126486042298
0.121468153314048
0.123844863421823
0.120379309793508
0.113812145607944
0.118718489650304
0.120153209919771
0.11158603290324
0.0816395445639198
0.0847887047963443
0.0718172724748592
0.0686950193184567
0.0712694258169858
0.0748420962297027
0.0862026650298117
0.0899765458817686
0.0871311573047286
0.0847137193208373
0.0816001987895947
0.0762274030750137
0.0790758385642937
0.0811020401179215
0.0801787570323341
0.078205619906832
0.0758151650619878
0.0757102933203806
0.0797923937650886
0.0833474122065333
0.0839620927439579
0.0844317114862667
0.0848730398415599
0.0859077672271357
0.0883828843308264
0.0924521667325198
0.0954126901758735
0.0903968338999655
0.112459277520382
0.116118995030581
0.110410443647197
0.103966467780484
0.107400886876469
0.105850454105555
0.100905859393786
0.0963239693272179
0.0919824486233855
0.0916770332654333
0.0923778094793438
0.114570013921554
0.109340460918434
0.158650087664726
0.154622818357564
0.147608637845772
0.135733689602074
0.118927448265019
0.106915658059019
0.109237909443714
0.104857078952937
0.108206828213094
0.103517540068813
0.115222574450799
0.0957082617124801
0.0987984524024498
0.107898335175778
0.115411286571157
0.119771343970896
0.117312274127012
0.113023564510379
0.111777288530583
0.107678708910785
0.110175476116409
0.114584708359734
0.114735513248354
0.111713165542476
0.104659528117653
0.100051498839042
0.0964087680135712
0.0941167975027724
0.0916455078033728
0.0873527019820879
0.0894350574832267
0.0822062621411156
0.107663557790481
0.0959675861000785
0.0953230641771371
0.0893918914411953
0.0992044225114593
0.108504276707608
0.113377369228148
0.113105751897642
0.113103497936968
0.114633993124019
0.113298640641257
0.112391295302606
0.111004679867536
0.111228705962474
0.116034162851513
0.117448199759688
0.12176826830943
0.124977697399708
0.127594658664087
0.125511710227734
0.128118353700611
0.129986028425392
0.132605620604607
0.13486280590639
0.137759010559742
0.142159189127927
0.142207510273624
0.141050566769894
0.14329969968174
0.142238440554248
0.145393874659336
0.152733844150312
0.155995897797779
0.159148049829235
0.164459441924394
0.187086370769729
0.2071269642459
0.212166104289543
0.212294345127685
0.229583816230548
0.233011048821604
0.210778718026495
0.200101288192027
0.211931764376937
0.21528275964247
0.219906872776935
0.226086954751088
0.257625087030862
0.248984353613835
0.246566420535891
0.239288620625291
0.278606831732245
0.26759224232097
0.287066067786539
0.30244377436156
0.274389227361916
0.276866932821515
0.270239346020725
0.298217198227104
0.251718626655293
0.242527791749411
0.23806862928419
0.24474816115827
0.254254219172717
0.272887330082099
0.266808373114092
0.263396903709841
0.267665628270102
0.300063853741971
0.300873802570972
0.331480003927036
0.185088694892756
0.206886026513398
0.204542622023604
0.207151939226967
0.215391996067412
0.217997014347446
0.21964775827849
0.217890854174254
0.204314359981875
0.202386922730899
0.189034240578918
0.184573044368736
0.190278110043031
0.195708134564107
0.232103415454549
0.219300891484724
0.215695025677631
0.212271076452434
0.190418978095873
0.190048500506421
0.18664268805189
0.17521794102903
0.137665164152474
0.122972393324969
0.119696062671644
0.118838915257186
0.121949973872908
0.11139412425065
0.128607880661528
0.132507291008051
0.131381034805292
0.134940200117342
0.128310055209189
0.202021384800735
0.195246775837168
0.148636696529198
0.137518662330141
0.1398976842994
0.146703526126765
0.13939343613118
0.113666657805777
0.098557399534902
0.109718822817592
0.111475151098347
0.115619595183817
0.112890259169142
0.119742845737169
0.140158909792324
0.0814090677667888
0.0798818118611671
0.0737683756660055
0.0722480782780682
0.0760835737343891
0.0758040970553027
0.0890792265174524
0.0847478487349066
0.0803886092613608
0.0828741824239299
0.0802058837780935
0.0764266197210371
0.0742742922370642
0.0779584849225549
0.0794323226857544
0.0800722594684977
0.0764900591435929
0.0752071396327552
0.0824998395136347
0.0846219146659737
0.0855094907324214
0.0839441768070139
0.0811225980524224
0.0826307286021737
0.0842508818769659
0.085923816932486
0.0866297213551194
0.0782867234326175
0.106387408222844
0.108890400955439
0.121768626194021
0.116740194630964
0.12105035351477
0.122434927215082
0.122674136274192
0.124843856244269
0.122784048037109
0.120687154803722
0.122138384663284
0.124514955767634
0.114794049307281
0.117383376414733
0.120200501418944
0.111967558827056
0.107778343108402
0.101112998275411
0.0933227078683038
0.092386493470925
0.076644517724353
0.0774933784165968
0.0737973438350047
0.0844076712868569
0.0893592475445415
0.101957313989559
0.115917426608775
0.11021299983882
0.113466279285009
0.110195904572744
0.109571342925756
0.110091552666081
0.108751904833237
0.108814706516305
0.103014436694017
0.0987132593304225
0.0950647438897785
0.0936111049466677
0.0916019326581681
0.0892645380547653
0.0870973738345692
0.0905596112549955
0.0914873936541304
0.106204948627768
0.098033395783439
0.116479562352571
0.106064186704965
0.10254084703088
0.106541127797603
0.115753495383777
0.120080553600748
0.115979619375251
0.113544804186029
0.112692017858281
0.116539294367401
0.112987712431199
0.11632570251589
0.119992563814497
0.127616953039012
0.13030935530559
0.12912201513487
0.129110248940312
0.134195061960635
0.137041087223228
0.137085967362804
0.137847370972683
0.137571300398139
0.139241926104483
0.141822934786858
0.142393646791164
0.146302098628267
0.146544990533581
0.149646779613233
0.151353439628596
0.149346712278524
0.15644698529648
0.160644464536118
0.160213598253025
0.16271791720494
0.168490458242349
0.182083879334473
0.190559567915783
0.199607449055407
0.20235262811059
0.235316711148538
0.251917966587888
0.205711435580986
0.19311509871632
0.21218950388998
0.184549248391214
0.191149592003305
0.197345648057377
0.209897206621707
0.217579935932104
0.224652830814478
0.21111941596682
0.246822865721835
0.20902792179241
0.219249779099296
0.251105898002222
0.219367910886899
0.234541323228101
0.239563662623432
0.233033571959827
0.217767001144983
0.222172366195645
0.23135891549231
0.240862583332904
0.249412547926749
0.250953322790935
0.250287939211255
0.245024655649793
0.241522572014586
0.236869448698418
0.224839283646668
0.220651014653707
0.205842125423907
0.235007483473806
0.226372694779109
0.23334112863371
0.24977875066586
0.25089460406861
0.245899019535407
0.237262105132012
0.225086205016423
0.220331590171144
0.199509148537218
0.196898950886704
0.193529811137658
0.193357667007164
0.202489990862826
0.203267005831995
0.191740094757703
0.193849149973036
0.187579610534036
0.189212296850911
0.1866032675309
0.176710740246557
0.156752538965754
0.143044891156745
0.13316272109765
0.132934705475571
0.120469543948216
0.121028286847814
0.110729922117463
0.106708119507951
0.110080782691783
0.107386659031556
0.103466068896746
0.0989968925578006
0.100864274538768
0.0922658092480881
0.101377802037709
0.111126343032221
0.140387989327579
0.112198437057879
0.0971313873335674
0.0831855273774624
0.160118561048451
0.120209106486799
0.121111071806856
0.12136275820824
0.128107268301005
0.215719289172238
0.128853635501006
0.103651169691872
0.0863665795605671
0.075647190479144
0.07567666866695
0.0785949033881002
0.0848922088410798
0.0980509567891473
0.0822402294033059
0.0893771911147571
0.0914376916218275
0.0874715588362202
0.08028252956544
0.0814380751605681
0.0800599779015548
0.0799367117277972
0.0798983515866364
0.0803952556391605
0.0804761573777749
0.0834712862876215
0.0827464101774368
0.0800694229578432
0.0810812654869726
0.0900706051264066
0.0884319930508733
0.0870168374930228
0.0922357409603751
0.0762168887942105
0.0894008340976391
0.0859760550656399
0.142124417334536
0.117047113909903
0.126827183080961
0.122636173752003
0.0997449369212576
0.0820652847978088
0.125840953305548
0.110998027472743
0.12188689453405
0.111243406167468
0.100638206354685
0.0897655832949512
0.102188205550429
0.122195596737626
0.0988098473180944
0.0895872087653207
0.0861454209394115
0.0838793564100257
0.0467723093781889
0.0644440371639943
0.0734244766978966
0.0752142339773496
0.0803249455136623
0.0838126652020957
0.0901650419831174
0.0935208124392264
0.0962102689026876
0.0942956043667689
0.0944546469661919
0.0979230148789929
0.0963342014374304
0.0974493431244807
0.0967754398587777
0.0956212274452204
0.0933980892498997
0.0890881794863974
0.0871934401325853
0.0841533241312324
0.0828770829214593
0.0871301509479137
0.088524046778893
0.105572486985792
0.0966704537023053
0.120967336610957
0.108847021865828
0.109639908476336
0.122114121710114
0.125388648923166
0.125687948122181
0.122162898142074
0.122053468436823
0.123359317515787
0.125576371670802
0.129010971656044
0.143360796869941
0.146411584441
0.15150383869405
0.142523549863599
0.141073867031094
0.141488973570426
0.135327802666072
0.138468803408718
0.136502309526364
0.138343340027635
0.136161566356758
0.138649415545617
0.137254106306532
0.140127292553641
0.145926614112058
0.151900794755958
0.157788732471367
0.155596478348052
0.151155012804226
0.156760697250818
0.158150493345977
0.160055332541265
0.163621971387966
0.172676525023849
0.184379065513767
0.189594235913581
0.19691345788755
0.200217828038925
0.226383087970585
0.232972894540426
0.207972896443805
0.18624358324263
0.181659924474874
0.175348965243668
0.179991932906066
0.188335940118761
0.206584209870719
0.201964647922444
0.199226782729802
0.194127452271027
0.200853043849001
0.190478966431847
0.193640432949798
0.206218150449781
0.206229141905119
0.25137147286467
0.220608190207012
0.219241150855826
0.211481952692984
0.216539522411806
0.221052559605303
0.233481705964963
0.247932120410326
0.261414204719433
0.266038446398473
0.225244731812088
0.218023201813691
0.218155322750774
0.212434401136965
0.213571610869087
0.210432737813222
0.236439790551064
0.246992669810233
0.24050331126311
0.259146404677396
0.27014353196101
0.268320866108069
0.26439390700655
0.256838955877224
0.243216108275786
0.220907023619916
0.214021111064808
0.208944542296885
0.210322598239807
0.208832710623109
0.203405182229239
0.202846451369005
0.213024096862027
0.238448774955615
0.20628582509166
0.197754838608392
0.181840050265962
0.168283577095507
0.154339103046777
0.137932718737472
0.126989714591622
0.111348024619935
0.119032509567778
0.117229499683308
0.111953990541692
0.106579167524345
0.0823029453624475
0.0788824701256585
0.0731635486516006
0.0855389898740516
0.0849072998355205
0.103417928159747
0.106830686231375
0.111037385194164
0.0933116842855591
0.0932599653699829
0.0907889662189244
0.164006493882456
0.121966532755503
0.118228243096635
0.118072413075816
0.118252984458982
0.160382115945111
0.136705644723665
0.137428648529239
0.13467256586443
0.103945760696232
0.0900857829105701
0.0837254010799199
0.0888129934639645
0.106880666684063
0.0854493889462801
0.0914655312476583
0.0970497050714429
0.117188035399407
0.0906447369544778
0.0911034068597716
0.0855630246220673
0.0863449376053403
0.0883529982360004
0.0862095614614649
0.0811462414082841
0.0787124098549104
0.0797008601151851
0.0783809009296633
0.0796186833952823
0.0884750714880866
0.0892139537251338
0.0888309716446951
0.0885388829814757
0.0798858556928724
0.0922389071693365
0.0836494518096842
0.114510467980954
0.121349295404833
0.118234290807149
0.111418321042031
0.101550741715973
0.12468050596378
0.149849678818984
0.144553562516376
0.1143543104856
0.158206011781218
0.133333236185115
0.0966668560504073
0.132535020068153
0.0974974810049026
0.131321157289413
0.0920602307576952
0.068066406304878
0.0611838816841185
0.032469739112773
0.0308530389282373
0.0557280383422295
0.0642993803418771
0.0752697358572
0.0844319958914739
0.0932002129459268
0.0984581868606629
0.0979000318399564
0.0944393116989689
0.0912136948888682
0.0985330489105042
0.0941946623409372
0.101279793146597
0.101848834534076
0.0987363369205892
0.096658526007522
0.095807063066884
0.0951041621920083
0.0910516167277875
0.0876114491611858
0.0874563138911069
0.0820692492173909
0.14315214734171
0.120348289499025
0.119500826918941
0.114321992133021
0.118861529659411
0.127201721012061
0.127085588964871
0.126541055788515
0.125566986625596
0.129293595071835
0.130146981194954
0.129364340084997
0.148016121775925
0.158169137430779
0.152207803655742
0.152944440434256
0.149450694820848
0.145198724327426
0.154321758774016
0.132980932814358
0.134279877231766
0.131610757157954
0.133861247675103
0.137318771504196
0.145060442249138
0.143491651171926
0.151175759987922
0.160543331310361
0.166786439920252
0.16937525822138
0.167587213978094
0.165090158154699
0.163303777345889
0.160714759271683
0.163193036570351
0.167642713537614
0.178268902254836
0.184269589588893
0.187308628023648
0.193706445161746
0.199756882408896
0.208089583718087
0.221599155036077
0.238598913583396
0.229550612100767
0.200061595327946
0.184806319446961
0.175526454499291
0.177457129394894
0.178861986616323
0.187781311815859
0.193509411885169
0.182131438691453
0.187537666056207
0.186960082094454
0.188037874025492
0.188419480155465
0.180693346425177
0.207467098102401
0.210645975607712
0.212917983530976
0.208997888938391
0.202438794337743
0.207527523504279
0.209439699267878
0.217923883052097
0.225754000576382
0.233841079953738
0.244974797999964
0.197199657528281
0.20462192472353
0.194241004356712
0.197621916509467
0.194875752772576
0.214598838392868
0.211984683663382
0.226261627513517
0.241848183971637
0.265089159124166
0.276811256756376
0.284902657593294
0.283198500159457
0.269695105504974
0.244168510065886
0.227900661675303
0.219277477507876
0.208422217384084
0.199274668074489
0.206280937464172
0.210537935139582
0.209544533440752
0.206744214104046
0.196969870602306
0.19205397246778
0.186414464600811
0.176787864868867
0.162350030456186
0.153481446882262
0.135386047130792
0.129876050784384
0.126561526385422
0.114461606442358
0.104447095707024
0.0952570004478277
0.0968534773298038
0.0720477054848708
0.0483449148471231
0.0415530778665892
0.0365373087005744
0.0313127269927743
0.0556797981151363
0.0655840191846648
0.0860235754108492
0.0862554510964518
0.08012956606593
0.0994223665779855
0.0982295441408881
0.104931928986724
0.116703610853625
0.145768063677513
0.175743387073377
0.141085909314179
0.135253627016
0.13147889670406
0.14392461051401
0.113975587308129
0.0998302150290966
0.0971681764453654
0.105026515191633
0.0989865655879262
0.126139241008468
0.096667490254915
0.106524457393331
0.105757407942592
0.125874302648489
0.0890517031762236
0.093536544772329
0.0906502590821757
0.0845254423014336
0.0781578145044808
0.0804214790409097
0.0797734782597305
0.0799520864419732
0.0827344186630637
0.0915270536509387
0.085879376186063
0.0843258448125575
0.0835518920968991
0.0795326969572149
0.0860714917048558
0.0786825392039774
0.0885047590414956
0.0842190772302333
0.0872054572731178
0.0885468355303178
0.0857025650270622
0.0872416282557664
0.0933490715040979
0.10633378179989
0.108514145357893
0.107465646768129
0.0774411308669514
0.130514263578424
0.102783190646421
0.0963507653385925
0.087454711935752
0.0845105384038025
0.0721698316182363
0.0617670420228869
0.0312471474115136
0.0475360407774728
0.0460537819176757
0.041995916646454
0.0533785340498414
0.0735758840182351
0.0932099285381331
0.0991124071770293
0.098004845338959
0.0915982524140956
0.0892644491781103
0.0957571557748716
0.10281433097995
0.117516524271085
0.107065388519656
0.104678945682709
0.0990579406674467
0.0963054311567347
0.0968756906155818
0.0938677277364558
0.0917932271392317
0.0919124576437201
0.089586268537081
0.101967143230784
0.0896565996484205
0.0967765161179347
0.102396415961496
0.111295875339424
0.11745483838921
0.119582404469515
0.124047129255702
0.128816885081943
0.133228900988519
0.135530262115372
0.141239421137839
0.166771583757845
0.151506152527866
0.151131848744403
0.162200832395628
0.159342018260942
0.153065405571691
0.154158435181113
0.142263391697133
0.136348307115598
0.130696401195995
0.136058350829743
0.141405599495385
0.141715001947307
0.144977994228784
0.156817748550428
0.167758039040771
0.17865636949972
0.183821074016638
0.185181176928071
0.182592487024534
0.178888586885712
0.170619241028756
0.168217795844923
0.166268268377898
0.172709062333388
0.172438108311086
0.182003821801498
0.191307140612189
0.205094938878936
0.215608362445018
0.220836598152208
0.249978921631512
0.265546681539045
0.242471507462544
0.201795852898189
0.179501956447008
0.171260898501268
0.16999756659889
0.183365140549327
0.198727296105825
0.191140652010914
0.187346182546175
0.185636864079771
0.188662762625532
0.19061861376888
0.180138201952496
0.196583346482134
0.20631773481678
0.222360782635255
0.248770944285622
0.201411908376739
0.213577880121854
0.212216852345641
0.214298063929505
0.215571287216341
0.219010701754479
0.248439805096915
0.19605542330924
0.205838857760904
0.195500044083463
0.193261361810992
0.195074006530499
0.208468439377728
0.214606397416991
0.217362896319751
0.229841591380935
0.247009600231843
0.278984430801357
0.29418122924039
0.29435531888283
0.281963503750652
0.253948222493403
0.246096067942806
0.251046949160225
0.245480024070615
0.233173064707735
0.256784830753334
0.245543613840571
0.232543549080576
0.213907337584797
0.195051496009775
0.18334317890911
0.178692791838559
0.173517489570448
0.171971611152979
0.163364429938804
0.15410553922129
0.143702118663268
0.140115372329466
0.119435277642095
0.104438602165495
0.102879377083421
0.0987961598002895
0.0745631008279933
0.0551925571895935
0.0538923421615565
0.06481176580402
0.0651917146769502
0.0788276900524435
0.0903086938739162
0.0993796484105556
0.0874686899257873
0.0812214982632923
0.0854922689655234
0.0989362759604385
0.11517628814933
0.149697252174865
0.186044060075148
0.158224398456912
0.163788778091178
0.139196959401745
0.145716905471148
0.162195573651226
0.162917855848096
0.124646083271409
0.126327759854406
0.118676655835826
0.127000198031454
0.128788760021472
0.106326357078203
0.115512559409025
0.106485869759544
0.116517652107873
0.0927259930167821
0.0974032987415232
0.0950443078781887
0.093943877030098
0.11078425759537
0.0812268265983676
0.0811661443979876
0.0820587767924346
0.0825682133729244
0.0899399510663716
0.0825350631223757
0.0790791515445989
0.0838423234640379
0.0806944274067685
0.0804908274498333
0.0752101185341625
0.0819343380193398
0.115695867647834
0.170124936695721
0.114772147075885
0.0972740094625461
0.0845419289286777
0.0842014224322474
0.0814907301278943
0.0957446913325078
0.0856618814885006
0.0896018452249948
0.0854963110452287
0.0949582878324656
0.0917023523203512
0.0914650882046402
0.086930517036912
0.0783618769016516
0.0479653659444761
0.0236478162762642
0.038606780796683
0.0503646327157419
0.061502568601625
0.072717104973597
0.0917973752713979
0.0994547838707448
0.0984556000824318
0.093327420228881
0.0933892310020889
0.093747725759747
0.0991826874825083
0.10563827147567
0.105503115960035
0.102058767552883
0.0987191707098462
0.0960317956660802
0.0934909438417136
0.0920357855368655
0.0951141839160207
0.0928981916103361
0.0937936217142314
0.0936495202118554
0.0941983055687419
0.0859381826429525
0.0901673439005934
0.0987490062567861
0.110538379640317
0.115699957655047
0.114681811075672
0.117728259757883
0.123082894020175
0.12866911479552
0.140854390475666
0.158996400634172
0.16224952354097
0.155008314349497
0.163068837972686
0.167672680451292
0.161427964958665
0.152808167597681
0.145436055367586
0.150979436846832
0.148556887066296
0.139035757394402
0.140996899679922
0.148893758469636
0.149195223996802
0.153482153625071
0.174454259371372
0.201150823976362
0.282872822764727
0.203769145753882
0.205658794662282
0.191693523064225
0.199585751816603
0.191997262901213
0.181669617541597
0.177844507504951
0.174980034744844
0.176374124980221
0.185254559603297
0.195122358146436
0.227483476748788
0.250193462274361
0.241093671911066
0.252575704563751
0.267213011832504
0.248039518126942
0.218670004181002
0.184654602505819
0.167828303414839
0.168666946316135
0.18348766395796
0.197636287110937
0.20898224377133
0.205210869815855
0.203978169729354
0.211038523800422
0.211854294812403
0.198934878303879
0.196976998763932
0.216472861956637
0.211297984455766
0.219384387991557
0.200019209462635
0.2024872242868
0.204486486034079
0.206226925667139
0.204413179012231
0.203481415265359
0.225822406156497
0.223823496239591
0.265485812959841
0.187625706353386
0.196286768919978
0.18641462722058
0.211093538366923
0.207165595869022
0.203489818932451
0.200762073715544
0.213129179239424
0.241109403732401
0.272973146250776
0.263663907564009
0.262068757771745
0.248100919867364
0.248230240654588
0.269896622256189
0.286293577412694
0.287485608223235
0.361037222632488
0.280705412317961
0.236303158484659
0.211262278376842
0.194901081100708
0.186050734371774
0.182605295748201
0.184628179311619
0.185418116434211
0.186768626397805
0.199308426440407
0.159785809624153
0.151592749293366
0.133130890987837
0.131180317995174
0.121791045910883
0.117828039292099
0.10561844207277
0.0954804587236125
0.0786593917725889
0.0783833681317661
0.0664054590162625
0.0733434305413345
0.0794327210825104
0.116967963633796
0.0960953427564917
0.0912222464229738
0.0978197844538274
0.106395341655748
0.134083810465684
0.164617526078981
0.173541225838713
0.148075443951922
0.159112245354261
0.149335715918658
0.165827640122215
0.145521097695536
0.168687006663549
0.130682760173955
0.154656398139719
0.158718447011293
0.129060274627909
0.151838629615144
0.125119262328651
0.149423055069339
0.11456511019472
0.108362898044109
0.106105361376161
0.110794313480989
0.11502686129029
0.141655516403097
0.133973609105484
0.112835606043821
0.0881317799589776
0.0875999532342532
0.0872024970848861
0.0877374448480556
0.0836104241258261
0.0797633943361406
0.0741162311883708
0.0715499162255935
0.0729868984085575
0.0693455853163194
0.0724933891215468
0.0770440338753191
0.0846524952502655
0.079714237455681
0.0691574165520056
0.0619223929995743
0.0605447710944468
0.0454113238021501
0.0511484008807534
0.0495896493652556
0.061581489739718
0.075349254877922
0.0871994694813035
0.0943595025557896
0.0908731296362386
0.0937052977163043
0.0832419147246597
0.0715747287722152
0.0515744213025134
0.0683761719850604
0.096107573898103
0.097996035072097
0.0986519070228234
0.118144603690218
0.109106722225915
0.105332218088336
0.103091433411702
0.104101693454176
0.103994154492143
0.105387567867857
0.10732297378799
0.108367649737567
0.108609059712315
0.107571205762285
0.102961251173928
0.0996695580996913
0.0969570735047515
0.0930976291748511
0.0899701649277404
0.087175536153255
0.0834155453939691
0.0865359855828256
0.0855160310148562
0.0901992768958491
0.0930842252691387
0.107630991519625
0.109424704901285
0.112662142734605
0.115211946410417
0.122819425013827
0.12785849114128
0.144165784777839
0.163997153021846
0.14367287753145
0.154558309920174
0.168322171323942
0.171050190376816
0.16530684067734
0.16280802377011
0.158497301167989
0.157266287250649
0.155824287570991
0.148852753054409
0.148927193755245
0.151485583319816
0.15194735979735
0.158653089841979
0.172697559641352
0.183444711518325
0.200378872356925
0.187327827792301
0.186868125717113
0.176551038146788
0.190012398983934
0.18649903162853
0.184914355361144
0.18327628328207
0.184543771535975
0.187631349175599
0.19154808718648
0.199562562811245
0.241945185025019
0.262162194521796
0.240802235463616
0.233516994852915
0.251231094661452
0.236012749466129
0.21982446481521
0.196638282315482
0.173246181103007
0.168434537388968
0.177221187259623
0.192902600769041
0.205687478886332
0.209817071869431
0.216317564602797
0.226137081466816
0.226229690435279
0.205522028963606
0.182826576117962
0.226608972028298
0.210552533866356
0.223414767201797
0.213020065419918
0.208716632972618
0.206335312590918
0.203334779906989
0.202459031228405
0.199816094480329
0.212650206286014
0.21243624963018
0.219394304413853
0.193913860467262
0.202135188635918
0.200455876671068
0.221674283757609
0.220213203267617
0.21105098158798
0.198848128844673
0.210924678407956
0.226303185202932
0.25106574631295
0.228365055930818
0.20729030167305
0.198469139984332
0.228560692166769
0.248988656226247
0.300304356625182
0.289972153086458
0.351852583944711
0.281214338898967
0.240320525869337
0.223317925017719
0.205357395669373
0.20364755313007
0.198778261883691
0.196168686163011
0.187718081453392
0.178555336705746
0.166874963193007
0.153319336606536
0.155988342951495
0.148341331385289
0.147253471371518
0.140607716109443
0.138016003879445
0.13472535384356
0.123071179177411
0.104395386028135
0.104462012703254
0.0959541458359409
0.094494616759161
0.0959753985265247
0.110324135834657
0.102516524646541
0.104818629095482
0.111558163715938
0.117295189102967
0.131146457582455
0.135815556028378
0.142398876969357
0.14887092654629
0.161595656736023
0.175008459151526
0.194793917139001
0.191564370175582
0.19801716806869
0.161249198996457
0.196606040927569
0.16636539453915
0.14200213802924
0.126965871205478
0.127078273210904
0.139350084154703
0.156742314137375
0.142520697349672
0.101039825487691
0.110947363683991
0.106738957955888
0.119236425112694
0.126404624865036
0.132787135120802
0.0942378165911758
0.0907552506109521
0.0896525928246612
0.0897855039896329
0.0893600147789964
0.088999415062002
0.0737596987638608
0.0687707016162697
0.0603727154370859
0.0560830243731561
0.0561000523275083
0.0534545898701769
0.0598772796041083
0.0717175340893519
0.0628914279193168
0.0568178199322465
0.0500597845196291
0.0502867662585131
0.0505256560361858
0.0639945017425065
0.0696219080970963
0.0785762095651925
0.0916283447804141
0.0915986039063531
0.0863156381421164
0.0866675431947849
0.0897345593893396
0.0843854157386645
0.0834569917890672
0.0876470960382178
0.103268951553698
0.101219489520709
0.0991214217724034
0.1064431120695
0.103027802731003
0.102931508750919
0.10511537418216
0.103225286760761
0.1017715198909
0.101403311790489
0.101623495212439
0.101966692803924
0.10297045951475
0.106616284456412
0.104815198446355
0.100244116918488
0.0973254764612223
0.0907836273163515
0.0863569935341925
0.0860471886180878
0.083120878908476
0.0829583767781284
0.0863145219912463
0.09234849193981
0.0892655526401213
0.0997965074334039
0.105572929637583
0.105403382641602
0.110826406472605
0.116561141597548
0.123584419886006
0.146531439164418
0.160994334475009
0.145042588090183
0.156261569503795
0.162682495996134
0.165484918124712
0.169150654417186
0.172522850805195
0.173824427286327
0.173755645842875
0.169144230970003
0.159387621093432
0.152529470382537
0.16086518749487
0.164617873643005
0.168927674294167
0.174217432541305
0.183354758983923
0.191357536892062
0.191105177352192
0.199629044040301
0.196159141562356
0.188903923113829
0.184040381561658
0.183307293179524
0.184177713288144
0.189433430385367
0.194590005101258
0.197673057866666
0.203829451292184
0.197114146245407
0.198484036460691
0.196954106997552
0.20105549364797
0.211577897232536
0.221930609475704
0.223637639534702
0.216057659496367
0.18489362664762
0.16278279541047
0.171637901117453
0.174116693879576
0.184554653291005
0.18362759972903
0.197460592815003
0.231966997469331
0.279946154980203
0.273207527865989
0.201104649182799
0.231418664927137
0.230151274269119
0.230132374340296
0.216324422734208
0.210196832238014
0.209832181613992
0.213809383409484
0.210681586645849
0.205973810258422
0.215878870303086
0.214045071816316
0.221522321340535
0.216762220883675
0.228751512621999
0.244186462968533
0.29551279279184
0.209445445038699
0.212627467823685
0.205036767935313
0.202991412500093
0.204508579702179
0.232106031134633
0.211541504945728
0.178376282947483
0.161647111534842
0.168449072106927
0.14570860374208
0.23885941746229
0.159854592142352
0.229776757846003
0.232337478237048
0.227450996982617
0.228510554791196
0.22857252901291
0.249944094635843
0.22446208066178
0.220251724372523
0.199444426780525
0.182740615085672
0.170217306445661
0.1646353893881
0.168120448629968
0.167244340356609
0.16850681119876
0.161644233449496
0.157860528855698
0.159078528948994
0.154721530549246
0.146196525457419
0.141505287008386
0.138775732731296
0.130756358187734
0.135835704129523
0.118596595463307
0.107123594634252
0.107707006624341
0.117449578872842
0.140431062510764
0.153402425776577
0.150457206316843
0.146396025029481
0.144176945896666
0.141327907378195
0.140697023001677
0.145053578753541
0.147829883934404
0.18144170820016
0.141355259793972
0.136853467882426
0.128703726307646
0.126615284982285
0.125759364847585
0.126184528610853
0.14450035898773
0.13136248294966
0.120726784645659
0.100713022753306
0.0992644061132739
0.0986461822409986
0.105486531396866
0.10794182083469
0.114275969719733
0.0932737511161576
0.0843587619145385
0.0891150965154252
0.0842620811037031
0.0848924595528718
0.0806504938938365
0.0708270891090087
0.0617718203182583
0.0557861981438505
0.0495942955851493
0.0465412462908056
0.0473984631080697
0.0450884187189711
0.0538874196668291
0.0507237262997928
0.0500490959154278
0.055830168566453
0.0627377717332242
0.0709612036439805
0.0833858311355671
0.0869716831822163
0.0911086843074283
0.093474521793077
0.0950603497107952
0.0907657111341542
0.0837890900907412
0.0811621844455245
0.0807046121424353
0.0860395642914907
0.0882130551471641
0.0908039355924105
0.0997955433348596
0.103422548898813
0.103780796911426
0.101922253153965
0.101810868786755
0.0975453602975073
0.0950401612362507
0.0947307637739846
0.0969488248144015
0.0970041918604161
0.0993803069671365
0.0999140011807334
0.104267972011022
0.101359867141374
0.0972094114875035
0.0960790057551174
0.0921854143816325
0.0904596336781099
0.0882540675890568
0.0861918732232842
0.0860594929182218
0.0860449712879965
0.0869571990959365
0.0853366489917107
0.0969793825182717
0.103307445780619
0.102763322480269
0.107698269192942
0.114403740036739
0.120162855096388
0.143152635106755
0.15845163318717
0.151508828355652
0.154279737007246
0.158214541254096
0.163814317310234
0.169848856545947
0.174565725543062
0.178653988759745
0.178713412196554
0.179397754380428
0.173881332217309
0.171731628922296
0.167965183860101
0.166919376583878
0.166236392096784
0.166461749874086
0.170589117960167
0.177529202028296
0.179477329204014
0.185142506302453
0.183025830358145
0.181516452803252
0.17627479533966
0.174540274111036
0.177287995714704
0.175106462197804
0.175319162593561
0.174989632102968
0.183616671094105
0.206455019442472
0.202210426291863
0.2044485871003
0.207739599424212
0.21042524871446
0.214499768120011
0.216275746190948
0.215538300249877
0.208601228911028
0.194155083264013
0.173083400467997
0.161990281334418
0.168261798384449
0.170093349145501
0.179583320944793
0.200416602082729
0.168461800597691
0.235671822338456
0.233801895879501
0.238085954253094
0.233692745802564
0.232240274044207
0.224073277781583
0.215575525539158
0.215630642982902
0.214435441291311
0.212947713192575
0.21008440418093
0.214163764022333
0.212291970690665
0.216604183482995
0.218407217231809
0.213929539162489
0.212434824800304
0.224181234623994
0.20407166127577
0.20594942871806
0.205057339074218
0.201389581686367
0.195697911591752
0.184565768481302
0.194226834156704
0.201818808401826
0.190266170427377
0.188066209544817
0.135035766693863
0.187425004240971
0.303777952608515
0.191255389185248
0.24162465894178
0.24531792756936
0.264214499077301
0.299136566058077
0.338012426115833
0.251052855860543
0.233498816476936
0.20243378681717
0.184001844401435
0.171157366786741
0.169409938481683
0.175205818705275
0.176279101723668
0.193238113384182
0.176716857667876
0.167064954494552
0.159215364977364
0.154515924939697
0.146841372927435
0.144784421079508
0.140656111661398
0.135659620123543
0.131794630016516
0.127606479254779
0.118758646833283
0.114701366735157
0.112306655116336
0.132186582374066
0.164494486906565
0.172370824765949
0.156883096401152
0.157419072500421
0.146337969372187
0.13864218958368
0.136806795170376
0.135440679230878
0.138413946683463
0.131116938547509
0.128879673476257
0.126707091060582
0.13405593362477
0.144501347081682
0.151434092782828
0.161290861360948
0.14796782583109
0.124622982665784
0.11385484098787
0.102736201075476
0.09720987986424
0.0964948252268413
0.0999687510481099
0.10026177847115
0.0908508845563645
0.0842269623825225
0.0798946985318875
0.076732858352799
0.0716939956303857
0.0706698183459934
0.0639065683627962
0.0570299697495371
0.0540747776818225
0.050956394258973
0.046679734009989
0.0733394598040981
0.056396910193083
0.0612641998723273
0.0612377932434078
0.063702944541832
0.0703772249873028
0.0769785118988137
0.0860320362499003
0.0947804311776858
0.095503939005581
0.0932387955118884
0.0914250809501756
0.0891155636416245
0.0892439039649419
0.0887560297871412
0.093465190893217
0.0969750927087699
0.0991141316313068
0.100215393410857
0.10100735655247
0.1043062673361
0.105208233995364
0.104080275742062
0.103021941390239
0.10039286280755
0.0946973627938627
0.0900290727955491
0.09056154254828
0.0924198363121483
0.0946510540727977
0.0997825530613545
0.0978263817813224
0.0989670991230584
0.0957919477453501
0.0957312493967349
0.0941809922267231
0.0926119926408655
0.0902394161741851
0.0871855053458235
0.0859717348224957
0.0889069365789539
0.0840996672042258
0.0809547893199717
0.0793300372891479
0.0886886692359703
0.0951444835101127
0.0982636759005092
0.101411957607244
0.112808434183694
0.11996983493473
0.142159998423027
0.160054302226029
0.159815851316758
0.154266491552109
0.159637014578495
0.165921842580925
0.169343478034974
0.175117566086677
0.179915834028774
0.181310849948228
0.182365912405696
0.184194776591969
0.186010314846781
0.180727955169138
0.176073085503724
0.170753495282766
0.16962073217042
0.172325546833625
0.177765752630207
0.177422216444543
0.178430606327005
0.18346646711999
0.181121894131555
0.174992162442544
0.174235572680625
0.177166633142231
0.178204613014574
0.184100100938206
0.190710911277814
0.197011642558825
0.196539738339589
0.192602306203919
0.190763479724248
0.188445055296263
0.188552730268775
0.188023694874185
0.192470748029477
0.196231313428863
0.202894193864309
0.209918469202662
0.21728780202509
0.209960041080783
0.214211340377339
0.222822859780975
0.238798274909723
0.263825718460383
0.276369019055552
0.264177022617106
0.245626290437655
0.242876639752055
0.238588246010529
0.236123212612741
0.229096593279322
0.226997153024967
0.221029914549993
0.213121152665807
0.205818753798969
0.208317366486651
0.209358735815196
0.20975615626513
0.212200317332803
0.216475426157758
0.214439948264536
0.206565133471065
0.206044930984042
0.203229553715355
0.20411537397244
0.201469320454074
0.198835783974981
0.195018019958259
0.184475427621357
0.178365427073426
0.179482119394324
0.18159966089581
0.185298009414123
0.192926138590943
0.189892589033333
0.202459381987559
0.246562715044264
0.245859285912682
0.256263768864173
0.24505252025254
0.305843702743932
0.253344157825878
0.22695257490604
0.204335589259735
0.186916827561072
0.177184155461892
0.1713624314445
0.171928427342858
0.17898314755886
0.174756576955549
0.230659293108816
0.204739786715462
0.181912275193482
0.170637230518741
0.160164262701091
0.154057293099856
0.145966432989047
0.142025030811995
0.139722763612274
0.136129380347879
0.135374862563879
0.132117193307301
0.130388452818013
0.129934501629751
0.130470220265773
0.137692581322468
0.153684397553512
0.148334223835613
0.14957419052545
0.145185037349294
0.138435464504082
0.130416324027998
0.12917910946334
0.125462129742144
0.123771424558529
0.121336704154332
0.118564047152599
0.119992531234209
0.118571198197326
0.115947047800055
0.118232923161657
0.116083336797638
0.109614755662721
0.106307053800835
0.101146209014526
0.0973941935365045
0.0982489217611373
0.0963634655520559
0.0957270001583901
0.0908045156511881
0.0887398716721782
0.0874451179707368
0.0875608846439579
0.0867915538555489
0.0853178481404388
0.0802236585490805
0.081428842541527
0.079574826919688
0.0785504839389275
0.0728431930200244
0.080724816048568
0.072791976122603
0.0719214498589643
0.0717534137577247
0.0792803076452124
0.0828303082382069
0.0851401119438737
0.0886396476872666
0.095392197184829
0.100543633460558
0.104607815654112
0.103593941899043
0.102961533220492
0.105687131562282
0.109272512455898
0.110814575382583
0.111058549564443
0.111190500949777
0.10817737536944
0.105482585215545
0.101864535639004
0.0978944740170574
0.0955103210846826
0.0954559367440402
0.0906703750770231
0.0863845830814407
0.0865831677570496
0.0858994459467506
0.0888896681485533
0.0903242955391055
0.0905115806729067
0.0909802884480029
0.0930725096972438
0.0941159368699338
0.0945664357922011
0.0988416165076527
0.0985748143058609
0.0969967504498327
0.0934786674359809
0.0896587546182114
0.090163012905163
0.0862808468669387
0.0847477007925658
0.092060190207885
0.0983206699370582
0.100468688145034
0.101171078719485
0.106753623544308
0.117608084025942
0.12807917727001
0.148552953808719
0.163161973194382
0.162206023642535
0.158513315609053
0.165544302653136
0.167601832740982
0.171025166318054
0.175905173420078
0.176872538773533
0.179934817047393
0.180495548982934
0.188588680851414
0.191156099987411
0.184931208246593
0.180125881406142
0.176605175600993
0.173230150545512
0.168865790106784
0.176164525267995
0.179269821397957
0.17701995112651
0.17657711183307
0.175065610209878
0.175367562054596
0.1758209412192
0.178395210328411
0.180465089591527
0.187182683960467
0.193381170202941
0.197416835733211
0.194419650233383
0.192233276306518
0.186839496426267
0.18387056133731
0.184354410894915
0.187131325947044
0.18846825329251
0.191816540738446
0.196649392003692
0.197410007645153
0.199661430482576
0.198509199412112
0.203323203595999
0.212480034129474
0.22503524811018
0.243818865300907
0.26051761002488
0.249201428449517
0.24395176830493
0.238384431598427
0.232183638466455
0.228621854929212
0.226417408533257
0.224396718152389
0.221526796728993
0.211808050932402
0.200836651800723
0.198249299004241
0.194260138914934
0.189358854431118
0.193782013357536
0.190803941845161
0.194658547190764
0.194233283653551
0.1938719992138
0.19544382008193
0.191659470441652
0.188903443458011
0.188087350412802
0.186511499728234
0.181184553577433
0.17569473918303
0.175546420858583
0.171228899204414
0.171718894046783
0.176222721589682
0.190806439575461
0.190254323911169
0.225504490794715
0.218020462721083
0.245052263633287
0.234727783986528
0.223176380191766
0.21619692940338
0.208968941966536
0.202246234005382
0.190348900728196
0.180757715812397
0.176869575131202
0.172277459950178
0.168850701307055
0.156974562281386
0.149621430996962
0.211355103227293
0.183368252848487
0.168521060507605
0.15626601504327
0.152871483786411
0.145627494513337
0.135917024640488
0.131076312594492
0.128230594641614
0.126449915520356
0.124952946207948
0.126696030291132
0.129591441173954
0.132627152245215
0.133401456712246
0.137159548931172
0.141542851785198
0.142359065577301
0.138828101607304
0.136154966591554
0.130483630479115
0.127494765565651
0.126569396842166
0.123481550470487
0.122558305289806
0.124189920163121
0.123777493372673
0.118283045624364
0.110738551141422
0.107906805608549
0.105942784406459
0.0998122158570079
0.100197766582322
0.0958817511692989
0.0923980828394248
0.0928671702541458
0.0926802535372733
0.0937535380186168
0.0888548359708452
0.0864538895170869
0.0822611235427583
0.0829513400474645
0.0827767739279571
0.0821879511811944
0.0806310464503563
0.0836571954075579
0.0861061122797557
0.0872015877501634
0.0865621582924343
0.0830360258579472
0.0788655541676374
0.0762176401238004
0.0752630990335077
0.0776858942864869
0.0774696633217271
0.0807037753293789
0.0846605094197911
0.08961400639496
0.0927801735167441
0.0937437185694861
0.0960182487026423
0.0965615751244935
0.101403904388449
0.102422872977475
0.104268173773166
0.102710540423662
0.103380093851043
0.102221082483248
0.0976509584389652
0.0935117885600295
0.091926279667927
0.0897996343460607
0.0865033748638975
0.0801773870579
0.0779509572108612
0.0801336486636238
0.081555114875215
0.0865691360208333
0.0885115515198217
0.087531605897769
0.0878635303010977
0.0912132621534341
0.0919382136728437
0.101452401829795
0.104820673902562
0.103880513072786
0.101300893639927
0.09315688396543
0.0920427695335133
0.09218651490225
0.0911710602855299
0.0867297239855853
0.0916062649747983
0.0982942607769011
0.100698963591129
0.103885152394586
0.113537344643118
0.124330523036582
0.135106308008406
0.1499708213468
0.149329887379394
0.155675601705518
0.164400295873943
0.169104272154293
0.16972182068502
0.172081824844371
0.17411978035923
0.175361843928023
0.175803304616957
0.1784532123616
0.180691931375024
0.183292064790273
0.183939910192515
0.180232879084272
0.175745168991905
0.165098002300989
0.159993402128415
0.16280857022658
0.169622509036423
0.171385805417019
0.176728291300209
0.17834776340106
0.175742633222059
0.175198538810198
0.175745312150211
0.180149530512659
0.18499250180738
0.191852413021279
0.193332592498761
0.182662147812581
0.183610909399047
0.181422809615784
0.178119218980425
0.179424481233999
0.184684523139637
0.187165695237339
0.1957891116117
0.207710984898776
0.204467886991552
0.203475264569694
0.193928599898477
0.1934441638027
0.197198163048462
0.205342886442987
0.220299115636954
0.237197833085415
0.237520771231567
0.236551692845494
0.232583666797044
0.227432834702079
0.222940777513954
0.219120267891256
0.217941813220671
0.216512982724768
0.20988145748167
0.198914038119682
0.196540103357701
0.193795475941317
0.19197227010557
0.189022618725191
0.188108691527823
0.186782063225038
0.18413691407714
0.184399003980796
0.18774602190864
0.188695243143977
0.186517830435706
0.181952444009868
0.178394773861417
0.174531341249226
0.167803605252131
0.165085335510662
0.165516130909247
0.161988877439957
0.162586623614757
0.173109436486951
0.169340381138036
0.233203893735328
0.204729757646235
0.263905539477984
0.221460985345232
0.220183283591165
0.207231487394847
0.199021549946561
0.188914139237676
0.175221621559191
0.168355031722649
0.15965437423078
0.149516955745423
0.146806411936532
0.143098025909468
0.137347376312123
0.135931155668594
0.130610574262725
0.125895897566768
0.126881831566971
0.131086125356729
0.128909035900995
0.121946997735033
0.120638120658588
0.118074137668606
0.11781902581912
0.118507870490172
0.11990746799015
0.125460601264551
0.126741815297307
0.128042067906708
0.127680966822618
0.127564850103711
0.127908379133372
0.128038947084947
0.12877049247967
0.126357768972012
0.124964793624076
0.125290994481104
0.124259020726514
0.12490124331612
0.125532601318345
0.1232999472191
0.121569042271775
0.112264657420469
0.104223782304181
0.100409415742365
0.0943621949183981
0.0924942626212468
0.0866943921858685
0.0834520445826852
0.0848199664917808
0.0854754685636277
0.0886075513994857
0.0865643956179778
0.0862831382722123
0.0840296085846728
0.0817940954770702
0.0824574670430481
0.0789804055605128
0.0797031552100524
0.0815088477029489
0.0822220037710916
0.0816877535942601
0.0824616857274791
0.0833123767779868
0.0828984628437973
0.0817004584065022
0.0825840171108537
0.0842274335975
0.0865746120322199
0.0885420323441894
0.0903769401057344
0.0894659763406309
0.0907602279323464
0.0919633880767019
0.0914901648965497
0.0913132455898226
0.0935215675981627
0.0932898975025952
0.0927807008651187
0.0945107452988789
0.0944771239715571
0.0933002134242714
0.091621364780648
0.0905308826615856
0.0894634465025149
0.087324817260304
0.0856633417121558
0.0799768721895693
0.0755780057707017
0.0746811383190972
0.0766893104917584
0.0826371267884631
0.0861207113021926
0.0883336274327478
0.0908091548087455
0.0970657951335114
0.101620531948466
0.131830807296139
0.128149582024249
0.109555536274472
0.105544354148058
0.100695431997556
0.100047169790638
0.0980837483324709
0.0970509372539432
0.0962283523738047
0.101441814975914
0.104483325149275
0.107805746827258
0.114276821116522
0.122452769778576
0.130378884750532
0.14074835774436
0.153259213287464
0.149834389967295
0.15955032699054
0.164933914817489
0.166887307309032
0.168554405846991
0.169248291210688
0.170616334465137
0.173551199198771
0.176430327890625
0.177481089282868
0.175009699707293
0.174946403104274
0.178648649888326
0.182133114149249
0.179143950281459
0.171591561216982
0.164970152170182
0.162567471134098
0.166341983091563
0.166451524326291
0.172755480992076
0.175883417001827
0.177296158679407
0.17418949262765
0.173465824960571
0.17340899816784
0.172339735774989
0.171681906622413
0.179138366823219
0.167571206119872
0.168364825632366
0.165750418569696
0.167337950529124
0.168158914532444
0.171780127268893
0.17313631921404
0.180570627771192
0.19496796000979
0.198210389415596
0.198515100569215
0.192769845280153
0.192628411401873
0.191977000119994
0.194932064058716
0.200788136021198
0.208642430394991
0.211639167588294
0.215019676066576
0.213923729756278
0.211343316336961
0.20791798600195
0.205878758703134
0.203277601806066
0.199786261780291
0.193314066035391
0.189090212304086
0.184816525101528
0.184623244787814
0.184486341156737
0.18390946378065
0.184525630122118
0.183989375478747
0.182113828619044
0.181893664791728
0.180842824793293
0.183173302158047
0.182325419856169
0.178504691090496
0.175704636639392
0.172557823312188
0.166719591235271
0.162646276388498
0.162947991307903
0.163186767800064
0.162197930035225
0.163512707697592
0.157666197464695
0.191500990167496
0.174652714933623
0.218720738874353
0.192630951967417
0.183291347467238
0.178319823509959
0.173347915810482
0.168684644754552
0.163246701345879
0.159622119051971
0.149685130807056
0.142423064833739
0.139162081931991
0.134975091287458
0.130453877960043
0.127952585771617
0.126771745974726
0.121615530747012
0.118105179885808
0.116139795924107
0.113001807275619
0.113329014003173
0.11318284555723
0.114610525319301
0.116327805391331
0.116521078822122
0.117275846188041
0.118657584963845
0.1188087877526
0.118425297667442
0.118443512271654
0.118379588049984
0.120647395398384
0.121548350870688
0.122523620906036
0.126046288016073
0.124192158063169
0.1236957481682
0.121055289847704
0.120503567436798
0.117307140075328
0.115324997805626
0.111874261078603
0.105378338397381
0.101490148345922
0.0975853354864349
0.0937626296941073
0.0935246605499439
0.0884392140834534
0.0831113824418265
0.0831268465205223
0.0844309429165849
0.0864777136047123
0.0854421399903436
0.0857400741545856
0.0849661968342903
0.0850984963886548
0.0853750648503992
0.0812832052497175
0.0838693434769147
0.0845222464220216
0.0852063366140514
0.0857500654908657
0.0858590458496764
0.0855082178803543
0.0856122616257216
0.0857050889582925
0.0876688794705126
0.089631402496001
0.0908734661211038
0.0908737277199224
0.0914173041175701
0.0918065872232921
0.0917799571562859
0.09090107964849
0.0893730381194366
0.0884324307521443
0.0889051254311002
0.0883072305507338
0.0854269234944704
0.0865047099292872
0.0852334272103376
0.0859817543576265
0.0857412106286509
0.0858710626202267
0.0841470768071562
0.0819508389968026
0.0817034122778019
0.0817814666979611
0.0768514868608277
0.0714444945004738
0.071118693352946
0.0810794904766902
0.085568935902195
0.0870824129622034
0.0904016872860932
0.0916410078519152
0.0942566939258153
0.101934809028531
0.102419909899327
0.103753847715136
0.0987369568573539
0.0965477783064708
0.0962145574653799
0.0960900754510306
0.0940261422690626
0.0970431297894968
0.104834753069435
0.109082560109534
0.115529644242402
0.121161928199916
0.126330162645957
0.134574091265285
0.139160999996618
0.149983509673757
0.151873896240557
0.157252444910553
0.159846662600379
0.162683409772651
0.165777696363705
0.165506628109538
0.167291209149303
0.16813357553876
0.168814657211321
0.169440583248103
0.170195653030656
0.171083753797794
0.172487743970577
0.175567599126426
0.177933261871912
0.177062567013084
0.173614310908809
0.172859141947297
0.173399674048891
0.167805916762483
0.166768563525344
0.168923659977542
0.175296215414182
0.174341302202306
0.172013879939037
0.168144886726099
0.166914454459268
0.166108187084765
0.167684863226598
0.159464679381087
0.157242652808235
0.156524421346383
0.154400858167589
0.151941455286191
0.153744678816442
0.155449011586002
0.16403337979117
0.167966480835693
0.16965933562313
0.171666223588943
0.172665404439038
0.175491434941917
0.177713903867955
0.182004741355106
0.190120973636415
0.195066907984292
0.19779458434826
0.197645704794326
0.194793953839148
0.193842033917731
0.191858850623482
0.191048560445442
0.188217757684702
0.185719540692735
0.183436860809458
0.181248005973961
0.179642259502352
0.181046755304155
0.179040059320953
0.179992874843919
0.179377219737972
0.176181822806755
0.174317367372681
0.172156902684624
0.169540765143864
0.167632978770829
0.166714455418691
0.166331638346173
0.163765437454515
0.160810593626107
0.159630612758233
0.157007319381892
0.15448905698084
0.151691241714042
0.149335769126214
0.149497896038241
0.148870102169112
0.154259944498158
0.156040815161333
0.161558418931748
0.159440058445461
0.159308754777649
0.157988002238284
0.156377575080858
0.155253854475584
0.150012594764244
0.145131542025924
0.141760711673883
0.13711889430365
0.132307594841967
0.12504339817812
0.121018127040026
0.120651837528785
0.11771718856995
0.115834705338457
0.11265378709372
0.109298095150068
0.106569432820792
0.10483714998383
0.104020557244832
0.104677686490954
0.105698462141923
0.109205861092777
0.110600104778718
0.111505339731135
0.113679788589862
0.112073135100212
0.111911730941343
0.114155564845709
0.113922352032474
0.115005884105279
0.116995105183573
0.117211823936446
0.116554636808497
0.115975992749598
0.112348728730712
0.110162540066274
0.108186663810889
0.106076151346487
0.1021655892228
0.097326076750687
0.0938255152835342
0.091308292036586
0.0885565993002398
0.0869353994266737
0.0826014810848615
0.0788513831071128
0.0772499889343993
0.0801117997348375
0.0829773144447468
0.0849891595918958
0.0833500078109373
0.0825053433598115
0.0819361283479852
0.0818382885324599
0.0776712633069783
0.079726685555062
0.0820776030397706
0.083043192842249
0.0841765345571968
0.0834970153019706
0.0835632304188013
0.0839406586869008
0.0845645133251395
0.0849111575487735
0.0858382852844064
0.0871684895175106
0.0885338941862636
0.0877552341321048
0.0882333619675261
0.0889839960905378
0.0885455033919873
0.0875424028104715
0.086269846991167
0.0852385155713687
0.0832147801869965
0.0810472657645532
0.0818373974819933
0.0824344633304056
0.0842923211294875
0.0842811110913021
0.0840479279721988
0.0822846294600025
0.0817034845331977
0.0804007022616992
0.079261404456165
0.0765380548099546
0.0763284461580628
0.0768434918131169
0.0940655517585161
0.0854244553443373
0.0836445421651967
0.0824466744709671
0.0844772075472916
0.0857652745710433
0.0900837305795538
0.0911274885806137
0.090679494429449
0.0900101252131905
0.0903216607603198
0.0909622529644857
0.0942881837340057
0.0995355015969363
0.105122055405344
0.112223175563593
0.116540404113113
0.121748587349473
0.128388980587149
0.132258767329183
0.137207938739219
0.141170744705659
0.147873971897383
0.152188164395557
0.154658034038421
0.157825919033229
0.156791667699573
0.158315227627611
0.159736760682859
0.160882977695494
0.161251812253351
0.162653679437991
0.162099970192858
0.162107949097367
0.1652068061073
0.168256831034303
0.170346053106376
0.173606788033966
0.173768082691654
0.171156438840939
0.166880978433046
0.164757493051865
0.164951949205251
0.159655985710979
0.156149430640261
0.159245741947813
0.161706632063983
0.16222944334082
0.160410353580061
0.158878001433627
0.158055217693638
0.159604535660037
0.149532902050479
0.15066080958034
0.152388772091019
0.150614158489519
0.148444394912939
0.150968398244918
0.156354609620392
0.158255823830924
0.160573873849668
0.163039786656703
0.163383288690071
0.165987133525275
0.167639705994494
0.169180250633447
0.173821029041382
0.180009823797445
0.180911923698729
0.180941284939562
0.18212374742336
0.176917050566385
0.17399811036959
0.170832863126359
0.169829912788672
0.169722082813571
0.169075160392435
0.168128550425006
0.168755038307022
0.16885096554888
0.168944930271953
0.168648039997251
0.16808112473343
0.169082658736414
0.169344670091963
0.171817917934003
0.170289383691736
0.168735388393185
0.164408555097957
0.162067532811882
0.157168185216874
0.153476289408576
0.149642432245681
0.146497687245407
0.14497525902661
0.143181724955541
0.141643731091244
0.141646925833077
0.141132113819745
0.142308209020262
0.142934625587997
0.143786453623902
0.145851277052771
0.145669130384875
0.145810931801733
0.145138359461864
0.145451966049897
0.143160811643863
0.141834493905921
0.138319746857085
0.133978765820483
0.129470399690295
0.122767745376889
0.117992517173823
0.114256114219785
0.115330433320822
0.11496200735248
0.111319013597168
0.107674789795587
0.103605547537228
0.100010006983075
0.0984363058164041
0.0976284959026359
0.0967347212700068
0.097747892764606
0.0977743284852342
0.0974282111021774
0.0993506850012634
0.0988348653921501
0.100701859151892
0.101465771568488
0.102898393031768
0.102314936347424
0.103339118987617
0.103702807934275
0.104603313100683
0.10548406926352
0.105308002695042
0.103505000421405
0.102263945508729
0.101330398673134
0.100016707603962
0.0981453856460719
0.0926554884229744
0.0873949898838508
0.08691161974038
0.0857670607809005
0.085155424256797
0.0818828476233117
0.078689450881589
0.0773149460578515
0.0781399224585052
0.0810276100136895
0.0834725264704212
0.0828894260382071
0.0818200676949589
0.0814611988454226
0.0824373282197144
0.0795804744948656
0.0784995603945648
0.080339727931843
0.0804108869407879
0.0806299272025797
0.0795540349635167
0.0802915272388856
0.080439146943894
0.0816803290601206
0.0831703235996187
0.0844699469393432
0.0848898522427984
0.0857262103813195
0.0857698062597926
0.0848928827780919
0.0842352258999557
0.0836786372071106
0.0841563716955315
0.0831133033137527
0.0807226357866299
0.0782504751190171
0.0774606693771027
0.0785932780500493
0.0802819513753861
0.0811124381773682
0.0802066228382935
0.0795390279357599
0.0787260863091872
0.0770542392158231
0.0771890470530089
0.0770401600241583
0.0739525319371926
0.0727633194505474
0.0743829558730089
0.0749130966338995
0.0751734936495627
0.0775319649494366
0.0775231273387286
0.0807165327794566
0.0824205254163697
0.083249034193222
0.0868254546714108
0.0874217986374269
0.0883521467520603
0.0898381686943823
0.091915924916927
0.096718773802692
0.102705713361292
0.112950241007134
0.117963276103801
0.120509408305257
0.126118324785882
0.130646887971795
0.135558083620549
0.138794957397438
0.142022396579821
0.145626726225266
0.150865052791287
0.153546963141059
0.154442406469267
0.155937194778546
0.157625886460922
0.157377342094789
0.159431504477063
0.161988143763493
0.162127255472664
0.16184403932273
0.161839994266523
0.165497534332112
0.169257233122762
0.170146322039819
0.171376573864484
0.170085387319189
0.167056308228993
0.163771136907252
0.160393004022785
0.157005368298644
0.150656984968073
0.148057192481088
0.145749384205093
0.145448271859933
0.146554663735295
0.145094876917334
0.146674830258216
0.148574870794048
0.149629131238589
0.141304070557061
0.142829417046807
0.145057184664508
0.145716640436872
0.146916347675032
0.151443533992806
0.154303675465349
0.155029826021283
0.153653970979464
0.157300818221794
0.156579009950232
0.160596872286257
0.159437580048324
0.159924641473775
0.160484714878268
0.16108317133276
0.162712038998856
0.164322695364849
0.165361932916981
0.16466266705023
0.164450840072104
0.163466513119406
0.160971646899256
0.15770245636621
0.154550157404302
0.153695428767818
0.152138492038119
0.151188365107959
0.150626535290531
0.149846438886024
0.148123181774498
0.148206399362332
0.148337614525356
0.14931696073522
0.1505040768052
0.151078004392912
0.149335831313648
0.147670858580466
0.145738431246978
0.143064053500477
0.141715642001553
0.139165582319854
0.136790334564949
0.137011774543592
0.135936351294816
0.133470696947021
0.131816710823737
0.131711157622445
0.130858204175525
0.130379998496926
0.131465864584216
0.131927803585042
0.130135789291411
0.128842915451782
0.128523238595462
0.128092239725866
0.122661245368835
0.118185928215612
0.114539999060023
0.112778464425069
0.111077664789771
0.109872166314124
0.110646876086829
0.110256073889362
0.108189321468726
0.106809038755901
0.104121514326734
0.102545168360475
0.0998751578135562
0.0974768572428341
0.0965612777652307
0.0958666886354685
0.0957502990462982
0.0952507561139361
0.0946371701213787
0.0931771516106679
0.0944332717930103
0.0947080481334979
0.0971844704919194
0.0959812058784409
0.0969814898211884
0.0981268854904893
0.0987339322450348
0.0980328104887126
0.0978227075041037
0.0982144573614595
0.0960646387212513
0.0953994788969054
0.0942960772200782
0.0928575231817133
0.0905063240702545
0.086066154531651
0.0805041380584039
0.0788347722030463
0.0785448235844799
0.0772238987714938
0.0754706135468745
0.0743955092044654
0.0742667945033268
0.0745144099731993
0.0765860937183088
0.0781175059999763
0.0797480085758027
0.0803671458927593
0.0799256304798546
0.0800269729645619
0.0794015574964441
0.0765356441627288
0.0769233833265093
0.0779904547253497
0.078433030759328
0.0778455025996667
0.0770696024242126
0.0777970096532364
0.0781722275647848
0.078646940888793
0.0801834473073631
0.0810524670581709
0.0817906993872729
0.0816856643962034
0.0814840292313457
0.0811474619357906
0.0806614491655682
0.0804021391066807
0.078272919783198
0.0759570179745564
0.075600342844541
0.0761836543357634
0.0771671596228671
0.0784624600248364
0.0784075809057585
0.0783967680664077
0.0779367083735468
0.0769567247430552
0.0758033860872223
0.0751240385725189
0.0739693674888778
0.0735731927390691
0.0743688579311395
0.0740301626237791
0.0748506999230157
0.0761276482217676
0.0789979772564023
0.0804091993712312
0.0838613558772946
0.0836286038922049
0.0872914019637027
0.0863106989575432
0.0864836949993398
0.0888426550120478
0.0928182212532528
0.0965723844388905
0.101153211637695
0.101890273587368
0.109551853043584
0.115637090474632
0.120832315929825
0.127667003820277
0.134229214917434
0.141085575095527
0.144727371189831
0.147615438690971
0.151362440706491
0.154972484952656
0.15694389924504
0.157778024005092
0.157970900320914
0.158798897329129
0.159571920357066
0.159936804700673
0.16002882856341
0.161776233599224
0.164350952348129
0.168172678575131
0.169617481386573
0.169966969947737
0.169917584844354
0.168544835523796
0.165830479825159
0.161921416481019
0.159308057632873
0.154167661171422
0.147770317581069
0.140687522280503
0.140648331225615
0.137043282182626
0.135364456845408
0.135350378125715
0.135112478451875
0.138716882168236
0.141217254134301
0.141307460994098
0.131503964236396
0.133325904059727
0.138764764183802
0.135503932705541
0.136784684989529
0.142707405372446
0.144647931267634
0.148050772781401
0.150027875787988
0.149894489004941
0.151454584723186
0.151721528332208
0.151751219317408
0.151778832492286
0.152414433772384
0.149146009792417
0.148300347299554
0.149664045703368
0.149981028197203
0.149372445649332
0.150151605765515
0.149408802927717
0.149410639927727
0.148607641208071
0.148776116873293
0.147762737370733
0.147443304300837
0.147119221506079
0.145491047134829
0.143789544327333
0.1433704002779
0.143466427641626
0.141351902937315
0.140767492758409
0.139755933722603
0.13937709785433
0.138174977913851
0.137192284307962
0.136708372078195
0.134790862929241
0.132879091996486
0.131009846621649
0.128631206578437
0.126658846990677
0.124824093099932
0.122741689956441
0.12171001267234
0.119987023476453
0.11819394700683
0.118615792531867
0.116782362323983
0.119669693007515
0.118088409705025
0.114183768491638
0.111527602793205
0.109048235743029
0.104900109086513
0.101077937039962
0.0997271038850497
0.100355182905206
0.0999415281091041
0.100713872817731
0.100822562744778
0.100113518842863
0.0989375520176277
0.0980229047717203
0.0979768603993478
0.0978758971136704
0.0960429606994492
0.0957396108995831
0.0944833153850163
0.0931996670440173
0.0919680150772
0.0924472924411345
0.0920758838453541
0.092358197491297
0.0938992281533926
0.0944419389205413
0.0955247027484264
0.0964812737992671
0.0962514636772775
0.0963584049334783
0.0956017988733994
0.0943467514893476
0.0937906860861525
0.0933527346519248
0.0915820074257631
0.0894133692928707
0.0886111678056636
0.0879436897747334
0.0838949027582641
0.0794750074528117
0.0756399887787413
0.0745728678911435
0.075253711741675
0.0746968587966065
0.0735304303798373
0.0744917293975987
0.0753060056567627
0.0754477361214469
0.0762947736007206
0.0778707913079525
0.0799098910715718
0.0812493133604507
0.0826104299800816
0.0817724320412989
0.0819257428740493
0.0804824627017168
0.0789650400476829
0.0802940849119819
0.0797943142147641
0.0799336966796426
0.0798182564680821
0.0796620360026816
0.0795319069214748
0.0801599457416139
0.0799534772762529
0.0800582323850647
0.0803658770554415
0.0802904869414111
0.079950496364861
0.0797072085082784
0.0791038472232813
0.0787377719111141
0.0768568357701077
0.0765908414708658
0.077019857009558
0.0751230303590409
0.0761265527303965
0.0769425308075996
0.0772658944285087
0.0765509924014743
0.0753717903398113
0.0743103623610572
0.0724629032642283
0.0725186223084115
0.0745829983472975
0.0751103819616427
0.0751766013341465
0.0743610824004185
0.0767947053126948
0.0783558969538837
0.079619148974553
0.0823897551081967
0.0834190464504953
0.0871182790343224
0.0915820947958862
0.09142759892126
0.0927232733979883
0.0953564256257086
0.0986518507898112
0.0998084018713283
0.10085593309291
0.103069151437889
0.107781585100632
0.113298370649439
0.119250428615816
0.122844329832776
0.127891999645756
0.134865823784956
0.141470196373332
0.146500167786834
0.149405577016466
0.152050597095712
0.153255792139532
0.154237441806646
0.154158707952924
0.153669811810405
0.153448964539431
0.153832554952858
0.15382735071841
0.154381877130291
0.155584002149982
0.157758434137372
0.159669509880181
0.159124121576397
0.158173539570539
0.156066982902285
0.153500439613484
0.152461088119425
0.150008785613563
0.146879131714577
0.140569811314111
0.134857975746682
0.135315674226202
0.132612369267408
0.130430028746749
0.1286662218866
0.128063064805612
0.128390972425335
0.129184203816956
0.13036256753779
0.12114417230885
0.123621430345872
0.125207907995512
0.12256004242337
0.122371358288876
0.123113088477145
0.125003800119904
0.127908814463631
0.129287485963945
0.134448606248714
0.136435346215795
0.138137820123803
0.137473213159189
0.136921889470807
0.135423069418863
0.134102322339219
0.132942611304361
0.133075933424248
0.132287012882103
0.132065887291655
0.132691574571003
0.133107795646562
0.132501969419432
0.132433981198812
0.132071776504552
0.131645130157757
0.130856773740436
0.130894460254923
0.130217968373567
0.129765770912773
0.129096141294088
0.128008761182399
0.126974774430234
0.126229557577849
0.124978566516263
0.123328817022432
0.121968891929025
0.120933776465484
0.119228563197976
0.1170970293092
0.114816682186312
0.111955813219224
0.109683256184895
0.107591438254863
0.106645492450836
0.105486472015013
0.10466887425264
0.104884544300091
0.104608926950929
0.10291091938056
0.104321511467071
0.102214455074198
0.10161844095889
0.098455167384435
0.096941591476414
0.0957869815689677
0.0957531108505304
0.0952777844505545
0.0951243921843372
0.0950080088512249
0.0942022848767905
0.0933572519616175
0.0930126912952032
0.0922015014727158
0.0929470832279186
0.0938500861985665
0.0950339063182971
0.0953991271388649
0.0956444577779052
0.0966225321595176
0.0951143162139182
0.0949730925800784
0.0932236065333549
0.0920238631708857
0.0915765121573225
0.0916332618098577
0.0923323778264999
0.09351859561876
0.0937140587571061
0.0929048372734174
0.092493910781086
0.0927170036808226
0.0922592033079092
0.0909022621430242
0.0899515932299181
0.0883340110935039
0.0872350867205512
0.0860010029016724
0.0829893290821157
0.0808935706762936
0.0785744477693504
0.0768659101119972
0.0752017269658452
0.0746589940617858
0.0751784033540858
0.0754772143651409
0.0752998461817632
0.0753457829853909
0.0761665089424421
0.0764688164507713
0.077229101997852
0.0784223306648557
0.0796409395075662
0.08046021408093
0.0811201748267879
0.0816141846786839
0.0812843951682595
0.0814007205527194
0.0804349090548361
0.0789616307538174
0.0796391456263909
0.0800823552021859
0.0798158697182272
0.0806305836351948
0.080086763448363
0.0798903554780652
0.0800273071740943
0.0796381559382078
0.0795851060381848
0.079852177671209
0.079655938322783
0.0795472318836191
0.0789596674415997
0.0783373198092739
0.0770376125932674
0.0766696787136877
0.076219919245042
0.0755911671789109
0.0746847973342585
0.0753622245787629
0.0760562419637652
0.0752429208386609
0.0747330616112546
0.0735490850172419
0.072774348753544
0.0727702176276722
0.0730880026216217
0.0723882197385719
0.0723634036816162
0.072019004269092
0.074014890468736
0.0756213806692941
0.0769713121906007
0.0786788349685335
0.0799507321774842
0.0816431102502782
0.0870396364194695
0.0882286874459323
0.0910562177605519
0.0934416659247221
0.0971708334923266
0.102331211601163
0.103774961262948
0.105938697049894
0.106164840073301
0.105280434251792
0.110579835655434
0.112566045382037
0.116386572021175
0.120284091819587
0.124435421390071
0.12901716982614
0.1347024576804
0.140115810348906
0.14383080673073
0.146168920717142
0.1477923198597
0.150131594826941
0.150438103602532
0.14990473365842
0.149086921852828
0.148772266743032
0.148482442661041
0.148467860079546
0.149153378670805
0.149135483632019
0.148252786826236
0.146390533183061
0.14353805422847
0.14160869146109
0.137514580193162
0.132181346334831
0.1287130923081
0.126832217631102
0.12646484781694
0.123552271213912
0.122126571021175
0.121081853914709
0.119971416085978
0.119396959854472
0.118163057946709
0.118963199151481
0.113343425084829
0.113092553694699
0.113793929947809
0.113390176654927
0.113756535465425
0.114543931970799
0.115879448914873
0.116174753068482
0.115790346795842
0.115108133760225
0.116788693811301
0.119196960744815
0.12050156660939
0.122180102302157
0.122831757812979
0.122971951799234
0.123850848047572
0.123393075659863
0.123372826749786
0.122444187134916
0.121675866602091
0.121427905542731
0.122347426727173
0.122526652662443
0.122131575596557
0.121629665079305
0.121550534985159
0.121289075188786
0.12170605545575
0.120875808673285
0.11964697213297
0.117921901715373
0.115854188363038
0.115242955914824
0.113448883716715
0.112016524328389
0.110602304235563
0.107905697288367
0.106276519663795
0.104578355810934
0.103242826956019
0.102498404310593
0.101506942411782
0.101210676768094
0.100826909038826
0.100535631608029
0.100427458506289
0.0999331691486138
0.099030598850957
0.0981904635845052
0.0968975342286955
0.0970137236316545
0.096387756439269
0.0957094739519815
0.0941366671997501
0.0929032656002339
0.0917499753820571
0.0908349255610607
0.090059933316238
0.0896573250926816
0.089040477924216
0.0890094780650603
0.0888674762941124
0.0895036082383693
0.0896439450995809
0.0911504606955288
0.0922863768789764
0.0932462761769182
0.0935177780255331
0.0945539751679968
0.0944863499735534
0.0929704965818128
0.0916185988217265
0.089301149023056
0.0898421072981301
0.0898716048999438
0.0899090901179994
0.0903202125093185
0.0900536354582151
0.0911137757163955
0.0907447947826951
0.0900239272210441
0.0886167499046936
0.0875666585917384
0.0870269774810067
0.0862413398870935
0.0851561440339269
0.0838034369274355
0.0826710467660909
0.0807045118311982
0.0786516031895045
0.0780526063855734
0.0777873831088321
0.0779887252487411
0.078027112433987
0.0786957664637795
0.079246129279795
0.0792819941001874
0.0796494618656127
0.0797040571610391
0.0792587503936196
0.0796483225140756
0.0802975141643219
0.0810742807270263
0.0818462291923426
0.0812138788246421
0.0815360587447945
0.0816958669345612
0.0819459108803561
0.0819674230905671
0.0821030365816123
0.081853354169835
0.081466967483707
0.0814337886697879
0.08164032454388
0.081985239328447
0.081765174382561
0.0819096043284351
0.0826360086012492
0.0825432678606473
0.0819061030626752
0.0813178688627275
0.0808214777934836
0.0785708985247451
0.0770019094602933
0.0762768860007935
0.0762683783420939
0.0771665063274308
0.077145213070784
0.0761688112565498
0.0753071133299887
0.0740487183983243
0.073223656773426
0.072929034202591
0.0728404605798286
0.07194510975442
0.0709088081684578
0.0695799105791226
0.0696198653610352
0.0701429968065901
0.0701216962707519
0.0721550614325229
0.0746539140995544
0.0762830627254318
0.0795041217146507
0.0828641751332797
0.0859488807148542
0.0900146860333262
0.093721620686519
0.0944280957149256
0.0968829458181606
0.0995943166709018
0.102402031969169
0.110308573560783
0.112856472963196
0.110731702068785
0.105662647054841
0.10366827984286
0.103318735271755
0.104652437731375
0.107190839229483
0.1091139126589
0.111594221255393
0.115930622011816
0.119475227429505
0.122220479125046
0.123907167238879
0.125860814391838
0.127477476822282
0.128162843409961
0.129114154129716
0.12960921788518
0.130344614080971
0.130099198943349
0.129082276533949
0.128850209270714
0.128883370951548
0.127485725675447
0.125327164443397
0.123455180805317
0.1215749204931
0.118077755732717
0.11644058527249
0.115264327608643
0.116004827507526
0.114274534458596
0.112875846100151
0.11274909934286
0.112898582282259
0.112662332173127
0.112329818762034
0.112912664466508
0.106926509980674
0.107160192251551
0.107543222395376
0.108074146318683
0.108138139228976
0.108323138062924
0.1087241824071
0.109132189368402
0.108280433856222
0.108405542483297
0.10813769966774
0.109146111023213
0.110401697528826
0.111889254231372
0.1125264473955
0.113681721155494
0.114440193067145
0.114604058852874
0.114024669588872
0.11420293943276
0.114315959734792
0.114871599179806
0.114725723342752
0.114842512951113
0.11471414208494
0.113865071464221
0.113390426622811
0.112578998594908
0.111426460506918
0.110405375665771
0.109133862398686
0.107759679645572
0.106684580185468
0.106049197259157
0.10509226143977
0.104271394157962
0.103269218513711
0.101619525474246
0.100184684399583
0.0992828428788594
0.0981893177363065
0.0975017200031568
0.0966024553022266
0.0961308045002938
0.0960535462367284
0.0958335498548477
0.0948995798973433
0.0942118912587322
0.0935357821260019
0.0932500152659354
0.0933560897274718
0.0927344146383955
0.0924548430888785
0.0922630832485367
0.0901838896006358
0.0892828032925599
0.0891175007436831
0.0887475153483987
0.0884436034423505
0.0880247984238879
0.0879255285098881
0.0879730648473663
0.0892233196000047
0.0902532838612795
0.0906204583057392
0.0921270445284097
0.0915454861657317
0.0909888915527745
0.0897687060053874
0.0888726224446093
0.0879519286290264
0.0875805392512426
0.0862548295609143
0.0863356510839424
0.0868172837589334
0.0874226226362225
0.0880324807841871
0.0894425071520293
0.0899697039700891
0.0902916917400563
0.0902297303389041
0.0890838400020672
0.0873696382623018
0.0868253042417326
0.0863057345966536
0.0852052994884333
0.0842254260457305
0.0819363195558001
0.0803972319343986
0.078946868572934
0.0788174004410405
0.0782460519181559
0.0785658811191249
0.0787682666398769
0.0788631969956762
0.0796418465347344
0.0799221712652748
0.0805623582532711
0.0813973793947437
0.0815491127292847
0.0813084407523141
0.0811644691281243
0.081817087193644
0.0818010625058773
0.0828876414949616
0.0825992685076355
0.0826480361829355
0.0829519192326371
0.0828620390003116
0.0831984216292877
0.0832394977694621
0.0839106135076307
0.0847416313023884
0.0856093692073177
0.0852631715256157
0.0853457862218104
0.084855911560344
0.0853585082257345
0.0855134718938126
0.0846587810805858
0.0837404925448321
0.0834387348975262
0.0825921907566916
0.0811851949642849
0.0798270168463628
0.0797694495610918
0.0793707293375615
0.0785520033556765
0.0780739992631306
0.0773182078204452
0.0761418982353843
0.0759655102205496
0.0750089936807365
0.0739936360065265
0.0733907751111544
0.0728710868096666
0.0720937588011048
0.0692889657310076
0.0676498412950591
0.0673276333908769
0.067637452108333
0.0680122413856109
0.0691981043518471
0.0701809344074156
0.0710747568101448
0.0731316685702606
0.0767473927979808
0.0801129685950394
0.0837096249054197
0.0876724338186948
0.0886200908054814
0.0892644751315234
0.0906148770657614
0.0932631953530728
0.0950535746584981
0.0968493402041589
0.0963897777381278
0.0969707683155791
0.0971362674741717
0.0966210979163364
0.0961363924109763
0.0974531270369878
0.0993622463714753
0.101294254888312
0.102002772192375
0.10359113311307
0.107318822030351
0.109225913809773
0.11066824036732
0.111542799524026
0.11301952668291
0.11379197777629
0.114079066001092
0.114432843247396
0.114172317252514
0.113654836467167
0.112734382821289
0.11112657976108
0.109608572853248
0.110010565071854
0.109248018693721
0.106543563833231
0.103308288452492
0.104577540874813
0.105745602710208
0.105737311540359
0.105972568072205
0.107039099325391
0.107052864525986
0.10601815982787
0.105517984437896
0.105984778341074
0.101841520000228
0.102070863064255
0.103056286375556
0.102637077850244
0.102057166223818
0.102015730618643
0.101025411739772
0.100533240857299
0.0992708347106637
0.0992933386322838
0.0989728896799215
0.0992264814935622
0.100128059389726
0.100267956704363
0.100931299179259
0.101423885846765
0.102708488668245
0.103325687746126
0.104464820938609
0.104917259545954
0.10529888255277
0.105184585255333
0.105531064739753
0.105560393693661
0.105492169152071
0.10550190739009
0.105161330068977
0.104842262350722
0.104109658675211
0.104018371057029
0.103125871299494
0.1022418629874
0.101331480084319
0.100919971143747
0.100430522454329
0.099615733440991
0.0994014529732403
0.0989193871139976
0.0978337870497653
0.0973989855050987
0.0964992910864678
0.0962148046932021
0.0955257801307161
0.0945718726841842
0.0945086287907519
0.0940857804994478
0.0937501244647711
0.0934738881672432
0.0924819622060169
0.0926804726161205
0.0927785794926729
0.0926792244106002
0.0922677334819097
0.0910054055494061
0.0901477668055302
0.0902509019649112
0.0904099111314428
0.0907406162882786
0.0908062893743942
0.0907788613704198
0.0910355675011818
0.0909993933100097
0.0908232285715723
0.0910149325345306
0.0907277522217155
0.0906649530710486
0.0905205720355385
0.0900889212179721
0.0890566744596534
0.0880978518829043
0.0872058295496951
0.0867961809473049
0.0865421336402545
0.0861948347851561
0.0860067147028458
0.0864724535457338
0.086820953590498
0.0872897134921138
0.087801819839097
0.0881602137844775
0.0875912607854696
0.0866135186986687
0.0860989506776541
0.0855738686325127
0.0852230987393233
0.085853635041156
0.0851815161872097
0.0848262595205317
0.0842785383091256
0.0834519291886011
0.0826118412637285
0.0821329948539594
0.0820997896288396
0.0819838691894135
0.0821536163074449
0.082083520249305
0.0815701614339185
0.0813119105300624
0.0818690936417327
0.0814393348925096
0.0815583768173757
0.0813704332677824
0.0809460432188261
0.0809584010369919
0.0806654065547472
0.0803961217481255
0.0801729664086514
0.0803621415877254
0.0801843431651519
0.0801668022373624
0.0804912133637253
0.0811564909967027
0.0815534736402203
0.0813592967196951
0.0811094808998372
0.0810708370407714
0.0815995456535234
0.0818240173624306
0.0815408381364325
0.0815739215911632
0.0815789297547646
0.0818607318757716
0.0813770636624427
0.0799791262863189
0.0791650662514354
0.0789915936687153
0.0788022956118767
0.0783489808028501
0.0777507363766366
0.0774156685996806
0.0771788324482569
0.0763412679253611
0.0765610551742183
0.0759613211158761
0.0748230431515045
0.0737132552950496
0.0724217871455669
0.07107178695311
0.0700626812125878
0.0698718375341801
0.0705360287194389
0.0705611766183267
0.0711251302951786
0.0720877067966965
0.0725335520974427
0.073033101364719
0.073957853889124
0.0748121135262025
0.0762462555621927
0.0771696751984665
0.0779320116160538
0.0789228907086536
0.0793674015891893
0.0800351313040527
0.0809438064489881
0.0819800159357687
0.0830170303122545
0.0839114644950329
0.0847255598478049
0.0860324895598069
0.0874691897932702
0.0889943598624407
0.0910757025467389
0.0926428065390737
0.0940613666517339
0.0945269291390153
0.0949242248528978
0.0957086010510263
0.0961732103500354
0.0959851493575004
0.0953610083435955
0.0947751040609341
0.0937749210330696
0.0931668755919428
0.0928244936339506
0.0926235043463029
0.0926514807142411
0.0931034442869182
0.0937300031682644
0.0938598159218841
0.0954424627192647
0.0962729345258369
0.0976630273133467
0.0976602652403267
0.0987910900190971
0.0993914467430791
0.100276008219144
0.100725387440468
0.101203343852852
0.101050878134721
0.10115517423703
0.101469987864595
0.100167468365322
0.100409424608414
0.100505224185167
0.1000673246757
0.0996384231700206
0.0987880764644276
0.0983051046862733
0.0982285302349875
0.0972397275563948
0.0961503663714763
0.0957242427518334
0.0957194521011468
0.0951263285574352
0.0958331536156242
0.0958115127076779
0.0953917104078234
0.0956978625437693
0.0960903806117878
0.0961230704400457
0.0964157251164975
0.0970616687097166
0.097358853723401
0.0977510763232416
0.0979169908486551
0.0977822300157414
0.097899696273536
0.0982451745177897
0.0985330432772443
0.0982543025156511
0.0985808090838611
0.098423717283038
0.0987535231482423
0.098991902476983
0.0985080572122013
0.0985363175017596
0.0987156082989664
0.0982707755454844
0.0978338262742025
0.0976304197198491
0.0968096233444799
0.0962378660185777
0.0955727729840026
0.0949109127585753
0.0949378043109861
0.0946537482489432
0.0940023867397079
0.0940642571158682
0.0936640292328246
0.0939684481410168
0.0939208243535617
0.0934080522753109
0.0928251644069814
0.0925743022067119
0.091389234794055
0.0915452313790354
0.0915774817286621
0.0917325841796284
0.0920048109404498
0.0922048791002351
0.0929027734140426
0.0925486973003153
0.0918157105041828
0.0916777215394031
0.091294318678038
0.0911992717411403
0.0922157528708267
0.0920718941601081
0.0912847012276468
0.0909173620556636
0.0903422701206267
0.0893799732978435
0.0885683382354646
0.0880453928198805
0.087479498123044
0.086495003363839
0.0861997637535017
0.0862298655352177
0.086699232055417
0.0868479577699866
0.086724914922334
0.0862558745842182
0.0856266293853022
0.0849516245888259
0.084157586148223
0.0834393145686383
0.0828369213382254
0.0832601722836506
0.0834753880354408
0.0841536097334347
0.0838537974757515
0.0831532848270343
0.0830976895394272
0.0826199086552018
0.0821606949613132
0.0821194544598741
0.0820502788156758
0.081618640318634
0.0816483474804717
0.080879387238653
0.0802112285354896
0.0800485555608509
0.0798156660475725
0.0796656527854563
0.0790525018793443
0.0790700049100245
0.0790575480043573
0.0790229887541432
0.0793986296045665
0.0791417742711515
0.0793601948466422
0.0793787276590419
0.0792277486430675
0.0787569923590413
0.078628449418191
0.0785766725596317
0.0785743721666223
0.0787837582950542
0.0786944703900025
0.0788005753821481
0.0793766162906204
0.0793044077355893
0.0789058638104208
0.0774011017927633
0.0768955265277746
0.0768789089368826
0.0766875907978188
0.0764827969439543
0.0762840773404528
0.0764046600076223
0.0765412551195551
0.0764093603272554
0.0763549731731834
0.0755672928181423
0.0749768317196729
0.0746070589256338
0.0751059607990834
0.0751324707660066
0.0751435210568855
0.0743673550010419
0.0738203391367996
0.0740331863570452
0.0743949449402489
0.0747860761077633
0.0746829973812542
0.0749528654466855
0.0754433380750737
0.0760576370474624
0.076477066889207
0.077364892579635
0.0780519564715488
0.0787658558481696
0.0800586468062722
0.0803992028098456
0.0807951345345606
0.0811284741517416
0.0811408394218175
0.081744860788882
0.0825369154499259
0.083488554210951
0.084721283440438
0.085636542552371
0.0867849437027312
0.0882045038719104
0.0888030910917576
0.0894264421551345
0.0894471849977904
0.0894621709066667
0.0896212521039707
0.0899079351255347
0.0897915612698161
0.0898852388993154
0.0899028344996369
0.0901753275652554
0.090264651083703
0.0905823304755386
0.090906061905547
0.091882594876273
0.0928298823040755
0.0931868507533109
0.0930254741106548
0.0934211597248218
0.0932924652317511
0.0938905861094299
0.0943846641117638
0.0947651433685023
0.0956111666630972
0.0963571365440661
0.0975987027628095
0.0978164658463709
0.0990088063958261
0.0998349926967455
0.100228677215899
0.0943451820328136
0.0948825139090351
0.0951103280486837
0.0949378235644365
0.0948854934755607
0.0944291043865715
0.094834512640635
0.0946533146392998
0.0939707340347771
0.0938958682423821
0.0941892637304545
0.0935949651497061
0.0933944316407953
0.0933068686570376
0.093573062947794
0.0941045316707707
0.0939152972521446
0.0942561938910546
0.0940757662462427
0.0944552759408377
0.0945151745605625
0.0944401974574466
0.0947833823210068
0.094949913951982
0.0948867339268185
0.095282748110835
0.0948711668129839
0.0945139847278078
0.0942469803883235
0.0941430020150158
0.0942747819763114
0.0944098368348239
0.093919112670351
0.0938556409843986
0.0934663389676484
0.0933347806132061
0.0931682368705927
0.0932551322538349
0.0929083532008529
0.0926290777453766
0.0928085187697297
0.0928032209238786
0.0927250606896112
0.0929764752546641
0.0930182491312207
0.0927799512293438
0.0932584789636806
0.0930941414331784
0.0925335514505553
0.0920426947549883
0.0919822822464745
0.0915880867689275
0.0914438238806018
0.0908438229782923
0.0910960624741258
0.0904056900559425
0.0901483887910756
0.0891025554597727
0.0891770279584259
0.0890317053954424
0.0890027191448413
0.0887973771733839
0.0888550647980711
0.0885917956825266
0.0884779723269914
0.088500701122327
0.0888631016849575
0.0879489436978236
0.0874419841901133
0.0859518909857776
0.0853301927784158
0.0849021618293298
0.0849483576707347
0.0845967952828068
0.0845836967443176
0.0844074388024783
0.0846523942469092
0.0848088224686409
0.0844215795090488
0.0848291089368563
0.0845745527276148
0.0843494675603398
0.084516115885739
0.0844646580236045
0.0840319998948613
0.0833138043133017
0.0832288757368118
0.0836881865067622
0.0832782398138994
0.0833932723686533
0.0831871770880415
0.0831518739103626
0.0829813336756612
0.0825464602129948
0.0821592893201967
0.081921416904586
0.0813272881127454
0.0812280155469163
0.0808927658649703
0.08069838428948
0.0803932065490982
0.0803002733475836
0.0801472822932636
0.079840179662684
0.0792016361717765
0.0788364158303284
0.0785946118974864
0.0782457941385666
0.0780339383045983
0.0780684610978929
0.0778258056415097
0.0779721475444807
0.0777291329347428
0.0776838060157105
0.0775821905132739
0.0776726279012452
0.0772817414002837
0.0774328576664617
0.0775482864140734
0.0772673028737495
0.0765204894780842
0.0756598949165926
0.0757443369640868
0.0756481833590992
0.0753783170769269
0.0749334757061541
0.0745085028187933
0.0741640017468834
0.0740856184786742
0.0741483012877457
0.07442520238715
0.0746028782097594
0.0747943367432087
0.0748077350470209
0.0745119924800641
0.074212016364408
0.0742404833330133
0.0744447106398559
0.0747576015367747
0.0753814417606662
0.0758406770311384
0.0757368068699192
0.0765059295392355
0.0772113547623317
0.0783739147298779
0.0790955603324602
0.0795460257366772
0.0799916623429275
0.0803783184997563
0.0802972398479319
0.0804439205395027
0.0808436869580898
0.0810026105713262
0.0813054044837956
0.0809122274402522
0.0809908579262117
0.0808902398962339
0.0806101610098792
0.0808824758583443
0.0813465911040841
0.0815188814682276
0.0821254449475205
0.0825435367433862
0.0828632958097443
0.0828581095480226
0.083156249542204
0.0830953406473603
0.0836430278148648
0.0841542717193243
0.0842566789408905
0.0846777528827801
0.085165449681567
0.0854924462762006
0.0856779974370011
0.0861789574141218
0.0863648586554458
0.0872133769909325
0.087528629528392
0.0878220879983144
0.0883441651046168
0.0885274132030102
0.0890309138936356
0.0896935474953904
0.0907836075755131
0.091077500202054
0.091766446775573
0.0924672538343973
0.0927473064957574
0.0927312560621666
0.092910284275799
0.0932380393792467
0.0941488937032049
0.0917655843794292
0.0920435411756363
0.0926216042529215
0.0928335002658854
0.0933997966149432
0.0929593938829681
0.0928390735446449
0.09279974755048
0.092362378981417
0.0926909954873018
0.09256538045952
0.0928379643996249
0.0923469894875403
0.0921747832005861
0.0917093344327584
0.0919952445090741
0.0923074211375347
0.0921206367807207
0.0925087259937088
0.092306963566902
0.0919420101642389
0.0918631987368788
0.0915954573073384
0.091826322218707
0.0910806259621286
0.091049172569932
0.0907051556936215
0.0907063486816406
0.0902617186036215
0.0908656220484124
0.0905767314416285
0.0902394572310234
0.0905019987085765
0.090564428040398
0.0903711143353034
0.0900067830582198
0.0901029293361949
0.0900826628639555
0.089801043868368
0.0896618488693042
0.0895023711652894
0.0890736681987024
0.0886740854378233
0.0886958272386661
0.0884602702975423
0.0885600333020492
0.0885005577966706
0.088515341395438
0.0883928219084838
0.0878893077421975
0.0875268860901827
0.0869045114270045
0.0866412230709976
0.0858708363462669
0.0857931903109992
0.0851324384660723
0.0852273557934931
0.085126763100518
0.0852573760175108
0.0845826209894615
0.0846270092211676
0.0843381992510729
0.0843997088666611
0.0843779105399881
0.0838282119663634
0.0837738732428939
0.0829099526084699
0.0826677683814535
0.0826827300857343
0.0828436717414662
0.0829309202403169
0.0825182473386699
0.0826785435174103
0.0825516445573575
0.082753840034767
0.0825996544715379
0.0826065468112946
0.0826711099772461
0.0825662061830179
0.0828509055822475
0.0827248717099814
0.0827842047764455
0.0827421413431108
0.0828868811436268
0.0826882746572127
0.0828379704849445
0.0831529974874467
0.0827997019560165
0.0825926019935823
0.0828561609520475
0.0826736550526652
0.0828016838131142
0.0828370700200081
0.0829156975003011
0.0829791718900194
0.0826394332510525
0.0827005289090256
0.082746149474171
0.0831452602213881
0.0833473237508443
0.0834805573413988
0.0833938152007774
0.0832407847984175
0.0829314239761817
0.0826973006715878
0.0823484969685159
0.0823230200780925
0.0819248233114261
0.0820212384309402
0.0816609320038056
0.081597914540897
0.081183904189742
0.0809865253097149
0.0808523068374632
0.0806191310477421
0.0800059953756324
0.0798730745758879
0.0794439362749697
0.0793692420275858
0.0789775776518991
0.078908765893947
0.0787057335594914
0.0785380786664024
0.0781940677319422
0.078612256206087
0.0785649219181083
0.0781369976600043
0.0784109859836928
0.0783464374905007
0.0774810309777915
0.0775685140707115
0.0773938635624103
0.0771549870739324
0.0769130618297343
0.0773899162170943
0.0776418145397272
0.077595971856424
0.0776898409481645
0.0781796915680027
0.0781776194330936
0.0785225825312835
0.0783421477639525
0.0784997095886187
0.0788864213739436
0.0793982828824563
0.079412837102137
0.0799374577510257
0.0802367811696051
0.0807317079827591
0.0810430894363171
0.0810922738373461
0.0814249325748825
0.0817484786929395
0.0818393733663691
0.0817181149062675
0.0823284945614019
0.0823170266821396
0.0823535365940635
0.0823247184546383
0.0826453840776731
0.0828336208995029
0.0826641164983595
0.082518924030099
0.0827877204694111
0.0829716246000854
0.0831923362202157
0.0830266392200812
0.0831060098377732
0.083496542672349
0.0835847791466747
0.0836553129336787
0.0838344567509149
0.0839242215160575
0.0840111110373323
0.0846446568468355
0.0846665761902456
0.0854133685316505
0.0853407897098834
0.085376978234325
0.085682207705333
0.0859806703872397
0.0861099910913046
0.0869078286352928
0.087362101831947
0.0874621836773593
0.0876106401393061
0.0882252408457728
0.0887514320499966
0.0896310271451806
0.089909405881092
0.090789547598682
0.0914156389536247
0.0862764523184103
0.0866182916861709
0.0865100257061549
0.0863186719110009
0.0864485502426049
0.0861008509086882
0.0864377971303413
0.0867049751787823
0.0870019704242092
0.0866680236677245
0.0863104960714554
0.0859179477457564
0.0858990300571087
0.0858134084925559
0.0858959421261446
0.0858831054098898
0.0859083002440114
0.086137421170828
0.0860879817921551
0.0858674615158166
0.0857379306947163
0.0860403780914276
0.0858160680892995
0.0859884204925154
0.0862024898123727
0.0859890876724606
0.0860778781446974
0.0859733590292464
0.0859272751516531
0.0858507105231289
0.0857999124253092
0.0857768628549017
0.0853667858202026
0.0852466893035993
0.0852786335900715
0.0849922138738543
0.0848635813512685
0.0848096910823675
0.0848241708009391
0.0844928781482477
0.0847831515318989
0.0850127843964454
0.0848201813101571
0.0848853777431039
0.0849918589302197
0.0850422049017595
0.0850093021779413
0.0852971425446205
0.0849901504751302
0.0853532025574119
0.0850269080984092
0.0851131092538536
0.0853353329119931
0.0854672636332934
0.0856326206039765
0.0856355230320373
0.0856338853966573
0.0853907446876397
0.0853522936609649
0.0852392771865925
0.0850377645610802
0.085006687193908
0.0848583292623116
0.0852809764131147
0.0847543489479672
0.0848873355381725
0.0849806081828181
0.0844985677889565
0.0846461942364134
0.0847827752036086
0.0843529148322677
0.0847222560240801
0.0845421967091366
0.0846050368782067
0.0844107963549008
0.0844268533617745
0.084413069225205
0.0844599396348551
0.0838872864363158
0.0838479062883014
0.0838481746167393
0.0841769445634837
0.0839902006991238
0.0841816357204046
0.0837834917292904
0.0838512905602816
0.0840780901004096
0.0839316152709003
0.0835278786003773
0.0836325426874427
0.0835974303708901
0.0834872998248776
0.0834353440525884
0.0834198882558193
0.0837210712240569
0.0840058888629795
0.0836242122135403
0.0838856794495791
0.0836593914803621
0.0840690175795291
0.0838037466209744
0.0837915145485304
0.0836039882687467
0.0835537047618819
0.0835501387403977
0.0834004364776284
0.0836178660557026
0.0835157240982119
0.0834809399907418
0.0832488889090608
0.0831663449869464
0.0834531435445862
0.0836425690943407
0.0833475285879099
0.0835152513511294
0.0832261972627976
0.0832897510649665
0.0834460547079262
0.0831893525009922
0.0831866029243845
0.0828922019206901
0.0828105965778452
0.082913046373882
0.0825206328863233
0.0820527374530565
0.0821170743561382
0.0822056738702593
0.0818495951032793
0.0819232350895345
0.0816445995195304
0.0815468477426022
0.0819698836285145
0.0818210353832965
0.0821076852574315
0.0818637939508335
0.0815832418914494
0.0818351763302627
0.0818317954859205
0.081856322378646
0.0818837326943878
0.0818585214367689
0.0820349644538756
0.0819365467830351
0.0820820128674521
0.0821680380044011
0.0821417169629523
0.0822413189921445
0.0825400124543992
0.0827669782095729
0.0827732680684493
0.0830363190257784
0.0831591612178842
0.0831288574796494
0.0832534749274331
0.0836369699808347
0.0842861125997587
0.0839511871763513
0.0839475928173805
0.0841176640963435
0.0841410839066302
0.0842974423474794
0.0842114666842223
0.0842083771742708
0.0840431913328286
0.0841012525637594
0.0845156216684043
0.0843953984676961
0.0845956229679279
0.0845118545612908
0.0841866313378017
0.0843431044162381
0.0844477488122008
0.0841868007611003
0.0842629235021153
0.0843400790759961
0.0844339097939557
0.0846361017666387
0.0846991323180044
0.0848442207301159
0.0846439989852804
0.0848962663653017
0.0850960882376738
0.0850378817342086
0.0851621088964461
0.0854322445792661
0.0856693480981187
0.0855614876559801
0.0857138454020025
0.0858231337333213
0.0856713630544973
0.0860536542094172
0.0861830738657551
