0.071145339546515
0.0711350390842348
0.0711358595457715
0.071146867820539
0.0711498882592439
0.0711800569881174
0.0711847245084862
0.0711893552722506
0.0712312253704796
0.0712746553377908
0.0713325383348811
0.0714033748774248
0.0715058842113553
0.0715651596785305
0.0716221157142952
0.0716553470148097
0.0716758845452044
0.071707197645405
0.0717645708825569
0.0718158814047904
0.0718499488357123
0.0718679951570063
0.0718811092788644
0.0718860740949957
0.0718815258719657
0.0718738729157286
0.0718869181629577
0.0719033473527907
0.0718880154074753
0.0718963860506252
0.0719055513091953
0.071904037783319
0.0719169409962684
0.0719238233912554
0.071949269054839
0.0719627471849869
0.0719680867053507
0.0719697074523785
0.0719739148519348
0.0719870874092199
0.0719854860028343
0.0719998832917629
0.0720293356239366
0.0720564903983661
0.0720716108760248
0.0720937307203496
0.072108772670376
0.0721360756819508
0.0721380491575799
0.0721546946732777
0.0721515106307495
0.0721621884898101
0.0721724347986456
0.0721931832199245
0.0721975305891976
0.0721851835627004
0.0721578778048052
0.0721489250277064
0.0721500277369688
0.0721445241213689
0.0721400914386972
0.0721331615149981
0.072125656262201
0.0721220553927909
0.0720858119363742
0.072086431648386
0.0720860356747346
0.0720807358383804
0.0720550185045461
0.0720454483296892
0.072034942577565
0.0720301209742586
0.0720207591246181
0.0720305253988303
0.0720262143036773
0.0720325809994555
0.0720190984759363
0.0720148660958398
0.0720031569055426
0.0719745404235997
0.0719739960699819
0.07196449464707
0.0719578871454245
0.071936405005877
0.0719521096974156
0.0719689396794012
0.0719652685250935
0.0719451808127261
0.0719220422104374
0.071893353680482
0.0718822142456901
0.071849477155363
0.0718456332003857
0.0717797307442884
0.0717682408637743
0.0717444453426418
0.0717330851589383
0.0717205471518894
0.0716850089285782
0.0716724630674318
0.0716669366466419
0.0716614208002874
0.0716553523761452
0.0716423524609357
0.0716218058624077
0.0716026399471564
0.071587106241703
0.0715691453130045
0.0715581730495571
0.0715593208318377
0.0715336898439796
0.0715071300154404
0.0715289122356799
0.0715036710207355
0.071496620389146
0.0714823357256562
0.0714434344686565
0.0714253766115965
0.0714079959697517
0.07138381375334
0.0713639330906812
0.0713563501311345
0.0713437723878672
0.071325451111674
0.0712997680400285
0.0712452076442314
0.0712355648978636
0.0712050609491664
0.0711779813131499
0.0711515749459508
0.0711478052950319
0.0711351547733386
0.0711181958332358
0.0710975535017623
0.0710937189880098
0.0710679451094699
0.0710344312134491
0.0710107389926028
0.0709821010585625
0.0709892597506786
0.0709773125397353
0.0709879433044968
0.0709824910732604
0.0709547851955129
0.0709396026427911
0.0709325630544908
0.0709218780987685
0.0709110855585846
0.0708943735726696
0.0708802727146055
0.0708910543795024
0.0708867432295434
0.0708763869757166
0.0708799035335068
0.0708876138368004
0.0708925970417469
0.0708820513676179
0.0708792080874958
0.0708821005058776
0.0708844517985547
0.0708877398538179
0.0708847234194493
0.0708985343085465
0.0708944188642317
0.0709110882512342
0.0709241156736618
0.07092929760098
0.0709417467079327
0.0709499729825729
0.0709646933275326
0.0709919601942286
0.0709956900673428
0.0710164597458341
0.0710242789720515
0.0710898985255555
0.071111666009
0.0711209059992678
0.0711357321412195
0.0711546423699237
0.0711844783063957
0.0711933772241914
0.0711766511519495
0.0711827909427686
0.071192060646696
0.0711939341342414
0.0712004580986118
0.0711649068728655
0.0711651478587393
0.0711561863765704
0.0711579049506399
0.0711458347037338
0.0711518353900717
0.0718658968953111
0.0719007552448677
0.071937057744342
0.0719719660359982
0.071985003282182
0.0719846343018961
0.0720299175534206
0.0720467560194926
0.072063506288068
0.0721141977831214
0.072149674866867
0.0721689238399719
0.0722268596331552
0.0722411884876845
0.0722756452860768
0.0723015456497644
0.0722813058858161
0.0722840661315756
0.0722519803719216
0.0721893813740969
0.0721470826880111
0.0720583655328997
0.0719743872427198
0.0718872105423045
0.0718054407027254
0.0717250600690126
0.0716640198199095
0.0716044800928787
0.0715725656163513
0.0715487997978959
0.0715629399076683
0.0715276167289658
0.0715181706975793
0.0714892624756576
0.0715055975883546
0.0715098459427835
0.0715265505231711
0.0715334089191649
0.0715411993368004
0.0715638550381631
0.0715861263882741
0.0715909853792868
0.0715998091698622
0.071630836154509
0.0716695931809589
0.0717140970660274
0.0717296226836331
0.0717801289666788
0.0718117635829567
0.071840361501796
0.071880331024049
0.0719172215410911
0.0719189087505813
0.0719300237915313
0.0719168123162593
0.0719341073305796
0.0719282455946148
0.0719248110802609
0.0719434202113092
0.0719261662221401
0.0719166798000429
0.071912721264517
0.0719195816625357
0.0719370764388278
0.0719234172882265
0.0719136874524551
0.0719276959571736
0.071918500415771
0.0718992765246436
0.0718628621054231
0.0718447167254888
0.0718354009145147
0.0718319648809627
0.0718122560434093
0.0718284351728586
0.071802783942556
0.0717941270117329
0.0718198030662314
0.0718053068274601
0.0718090702709156
0.0718324948158132
0.0718484144400028
0.0718820432383535
0.0718978476321743
0.0719744368162053
0.0720485004710514
0.0720820021603749
0.0721174922180177
0.0720955017764104
0.0720690591607036
0.0720459148136642
0.0720715078657088
0.0720839258369566
0.0721166124356386
0.0721369070632714
0.0720751918651459
0.0720510090615369
0.072021351722214
0.0719269106726276
0.0718635152730822
0.0718040966765446
0.0717479312779533
0.0716456762889331
0.0715914926303141
0.0714746914176673
0.0714008982383865
0.0713337762729083
0.0712425325670012
0.0711441071134203
0.0710674043138137
0.0709807201607578
0.0709004394835313
0.070842429426559
0.0708009526684558
0.0707300974228212
0.0706784540332353
0.0706254161713275
0.0705539717054621
0.0705168052460662
0.0704788295561872
0.0704383766116143
0.0704022819377473
0.0703489224167778
0.070285111421448
0.0702182087140949
0.0701555957341865
0.0701120360324694
0.0700522340380755
0.0700042659699644
0.0699578075406165
0.069900703713608
0.0698450376052234
0.0698386796877774
0.0698326778934292
0.0698010719542979
0.0697746788911124
0.0697477055287132
0.0697362838383479
0.0697107541490392
0.0696952385932684
0.0696798337223288
0.0696715614986976
0.0696399706796097
0.0696245130654592
0.069604037138811
0.0696086986987996
0.0696157224876593
0.0696365803335076
0.0696611605080394
0.0696712710550832
0.0696684665389994
0.0696987493106512
0.0697161520751711
0.0697366772264412
0.0697835502369607
0.0698314132799173
0.0698623129766479
0.0698796481718728
0.0699092638438397
0.0699300114142308
0.0699437635355959
0.0699868307547414
0.0700195966857833
0.070049476718957
0.0701124402534336
0.0701443841649739
0.0701789470064422
0.0701929722166374
0.0702379741899583
0.0702738255169797
0.0703108386933742
0.0703845839673023
0.0704313505440243
0.0705146504184636
0.0705894794219638
0.0706857506255502
0.0707597657951051
0.0708795880595397
0.0709673657639978
0.0710916912225056
0.0711871423765474
0.0713074689321013
0.0714004311445595
0.0715060405629289
0.0715499626095337
0.071596584783928
0.0716391258802855
0.0716760537688354
0.0717257155798924
0.071761931836063
0.0718054339343731
0.0718229109811995
0.0717617552018822
0.0717904166816447
0.0718112079560136
0.0718791542066349
0.0719314494043599
0.0719389293712184
0.0720112621096312
0.0720672552487369
0.0720590590529942
0.0721222696404801
0.0721187415971575
0.0720749840672728
0.0720246915562683
0.0719783539312135
0.0719068933597031
0.0718371907454105
0.0716988234715143
0.0715431439814737
0.0714153387350625
0.0712881953915039
0.0711912435162079
0.0711015541345008
0.0710375368932834
0.0709733606319443
0.0708958622320054
0.0708267114898449
0.0707509857713201
0.0707030472786567
0.0706857466550869
0.070635450390118
0.0706107386510096
0.0705926762395562
0.0706221353275212
0.0706785936708558
0.0707196178912358
0.0707629283955672
0.0708163785073624
0.070837772169355
0.0708646265048589
0.0709300657833382
0.0710095135448531
0.0710573788040167
0.0711369632083807
0.0711888873140903
0.0712214466734347
0.0712838328544554
0.0713522608716312
0.07145452956464
0.0714873148509626
0.0715300505940978
0.0715727760979185
0.0716485924815057
0.0717065484216259
0.0717102310113045
0.0717432211521537
0.0717800017338006
0.0718764539623283
0.0719759586703895
0.0720545487310294
0.0720493439055108
0.0720455618536781
0.0720952565413645
0.0720802426884148
0.0720750784235217
0.072061855351305
0.0720187237341372
0.0720198081571009
0.0719863870434211
0.0719947144356894
0.0720071130129813
0.0719847549185306
0.0719494112132427
0.0719580974806342
0.0720058504204036
0.0720574064520738
0.0720911955063815
0.0721285777158451
0.0720936735596153
0.0719887687199129
0.0719382678372503
0.0718479589541444
0.0717197978973814
0.0716197136295842
0.0714719354286633
0.071334717619857
0.0713260905113999
0.0713190518872835
0.0713104570530625
0.0713347510271756
0.0713689678665971
0.071436742317075
0.0714595947503858
0.0714652662997537
0.0714477849762205
0.0713776337536783
0.0713299887656951
0.0712737716221439
0.0711457465167954
0.071065234687203
0.0709512594427195
0.0708199052109127
0.0706655019099197
0.0705279497209574
0.0704173382042969
0.070266851806073
0.0701290810658019
0.0699800038722847
0.0698708556715881
0.0698136438772104
0.0697228165275603
0.0696543207094861
0.0695711726779984
0.0694470686252876
0.0693724111456669
0.0693186482629692
0.0692597022866442
0.0692524798436233
0.0691930594385678
0.0691620448705819
0.0691517602331508
0.0691159510673377
0.0690740516170821
0.0690758967312875
0.0690754283986741
0.0690527216943123
0.0689933936160973
0.0689849401943743
0.0689808435941042
0.0689771704374366
0.0689938820030934
0.0690104051437633
0.0690119497014482
0.0690020695848637
0.0690070455019772
0.0690060303219736
0.0690276329744361
0.0690808375898758
0.0691419014253616
0.069178052666494
0.0691790186885823
0.0691475528833082
0.0691537026902162
0.0691594362002923
0.0691795798112689
0.0691899050231935
0.0692056632041184
0.0692217601692535
0.0692308386914576
0.0692281909231908
0.0692445786823301
0.069258366921095
0.0692743995110891
0.0692773155505887
0.0693025981739084
0.0693596301246786
0.0694299687903247
0.0695185532211755
0.0695376312339794
0.0695686829245642
0.0695878430494052
0.0696058937138234
0.0696196063241142
0.0696599805502937
0.069695268619356
0.0697263246462773
0.069725414828922
0.0697472465915863
0.069803839736808
0.0698725482486444
0.0699229457685786
0.0700002259871284
0.0700769403172557
0.0701686203808601
0.0702529171681014
0.0703049132207756
0.0704056273993481
0.0704539427030801
0.0705240725572831
0.0706132213606678
0.0706783061026192
0.070778443795964
0.0709068496830785
0.0710635106322766
0.071196323807414
0.0712970395901071
0.0713983160090559
0.0714843408711798
0.0715735610370217
0.071667966465087
0.0717673617447435
0.0717574377553989
0.0717312711934919
0.0711554220007842
0.0712851982496051
0.071370713925565
0.0714896603435412
0.0716253771153833
0.0717482917909556
0.0718364745396433
0.0719514999330447
0.0720151320115495
0.072065158704358
0.0720325385428229
0.0719465377201468
0.0717796187400989
0.0717071342597961
0.0715908013537679
0.0714948855990287
0.0713531274833609
0.0711962699942502
0.0710686263609158
0.0708845642923429
0.0707487945294058
0.0706194862173375
0.0704884401741673
0.0704068135496881
0.0703471138395414
0.0702833463563926
0.0702209674222934
0.0701921292254861
0.0702055758945101
0.0702144046017042
0.0702173807769748
0.0702290176415137
0.0702613079920758
0.0703024402487872
0.0703786770674534
0.0704916936026708
0.070463255571391
0.07044518811327
0.0704563168497978
0.0704541977628354
0.0705163389275372
0.0704822890175822
0.0705085497430191
0.0705218806780303
0.0705750152857978
0.0706510102644085
0.0706877633890427
0.0707337256166309
0.0707908370035468
0.0708271504304426
0.0709103608806679
0.0709767483723333
0.0710604622314413
0.0711347616277901
0.0711693340251786
0.0712368220040438
0.0713516680402273
0.0714854112401889
0.0715619953418576
0.0716376147981015
0.071706330645944
0.0717803403914297
0.0718138034009109
0.0718400199962799
0.071869622577623
0.0718612090036512
0.0718217776410702
0.0718010873732315
0.0718343691968199
0.0718914336203529
0.0719545075770209
0.0719860754889626
0.0719988006952905
0.0720154239647184
0.0719616755502544
0.0718540093159637
0.0717271626989749
0.0716882940556433
0.071560771699493
0.0714618551863133
0.0713627228060461
0.0712211845102235
0.0711349841896834
0.0710547209021593
0.0709654584137422
0.0708653172983411
0.0707078151758526
0.0705224255746813
0.0703088532122096
0.0701684842857049
0.070040708235462
0.069972085037952
0.0699038929373954
0.0697632707667662
0.0696339508776295
0.0696073733406896
0.0695893387528719
0.0696251978743688
0.069686455084978
0.0697638665033596
0.0698572112256123
0.0699529636243863
0.0700382273480104
0.0700778928616857
0.0701740746397953
0.07035250049014
0.070435479714732
0.0705175685533777
0.0705171995295642
0.070537820431557
0.0705156476523473
0.0704466200034924
0.070427553266155
0.0703897588150703
0.0703601097252231
0.0702839496641498
0.0701958654116321
0.0701568308042986
0.0700652815849701
0.0699443171555123
0.0698136733359259
0.0697026633663278
0.0695539165234788
0.0694088803179678
0.0692560067298377
0.0691755018571034
0.0690605681424523
0.0689869044001707
0.0689045661314409
0.068880440662493
0.0688695420618005
0.0688638360108318
0.0688697517007336
0.0688716881353535
0.0689710860635188
0.0690327650460925
0.0690771867148712
0.0690341113273379
0.0690253484369479
0.0690566566466555
0.069092316417618
0.0691287341618046
0.0691576855689669
0.0691695456493969
0.069211125861795
0.069260700628872
0.0693297568368448
0.0693793767767734
0.0694114311348755
0.069423398717422
0.069402961747054
0.0693519643722383
0.0693167749861405
0.069281813989687
0.0692495498976231
0.0692093660432883
0.0692332658681355
0.0692454559634933
0.0692266798826065
0.0692090950977054
0.0692279873470126
0.0692065428282685
0.0692417017961257
0.0692827091092074
0.069337706541003
0.0694045207658253
0.0694569497842967
0.0695521240846864
0.0696223000940695
0.0696795715385235
0.0697623402050648
0.069820644200659
0.0698320629767511
0.0698636684640772
0.0698853838108717
0.0699500977586456
0.0700265138681716
0.0701433125569571
0.0702331929808809
0.0703099927582057
0.0703896215296842
0.0704265481396755
0.0704529595771186
0.070428700015078
0.0704449235101531
0.0704638352818273
0.0705584758493917
0.0706861974837314
0.0707475143958321
0.0708371782671393
0.0709227017128325
0.0710345687691842
0.0709146501210417
0.0710989755458466
0.0713666926282183
0.0715802598316383
0.0718001039874265
0.0720509905210552
0.0721755638694179
0.0721944692869176
0.0720814379787597
0.0719295723905797
0.0717163001586557
0.0715125329008676
0.0712309943897025
0.0708504550161961
0.0705758182189571
0.0703324839689304
0.0701219645328697
0.0699020726097757
0.0697506764182717
0.0695974253828836
0.0694266814987195
0.0693003164973046
0.0692561399839328
0.0692930693406295
0.0693430358224291
0.0694036138458221
0.0694884011718612
0.0696241454228786
0.069871885672548
0.0699989292062362
0.0700982402132327
0.0703642445422218
0.0706743376829049
0.0708717237082119
0.0710014824593724
0.0710440255784343
0.0710387428827034
0.0708767850691147
0.0707948712370402
0.0707798936209564
0.0707517530350029
0.0707039656572014
0.0707436591405836
0.0708388422263498
0.0708006061436908
0.0708300887851
0.070787938014988
0.0706787207578493
0.0706618309626307
0.0705495249855767
0.0704566089373112
0.0704448572927862
0.0705087739500581
0.0705914216250239
0.0707290590214582
0.0708394368839528
0.0708746546098574
0.070940976075311
0.0710805827716395
0.0711916501855011
0.0713064165302142
0.0714629794243946
0.0716143884149568
0.0717196496396762
0.0717736043746325
0.0718376897322478
0.071867876491695
0.0718953740790119
0.0718907603335235
0.0719098474018302
0.0718006883330781
0.0717643840865504
0.0716937766731359
0.0716711430337809
0.0715741220184401
0.0714138554697058
0.0712556890963754
0.0711337369713895
0.0710579689710276
0.0709223920340496
0.0708464406833611
0.0707244186126838
0.0705159327271342
0.0702794214788477
0.0700208059835312
0.0698131828513283
0.069753955438257
0.0697438625586507
0.0696841006769095
0.0696810274566916
0.0697615298761309
0.0698825831862465
0.0699158030290268
0.06998086481571
0.0700623134308724
0.0702511367140671
0.0703942011806303
0.0705569560345504
0.0708229197091137
0.0710954153818508
0.0713962913273104
0.0716259937475005
0.0718652728108538
0.0719838192330508
0.0721301096184457
0.0722843401955597
0.0724256930366373
0.0724996357831283
0.0725267756950815
0.072555840844567
0.0724937547604861
0.0725115136933989
0.0724631022417788
0.0724768988954103
0.0723797934636549
0.0722656257932655
0.0721243581311967
0.0719382435818361
0.0718308600844306
0.0717449512125603
0.071649528753999
0.0716205961616364
0.0715280581547003
0.0714255426243395
0.0712858923723061
0.0711518065008041
0.0709389713640623
0.0707484370561946
0.0705626131131327
0.070392211507478
0.0702966965018199
0.0702386274355687
0.0701267432216127
0.0700159252680309
0.0699389895993692
0.0698153256653776
0.0696816796447878
0.0695798710166297
0.069506564562849
0.0694336572623905
0.069368093672763
0.0693252233825464
0.0692551514294392
0.0691767290894076
0.0691046409772096
0.0690741519955729
0.0690321160366956
0.0690442530921912
0.069092516065251
0.0691370847342987
0.0691953465892007
0.0692229726989132
0.0692910670248373
0.0693364081798853
0.0693493284896859
0.0693343786658506
0.0693614037821953
0.0693897971506835
0.0694080996805727
0.0693457332516677
0.0693615284788535
0.0693364789618438
0.0693558539082088
0.0693808007428568
0.069427015483857
0.0694121876186699
0.0694933442365958
0.0695462719276426
0.069550272063623
0.0696037918896731
0.0696182824501095
0.0696502268506633
0.0696433116458038
0.0696531852039015
0.069681271226953
0.0696615740132334
0.069759003716822
0.0698870099883984
0.0699811331584009
0.0700950641000982
0.070161992784084
0.0701905397577949
0.0702301203083607
0.0702137003089679
0.070149300997172
0.0701605421095848
0.0701508028745476
0.0701809962806904
0.07020947010769
0.0703526105797312
0.0704994822295976
0.0706802762232674
0.071647191181511
0.0718785837827615
0.0721188525901065
0.072286489574681
0.0724335428911948
0.0725864282254371
0.0726164950380837
0.0725593959708832
0.0723900192596275
0.0722202270227566
0.072054996456938
0.0718540157643803
0.0714931386253348
0.0710333234387721
0.0706369539789998
0.0702867951917644
0.0698899425926562
0.0696849396881729
0.069581060414158
0.0695391352939835
0.0694457432557949
0.069421928053106
0.0695003273387392
0.0694781438471968
0.0693969194537019
0.0693147319405669
0.0692628504963006
0.0692145968429173
0.069144178563552
0.0691209121791425
0.0691920853287986
0.0693242329858433
0.0695154303980166
0.0696334718916715
0.0697514688619631
0.0698868946507918
0.0700457497691865
0.0702289897156772
0.0703766371054599
0.0704510259418326
0.0705359129446963
0.0705599937228646
0.0706380464030455
0.0706918105845412
0.0707436178276308
0.0708155495160346
0.0707837551506568
0.0706669152842621
0.0707353336608279
0.0707155733804147
0.0706666973645312
0.0706096103891898
0.070578555060384
0.0705837423267156
0.0706055949815884
0.0706927349177466
0.0707035918953362
0.0706828397386879
0.0706797958557073
0.0706796748354328
0.0707547110978159
0.07090831814631
0.071123212014655
0.0713301797473037
0.0715807469215329
0.0718338104154558
0.0720644148167597
0.0722197052666206
0.072295448127286
0.0722294276960673
0.072154421584926
0.0720876490811266
0.0719441277671112
0.0717846052962636
0.0716224686732221
0.0714683407725758
0.0712615989938655
0.0710295133227989
0.0708532944816388
0.0706679439214552
0.0704213323140857
0.0701518918472034
0.0699280567603078
0.0698081540345472
0.0696866855891387
0.0696804787190023
0.0697485162631591
0.0698135544548493
0.0699371058135968
0.0701859365581514
0.0703902677075729
0.0706193706967181
0.070853590014823
0.0710765040820856
0.0712279853727403
0.0714681176533393
0.0716342875895389
0.0716774778360584
0.0717948081472757
0.0720434256657595
0.0722581885065882
0.0725284583265421
0.0725306916124335
0.0726293509014678
0.0727543262066212
0.0726015258026638
0.0725697371064789
0.0723819056321896
0.0722054515588349
0.0721452317908112
0.0720558010207066
0.0720187169538644
0.0718839994576805
0.0717917528462447
0.0717872142769805
0.0716951262433573
0.0715731216219199
0.0714596321085901
0.0713771784733993
0.0713171389558656
0.0713208619788381
0.0712761407523063
0.0712574494921672
0.0713206435512321
0.0712998504213317
0.0713192997415607
0.0712777279130574
0.0712991243207272
0.0713600704979681
0.0713468495144262
0.0712322190307755
0.0710997489004801
0.0709629529130951
0.070852308836877
0.0706887795936421
0.0704824646639447
0.0702739025647587
0.0701348764784273
0.0700008394320622
0.0699176418635813
0.0698338685083532
0.0697160073789189
0.0695832640470028
0.0694365470762084
0.069247065539933
0.0691036892125132
0.0689746830474931
0.0689075471947564
0.0689355197214638
0.0689505449752276
0.0690139990302664
0.069103117342503
0.069268988389507
0.0694303593635234
0.0696110448348651
0.0698091378491746
0.0699529498296119
0.0700025746066619
0.0700164057395037
0.0699470716890801
0.0698100008512611
0.0697224645650202
0.069618150682674
0.0695959506149825
0.0695745315128899
0.0696579582975357
0.0697085652055594
0.0698099720812865
0.0698122559730402
0.0697867300302368
0.0697570122568579
0.0697105427638884
0.0696706050464673
0.06969738823264
0.06969595986833
0.0696768794711053
0.0696402668132837
0.0696914615150622
0.0697875596453438
0.0699323635742281
0.0699583384790967
0.0700098289497399
0.0700160685688095
0.070083565829313
0.0700775155891967
0.070178115320706
0.070373656829132
0.0706078799214091
0.0707874020336494
0.0710013651229342
0.0712236801497107
0.07145249904987
0.0719431773884418
0.0722414946121076
0.0725278763275983
0.0726257811438446
0.0727661300704223
0.0729484511797087
0.0730709651930144
0.0732840305974638
0.073401950949558
0.0734468875123443
0.073031239349116
0.0725489259532165
0.0720680319851079
0.0714976634290549
0.0708685593225288
0.0702392364438696
0.0698695329013724
0.0696651740112173
0.0695013484066255
0.069466496001134
0.0694279126528581
0.0693249518563498
0.06930083017463
0.0692475170449384
0.0689665446435859
0.0687705550357312
0.0685908281051037
0.0683194597176169
0.0681608676542206
0.0680981659331064
0.0681019541643499
0.0682323695607097
0.0684201431233161
0.0685331993851947
0.0687132467841569
0.0689490667290179
0.069288426901296
0.069580695763475
0.0699985173860067
0.0703619510002172
0.0706810149020968
0.0711313484033885
0.0715087090466032
0.0716378354663974
0.0717982782086889
0.0717185492275249
0.0714538236546396
0.0713309239832938
0.0713051387830746
0.0712893106338155
0.0713019701664941
0.0713067804603455
0.0712958956230507
0.0713130011640177
0.0712484341404219
0.0712413331382753
0.071220764721465
0.0711641727489306
0.0711047051177951
0.0710345590382305
0.0709406699765095
0.0709176817235437
0.0710164267238458
0.0711416836768497
0.0712669012062939
0.0715137002005794
0.0718338088101655
0.0721288490826992
0.0723508754754403
0.0724259384212683
0.0723157588359776
0.072200680048021
0.0721208080233223
0.0719904224770764
0.0717593643942347
0.0714872426150841
0.0711137233500266
0.0708425179821923
0.0704919618272526
0.070217459303112
0.0700101152564942
0.0697488732825489
0.0696503251671506
0.0696545252132637
0.0697784989286444
0.0698234185022612
0.070004102551526
0.0701854308789989
0.0705931674890163
0.0710438985105544
0.0713366555331238
0.0715911968910004
0.0718680224253122
0.072077761710094
0.0722088974930102
0.0722499815935251
0.0720983733702324
0.0719255112857798
0.0719410008888189
0.0720307696387409
0.0721841673117686
0.0721165062131468
0.0719643331053082
0.0718407482927898
0.0717304713245432
0.0715105981810564
0.0713725250900375
0.0712316252398323
0.0710008249672078
0.0709195108092001
0.0707589527787954
0.0706344151734527
0.070533413874836
0.0705125584662217
0.0704751406457687
0.0704363815853795
0.0703664989762449
0.0702116598399318
0.0701401739624505
0.0700788526245818
0.0701658282440681
0.0702984790565161
0.0704916927186169
0.0706940785428668
0.0709139871286517
0.0709636185989137
0.0710386643144219
0.0711644079268225
0.0712325714579974
0.0711763730231925
0.0710136201115761
0.0710380619522137
0.0709919804382448
0.0708800333169693
0.0706344533035649
0.0706286958522868
0.0704136078755629
0.0703658514167205
0.0702034491486904
0.0701058026126383
0.0701979288234354
0.0702257475950695
0.0701465373965102
0.0700195937514353
0.0698808371502855
0.069784208870568
0.0696408375707812
0.069540525080034
0.0694232140526455
0.0693770440198302
0.0693863212475479
0.0693585840682943
0.0694480456848664
0.0695681292692339
0.0696831452571133
0.0698850695777472
0.0700996070898817
0.0702351189045327
0.0702732150335458
0.0703484012387577
0.070361148109192
0.0703020193068903
0.0702626174438227
0.0702093922676373
0.0701109399641288
0.0701076398837211
0.070171877464043
0.0701750421593739
0.0700727860756907
0.0699816023436185
0.0699141065206851
0.0699032865655556
0.0698243362694701
0.0697409880482669
0.0696957561382016
0.0695724124695232
0.0695048366213821
0.0695470512037019
0.0695136652237283
0.0696646045073755
0.069668660322448
0.0696638439540502
0.0697488492858917
0.0697761509231553
0.0698963812675178
0.0701043269694188
0.0704219823454433
0.0707874238758789
0.0710395740064914
0.0712854377264835
0.0714766722738314
0.0716753808599419
0.0718644097071958
0.0723638756321212
0.0728123882568912
0.073089019231716
0.0733620746215937
0.0735332851782987
0.0738356538593218
0.0738368598044478
0.0735654203666272
0.0730578084821241
0.0724310843810998
0.0718728554024215
0.0713150929430239
0.0707803500523297
0.0701306409056923
0.0693844420052213
0.0685118043516981
0.0683212959008333
0.0683216833394941
0.068332363649807
0.068457098912442
0.0684617829796062
0.0683009636314728
0.0681928019855711
0.0682663308725737
0.0682916195036454
0.0681477208521457
0.0679720141854487
0.0676884825687467
0.0676118688930778
0.067789903239687
0.0679702216561482
0.0682576729413758
0.0686289503446017
0.0689616286324171
0.0693188027869985
0.0695358364255293
0.0696965839184534
0.0697787388084566
0.0699189339137583
0.0699158045323565
0.0700093310950605
0.0702113540630151
0.0703842071286199
0.070356553812847
0.0702854162671844
0.0700829220350955
0.0700077384093086
0.0700392611907376
0.0700696546062165
0.0700752557096351
0.0702801904604342
0.0704684903669734
0.0706391995224794
0.0706965892075704
0.0707370117060945
0.0709005446664273
0.0709794969581777
0.0711098211997905
0.071202842341435
0.0712512394892934
0.0712104546498827
0.0712418326445507
0.0713413968395015
0.0715343809523345
0.0717260391593623
0.0718700078194581
0.0720070296467987
0.0721733482740033
0.0722540471122236
0.0721779661290066
0.0721816519744577
0.0721754075689361
0.0721363207016517
0.0719021324940307
0.0717081844891586
0.0714350302111069
0.0709663902433401
0.0704988238450776
0.0702008091018702
0.0698800168438014
0.0696957732990312
0.0696276579053603
0.0697235726815905
0.0698658345283327
0.0701217797149342
0.0704635609140092
0.070766547977131
0.07109445783676
0.0713788325023148
0.0715057242211485
0.0715632718516992
0.0716113426595249
0.0715255591091082
0.0714438415318984
0.0714031716085835
0.0712480891922944
0.0712354833507975
0.0713481310991091
0.0712440933804769
0.0710926799893173
0.0710217887950074
0.0710516452248456
0.071230637516327
0.0712698113243525
0.0712861418680305
0.0712261662165389
0.0712314011617096
0.0712579877260613
0.0713017029379689
0.0712884423055757
0.0712609303626948
0.0710932291065794
0.0709606877541571
0.070822104780817
0.0707120217848985
0.0706190451074738
0.07053161043158
0.0704123816568103
0.0702236872010109
0.0702580360890517
0.0702409085409851
0.0703826270313976
0.0705092281906495
0.0706228127697716
0.0707563993892116
0.0706055782911987
0.0704806647076472
0.0703996071741424
0.070349546430064
0.0702788810137754
0.0700584285405799
0.0700717155237848
0.07010956016894
0.0699867255733519
0.0700114190223746
0.0701180555354889
0.070191872135607
0.0702667646307189
0.0701813180678343
0.0701368558426677
0.0700919702901213
0.0701062903745306
0.0700755923025101
0.0700395396560059
0.0700294982901985
0.0701058089698369
0.0701139967561755
0.0701570119261916
0.0702121681194563
0.0702246100421081
0.0702733083331302
0.0702499417304638
0.0702055283212172
0.070173398728614
0.0701394812230954
0.0702130951164281
0.0703705076623952
0.0705532876023597
0.0706658741473945
0.0706943961506345
0.0706764244323208
0.070671277750009
0.0706603252372404
0.0706111179548358
0.0704904281228451
0.0703863339309206
0.070350644046766
0.0703174841596448
0.0702414257258061
0.0701720124109692
0.0702827911370391
0.070373257593807
0.0703598052027253
0.0703106629865418
0.0701824996452397
0.0700396261394574
0.0698742058067837
0.0697566913683517
0.0696305607753406
0.0695076094640464
0.0694759163638539
0.0696501982198135
0.0697343429096565
0.0697567411136906
0.0698261993602133
0.0700267975980705
0.0702761820730041
0.0704869498726667
0.0708295227733116
0.0710443614178479
0.0713995265128085
0.0719588057829024
0.0724423992939979
0.072840328786376
0.0733768061720302
0.0737773432299004
0.0739081394794571
0.0737215743187267
0.0731671455119461
0.0725201228991085
0.0719270664519657
0.071163141514505
0.0705192193135506
0.0699222037446781
0.0694090020686435
0.0691606529761994
0.0685613915528936
0.0676561309392357
0.0673362136495326
0.0674255466048602
0.0676056965291225
0.0679310398705255
0.0682438643313495
0.0683359650996616
0.0682312501705084
0.068159110367219
0.0680601025693373
0.0679030637964491
0.0677998209431495
0.0676972179616721
0.0677876903600632
0.0680155793372949
0.0683106268401719
0.0685513834598508
0.0687900118949318
0.0689732566652771
0.0692094583993884
0.069297368993952
0.0694055137029438
0.0693741162306522
0.0692923535923351
0.0691623978525735
0.0690728023778592
0.0690391611870556
0.0691268587165195
0.0691362222590039
0.0691173009320146
0.0691028961632904
0.0690697039960567
0.0690244443084728
0.069063835012208
0.0691753369132175
0.0692991006850294
0.069466591757026
0.069647872709845
0.0698609887272805
0.0700206273994202
0.0700735813877945
0.0702031825652576
0.0703280934620019
0.0704445885006475
0.0705809445113396
0.0706635913260679
0.0707170520679635
0.0707783494559579
0.071093553193226
0.071415953252673
0.0716829760128188
0.0719978377974886
0.0722695112724798
0.0724149062290467
0.0724584750229344
0.0724369397377891
0.0724584943398477
0.0723912981691758
0.0721574680285876
0.071849289603099
0.0715314429891666
0.071184254525458
0.0708538872654138
0.07046946253785
0.0699721800249889
0.069650290039443
0.0695073580556968
0.0694560555459355
0.0695527699664953
0.0697569444430574
0.0700716426642688
0.0704851736002548
0.0707439898426966
0.0710548357207216
0.0710565186942749
0.0711678682736541
0.0711932712740071
0.0712886633091795
0.0713824046388938
0.0712438254473764
0.0710647065033145
0.0709939248727913
0.0709863046630812
0.0709570672895049
0.0710469072543061
0.0711932900526207
0.0712569942248452
0.0712876929512395
0.0713011851260257
0.071147838830601
0.0711978784199127
0.0710941277456566
0.0712519968310696
0.0712214695098612
0.0711154494783021
0.0711682207238228
0.0709585239022514
0.0708254024890218
0.070595103380504
0.0704027814114606
0.0702747042666282
0.070171293662909
0.0699005351861807
0.0696822769934822
0.0696218736641123
0.0696678636478985
0.0699603494918825
0.0700588298438486
0.0701081325882591
0.0701010195575313
0.0700469663138702
0.0701450408558058
0.0701326375892848
0.0699949477188506
0.0699818787952557
0.0698645297080283
0.0698959601480932
0.0698719783486368
0.0696857914371515
0.0697333719035789
0.0696820061082775
0.0698581408801945
0.0699326784632916
0.0698679359433861
0.0698684180276133
0.069971067479113
0.0700304246000045
0.0700432029548599
0.0702014895334645
0.07022097548143
0.0702427821989676
0.070334797983871
0.0704882480865855
0.0705026696217352
0.0705130655837409
0.0704580641603382
0.0704538165937426
0.0705030561405084
0.0704028622685581
0.0702136804776399
0.0700060789148307
0.0698061558724805
0.0698053475367478
0.06994981622338
0.0701202645088434
0.0702614385901257
0.0703689385239788
0.0703470267363006
0.0703026746239521
0.070318193095446
0.0703131906037274
0.0703373628254031
0.0703720729230733
0.070348927088362
0.07036470970818
0.0705517353073231
0.0707300612696815
0.0707912859416883
0.0706753462248243
0.0705134507960343
0.0702934624858943
0.0700497720635044
0.0698263583145412
0.0696814906547385
0.0696426460612898
0.0696796475919608
0.0698012157825206
0.0699768822497878
0.0700674364434865
0.0701379069033557
0.0702090382446932
0.0702385480791945
0.0703975553502527
0.0707868882538805
0.0710405700039678
0.0714391267092029
0.0731318441779969
0.0735650328731227
0.0741699378238785
0.0746670981438218
0.0744412446972633
0.0737000625705505
0.0727803622246505
0.0720495028655737
0.0714431668110344
0.0709415296300345
0.0704732160448487
0.0699210099417252
0.0694582152331815
0.0691205883683266
0.0686402673955684
0.0678357450732105
0.0669607820572374
0.0666920597751044
0.0670862538891136
0.0674359218505041
0.0677198104633693
0.0678810374317681
0.0678492231613564
0.0676059865922763
0.067517448392297
0.0674795755992197
0.0674384994620051
0.0674585394297742
0.0675138507897464
0.0676041738040886
0.0677330600233042
0.0679247031000847
0.0680973866702721
0.0682257206114452
0.068396728389866
0.0684169682737258
0.0684761560993265
0.0683708411882056
0.0683117574955488
0.0682640285024145
0.0681932482686653
0.068153105560748
0.0680716267725673
0.0680029079769786
0.0680714425854906
0.0681487811471441
0.0681690459245523
0.0681973015843093
0.0682008763919783
0.0683431169252828
0.0686160557885727
0.0688107013261466
0.0689944998813392
0.069177783751067
0.0694292173580203
0.0696876223133197
0.0699549257575316
0.0700624624616922
0.0701195366191402
0.0700771603588272
0.070101972084587
0.0701262295068367
0.0701251601104805
0.0701021008974765
0.0703771911024866
0.0707249716556387
0.0710233761991948
0.071394860680362
0.0718382380575675
0.0722141611879527
0.0723656968907393
0.0723903475882059
0.0724966444291537
0.0726085318937884
0.0725483294632358
0.0723932494718784
0.0720908440628171
0.0717329187146398
0.0712699436412724
0.0708500019980152
0.0702495496583968
0.0696036677560746
0.0692716437716036
0.0691193358695825
0.0690965455505056
0.0692300052089255
0.069595834038357
0.0706051804018604
0.0715790205197818
0.0712380730151327
0.0713409406322876
0.0713363700775921
0.0711460026253471
0.0715124694892316
0.0724887914514487
0.0726678143614172
0.0729330943173109
0.0736188224846335
0.0739535611717734
0.0739049065726388
0.0738673909323541
0.0739365894720307
0.0737891006023096
0.0738444162581844
0.0737658386731651
0.0737777741167634
0.073346434169219
0.0738410685932748
0.0720846999910492
0.0723274313897667
0.0717020737426848
0.0715912275031362
0.0712170539436314
0.0706407598229448
0.070053638954234
0.0696775415762633
0.0694237463305366
0.0691478558777346
0.0688065472153234
0.0686638937316503
0.0686333861570945
0.0687465486556006
0.0689223359284173
0.0692244353288226
0.0693643811378337
0.0694905171490282
0.0696384465297186
0.0698186725298483
0.0702550049464434
0.0706909559534996
0.0707769462771521
0.0706265695346992
0.0707397622019144
0.070807430223923
0.0708818750856268
0.0708482133773457
0.0708027930554636
0.0708150653346799
0.0708811552559449
0.070478108635617
0.0699030806621866
0.0695496609432612
0.0696101696389376
0.0698360730888762
0.0699719617116728
0.0700774307086551
0.0701452697777483
0.070276536271365
0.0704911878071706
0.070611969235466
0.0707233377567836
0.0706860510699221
0.0706313600091272
0.0706355095355897
0.0706396043402063
0.0703785195569107
0.0701854005483427
0.0699270181214719
0.0696041808875508
0.0695823275186027
0.069678382450589
0.0698661089067749
0.0699403461039412
0.0699980385292295
0.0702040567411335
0.0709005480667514
0.0714697374505481
0.070989625992326
0.0713005290413423
0.071342618603143
0.0713985780172007
0.0714430222513767
0.0714679427339411
0.0710838940769849
0.0707584777753686
0.0705219802410104
0.0704936977329552
0.0702086114922583
0.0700777932739219
0.0699083595266049
0.070028388990158
0.0700375443987342
0.0701382562279739
0.0704189806411709
0.0705802352957475
0.0706409587010223
0.0708289969254438
0.0709910749942323
0.0716014092567025
0.072175156158217
0.0723608178158285
0.0727492604517428
0.0731310666687772
0.0734761103989525
0.073940730940411
0.0740654249377986
0.0730459461311644
0.0717678884537058
0.0710965652554551
0.0707679859949605
0.0705180174501699
0.0704472588635863
0.070424570696068
0.070007249860828
0.0696091476553994
0.0692416514882338
0.0686961376337392
0.0678332325649632
0.0670994062576384
0.0669190277572411
0.0671552243448473
0.067302645794338
0.0671735169608514
0.0669954730985857
0.066982436551847
0.0668159457906575
0.0669085143664947
0.0669120240876503
0.0670417691272921
0.0671838159784472
0.0672820806123053
0.067342034093652
0.0673641193760486
0.0675748744324875
0.0676925323692618
0.0677673056794606
0.067896948281329
0.0678810459436732
0.0679965801265614
0.0681076652079845
0.0682306828252478
0.068387055909958
0.0684874022614965
0.0685677835371319
0.0685248757803497
0.0684202093621618
0.0683803078553725
0.0684029697053398
0.0684225518265441
0.0684402145207899
0.0683884363134576
0.0683274264197604
0.068283032503546
0.0684241640479436
0.0688296169470204
0.0691114222801257
0.0693055851080564
0.0695444553285379
0.0698574380721429
0.0701011480747167
0.0702322305782861
0.0702594688061592
0.0701958872617196
0.0701748317278969
0.0701661531430051
0.0702083089450276
0.0703629742434271
0.0705568453324081
0.0707784258620201
0.0711956606211175
0.071671458548532
0.0720614006953672
0.0723651151392407
0.0724868202478718
0.0726850880810636
0.0729589416199494
0.0730579498021171
0.0729764333175793
0.0727280058334474
0.0722700318688609
0.0718385142526969
0.0713698016780603
0.070630320226218
0.0699187088833424
0.069417199636854
0.0691712076882244
0.069133330614477
0.0693479968327455
0.0698598213066359
0.0712814073164134
0.071829847564696
0.0719090097507157
0.0721404048241609
0.0724918320285735
0.0729587920571888
0.0730426738662698
0.0729584338253908
0.0728306193941533
0.072541378665814
0.0727023491517794
0.0728762891071607
0.0729190216994257
0.0729620577696928
0.0724876004618423
0.0724725379338754
0.0725589862645596
0.072711712724835
0.0729641080474573
0.073078335239952
0.073114996194115
0.0730466148800814
0.0734093653256554
0.0733762033184815
0.0732540296327496
0.0721928695010307
0.0709793821869212
0.0702522368810625
0.0697214443263931
0.0692348570188698
0.0689010942903409
0.068377736310158
0.0683924181199203
0.068120790338836
0.068029070536724
0.068007777141573
0.0683030208635935
0.068535320981175
0.0685854061445934
0.0687259840379364
0.068957714125165
0.0693011925984752
0.0698767860637364
0.0704523171195474
0.0712890123072811
0.0717696288050725
0.0720684038528316
0.072210610590478
0.0722798138731484
0.0720553364383639
0.0718654962641454
0.0717043311179999
0.0709730974725879
0.0702759291213512
0.0698042503324187
0.0693049049183943
0.0691922492197387
0.0692461942509454
0.0693804100000397
0.0695482664920274
0.0697272801356314
0.0699347095501463
0.070171295191741
0.0700781052515962
0.0700119594401054
0.0700688189441666
0.0700091034287043
0.0698623122650762
0.0697077733188862
0.0695440216120731
0.0695105241580774
0.0694364329597445
0.0692467745499384
0.0694780926372589
0.06969479765644
0.0705293141043398
0.0711784912333342
0.0710460091384837
0.070686324038588
0.0709191703779482
0.0707670941535811
0.0708100723613132
0.0709019345047923
0.0708683445917378
0.0710176177600183
0.0711832854602952
0.0714237832522146
0.0711625018523968
0.0709126000100262
0.0707660826349048
0.0704745996033432
0.0703025570204964
0.0703567881317989
0.0704813477184688
0.0705907288130159
0.0705709935587275
0.0704361747980729
0.0703464711395869
0.070315142084744
0.0704827368772167
0.0708779579789151
0.0713036359961972
0.0716875550830753
0.0718892562719623
0.072554946499999
0.0721455510515407
0.0721509811093311
0.0719550700663528
0.0714099307488377
0.0703561712470905
0.0702493116209184
0.0702940734762645
0.0703826108687021
0.0707631409356607
0.0709977535852162
0.07106511407408
0.0707419708184439
0.0704635556121135
0.0700734311803532
0.069347510904984
0.0686711827735621
0.0678375347619257
0.0672424481307205
0.0670450711435306
0.0669845464914021
0.0669331475294907
0.0669071232495305
0.0669625290492625
0.0669240536294614
0.0665701725856569
0.0664407940836382
0.0665848572634801
0.0667371421167336
0.0666982716642577
0.066871146166903
0.066924519356547
0.0668831117817257
0.066969834452497
0.0669454913062573
0.0669123682450126
0.0669851763654218
0.0671652196967564
0.0674102012178353
0.0675351924648584
0.0676601401864623
0.0678866078960378
0.068243223347091
0.068356511134802
0.0683967409148252
0.0687260391036232
0.069045072984261
0.0693265208897799
0.0696096788463069
0.0698395254741679
0.0699007710088453
0.0696526912487975
0.0694324606544971
0.0693011183389831
0.0693337615966613
0.0693240139098595
0.0694380825109407
0.0696776533731204
0.0699565903586804
0.0700066788371341
0.0700736385964549
0.0700505922308404
0.0700132920449359
0.0699341704900892
0.069902569676903
0.0698889044385807
0.0700146856999997
0.0701305043853994
0.0704011135498385
0.0707289954381001
0.0710581841856524
0.0712482435471112
0.0713464697126271
0.0715450117187146
0.0718223055283848
0.0720846736207601
0.0723228596872271
0.0725963082883326
0.0726851526488217
0.0724967790153924
0.0717881327737531
0.0709404211500162
0.0699801254109365
0.0695008160345309
0.0694152577825371
0.0694397118271237
0.0696716807963895
0.0710180408202699
0.0726923308742294
0.0726923981515098
0.0720883918286949
0.0716888959452855
0.0716032774073384
0.0717042370497233
0.0718600006617029
0.0719120418711259
0.0719602706286346
0.0720901833141702
0.0722549807924844
0.0723019039581682
0.0723084198895632
0.0721295267362222
0.0721778326129116
0.0722129958658429
0.0722513710338251
0.0725274357553308
0.0725005018838587
0.072344300712112
0.0719560532981147
0.0714541925237307
0.0717573578355779
0.072748334973916
0.0732354846079249
0.0734636476479526
0.0730142974399794
0.0721213765600005
0.0717704620972395
0.0714457401697521
0.0709055795445164
0.0702101293618067
0.070007134416039
0.0702842190596374
0.0702558266194564
0.0701345508042632
0.069924912954505
0.0698685501407218
0.0696637989519072
0.0695411281286393
0.0693807453564004
0.069721972165447
0.0699345250455157
0.0702875260294392
0.0708109075788585
0.0711524733404848
0.0725603128240642
0.0733230972467323
0.0728576961877753
0.0731401839575437
0.0729823798286011
0.0725602273469543
0.0719971004743783
0.0712534321646238
0.0704744673916875
0.0700477827201984
0.0699074226452794
0.0698187708547905
0.0698494506864036
0.0700139048658687
0.0698979415544851
0.0698184725565705
0.069689635863471
0.0692845821999195
0.0690834657414714
0.0688693280474146
0.0686820501772376
0.0684678080908417
0.0685667149551997
0.0688362712929139
0.0691192641944539
0.0693616524755299
0.0698252210826966
0.0710018282959042
0.0711919598766886
0.0712767572872067
0.0706315202927685
0.0706627637600176
0.0706064400860821
0.070719445199463
0.0708541173359652
0.0712071262563604
0.0714198247783144
0.0714884610755938
0.0715002597336285
0.0714288467877025
0.0714676981698436
0.0717653967397019
0.0720059124959567
0.0721299886621318
0.071874391236482
0.0708304742069182
0.0700610901464885
0.0699040520090555
0.0697586957410982
0.0696920539326577
0.0695636795703016
0.0696130402901164
0.0697751518995189
0.0700227446355632
0.0703320716793708
0.0708053798165559
0.0712369515611591
0.0718091847294225
0.0722397263192984
0.0712324703322952
0.0708736333064608
0.0700703235616205
0.0696109654400443
0.0691832001340804
0.0691685434811071
0.0693793528565155
0.0696935396148868
0.070054761107059
0.0701953589153998
0.0702349406339517
0.0701793313319941
0.0697059339662884
0.0693962067437968
0.0687646055977574
0.0682576045213812
0.0677634145000682
0.0675791501482011
0.067461102038084
0.0672846113686818
0.0670929447543047
0.0669252022178403
0.0668026768570805
0.0665448742453135
0.0663499323355641
0.0663883485027607
0.0666162207728633
0.0669637442808451
0.0670203918345896
0.0668443678451003
0.0667096637470306
0.0666687244304084
0.0666529509817687
0.0665918478497203
0.0664203833651117
0.066139343148306
0.0661276971691343
0.0663126614749266
0.0664504215818794
0.0666340806968007
0.0668463398226423
0.0670113384193224
0.0673876514501993
0.0675162192146875
0.0678118094073309
0.0681982781622036
0.0685939458381191
0.0690749380567311
0.0693651807499844
0.0696420754764611
0.0696862514438758
0.0700020972629783
0.0700639794486903
0.0698884447401894
0.0692683047767026
0.0688081710509499
0.0687139238562501
0.0688242300310442
0.0688812496443291
0.068986394442468
0.0691436504474726
0.0693395366513956
0.0693927407749376
0.0694722511198019
0.0695937517362754
0.0697329318288624
0.0699501758574875
0.0702208827600239
0.0704438303486046
0.0705958244380542
0.0704629772440401
0.0703105143833202
0.0701644444921318
0.0701899011458617
0.0703540627622665
0.0706530201620661
0.0710383782989613
0.0712698777897624
0.0714682039629011
0.0713961897520749
0.0709626464167036
0.0704077952351962
0.0699348752731343
0.0697047744300939
0.0694848841967213
0.069452343110254
0.0695324276415295
0.0703460277083155
0.0713018819310268
0.0718266062387213
0.0722694102462233
0.0719171421165425
0.0717218599424875
0.0715776327825034
0.0717109220522029
0.0718894162671085
0.0722591839678458
0.0727943150016021
0.072720453064879
0.072759979995946
0.0727623260299577
0.0727115001539764
0.0728544290421255
0.0728211853978499
0.0724396144530517
0.0722908774223313
0.0721360703520998
0.0716493922906996
0.0711188069227743
0.0714260954621384
0.0717945369645981
0.0724014709889075
0.0727138579890721
0.0726797803069475
0.072489948937473
0.0730912626116442
0.0730812152705
0.0726988784246304
0.072366563057047
0.0713976294262346
0.072204545957464
0.0725523048447789
0.072446110804543
0.0724328402878505
0.0719273218488758
0.0717582275471597
0.0717549507890877
0.0715509709209275
0.0719629306453895
0.0724905644000213
0.0723710820038783
0.072502271545321
0.0726225202824539
0.0731135023978741
0.0748964948026416
0.0730058401792262
0.072839287267155
0.0730067499273247
0.0723941823175868
0.072625639649695
0.072419067919981
0.0720498178638159
0.0719768021650222
0.0717148062108146
0.0713826933592239
0.0711504562509095
0.0710717351785984
0.0710260416349165
0.0714296645730084
0.0713540541456823
0.0709480424850339
0.0699955936878218
0.0692599273735037
0.068545691985591
0.0678839673006298
0.0677474839343265
0.0677584962961286
0.068104491221613
0.0685578825533302
0.0706872738549273
0.0707259724953803
0.0700843240875242
0.0700647207199511
0.0698503703635067
0.0700040914010851
0.0701860084056148
0.0705314190402679
0.0707310870042721
0.0710045774427381
0.0712004548333535
0.0713666137227483
0.0715216797905628
0.071572656803554
0.0713621011126895
0.0712181446764256
0.0710863942415766
0.0709011614566194
0.0709097213340843
0.0707295610140429
0.0703799168312265
0.0699392677766843
0.0696483416313012
0.0696439400065377
0.0697694677950777
0.0697442876709005
0.0698145749695178
0.0698505205423014
0.069827848328583
0.0698894877165433
0.0705185947174181
0.0712882792964539
0.0716994131448538
0.0688210200908778
0.0682635652965244
0.0678591020359949
0.0676304746077283
0.0669823347819904
0.0667489059372755
0.0666926716254811
0.0664963284324185
0.0664409162503443
0.0663565694066051
0.0664503001620721
0.066707732632354
0.0669081248539206
0.0669744603719342
0.0672389863057808
0.0673242151729226
0.067517403325351
0.0678321223456743
0.0680419940015853
0.0680137992455774
0.0677232526846048
0.0672892621324496
0.0670291470295161
0.0667250084513631
0.0662967318182881
0.0661351164427232
0.0663292908513631
0.066688931316328
0.066955360312799
0.0672219816012846
0.0671842777165645
0.0672115950452295
0.0670898411621113
0.0670141480272465
0.0667022156906906
0.0663630164866921
0.0658742983838131
0.0653355186905832
0.0656025526223196
0.0658280826007146
0.0659618926070296
0.0663835100152864
0.0672908069416493
0.0676041076754279
0.0673567769203613
0.0672883547872864
0.0676352240334822
0.068014716224205
0.0684289899650283
0.0687561154306988
0.0691507719619415
0.0694082643723234
0.0696137815567364
0.0696396122287997
0.0693227512571587
0.0691237749617629
0.0691335134738209
0.0691460896401596
0.0691383374152648
0.069418497287984
0.0696439612119011
0.0697060435297214
0.069667724386282
0.0695522583074381
0.0694115925583829
0.0692980735985562
0.0693720719551088
0.0694902609144255
0.0697000080146695
0.0698098374089469
0.0698067868587652
0.0697010687214356
0.0696080750924262
0.0696044724867576
0.0696087230303305
0.069739930019656
0.0698477270513688
0.0699543456983746
0.069903485907341
0.0698491672686054
0.0699013315853231
0.069803582568872
0.0696496698480465
0.069255009165937
0.0690030533798735
0.0689802058356134
0.068953318079415
0.0690363692917681
0.0693381321312212
0.069988635712025
0.071329649609637
0.0720241304240151
0.0717739694209764
0.071736540072379
0.0719945234515774
0.0717226675012289
0.071917204274255
0.0720727021905256
0.0724219811580018
0.0726259718420555
0.0725153436284528
0.072407596750502
0.0724426155015609
0.0720216416094688
0.0717377848749273
0.0718789075276781
0.0717377375373978
0.0714659483532994
0.0712556844276511
0.0717319029787679
0.0719167857441779
0.0720528812418515
0.0722562646657446
0.0723635999273465
0.0722193123409668
0.072728817890794
0.0729505871966135
0.0727441909106012
0.0727908313734593
0.0719571271973774
0.0719970938380797
0.0717571328799723
0.0721018454145165
0.0735600910870043
0.0736623906565425
0.0732118363338664
0.0735299114430878
0.0737009305860308
0.0737402217898332
0.0736468499290147
0.0734387751118226
0.0729078207328599
0.0733719219336506
0.0735687393813698
0.0736541074850803
0.072753491004152
0.0731509704652858
0.0722998213360935
0.072528260866538
0.0730039577363718
0.0730852486897101
0.0730365680347633
0.0728548002006722
0.0728711535302804
0.0734228470603901
0.0738147136825991
0.0735723154081347
0.0730630115680094
0.0732392975924262
0.0732399942876077
0.0730910234837812
0.0735910460878133
0.073326333247335
0.071756720593447
0.0697739048567075
0.068289211743559
0.0664675823732473
0.0662902677650195
0.0671842143915666
0.0686422374776438
0.0701598551170549
0.0696012839624741
0.069443598293481
0.0692836985948154
0.0693933328839754
0.0698077207866097
0.0700296858292545
0.0702667723649194
0.0704614037940527
0.0706254558543283
0.0708427363138313
0.0711561024012662
0.0713656975543293
0.0713685504007634
0.0711544211372703
0.0706055293316923
0.0701028342432335
0.0699544165325779
0.0698921478290277
0.0699037739363214
0.0704378772226881
0.0707724711056642
0.0708301705909894
0.0711171767311214
0.0710290683861877
0.0707860748446584
0.0700502810780508
0.0697440453374139
0.0691693009547324
0.0687332505170206
0.0690478677988066
0.0690179631799909
0.0676872839635468
0.0668823209109477
0.0662252144369681
0.0653922444448521
0.0646885084040649
0.0644949379286321
0.0643381756730995
0.0643409522386521
0.0645278374060755
0.0648745208576433
0.0652823872989337
0.0656964306149558
0.0659916398737175
0.0661482063121598
0.0664597439839936
0.0667820578607537
0.0666788092178415
0.0667052291107651
0.0669736786127132
0.0670056354395793
0.0668986331307527
0.0669578287072397
0.0669448484985688
0.0668401072978432
0.066693233991737
0.066390119196152
0.0660500247345914
0.0658398300193458
0.0658283831326441
0.0661632879472493
0.066631271141071
0.0668318657019393
0.0670054577310077
0.0670679040343251
0.0668181607038584
0.0666243800676915
0.0665236533565788
0.0660839977743088
0.0656766744682077
0.0659901553786917
0.0658537354833789
0.066185676437326
0.0676178111649709
0.0683031159452163
0.0681103575809163
0.067736317860973
0.0676190445692158
0.0677335920626193
0.0680512166772184
0.0685101256054126
0.0687864632330254
0.0690971417828117
0.0693127325182275
0.0695585328162762
0.069939739368527
0.0702456838933783
0.0703337622591971
0.0699170304047617
0.0696314511238204
0.069579561631258
0.06934093244756
0.0689484583179871
0.0686021226731003
0.0684785129727264
0.0685214790863982
0.0685670378780872
0.0686777185211876
0.0689499614927943
0.0691986328068752
0.0692092724558196
0.0692755491322105
0.0694265982785473
0.0695774446367125
0.0697099599064791
0.0697197828889698
0.0696667067649429
0.0696065183378127
0.0694468000926742
0.0692577422240303
0.0691433404616612
0.0691247281078271
0.0692936565844623
0.0692977568076523
0.0691612189652836
0.0689804163475153
0.0689322716314518
0.0689701608443356
0.0687264180179402
0.0687715407115066
0.0691159445100078
0.06992247186698
0.0707239238092748
0.0712489770069083
0.0711053532955312
0.0714030218745473
0.0718209848741691
0.0722886265574989
0.0727530564083741
0.0731127823622027
0.072692079653103
0.0724704731272206
0.0720923866007582
0.0718450715859622
0.0711360862048866
0.0708340138602105
0.0708461070188313
0.0707843748287657
0.0708437020735049
0.0711455880779388
0.0714756378667732
0.0717450731712473
0.0720202474115533
0.0720223474830826
0.0722443322494655
0.0721339530569546
0.0719479648111377
0.0717123719284582
0.0712927897074712
0.0710322050930352
0.0712835782227542
0.0712367436038561
0.070890216947987
0.0717647437248219
0.0730548134078254
0.0733875640204815
0.0726427618968102
0.07256827541348
0.0727118841511511
0.0732757304794601
0.0737896188942473
0.0737609156994768
0.0738553049939803
0.073989641307894
0.0744508347820184
0.0742634364231642
0.0738041054429776
0.0736928502306076
0.0734951892303488
0.0736749619022988
0.0738971494886337
0.0743077944896428
0.0744760620996676
0.074071248661643
0.0736602522712558
0.0740088911180147
0.0739457279738055
0.0741471428493506
0.0744519833419658
0.0748781647624226
0.0751680200500136
0.0751297062756712
0.0751004229157658
0.0743637476207831
0.0725765672689773
0.0709285018341001
0.0683869984230415
0.0665869716738852
0.0661822092802953
0.0664804592310599
0.0673429303408691
0.0691983286864195
0.0686678840611611
0.0681989292375883
0.0680395344229655
0.0686324499683963
0.0691352202891567
0.0695973178652059
0.0696944506597305
0.0700658107193265
0.0704629162273123
0.0704462128816118
0.0703502426359897
0.0702447363454261
0.0702989361588962
0.0704990307605948
0.0705328523165146
0.0703058691517413
0.0706793588709563
0.0707019546853644
0.0707982889220056
0.070880548768328
0.0711012207319307
0.0711559600375788
0.0718145716990348
0.0725911277328623
0.0752267242263351
0.0729474935031776
0.0711531106241517
0.0697212402956925
0.0689030752654902
0.0684945914996595
0.068095188750889
0.0677214034579228
0.0670808650601985
0.0664394092795248
0.0656144116220182
0.065164509719305
0.0651671345241399
0.0646736295825748
0.0650760942939377
0.0654687541718007
0.0659407603458
0.0663726648516626
0.0665273609897294
0.0668531019694852
0.0674143537304687
0.0676430681400355
0.0672428235188361
0.0667952362676223
0.0666874709244931
0.066780062743774
0.0668428444713875
0.0670278017033459
0.0667438512253832
0.0664034624812946
0.0663971658713224
0.0663738765527445
0.0662960260627668
0.0659971994143546
0.0657237438271718
0.0655696226140518
0.0654808703835562
0.0656449469792832
0.0660244177204282
0.0663749083506419
0.0665261178082448
0.0667626629292968
0.0671159854544089
0.0671651826210521
0.0669424059276707
0.0659678485524358
0.0659616902935014
0.0662884822866827
0.0658300809800054
0.0660863026188221
0.0667476907739155
0.0671578403526105
0.0669841679481541
0.0669933237492073
0.0671125589807643
0.0672566081339621
0.0677436038724158
0.0681644046468973
0.0685293271184462
0.0689546357007701
0.0694548942192458
0.0696934779819617
0.0700697237759017
0.0701218131690892
0.0692271343141901
0.0684182837010012
0.0681328624248107
0.0679479476975125
0.0679685613048851
0.0681601872843621
0.0681682634318217
0.0680082121520647
0.0683232209063252
0.0687612184950247
0.0694788544699837
0.0704877352335091
0.0710415576289164
0.0711227640867872
0.07078508688495
0.070570681418856
0.07018274066807
0.0698505557993325
0.0694202621415859
0.0688407077644785
0.0687727764101066
0.0687708719695615
0.0685811875511118
0.068294504123996
0.0681407777792403
0.0680093476747337
0.0680998377330698
0.0681999794587496
0.0686431987917359
0.0691801129711393
0.0694908177983983
0.0696655866715795
0.0698914963774989
0.0701763063380869
0.0702618273088622
0.0706379231904582
0.0706319555993674
0.0706996721623945
0.0711400085966038
0.0714372536734016
0.0716684487341781
0.0719596118480907
0.0718310166544695
0.0717593438633492
0.0716853364399992
0.0707430426184845
0.070337266239048
0.0701520074330685
0.0700794695586537
0.0704406906536056
0.0708245514903967
0.0709912512818157
0.0711755762446095
0.0713548881311353
0.0715139810866361
0.0717924443975146
0.0719500110137445
0.0717277406833779
0.0717588315356543
0.0718640111369837
0.0717008674234892
0.0714005448448758
0.0708399237685845
0.0700209555922291
0.0702139573731216
0.0711635974942117
0.0716291853223761
0.072577476109022
0.0724955104378333
0.0725232654915723
0.0727833646054441
0.0730490294244032
0.0730463922941482
0.0727346789708507
0.0723970482675948
0.0718595152120374
0.0724811613953472
0.0730848180718847
0.0732314729423173
0.0728897215736866
0.0737968817318555
0.0739995253494833
0.0745185627024679
0.0743387361973157
0.0738803298591643
0.0732081146370832
0.0730636723066494
0.0730528673618933
0.0731466867858271
0.0737080401397687
0.0743890034663173
0.0763285735431616
0.0757995074652371
0.0757417055801425
0.0764747653264726
0.0738337500652113
0.0728554911585721
0.0712963981279627
0.0691849873536884
0.0673363920700869
0.066491825151582
0.0671622322018457
0.0676026790531231
0.068719153782904
0.0689847322782861
0.0674649051271429
0.0669285541111431
0.0670972063362762
0.0677518409893185
0.0679916344793183
0.067983619589797
0.0680635008732042
0.0681254870424933
0.0683802564014031
0.06890867308227
0.0695252529829995
0.0702775049730124
0.0709374657294045
0.0712383104949328
0.0715487588044334
0.0717685834289504
0.0717772679436449
0.0717793468653234
0.0713870276433038
0.071495882610814
0.0718046492253024
0.072419181447278
0.0731360989189094
0.0751253062752046
0.075742690327405
0.0762167160387942
0.0744386757013462
0.0726584198258883
0.0719585640794245
0.0689341430652517
0.0707647768386335
0.070256684491495
0.070053356437118
0.0692595777213354
0.0678871624390707
0.0666855813631684
0.0657404173093176
0.0660718481270179
0.0658824756846026
0.0663593599428612
0.0668536389968003
0.0666952205132752
0.068442253955295
0.0692866424261076
0.0696008339699567
0.0688316455702741
0.0682572621523803
0.0677825129661869
0.067712405984993
0.0673535413181277
0.0676644304297954
0.0673865802165567
0.0676455527264944
0.0676344706565128
0.0679970652563977
0.0682069402285304
0.0676193746359429
0.06673142333752
0.0662659414060777
0.065835654016976
0.0657824071749525
0.0660516287010895
0.0665291252418618
0.0668174436320879
0.0672308539593977
0.0679761434592325
0.068213959825231
0.0680868229800255
0.0671252998808641
0.0664369559116937
0.0671062573835031
0.0676472609347585
0.0669301244496849
0.067323222266324
0.0665824856830158
0.0663613731849924
0.0662423623714258
0.0662434892963754
0.0662768845633713
0.0665324304068853
0.0668142453341608
0.0671928711178478
0.0677570365502455
0.0680161156375359
0.0683504427631738
0.0683357269740173
0.068273974230268
0.067671990608573
0.0674273823301236
0.0675678850204475
0.0682817709888736
0.0692757583829333
0.0696816992699573
0.0697819081259421
0.0705135992859815
0.0716238909564373
0.0720898293199159
0.0727342574385574
0.0731167837193182
0.0727048546521953
0.0719276499358905
0.0705928507833427
0.0693637535442531
0.0686031708463353
0.0682982204922675
0.0681142965260708
0.0679725178982831
0.0679290751933126
0.0678979270439601
0.0678752087969458
0.0681785586309369
0.0680914923729043
0.0682641018842908
0.068679531247214
0.0687339155785646
0.0697296148759839
0.0701203762441794
0.0704533977528805
0.0702970792840215
0.0702558738082002
0.0703736120082491
0.0703401798261716
0.0704238985552444
0.0703332154388908
0.070476104714306
0.0711010489748298
0.0715260279145127
0.0722171742242288
0.0718737260170156
0.0715552740561912
0.0710030281455957
0.0705071452285207
0.0700227279007673
0.0700253876767151
0.0697608578355765
0.0698774911965566
0.0700308295415447
0.0704520432711208
0.0707492299680811
0.0711504729863474
0.071431013916008
0.0717327310216044
0.0721677603798725
0.0718664714125914
0.0717162830062573
0.0714994503889147
0.071587549064104
0.0711511999696851
0.0703229721128706
0.0701223855794979
0.0699073442424734
0.0707227819542918
0.0709781653896838
0.071799776364072
0.0723169261654142
0.0724505280230483
0.0723265575891753
0.0725064700657424
0.0723298299241796
0.0724607628628138
0.0731534106149195
0.0718002207761192
0.0717327145739203
0.0719026024828494
0.0723020138044136
0.0719044708715758
0.0717976729038583
0.0712291437143449
0.0715612684241401
0.0728256141732728
0.0731700808336266
0.0724998197979426
0.0731941273705555
0.0721225897282208
0.072337532870559
0.0718148873171201
0.0720846234638832
0.0737976573092412
0.0749377562570557
0.07490584436231
0.0750933026581398
0.0750513895803909
0.0731789596728765
0.0730147930042112
0.0724120514371934
0.0711486632508209
0.0686335736687131
0.0671387181993971
0.0675023877110751
0.0684823178353389
0.0677604652855016
0.0677970778424159
0.0672656221383907
0.0673259754529118
0.0669842164189903
0.0672959368253919
0.0679001079597863
0.0681699065106177
0.0681721565637195
0.0684293322273057
0.0690776753327138
0.0700486365736527
0.0700750987708354
0.0702637968126027
0.0705787122375015
0.0707305732995091
0.0710616461951955
0.0711251173312541
0.0713373055113565
0.071420807706113
0.0714316680649222
0.0717034553034747
0.0719001311069969
0.0724737682285605
0.072761657340893
0.0735244065994584
0.0749273507504287
0.0756830551949661
0.0751298730954599
0.0733988119502546
0.0731710898063781
0.0716601823458609
0.0710867673403916
0.0702522928483349
0.0700755993855955
0.0694762928385528
0.0687940676856989
0.0679798658511907
0.067241921846047
0.0670982613953887
0.0669096089533919
0.0667166495967599
0.0671170660015956
0.0676192998432593
0.068468613626856
0.0693408681374804
0.0698236095439072
0.0695854083762231
0.0693448815047638
0.0690647192004497
0.0684806195946232
0.0682568311233153
0.0670045681063044
0.0680060823105343
0.0694992105214956
0.0688147079391714
0.0697052089604222
0.0702910742588461
0.0690986893794889
0.0684355864101493
0.068160252269033
0.0686403906747326
0.0691822818089302
0.0693928884479689
0.0695422078466476
0.0693557790589603
0.0692360622653383
0.0694151525299265
0.0706959009766587
0.0720431753115875
0.0703668660175032
0.068979775731701
0.0676476689634271
0.0691204523251367
0.0683506978698532
0.0688687411551626
0.0693721065940983
0.0692644207470803
0.0681225459299517
0.066759956242241
0.0661676487779425
0.0658890899889824
0.0656781785176636
0.0657614406587873
0.0660525713677388
0.0660835645782348
0.0661004759475968
0.0663100871065132
0.0664131931301776
0.0666530952802456
0.0671961259833429
0.0679535109712815
0.069114864053246
0.0703227423687929
0.0709843058523895
0.0715580866241832
0.0716198214100758
0.0720310888783566
0.0728580337788757
0.0737831143675693
0.0751808496071989
0.0741509418480522
0.0727953647810625
0.0709971345370971
0.0695540877643006
0.0686959638039517
0.0684731471293237
0.0683166258921661
0.0681720503620011
0.0680656151018244
0.0692851596710871
0.0693090654992777
0.0692380009758046
0.069376092138599
0.0695308962255186
0.0701484681000219
0.070169651672939
0.0706494969717283
0.0711878746084197
0.071507085680418
0.0714117620504979
0.0714779526946014
0.0716107521169995
0.0713605096182455
0.0708784770786927
0.0706093910163336
0.0707835031765267
0.0705499117746587
0.0704928105081049
0.069955794816524
0.0694445924637492
0.0691651477225898
0.0685442947765572
0.0679262952695007
0.0677947085311675
0.068148634205493
0.0681884329932375
0.0685417225342429
0.0689716789768167
0.0692901124899177
0.0697680112283348
0.070157417850974
0.0705291492899814
0.0707383809461066
0.0706823798591946
0.0708773437915735
0.0709424294310566
0.0712925813523416
0.0713209829179939
0.0712704062777223
0.0706885661776699
0.0708546460509871
0.0708338364582342
0.0708462953574299
0.0706278089018549
0.0710864306332676
0.0717456749336978
0.0714734097429393
0.0711399766726737
0.0712561979625501
0.0711962810071877
0.0716951889082286
0.072213744264922
0.0709513522183741
0.0709487816075855
0.0709418581687428
0.0710389629762057
0.0714384688813424
0.0705154904966074
0.0702649282349002
0.0711897007070473
0.0713327946679626
0.0717256289375204
0.0712882424531847
0.0714937072444667
0.0705495728559613
0.0711232586272957
0.0714750991224127
0.0719656097838237
0.072758421778506
0.0743488159066941
0.0746346441441013
0.0750214492767536
0.0752279699301623
0.0751821256427285
0.0745680627934553
0.0733080107277088
0.0717466635360775
0.0699508156271974
0.0677151258052195
0.0677844495629515
0.0686036471087073
0.0673292489257932
0.0671998424238348
0.0672602072246317
0.0672219213574653
0.0673375650756867
0.0673814260513043
0.067556088488591
0.0678798999840241
0.0687798973262048
0.0695548221979477
0.0697286399282879
0.0693643837591143
0.0692539684430658
0.0693884636908047
0.0699452253741594
0.0701477875306457
0.0704275730459599
0.0704865520918725
0.0708061741707198
0.0710435673071643
0.0713290914434975
0.0717311972071846
0.0720696711343012
0.0723332771420776
0.072855065593955
0.0733904717887273
0.0747421458844393
0.0754567219891839
0.0751807998021131
0.0745485773858436
0.0729781357823204
0.0717264489891558
0.071355107751809
0.0708772048410892
0.0700460993460053
0.0694271146507185
0.0687423541925363
0.068648122231741
0.0683218356610467
0.0679724382105789
0.0677771277442714
0.0680938579226834
0.067801049525588
0.0681391253523242
0.069024658321448
0.0699778830942885
0.0705699848463337
0.070873186241247
0.0705708076706064
0.0697996684190195
0.0693273687379299
0.0688853076697974
0.0683197562792868
0.0686265605473074
0.0697829927412299
0.0690029583042858
0.0694586725510015
0.0701080403212106
0.0701982474971572
0.0703707262638554
0.0703306351522644
0.0714008822464151
0.0728864688858269
0.0733985330634501
0.0720907540091597
0.0707156166017223
0.0709753698078103
0.0710510304164996
0.0719579160764733
0.072021518874317
0.0703146805666363
0.0693682715073466
0.0692098046053034
0.0697151904789499
0.0697218846466608
0.0710501789875052
0.0716581316561213
0.0723952847668922
0.0709093372239457
0.0697522861085169
0.0687756068856071
0.0691107892229237
0.0684297743473668
0.0663233278901617
0.0661434280998013
0.0660401492318189
0.0659452046396636
0.0664153355736669
0.066853726539945
0.06779352854393
0.0685096657214245
0.0690595651890322
0.0701650350793741
0.0717114702220107
0.0726754390391132
0.0733723493545628
0.0733504017603275
0.0741805049558975
0.0747946611704442
0.0761289668871903
0.0772875266985941
0.0760790901696845
0.0747781459509442
0.0736393067135127
0.072441505695742
0.0718390048429883
0.0710965071272023
0.0698569142378347
0.0681317312918953
0.0678604898417146
0.0687103544182612
0.068822795886762
0.0686249094583186
0.0691513357559745
0.0696359410036746
0.0701165812375678
0.0706889644988772
0.0716780894780134
0.0722208296657846
0.0720465389265807
0.0715257575081232
0.0707999135122057
0.0694712469992252
0.0689476855364737
0.0683899555912945
0.068266262830053
0.0681136952144936
0.068245689379839
0.0683741862739236
0.0682741111238968
0.067591255812203
0.0670815016679733
0.0659841762466326
0.0659486913776216
0.0663594263226567
0.067041614519404
0.0675458799792063
0.0675839114276909
0.0679677621767901
0.0683656573206679
0.0686836050738809
0.069427271594921
0.0698505343387572
0.0699649783533409
0.0699949789530531
0.0699777427444174
0.0700808182501453
0.0703710981095189
0.0707347075277758
0.07063072351751
0.0707665901149017
0.0711751182396007
0.0717726786547269
0.0720796966296595
0.0711239374013869
0.0709852947284726
0.0718468245350408
0.071216685619932
0.0712283921965452
0.0717040194899962
0.0720635691304569
0.073132753132034
0.0720754521165361
0.0718765157893863
0.0720874460110003
0.071130313124662
0.0712874508816258
0.0706449003577093
0.0708297650710854
0.0703443013414478
0.0713786244581611
0.0721058676132738
0.072454598341706
0.0721136953291924
0.0720267162540926
0.0712390762285367
0.0721481125856496
0.0727033032618899
0.0730856900566618
0.0733895567818403
0.0740341496627131
0.0754514260464932
0.076001633134461
0.0754436013819226
0.0743088836785361
0.0739818333383928
0.0717499200885193
0.071078320870342
0.0709981128009275
0.0681160543567317
0.0660165721605394
0.0673001656050635
0.0678531912244327
0.0673217467436907
0.0674962213600382
0.0673537872140223
0.0671784818864277
0.0683009480554559
0.068879743393862
0.0695571243197495
0.0695973198456773
0.0693276893981286
0.0693238694285819
0.0690868745136622
0.0687528181663648
0.0687336889780084
0.0690570139300508
0.0692270541036164
0.0694856447586645
0.0694391348716494
0.0699598474806289
0.0706126314316819
0.0710276733727739
0.0713319457206029
0.0718628186341998
0.0722985762389201
0.0729080903873079
0.0736597976590312
0.0742344459734435
0.0744717051764239
0.0741530822712163
0.0738944926500064
0.0728947150847016
0.0720620153624682
0.0717748723481549
0.0710979521191406
0.0703343184766974
0.0692841426501087
0.0687986560070582
0.0686816891699625
0.0689187638436492
0.0693717286098224
0.0697025832105079
0.069008368046973
0.0688156909239813
0.0685304669661732
0.0690548862081521
0.0695391426627832
0.069697704342152
0.0700780713548778
0.0698681478084594
0.069779844920476
0.0687594415678149
0.0684302926118123
0.0684660924722737
0.0689909987277297
0.0716040133366419
0.0695218371157242
0.0680524509269698
0.0681978973975495
0.068739922968696
0.0700261665064705
0.0706864164395798
0.0721889461095233
0.0724806884958395
0.0722137979824283
0.0726193638920138
0.0733561649957309
0.074372360658639
0.0752339700898223
0.0750872716531593
0.0729829419489953
0.0705063484701489
0.0695546858204127
0.069453561516923
0.0704747024247608
0.0719732268795546
0.0720925446206439
0.0717948221232528
0.0711280569306304
0.070034228995769
0.0699793587331023
0.0696591384992854
0.0695808838615772
0.0701645106440662
0.0691351682788535
0.0687917634528602
0.0677941873318487
0.0678609039116093
0.0675971458541349
0.0675463180953036
0.0680568756814399
0.0684789932907381
0.0698854599744973
0.0714730792531357
0.0729123699768083
0.0744166188439504
0.0752100533807643
0.0758296656595613
0.0761195178610015
0.0767036493500023
0.076260533226623
0.0765835087516001
0.0755195052363985
0.0742345437435998
0.0740361871487223
0.0727825018795992
0.0723120364656198
0.0720665793009932
0.0703963882368863
0.0694045505720492
0.0693870442264314
0.0691703569250038
0.0681905761598817
0.068055445319317
0.0686747624470823
0.0698850612612103
0.0705383002909037
0.0703131573515682
0.0694155174589915
0.068802908808958
0.0681113216369122
0.0671466423424829
0.0665219306146229
0.0662342632822527
0.0666989699665665
0.0666654069465156
0.0663974795195211
0.0668933819824903
0.0669647595751209
0.0673727215053807
0.0672098373760927
0.066911578841138
0.0660935850552538
0.0652555992040809
0.0652660446484476
0.0661255802447379
0.0669262349419327
0.0667662442543489
0.0664534145491239
0.066731551589804
0.067568769860058
0.0680410190788735
0.0681817094375099
0.0679470540203485
0.0681368263427529
0.0683341757698615
0.0687405173433226
0.0692489136006923
0.0697613926081533
0.0699576567886446
0.0700737359953731
0.0701778586083317
0.0704734526996433
0.0713308957641827
0.0714022060979874
0.0714513211894899
0.0707614428475799
0.071431653120558
0.0714852477605859
0.0714497649477159
0.0708080067277463
0.0702340702764348
0.0708657710130385
0.0701683801861548
0.0690478999114858
0.0699004890663361
0.0697210613774483
0.0699251958800224
0.0696330524732559
0.0701915276807366
0.0709203941224674
0.071343817303233
0.0711149224369595
0.0714856804067391
0.0710439545597473
0.0712838125486722
0.0698456385132652
0.0708768418113566
0.0713991696135511
0.0712949587329657
0.0718608301212663
0.0723316285819881
0.0737115632757479
0.0729612792136677
0.0720650294040962
0.0714348528463644
0.0723784481822312
0.0716739222369571
0.0710164810202177
0.0711904363462049
0.0698397839870943
0.0674645228508999
0.0662093158477392
0.0665712213327416
0.0665306141951624
0.0667777720959175
0.0672319581341859
0.0681705313077343
0.069031014549129
0.0691318409921562
0.069288084072289
0.0687395831470172
0.0688835562544731
0.0687003761002574
0.0687525190210701
0.0689027950291161
0.0690292568760458
0.0693808137002987
0.0698490270767733
0.0702554008480267
0.0703932604694011
0.0704059675650732
0.0704761206548217
0.0710098423476978
0.0715541787043246
0.0720860529497103
0.072987152597042
0.0732470817927121
0.0737921727489003
0.0737766983151073
0.0732778227545444
0.072487621603771
0.0721126877076575
0.0716951134579322
0.0717244114483119
0.0709090053461103
0.0702408292882615
0.0696401124811987
0.0693831337842733
0.0694853267277008
0.070494276372387
0.0709984716138132
0.0705159523442533
0.070198991448156
0.0703199908517096
0.0695936486344803
0.0692075695882232
0.0688944596508139
0.0685769934841821
0.0682529500679235
0.0682361430900708
0.0686583355829922
0.0693630838513388
0.0693700131322729
0.0685515051859066
0.068274703974274
0.0682333882346026
0.0684223263251751
0.0688703335243672
0.0687160186081339
0.0690003206133238
0.0700562353387384
0.0710369633850735
0.0725462443731189
0.0728996509522416
0.0731835335735623
0.0742284638564113
0.0757495173293253
0.0762301193527648
0.0764697135490552
0.0760682702472917
0.075184815635414
0.0739956599976763
0.0719731515143586
0.0709342332586843
0.0704899421964538
0.0713817606740969
0.0722792201661715
0.0717629591986698
0.0708332204570222
0.0697231839187902
0.0688931252492956
0.0689610311977966
0.0684435136455795
0.0687096887079456
0.0682957238795308
0.0680288207081921
0.0675750873161924
0.0669672215048022
0.0668773916870102
0.0665570494507913
0.067609569635084
0.0683508963651516
0.0688887352074704
0.0703064555173553
0.0726787889040123
0.0745278857466275
0.0762619797656085
0.0773618158005978
0.078321422448062
0.0777007230048591
0.0782163375128313
0.0768589244058842
0.0750965700464553
0.0739450315677093
0.0736063756447631
0.0724164139167457
0.0723086063986405
0.0718216651456751
0.0715840306777048
0.0711297743731226
0.0697405958528567
0.0697862900055707
0.0698707108935735
0.0693356186816267
0.0695477969366593
0.0693214772131442
0.0686345600172052
0.0672628835227135
0.0665869325624481
0.0665382996482963
0.0663655553391284
0.0665364999990581
0.0665949128318354
0.0664509099071681
0.0663493105504351
0.0662987336713461
0.0663546191064435
0.0661305642939196
0.0660565478342737
0.066089576532011
0.0662223064548638
0.0657801036897982
0.0660104018790992
0.0658823986279709
0.0647089281005998
0.0652074369514336
0.0655627750797827
0.0650768975521908
0.0652072932864918
0.0650545725002451
0.0654801726680113
0.0657174786601108
0.06631773059727
0.0670678858742879
0.0675673287396258
0.0683992975164197
0.0687955075271592
0.0694515703782608
0.0700568923304866
0.0703482981139612
0.0700775180421277
0.0703193855666036
0.0705600136126276
0.0709528396232755
0.0710464687082065
0.0703004038195062
0.0697698521151592
0.0689567992138709
0.0694397337496127
0.0695317934338814
0.0695665284187651
0.0690154103126944
0.0683733720514686
0.0684329150927539
0.069615019083914
0.0701805276681379
0.070483966235651
0.0710788975508807
0.0710191347671695
0.0705507227882968
0.0707050099293187
0.0713183888562798
0.0715119545877787
0.0723831914607966
0.0722008189190188
0.0717937401847083
0.0712045379938607
0.0708371540467402
0.0714240225465277
0.0721755360560043
0.0724687023221236
0.0722738014159572
0.0726014693357673
0.0725531684214711
0.0730604155034601
0.0729762947020296
0.0721286710030144
0.0716972843038085
0.0710396878057105
0.0694839576841962
0.0696928718830955
0.0689087050262183
0.0688224762410204
0.0666506626299384
0.0655412539756522
0.0651694680719352
0.0655574271767802
0.0666013103389492
0.0674928774452014
0.0679682829487764
0.0686996579009836
0.0681124155553021
0.0668376202365078
0.0669387468672873
0.0672217550985397
0.0679382409355493
0.0685558137482331
0.0688186711130597
0.0695139552482725
0.0700779810869875
0.0705671744996569
0.0704723344960549
0.0703332524638879
0.0702612931520492
0.0700040240121102
0.070043523775897
0.0708536769486352
0.0714669135668831
0.0721531800171807
0.0721646548428345
0.0718676443182553
0.0713642764630233
0.070868489936793
0.0707887479615292
0.0709481275816898
0.0708393528560594
0.0699016911291068
0.0697300407279058
0.0693535286637952
0.069123107910783
0.0700485184492315
0.0712065364590616
0.0713318730044612
0.0713893046833221
0.0704253683461661
0.0703388477797345
0.0696799015771642
0.0691552952151343
0.0683095699084374
0.0677053886795126
0.0676838997081639
0.0676871845229297
0.0675207015450882
0.0680175951712791
0.0681443001063396
0.067481460148798
0.0671651350330846
0.0672914829615255
0.0680011869103103
0.0667874954765148
0.069233352454499
0.0698828008450287
0.0713834551404266
0.0720660541901024
0.0721436651505565
0.0720111657862652
0.0725491087560755
0.0741914397420712
0.0766556402797588
0.0782998267086711
0.0796792928000574
0.07912049741719
0.0774115827946151
0.0759857964668818
0.0751157568853416
0.0728877160320684
0.0717064228630464
0.0718040861841418
0.0717660904723267
0.071131369444223
0.0704707558264728
0.0696848462145223
0.0691952860117845
0.0694894277585786
0.0699599959872956
0.0706273603407258
0.0698997148583113
0.0695114440346511
0.0699162111302425
0.0697762355949891
0.0689629900352456
0.0686355812154468
0.0691926261057366
0.0698343888910287
0.0708340302480948
0.0712281058385087
0.0726398962780822
0.0745557887789263
0.0765507747856954
0.0783824970603062
0.0781190015962545
0.0775265890410943
0.0761652193163826
0.0759948120542827
0.0739727001159316
0.0733596514270559
0.0727381319826873
0.0720179830146313
0.0722637982376387
0.0718354923924679
0.0713091839254251
0.0714580051760263
0.0707745017985068
0.0703569994548584
0.0700896725386987
0.0688378149547057
0.0684183681327887
0.0678404778019002
0.0676350044235863
0.0678191115061539
0.0677687603455678
0.0678032460710188
0.0678754177166002
0.0677553071484841
0.0669554858810443
0.0666792547874774
0.0664330478307227
0.0665950640156094
0.0661454217799514
0.0657013344073428
0.0653689794531789
0.0653817187793316
0.0652022561799521
0.0643105934900971
0.0641891260103316
0.063948987223694
0.0648245750994128
0.0649214049728179
0.064920828871641
0.0650873085126696
0.0656014519387205
0.065733836173658
0.0658541096859355
0.065967981890229
0.0657186715298528
0.0661271547399477
0.066191305743626
0.0666036391741468
0.0674433041123405
0.0677609179924637
0.0682457464719024
0.0683289539148441
0.06850906612539
0.0688177880581495
0.0693674054764342
0.0692134833012846
0.0688591220216525
0.0691136877755829
0.0687745460882685
0.0687589088790558
0.0686138393044695
0.0687593148922604
0.0688799022994075
0.0683500485924574
0.0684051533330697
0.069081574621543
0.0709031178608859
0.071298764043272
0.0715091823940104
0.0709742413966682
0.0704405730779481
0.0712039040639646
0.0716696395790962
0.0717926844971892
0.0726756961345828
0.0726669711782235
0.0724990811679097
0.0721709682204483
0.0734507073797611
0.0739196065564004
0.0748524034455982
0.0745908148497681
0.0744265936138966
0.0756400572852414
0.0748029744727577
0.0742184923770547
0.0739165995179685
0.0734517304751059
0.0728645325303692
0.0722701174862936
0.0722402515631763
0.0714513721792753
0.0698623639022733
0.0686023928302422
0.067482034908434
0.0668799778865513
0.0666898812522877
0.0658984351488615
0.0665556865119965
0.0673797552685872
0.0679692994220453
0.0678991947970806
0.0680589608189918
0.0677286983403761
0.0677150614549141
0.0672056030897044
0.0665767031017358
0.0661741935711773
0.066391220856805
0.0665401267924799
0.0666009651234433
0.0664760334450973
0.0669600782826141
0.0675573873575996
0.0688105587188639
0.0692976971048713
0.0698506908613083
0.0699818442583559
0.0699990318765812
0.0702134469790835
0.0700757702876144
0.0700015309576647
0.0700781427214063
0.0699748738641839
0.0698764565236686
0.0700370899380145
0.0699013864558278
0.0699460272742129
0.0693975495598049
0.0698868349303139
0.0698949520669444
0.0697637414453526
0.0704054508327396
0.071076000224871
0.0714088283865008
0.0710085925455863
0.0708028855832538
0.0711038456962326
0.0708519197935581
0.0698771312598971
0.0691907063615624
0.0689640249902207
0.0691063946224719
0.070038103145518
0.0689040355936758
0.0698141912713182
0.0692933721816768
0.0686330378384766
0.068410699650919
0.0684488684770847
0.0697614100922373
0.0699380444513195
0.0713453536890068
0.0732638808271884
0.0733650361974959
0.0750787566613515
0.0755479389280928
0.0758246482257502
0.0760275280922146
0.0756758405057216
0.0758215858937829
0.0767898639413849
0.078003032406693
0.0785940461581135
0.0774268849479269
0.076480886633936
0.075418143380827
0.0738321281237837
0.0721038785069216
0.0706043895190563
0.070227503511204
0.0702401069987989
0.0705748050238944
0.0706937785750289
0.0711867660308967
0.0711006795824385
0.071275992916575
0.0722958849830156
0.0733480177138647
0.0734015441768533
0.0736654639193651
0.0735024350044711
0.0733242869768489
0.0729134339230662
0.0729789848449951
0.0736615791292716
0.0748619021856997
0.0755242025728985
0.0758959272662555
0.0755578983371571
0.0762972567758263
0.076829288994848
0.0762579498254184
0.07547897604857
0.0745948094412026
0.0742055789602394
0.0726248161935314
0.0720388194823838
0.0715532875397428
0.0717866863452332
0.0710305513347227
0.0708307799786889
0.0696331366214012
0.0696255190129135
0.0685024875463212
0.0682519977238136
0.0677141968024904
0.0668751920220304
0.0668833506600084
0.0666444458779034
0.0658672888867431
0.0659896427615996
0.0659333725624717
0.0661852873403894
0.0663118451196018
0.0653890221849215
0.0654755844525699
0.0641015371340316
0.0638462618047348
0.0634365097195115
0.0642349479711738
0.0632946597541615
0.0624688387602951
0.062768511077116
0.0624156041334803
0.0625795417423833
0.0625840562008799
0.062658252251441
0.06329127576969
0.0635767182649382
0.064246956709202
0.064710883250354
0.0654078068903915
0.0653207514581076
0.0658273717674554
0.0667105848170137
0.0670118008346513
0.0672888589130473
0.0672040512064106
0.0665376823342249
0.0668509768856783
0.0667786159516583
0.0671401599535664
0.0673019881094605
0.0680002793537149
0.0683405767274163
0.0691974365834477
0.0693894429072323
0.0691247547812466
0.069906339254364
0.0694912343324149
0.0693616829919796
0.0691719779902926
0.0697667733003033
0.0697973267122004
0.0696004284482757
0.0697942342272796
0.0707822581832878
0.0729051288551598
0.0717293358516561
0.0708999628003311
0.0707449419937888
0.071329199043814
0.0710016447562485
0.072274560892361
0.0713022882424632
0.072329699120508
0.0718463908256683
0.0715792828719983
0.0733901475701277
0.0724624616201639
0.0734642179952472
0.0742366699176275
0.0743858592078126
0.0761974058636392
0.0765925513229888
0.0764824542321699
0.0762795547380477
0.0757781939457017
0.0746349889577993
0.0732247033854603
0.0738556516612069
0.0732361829377854
0.0721803620712912
0.0713893078573204
0.070188615179971
0.0690470747294463
0.0676999481104512
0.0674062231706231
0.0680847041798935
0.0679347949070042
0.0678334565556382
0.0676673303549802
0.0667974780450821
0.0664635736219676
0.065767325827279
0.0653648555870115
0.0652281288241645
0.0651827614791603
0.0652086164031137
0.0655622348650435
0.0660137131631689
0.0661290267737914
0.0658268146618158
0.0658981548523271
0.0655718369517253
0.0662516281018201
0.0669750622205087
0.0676352318724412
0.0681573337699918
0.0684323530227946
0.0684508508374222
0.0686297886599586
0.0688562795519238
0.0692643106575977
0.0691596909092369
0.0692748858880363
0.0692921419732765
0.0696025983362086
0.0697615287409011
0.0698928864092367
0.0709223426048482
0.0703046024363825
0.0692748976174458
0.0699641739332075
0.0700494117178373
0.0705497185411901
0.0717493853917876
0.071110655700555
0.0708799375786593
0.0709696790581123
0.0709537188383638
0.0709052865991077
0.0711929862294997
0.0710274122398157
0.0697263582563988
0.0682614866284942
0.0684915428244244
0.0679388182337336
0.0683528090259418
0.0689841315252226
0.068459783973993
0.0696273082270181
0.0722077028600584
0.0742128783250143
0.0746463334900508
0.0749520773729435
0.0757579587634069
0.074346515551559
0.0735214564810996
0.0726638932626696
0.0732701706368914
0.0744203986847767
0.0746917168024465
0.0757049164673449
0.0768400725261322
0.0770130402902975
0.0761291425706494
0.0759788767809525
0.0744612104904622
0.0717411275031438
0.0699704783423949
0.0698878065987828
0.0702858883975265
0.0707781013321968
0.0711202755428405
0.0715518190725333
0.071383301235313
0.0714565326077001
0.0731283545096842
0.0733501049292935
0.07299418696354
0.0735187347510924
0.073878293895446
0.0745321016812627
0.0744631152117567
0.0748578198915743
0.0751378620345719
0.0753366073567525
0.0746175901126349
0.0745203176472329
0.074076884601374
0.0746849099688316
0.0746877410741585
0.0736024105526638
0.0728898740064859
0.0722022061190252
0.072969746137212
0.0715954085974166
0.0718960497424183
0.0719368919726999
0.071539068335898
0.0709749203451325
0.0699023850442096
0.0692597646079709
0.0686888059605491
0.0676750660405017
0.0672170612266008
0.0663641313188855
0.0662996264738045
0.0659620594329115
0.0658984977162778
0.0663391873386137
0.066987532321924
0.0666727678839531
0.0659507208009355
0.0658381099768659
0.0653983538835221
0.0650046127070998
0.064125107047531
0.0649920546373783
0.0644748714717501
0.0644930157759519
0.063411037807649
0.0633588535343622
0.0636544883797894
0.062983599929684
0.0629374933804924
0.0625407619010984
0.0626015417470817
0.0630525670518516
0.0629943203258228
0.0628914852230648
0.063223057766849
0.0637061269203183
0.0649292802487166
0.0656758587662162
0.0665887780298135
0.0673122012967385
0.0678321754870203
0.0677793339872185
0.0676766811480604
0.0674025556387647
0.0675837956197169
0.0679625384370731
0.0688020765858128
0.0694481860129041
0.0698889208717346
0.0698935787979168
0.0699239364827614
0.069501886768503
0.0703223875812762
0.070208182462263
0.0695984672089223
0.0689369891930548
0.069525875998719
0.0699994813517801
0.0700568148552216
0.0697428559464772
0.0710004865788783
0.0720629783574733
0.0721601623206218
0.0714573330696097
0.0705082639890865
0.0716819426041208
0.0740943977858889
0.0725250640268891
0.0729879121763799
0.0731219030023765
0.0740416987397517
0.0737313920010823
0.0743803230185944
0.0746655185730416
0.0748155579570761
0.0759673385516942
0.0755275136109657
0.0755637072140042
0.0754902959851987
0.0762118840791376
0.075938185418915
0.0756559772593891
0.0751328052937686
0.0738148365996586
0.074152255255021
0.0733409382584034
0.0721775109619541
0.0711621514992746
0.0698548202126414
0.0691646028238601
0.0688654186581501
0.0689112544260595
0.0680144518754885
0.0676108515666703
0.0669054958190352
0.0656463362694045
0.0649604766897559
0.0642140755562551
0.0636729230961051
0.0635086117274901
0.0635703972086988
0.0638827262124537
0.0638165005903646
0.0644883794921404
0.0652116157877047
0.0660203064064563
0.0663093997090958
0.0666424122751122
0.0671833307408137
0.0676965341860389
0.066683091968355
0.066560465491671
0.0665208797914772
0.0664489129886336
0.0668160526157638
0.0670977224345358
0.0677211157094562
0.0679610927172585
0.0683088179911771
0.0686663001469722
0.0688428865681223
0.0692454898920544
0.0699545290735626
0.0697258956894498
0.0697864328250493
0.0697431063074343
0.0692451666959785
0.0698574629122673
0.0699306985766521
0.0703563424147971
0.070878447266861
0.071087965861394
0.071603230324892
0.0729363322117664
0.0718842944516965
0.0709941723269602
0.0705148748148321
0.0693639294526152
0.0679980244404183
0.0673064361408426
0.0680744595203507
0.068349197294372
0.0691880591379982
0.069959497861307
0.0701813762938551
0.0720007503260575
0.0728074507290126
0.0739139807458209
0.0744148345603397
0.0749223983586067
0.0742432017001103
0.0742676382668299
0.0729161803917507
0.0729184469698794
0.0732150496897297
0.072425302652711
0.0724888129448305
0.0728112665894528
0.0738831100660382
0.0750764861919324
0.075789417807399
0.0750285065126873
0.0742290763316695
0.0724306161336494
0.0713814140309367
0.0720127941019352
0.072183888186459
0.0722742969579628
0.0724020943796446
0.0732083147907776
0.0732528969308421
0.0738378762192829
0.0736431794987752
0.0744829591904217
0.0736647879026683
0.0744301557365323
0.0747374293100861
0.0758626478521682
0.0749749699283069
0.0738152733968726
0.0725894888478553
0.0718457791186595
0.0715542823187594
0.0712517463723387
0.072252675472828
0.0727652875826535
0.0732565807426459
0.0725377846679512
0.0713752413144567
0.0712605390325576
0.0717314273179168
0.0698920408469267
0.0703778514303697
0.0696782148218835
0.0695839263900702
0.0684522959593243
0.0677348755182901
0.06742825116611
0.0666309833241565
0.0662458142632514
0.065947682324086
0.0655025109428486
0.0651896511118348
0.0645316537694129
0.0649387029983419
0.0650483436058525
0.0652691460153693
0.0646779126266457
0.0643494225459344
0.0637721144306828
0.0626591823679666
0.063402108902798
0.0635756631986035
0.0641171832386705
0.0640954332069289
0.0640836833157561
0.0636191242298595
0.0636360667061907
0.0636520047699752
0.0635174254029399
0.0632567566282987
0.0639456097265632
0.0643507720056174
0.0639507084802612
0.062905158864476
0.0628702523910729
0.0636716613577221
0.0642948310312801
0.0651646651723114
0.0658344432076436
0.0664374406791081
0.0669227232269912
0.0677760705554188
0.0688920068558815
0.0689728962442965
0.0687259502364278
0.068453299605392
0.0685552183367815
0.0692402921952492
0.0686940839876093
0.0683766693851196
0.0682635842261891
0.0679615188221029
0.0676607402848376
0.0687189177948638
0.0696260501782072
0.0701118697785432
0.0696249839078794
0.0696596373721984
0.0698338535610279
0.0693828727890758
0.0706408201617302
0.071829927791431
0.0725108261112882
0.0725822022815841
0.0735232587187252
0.0721003184632882
0.0735953208072687
0.0735327991021307
0.0736393973517945
0.0748469444644679
0.0764147680234996
0.0766470553037169
0.0760243667576286
0.076184540843344
0.0758215911337851
0.0760046281371669
0.0765384006970777
0.0757818008758896
0.0763455329935754
0.0760814997416644
0.0763361124647755
0.0767132032334038
0.075062996751128
0.0741164749181876
0.07249749879288
0.0717510965723929
0.071479593563321
0.0702570252333606
0.0703787571448259
0.0701647068447807
0.0687242612570132
0.0683422058275324
0.0672889631177236
0.066056774678266
0.0656667280840528
0.0653445131436241
0.0649651033254099
0.0641572433848069
0.0633893588808527
0.0627334060792228
0.0627721005880472
0.0631747490440011
0.0636802721778733
0.0640118678413479
0.0643583319026238
0.0650650736196083
0.0655472258444366
0.0660436051630603
0.066915073969422
0.0670885179114964
0.0674589140063124
0.0670402226786289
0.0670395311395013
0.0666533277927289
0.0666339143756842
0.0670288275491781
0.0671545961017126
0.067858789619001
0.068678115041068
0.0683370927653702
0.0682898284259165
0.0684275936162161
0.0687706800837247
0.0698298459516497
0.0688779706718357
0.0698716677003751
0.0693057226754368
0.0695882065156204
0.0703159576862213
0.0699192273862042
0.0706599591557832
0.0704742731484442
0.0700316547455308
0.0697774604034136
0.0694902258264543
0.0682341669842222
0.0685450286552746
0.0681150122825159
0.0678807371572809
0.0679827193645491
0.068313302474676
0.0698348335160609
0.0694421405238555
0.0700042887638734
0.0699304531267599
0.0711575506932997
0.0716757743661397
0.0714947874614015
0.0726945390013259
0.0725694958827766
0.0727919252177898
0.0737458455743008
0.0736641394612516
0.0732289463454302
0.0727939361347181
0.0725531724516749
0.0717973840443942
0.0726435697141644
0.0731235952120828
0.0740038981234304
0.0745874286373476
0.074870250156552
0.0740782510840351
0.0734752599608034
0.0721819869909096
0.0715466559718637
0.0713721306095297
0.0714981593398741
0.0714662403527173
0.0718057736579194
0.0712128965188133
0.0711637382132986
0.0719542570973031
0.0723070264577755
0.0728224360271169
0.0732000014709921
0.0734142371097858
0.0727020796672099
0.07191913484381
0.0712621513148663
0.071029769486208
0.0706976503038593
0.0707311998348054
0.0704238467415591
0.0712656694605201
0.0724504506804189
0.073414185830452
0.0732587125678286
0.0725964763147553
0.0714641293079114
0.0711641013179423
0.0714857619375361
0.0700244961285057
0.069646780612405
0.0687089817962986
0.0680696214566622
0.0681008176200782
0.0671262669805171
0.0676064243546586
0.067477718615305
0.067384483803946
0.066695912594148
0.0656011112828528
0.0648027856604042
0.0644787502899364
0.0645671437913192
0.0643602375328607
0.0638141755661891
0.0636975873020643
0.0629747436305959
0.0628190131224799
0.062685086998964
0.063370324645302
0.062986354947363
0.0633900429378451
0.0632782198380944
0.0639229457231477
0.0638633844129175
0.0632072324752976
0.0638370414752965
0.0640847222207516
0.0640896408711095
0.0644831000800714
0.0639848534231447
0.0644729639750603
0.0638571992302944
0.064251386209397
0.0649604627818137
0.0660424653011216
0.0665584651582166
0.0675941682118579
0.0680932463801113
0.0691335150745545
0.0696181902019944
0.0693442134643581
0.0698002889899021
0.0697710798379919
0.070174247553049
0.070311151228765
0.0706370970571042
0.0701774455207104
0.0691737012418556
0.0685117510825429
0.0691524930419114
0.0689888132683184
0.0689043167953259
0.0690001715495783
0.0684974977612202
0.0680651807587544
0.0694981615992931
0.07024074861901
0.070289509245569
0.0700998391146094
0.0713831590411212
0.0725926967850115
0.0729414573551333
0.0739464261276578
0.0748256007434868
0.0745890022286204
0.0750386328923438
0.0759714107613498
0.0760945654389954
0.0764505972800101
0.0754276348105198
0.076010864778559
0.0759918291300572
0.0753507934254335
0.0758960379027086
0.0750218957411847
0.0745167907467474
0.0758348814897486
0.0758732527811834
0.0757363129030548
0.0761596540189867
0.0755304181892168
0.0746882196964601
0.073512029751518
0.0718389940185561
0.0713325418198123
0.0708356198302717
0.0685946894213565
0.0690685987999137
0.0685771401200804
0.0689177517885297
0.0670946413165176
0.0649699961744039
0.0638242872723483
0.0634972882879013
0.0632434068035377
0.0628829171018167
0.0623411865559452
0.0623129948544493
0.0628323107817488
0.063444637844878
0.0636387832109409
0.064255817981666
0.0639315076270843
0.0638904982320303
0.0642635117080798
0.0643913121127071
0.0646967318602343
0.0652246623738945
0.0657738116209301
0.0654495872630046
0.0657212217519553
0.0657804296679765
0.0658083334488088
0.0662517795307228
0.067068462015881
0.0672732747673259
0.0691225050253626
0.0692374468672598
0.0691481872352575
0.0692074938780491
0.069169770844181
0.0691155145739262
0.0690981242970492
0.0698483368473792
0.0693928315722998
0.0687626804962227
0.0685829075557682
0.068946136440498
0.0696460749597455
0.0695667505631759
0.0693015690902355
0.0695853599779481
0.0686117243529703
0.0677723631225099
0.067527151407602
0.0666325138981234
0.0664160519251646
0.0666520924899674
0.0669573935186517
0.0689640570063417
0.0696006331432182
0.0704654569228397
0.0701782742062806
0.0696059067092603
0.0706200510047897
0.0710938985169771
0.0716668312169699
0.0719996926478804
0.0721430847967787
0.0724255982321718
0.0722658004445022
0.0721056999607205
0.0714259056772407
0.0717395408893419
0.0722418500311825
0.0711416920082778
0.0720002965368841
0.0721407891397154
0.0731808316747794
0.073075012475488
0.0733560293731269
0.0719006685511921
0.0717160306632605
0.0704100421194302
0.0703258000606079
0.0706508976013139
0.0706794599433954
0.0698673691207248
0.0691827854859584
0.0699916690294835
0.070752664235156
0.0712114348281285
0.0721870416625387
0.0715235547317108
0.0718871395445846
0.0710864528618665
0.0712298655271494
0.0706596977425655
0.0708477104584722
0.0717896520602399
0.0724106699167758
0.0736012559178561
0.0735692042840993
0.0744820313979199
0.0743615267942164
0.0733073180038482
0.0711495869519363
0.0708665934854189
0.0709079362676554
0.0707798258394806
0.0689016544351433
0.0681083961219572
0.0676101525891215
0.0675091308567442
0.0669485235884154
0.0669147344443892
0.0669809528446868
0.0668571888809256
0.0662539502266514
0.0654529831584457
0.0640013671430484
0.064060309638404
0.063555356862551
0.0630217687254864
0.0622662017865682
0.0623472298653918
0.0622976039093448
0.0617752500815505
0.0620933693661235
0.0618499964604912
0.061343665540819
0.0611398152378166
0.0613483378709449
0.0612487656134811
0.0622433346666554
0.0628376342321151
0.0621613490562423
0.0615126307744631
0.061478442452797
0.0618100679603657
0.0625984260619912
0.0635158988042458
0.0640538441691442
0.0653359945119038
0.0659466145225686
0.0671497015016875
0.0686006707537987
0.070398000654172
0.0702555745343724
0.0693840209640565
0.0694136608409271
0.0688182775152648
0.0691701724885857
0.0695037431064881
0.0709607238156696
0.0723240440772589
0.0730615390003226
0.0724740064347331
0.0707289426050293
0.0703244875577851
0.070435670526492
0.0706884201936985
0.0703683411508319
0.0696041387382799
0.0696891697358838
0.069242205142334
0.0697862642201913
0.0701470836519048
0.0704374359211804
0.0705040715141532
0.0702192022511067
0.0717481197482889
0.0732977010214246
0.0728882143050651
0.0737320175489702
0.073806300023288
0.0732151783666724
0.0744241058814451
0.0744390521327446
0.0752063497531602
0.0752658163761028
0.0746200017164625
0.0752314043856627
0.0757847229794218
0.0748450070949261
0.074772113944296
0.0740258252893033
0.0742889705557272
0.0763262194192505
0.0756844740708457
0.0743872622028831
0.0739757728418801
0.0749923565408557
0.0745933571724725
0.0737908338178895
0.0718048280903506
0.069979996028089
0.0679967692324254
0.0658295334948821
0.0658125520805428
0.0661747162218913
0.0660270928181376
0.0658818499648636
0.0638452325694051
0.0620732680604845
0.0621957241687447
0.0613020326430639
0.0614679555572723
0.061733045928582
0.0622929182224195
0.0634867019178751
0.0638324276178529
0.0647133204117103
0.0649865765889739
0.0651867496868576
0.0650275097565046
0.0657328274224687
0.06562542815411
0.0653528604822733
0.0660566081214152
0.0667476938148408
0.0669015515136183
0.0669624751654837
0.0677198894743639
0.0681126043577995
0.0685862399920314
0.0682827986257746
0.0679807558448234
0.0678362759062557
0.0677771353506436
0.0678382155039628
0.0686875816738888
0.0695943782977722
0.0694321308510754
0.0696229418973279
0.0692997513812656
0.0686679277762039
0.0687216568289025
0.0683119930463241
0.0692582071412591
0.0690309274234054
0.0682503097740917
0.0687885688300725
0.0688308949303317
0.0691967567359827
0.0681515624183884
0.0683848942631803
0.068223194381809
0.0689076185160154
0.0691660470244038
0.068969688538353
0.0699715890551657
0.0717379999354721
0.0706338962385085
0.0696488542020277
0.069822634291314
0.0706781342412536
0.07046823730115
0.0703885153058831
0.0706072148369269
0.0705773457883114
0.0708670568209319
0.0712705369240067
0.0717652382464608
0.071481239380839
0.0717723408719771
0.0719658798303995
0.0717956614912554
0.0723426038598721
0.0721621945105418
0.0717430789416576
0.0713076215240774
0.0707579074632524
0.0699609042840505
0.0695475574813271
0.069904283347974
0.0701233969496112
0.0697889205624363
0.0693355036049269
0.0691749792867426
0.0693057005802521
0.069921881068803
0.0711890101393942
0.0709559269314799
0.0707409888215612
0.0711656600266309
0.0706697363589767
0.0718824205290244
0.0715193577251309
0.0719089667531588
0.0717376719772413
0.0717575815312054
0.0731584557836236
0.0753280789402696
0.0754046074007152
0.0739568826120535
0.072299870072277
0.0712659116602346
0.070348646963846
0.0711918352304002
0.0710035520161304
0.0688451078347535
0.0677623041819732
0.0669060105799805
0.0666984415565813
0.066587314344036
0.0672109340437015
0.0665052676451565
0.0666150657259059
0.0667117913324461
0.065614934241998
0.0644322782034898
0.0633828659026933
0.0626002437927917
0.0624002027899817
0.062173027094529
0.062235809859004
0.0622630550591348
0.0614320051951381
0.0617141945101124
0.0620261522499761
0.0617019426624148
0.0614063293837476
0.0610984310203394
0.0608474768789714
0.0603758388637474
0.0613243457263492
0.0611733831897947
0.0608014304991222
0.0607449214681794
0.0615558477406132
0.062376318062163
0.0627988383819126
0.0636516617290492
0.0638997639916988
0.0656150676615987
0.0671262317189715
0.0688923473089501
0.0700638253999836
0.0696513262751799
0.0692364138909172
0.0704552656178765
0.0706713322563776
0.0703901899866847
0.0695171602074859
0.0703449293192074
0.071672039103333
0.0737116204757614
0.074338589328075
0.0741210112092492
0.0720748205370944
0.0722344312659234
0.0721235934793898
0.071341911991336
0.0716398202106256
0.0708806388354111
0.0700636825076085
0.0708136955364607
0.0714322605040967
0.0716018043983181
0.0713722257552706
0.0712993847823908
0.0710248058411114
0.0719835063910817
0.0742024355772224
0.073580766342266
0.0734083250466666
0.0733649860150857
0.0736793771296242
0.0732913870951153
0.0732969666342594
0.0734672985694197
0.0733745163158518
0.0745284962387036
0.0750823814683476
0.0750797950406276
0.0736631632596126
0.0733171009120447
0.0732859692234129
0.073996689901793
0.0749079899019523
0.073166737111939
0.0737799336665485
0.0742091894087473
0.0754272556073663
0.073358584746261
0.0721367125966838
0.0695518921875687
0.067801703622809
0.0657334835427699
0.0651618685033026
0.0645490087235186
0.0648644789684623
0.0648646856509279
0.0642118844102157
0.063428157227988
0.0624085484005592
0.0621173111508514
0.0615231718237397
0.0614126235977182
0.0616255394822917
0.0622836601382701
0.0626455376028192
0.0631528590696134
0.0636590771054233
0.064269625696214
0.0642698891277779
0.0643620959322275
0.0654994903358486
0.0664248171581898
0.0665637827275392
0.0673201090974235
0.0671368494878691
0.0673949884724079
0.0678872848317529
0.0681202912259016
0.0691233707499791
0.0689466153168424
0.0690091855482228
0.0687770022209997
0.0682946422966384
0.0681008388467693
0.0683879207856729
0.0698730076985493
0.0703574174675705
0.0705480136987222
0.0689782074534669
0.0688907466424861
0.0686991694218436
0.0682792674422438
0.0684240469488548
0.0692510251216164
0.067980067565735
0.0675616668556287
0.0689995215670865
0.0696723451290482
0.0699146073177922
0.0685451432885201
0.0684652644086185
0.0685695340430073
0.0696352654917656
0.0698907506754075
0.0696096641411901
0.0700430224379468
0.0715782447201453
0.0721550864541564
0.0713527313501544
0.071037000082679
0.0709874713805518
0.0706609205529667
0.0709844090784232
0.0715327816568311
0.0713233392943672
0.0715902490501594
0.0717374228359279
0.0719069422860092
0.0716701285147079
0.0727081671910307
0.0718811726986489
0.0719031121834609
0.0712718987454495
0.0709571208087284
0.0702750010016079
0.0700487040106747
0.0698229144110784
0.0691320215311668
0.068858551701436
0.0699369366845894
0.0694563830766277
0.069281808698249
0.0687093844746162
0.0694014405698516
0.0696476001644885
0.0714882230951715
0.0701137934051131
0.0701516926328288
0.0700755640002136
0.0708393124661151
0.0712338602117683
0.0708483636445725
0.0704227394090036
0.0712685188497283
0.0718597594887119
0.072375683481471
0.073269806311815
0.0736584360515163
0.0725019125009324
0.0712213258404971
0.0695993067639137
0.0684954376819757
0.069600553127351
0.0691493433179074
0.0682599809023935
0.0676356718036459
0.0665184871368013
0.0659988678851394
0.0658411608489427
0.0666663587671401
0.0666697529672376
0.0663468096641245
0.0661233719266059
0.065213775151676
0.0645832398618709
0.0634494003029821
0.0626893463553902
0.0631113267475445
0.0629411224450989
0.0620305332853728
0.0612570903160767
0.0604466736943386
0.0607927181014056
0.0607899847160688
0.0608595067959021
0.0609606728574226
0.0606163300158694
0.0606071139658869
0.0605279669112503
0.0605395118623216
0.0612485317383694
0.0619462099456945
0.0630401749015396
0.0638430328146232
0.0645212811707487
0.064615069899653
0.0642651177618945
0.0641328042874978
0.0645052467462964
0.0656603452024187
0.0664866271345455
0.0678962730270515
0.0691649014438174
0.0704428679633572
0.0705800687653198
0.0707185629245271
0.0704110964647454
0.0691393624526453
0.0694961181649217
0.0712917464434507
0.0708359981154361
0.0729564003971544
0.0730034952364094
0.0734379996236083
0.0746009869242039
0.0739512482344771
0.0727087513038196
0.0722772836186101
0.0726571575550551
0.0723495243832517
0.0714191957711193
0.07204022219467
0.0720115082506091
0.0730494611723145
0.072860852705941
0.0720052177155824
0.0717676390268771
0.0718535115409088
0.073478523200517
0.0734157024200721
0.0735126686536833
0.0732785859086181
0.0736271898576813
0.0739735228208462
0.0728293615177483
0.0736584472589997
0.0725321416568025
0.0733431269937885
0.0729104148847504
0.0725869073923738
0.074051207635835
0.0742009067182434
0.0738153429662828
0.0735234457923791
0.0739780024029462
0.0733511005832187
0.0734764908735055
0.0737342622013384
0.0729636038158064
0.072105067565972
0.0708476499788989
0.0685034718561912
0.0661413786867698
0.0624499526610747
0.0626242188735728
0.0624025122637836
0.0630231092746155
0.0630024782111943
0.062715119374228
0.0623026366630774
0.0610306770810029
0.0610928189603208
0.0611611457940397
0.0614464723679861
0.0618652455681903
0.06233600666656
0.0622629842544667
0.063146493630015
0.0631598458761321
0.0632810880745534
0.0639022692385205
0.0641602679016887
0.0647169621491942
0.0656864113364742
0.0660111357796572
0.0664910044363346
0.0670674672982825
0.0670142352554514
0.0673445602566876
0.0677860426282956
0.0680640716847143
0.0687185891178125
0.069001942845881
0.0688413590420962
0.0691160793678929
0.0692199545528587
0.0694290569631209
0.0697235684980687
0.0702935264716387
0.0704081592718541
0.0690887438955216
0.0687390895328407
0.0687306546233825
0.0690050263218507
0.0696215166980662
0.0691846244497574
0.0692597015454814
0.0698864894353558
0.0707632334219604
0.0706011046681511
0.0700104306600344
0.0697156004480488
0.0689250472477641
0.069231862574021
0.0687700996135013
0.0692161544312852
0.0696862905983197
0.0697680244539834
0.0707176699762325
0.0716049930626503
0.0720149854029698
0.0718245583999476
0.0706803884991722
0.0702826170560848
0.0711365427855099
0.070755253440622
0.0701741954383703
0.0703116643384123
0.0701453267566221
0.0703802353766959
0.0699711047021042
0.0698623108242553
0.0694873538931777
0.0696789539036529
0.0701313687228715
0.0694509832120686
0.0685498832396893
0.0683936467327203
0.0689244363741957
0.0689290158913456
0.0692985329724211
0.0704006143150945
0.0703681110424057
0.0700244474435384
0.0698737721605278
0.0696092431298915
0.0694327893520842
0.0689864533324657
0.0685765002978372
0.0688421681482869
0.0687412585338227
0.0693391197303118
0.0700698420474056
0.0711432992090143
0.0715405894542638
0.0719241153355842
0.0718899975156891
0.0718142882402541
0.0718161359369319
0.0717349256334804
0.0711183904402302
0.0692884972697692
0.0673643458499266
0.0670863470214016
0.0678974096495006
0.0674258462291337
0.0671795915020351
0.0670788959801761
0.0668023248751873
0.0672538223416568
0.0668678458462772
0.0663751066178338
0.0659821093358486
0.065411528021188
0.0648626042836571
0.0641176147522654
0.0644078551097121
0.0631717921045459
0.0624354257654567
0.0622415058612282
0.062000304557814
0.0607262820020425
0.0600204647056289
0.0600876865259599
0.0598130773337603
0.0596972530102586
0.0599565639686592
0.0606452018822304
0.0601261115928166
0.0599159005219015
0.0609861429487446
0.0621554121242724
0.0630550092999397
0.064474623611576
0.06590063648768
0.0666744130285037
0.0665674661621854
0.0663869851602142
0.0661355843186569
0.0652383827314672
0.0654777763011879
0.0669133110160292
0.068414967321756
0.0699418063386311
0.0692192392228223
0.0698916872921876
0.0699619408904488
0.0693556064410335
0.0695550849248698
0.0694369626186331
0.0706335891315607
0.071647389211411
0.0718507664910243
0.0736582900353763
0.0741839803348094
0.0738103031374632
0.0741067055542737
0.0736119590481591
0.0732019822315781
0.0735145244492212
0.073409486517452
0.0734624475001117
0.0726824353746744
0.0723201810389786
0.0724450790998281
0.0723967219923417
0.072467464782891
0.0722605971412371
0.0710071068036535
0.0705457613573153
0.071788775189657
0.0725205854913209
0.0733223912758871
0.0730558304518056
0.0734460087857421
0.0738846366789312
0.0743235999232581
0.0737381999319992
0.0732672296471944
0.0722600493420418
0.0725908680147392
0.0732536677049481
0.0736208722895313
0.0738015479565928
0.0739740777447029
0.0739987525609587
0.073635628594871
0.0743737550015111
0.0744514449160927
0.073275923520321
0.0716833256550848
0.0706743557880319
0.0684870249832417
0.066218523700426
0.0629671856095921
0.0644502122520865
0.0637021180072355
0.0623202200519595
0.0618172517676327
0.0616261289513575
0.0616928648368065
0.0614272238311975
0.0616831728127684
0.061339768469488
0.0611961414447969
0.0611701387404613
0.0613121731249072
0.0613453154523397
0.0615340855799873
0.0618906378604882
0.0624406139400785
0.0625582313789607
0.0634695465767572
0.0642043724489435
0.0643158365771137
0.0654664600956749
0.0660272209770382
0.0667945893584382
0.0680681502606972
0.0676548085397504
0.0679626222057074
0.0683617698443745
0.0686250714416791
0.0694225224727151
0.0694458817982322
0.0690872194524866
0.0685232337039853
0.0685818308312229
0.0688527562826568
0.0689913511061779
0.0692017117204656
0.0689310155470605
0.0671428914459784
0.0685568325101447
0.0693454664571273
0.0698004759532387
0.069019014798537
0.06869402770795
0.0687628475033159
0.0687373573506221
0.0684964249313688
0.0687802368183413
0.0687614540879026
0.0685335151042384
0.0679227136246653
0.0677879244100526
0.0677592284494875
0.0684216664412995
0.069328629128055
0.0699272847342991
0.0704958240756103
0.0712200608829496
0.0711807980413365
0.0721133918552935
0.0719160948752194
0.0710352554867039
0.0712178449280319
0.0713046818731986
0.0708091495033591
0.0707956179871097
0.0701197689353779
0.0692834895731493
0.0690641483819184
0.0687395386942067
0.0675512261886395
0.0671526871536518
0.0678254085373087
0.0678140912342485
0.0679095927333394
0.067045221438896
0.0670686885112143
0.0674957310604237
0.0675419081174478
0.0684415083690463
0.0701191418002011
0.0689042155872269
0.0693760717206443
0.0692772786749192
0.0684161540412658
0.0684741155865071
0.0690520308867688
0.0692207126852662
0.0701012325751207
0.0707292461303465
0.0709628725042689
0.0718768121167214
0.0711612407008349
0.0705248663629661
0.0696466360016899
0.0704073510829043
0.0717410938787767
0.0702881352640308
0.0704940248238099
0.0681945178078467
0.0670700373524468
0.066511837392102
0.066143517891436
0.0659128093781064
0.06606763542328
0.0665790528923671
0.0664782610296173
0.0665847394663761
0.0657622999338688
0.065589272825145
0.0649283958773844
0.0647048284374465
0.0644496602322558
0.0636847704611265
0.0631013879866681
0.0620487062784594
0.0617159531684004
0.0611419147238699
0.0602680497645924
0.058987069415112
0.0592265855390942
0.059504568891843
0.0600220939101733
0.0601182833833876
0.0603619603751002
0.0608414956311808
0.0609857694144846
0.0618061767285086
0.0634644313545124
0.0656710696470252
0.0677925246668436
0.0693797435476294
0.0696406019238601
0.0702321733659246
0.0698955999385936
0.0689095445049057
0.0677298995433764
0.0678313422030377
0.0693757844817966
0.070056117398095
0.0694718740560183
0.0683629475652671
0.06872433539704
0.0698280946750826
0.0700990712131232
0.069807367355888
0.0694898374740995
0.0704093794922415
0.0710668162180608
0.0717230378937476
0.0725766168422974
0.0743025577395764
0.0747372432193631
0.0756027757760331
0.0766398570965115
0.0770089151193509
0.07669528522237
0.0758878530464184
0.0751298659765282
0.0742518580629762
0.0737258554670585
0.0735100421174173
0.0728782385854429
0.0726434028336074
0.073211178813574
0.0723318169889092
0.0720643631954769
0.071741263257282
0.0716243942843649
0.0722544087947108
0.0729749141507816
0.0731195657273513
0.0736759236445605
0.0738038324832706
0.0728107282858125
0.0713932128655014
0.0707741877450691
0.0703241445297019
0.0711542048657549
0.0726188435953541
0.07437019183833
0.0729833681942035
0.0737827679559564
0.0738419737145664
0.0745408611152603
0.0732047414906855
0.0738433241882057
0.0731203872412423
0.0706167406897521
0.0713896128323086
0.068524816904866
0.0625570929754693
0.0663875005950596
0.0680926082254841
0.0658379633150394
0.0646269569926917
0.0631217990268777
0.0625797295832623
0.0639612400017727
0.0645391368080549
0.0643841305441068
0.0640844218596117
0.06399068810713
0.0630091783787363
0.0622090229827689
0.0622303441283969
0.0616325903419074
0.0616823829997
0.0621682140958199
0.0632481562400005
0.0640363855092042
0.0645129348743774
0.0658016904996139
0.0663483427358058
0.0668370867820925
0.0677274898757786
0.0683086559714108
0.068273258778346
0.0682255854441319
0.0684462548643512
0.0689491256268481
0.0691357151817577
0.0693300370596134
0.0696531709585746
0.0698185263886551
0.0692664765475836
0.0692349501665785
0.0691959687848195
0.0688949609142095
0.0676099600521846
0.0681007877450451
0.0676836508606711
0.0679559586088113
0.068003361759789
0.0670611488157263
0.067070568418468
0.0673317265098382
0.067115278864554
0.0677043230771925
0.0684746682908557
0.0686032508471556
0.068442404844754
0.0679261989180876
0.0679404474183267
0.0678601288107261
0.0684284766186568
0.0681658998772367
0.0676304261335257
0.0675283524435089
0.0680189933462921
0.068785860864548
0.0695607131761508
0.0696562310372144
0.069602246527539
0.0696025177729415
0.0688293535545093
0.0684919712774446
0.0681831411248025
0.0677151583682669
0.0669366889069398
0.0662115845271632
0.0652655445309919
0.064490559171281
0.0654543734138443
0.0645553464411383
0.0656032812330989
0.0652972740537851
0.0641551573193707
0.0641009170805927
0.0650056808622679
0.0663073132589203
0.0666918455589916
0.0673949930323833
0.0669524928603659
0.0685077961198614
0.0681401829889867
0.0681866800708758
0.0678859521840193
0.0678716951643874
0.0677001337724489
0.0677467970865966
0.0684499441660002
0.0686821213500901
0.0691614173137402
0.0691576235791773
0.068433479422793
0.0683949990002698
0.0696391668786168
0.0694670285071846
0.0688813411407607
0.0683863118501387
0.0676485805308481
0.0660924666896017
0.0651371572698646
0.0653437003357314
0.0654861138959985
0.0660443568364064
0.0659600493559423
0.0665018348124532
0.0663094404862234
0.0656242939002002
0.0651755342963752
0.0648916289375387
0.0653529513088818
0.0641914538423852
0.0627222399441512
0.06214555370417
0.0613962712795739
0.061481657656143
0.0604954524198858
0.0592548946392759
0.0595228615815738
0.0607108163233207
0.0608066951034962
0.0606605579061632
0.0606253543876707
0.0609256171336338
0.0616484276054585
0.0617579463235045
0.0635672005692515
0.0669001547825534
0.0717613269890465
0.0737715292635786
0.073823790812359
0.0743393178729836
0.073520587178994
0.0718783153799137
0.0702085657246043
0.0685847727388733
0.0685696985074359
0.0684736207601572
0.0680283399081733
0.0670832039253265
0.0674360408456211
0.0686041830919256
0.0698012437393987
0.0694790001787474
0.0700773168434807
0.0688354800545636
0.0702882619573755
0.0714178705519282
0.0730521172383968
0.0736697389433361
0.0738188584860384
0.0728520064111397
0.072046492712779
0.0721509362422975
0.0722851041187071
0.0727455080439075
0.0726583689106612
0.0729507358890514
0.0730383441018988
0.0721609108699642
0.0723385454841709
0.071433278639604
0.0715114242570248
0.0711437073185979
0.0712809841095271
0.07137067861734
0.0716841800066872
0.0712544046686845
0.0711119338819456
0.0715376018054027
0.072105861884719
0.0726060668330729
0.0730686335613085
0.0732014275778395
0.0720394942435968
0.0707516933490604
0.0708441440021804
0.0719776912835494
0.0720877288582501
0.0728010083456096
0.072999267533117
0.0722138724379327
0.073689925074543
0.0724873423543965
0.0722967070191694
0.0720822851944494
0.0725396074890818
0.0696426017715703
0.0705847967563072
0.063770609602663
0.0701235613175957
0.085107220357538
0.076324940100445
0.0707614998581884
0.0680105350689405
0.0663803868976293
0.0661046275060669
0.0670173122735228
0.0670798502577932
0.0672664246498212
0.0672137404762557
0.0668044035217249
0.0659185348981524
0.0646776807241845
0.0635361524240518
0.0628997064028031
0.0623812331967309
0.0627176157178572
0.0625229107417147
0.0625459874573539
0.062962011289225
0.0635235834242757
0.0641588642058389
0.0650734711163181
0.0663947520951647
0.0669888110252553
0.0679976494059191
0.0683381091933714
0.0686803354505183
0.0686842573358422
0.0689203805294638
0.0681640797416813
0.0687331681481077
0.0679729896685528
0.0674420785565418
0.0680653775538231
0.0681164384551671
0.0679556217381393
0.0677435600045649
0.0677935627252985
0.0669768168500457
0.0669484255243926
0.0666791527946024
0.0665713726252395
0.066668453598213
0.0668909559479671
0.0669409465250275
0.0667971416231097
0.0664860866960254
0.0657645655177611
0.0650702004263704
0.065753656715519
0.0673016456239688
0.067727747533597
0.0686619300513211
0.0682967499752588
0.067559348670655
0.0672690110747406
0.0658002158882613
0.0673429819237261
0.0686117679489335
0.0688276103422777
0.0689049284363519
0.0694293804324573
0.0688712609076347
0.068530810501379
0.0666638714560976
0.0656736392640789
0.0645956709455444
0.0637329884347259
0.0637452088145742
0.0637084187612997
0.0631548061671424
0.0630560567971403
0.0632738148938191
0.0639135566640345
0.0628246985653645
0.0625877348277573
0.0639006922924914
0.0647044882041544
0.0656173593583147
0.0667472065180515
0.0665539911757349
0.0662211781484796
0.0670913405654078
0.0662301267833168
0.0661837880508654
0.0662789487567906
0.0663998110193635
0.0666344344363734
0.0670648235525754
0.0676372121625126
0.0682135599906918
0.0680820768087456
0.0689898812709632
0.0681606342550075
0.0682376128265804
0.0677462596585475
0.0685002364088195
0.0671462474549699
0.066360433887966
0.0648781120303522
0.0648816076952596
0.065322608774105
0.0660661547552927
0.0658793335213864
0.0657790495738222
0.0657518647472053
0.0653293576111117
0.0647066537002148
0.0647715587522129
0.0644553758824072
0.0642719920717517
0.0631987158249208
0.0621957917531668
0.0614053196845247
0.059830367430123
0.0588381097988704
0.0590776221671813
0.0606212949246628
0.0614932928719281
0.0614092389799745
0.0614434248653368
0.0619120350816407
0.0616712005142727
0.061340610355633
0.0615704423343197
0.0614264856684054
0.0640102784326112
0.0687623427396371
0.0743408836423794
0.0774240595597313
0.0773210598441629
0.0757345722866057
0.0741094037391584
0.0720566055835808
0.0722209495393781
0.0694237523630758
0.0681331278102658
0.0676060187908005
0.066516388077642
0.0670687163667207
0.067803596871523
0.0693818932992013
0.0693845281722689
0.069444632089955
0.0701691320904996
0.0698726628942719
0.0717254241036099
0.0717784153373626
0.071291162579329
0.0704841984843255
0.0694546373357973
0.068513433442453
0.0697237145973542
0.0696069785208323
0.0699482064723819
0.0699865995233473
0.0706087584960949
0.0709201597059601
0.0717524010829434
0.071514970400575
0.0718227075393198
0.0710187962520236
0.0708926273141843
0.0702615433152382
0.0705240059623152
0.0699418740060192
0.0702204702160991
0.0703730726890641
0.0715620903304396
0.0710067810609417
0.0713710963235176
0.0716547956958781
0.0719693503165808
0.0709288692606208
0.0706838243797593
0.0700273014683092
0.0699435204494165
0.0712100326338703
0.0711589594177256
0.0714250383456712
0.0715128117427478
0.0717452582438539
0.0728855417067416
0.0729670257682957
0.0730504318360731
0.0726156441109746
0.0726324146270801
0.0715375416844167
0.0693256565183886
0.0646989927358827
0.0797171405337651
0.0832260889288938
0.0770702949489406
0.0746977924124252
0.0715680713566477
0.0685676060133183
0.0694514285429099
0.07111918350267
0.0713076525439399
0.0715206025718841
0.071365475081604
0.0698066631650498
0.0679742603246759
0.0668912475182171
0.0661213871971619
0.0645440027682729
0.0636561679394824
0.0639015127412672
0.0631466533079584
0.0631272552380878
0.0627848873100382
0.0626301508917166
0.0625358367903504
0.0630774174721598
0.0635239906815566
0.0650782299281581
0.0661779019776677
0.067059484992438
0.0673592050993849
0.0675844794209988
0.0674091960655419
0.0672928380526108
0.0676664796518776
0.0678548836654476
0.0672934299157138
0.0682228849030209
0.068183427658547
0.0678071802905739
0.0679764727790691
0.0682705137026815
0.0679072160038076
0.0677460608311993
0.0673026779065241
0.0667682261774977
0.0666633311978257
0.0666270184689198
0.0663446673535236
0.0659907740965541
0.0653771619370204
0.0633787058736884
0.0616359554870249
0.0616681468288571
0.0630796767992677
0.0641834529334188
0.0652297195457954
0.0662059078845207
0.0659832234943201
0.0660610117148088
0.0659828773458518
0.0651418170067342
0.0655290107954561
0.0665270415013389
0.0666504778353299
0.0662946610020555
0.0666579663603762
0.0650808347732455
0.0635624047537898
0.0626529275625233
0.0624661635986379
0.0619174318277982
0.060801726081991
0.0608492382095659
0.0610891100065567
0.0615352011861329
0.0624707606253511
0.062570664631607
0.062170947297367
0.0614211620130565
0.0616912670966515
0.0625814834783657
0.0635857493634922
0.0643001987480037
0.0637569684163498
0.0648497621305728
0.0649240686276278
0.0651620530306395
0.0653884094944127
0.0655404037213741
0.065966143737661
0.0666855162040739
0.0669613974570934
0.0677660109566745
0.067831670263505
0.0682124083793358
0.0683329133764378
0.0679862467910471
0.0670376349485804
0.0668552184321134
0.0660912016205111
0.0659056310302342
0.0650567388934665
0.0652616056273388
0.064686498667151
0.0653508807251821
0.0656561410704537
0.0654233098413624
0.0652155128401746
0.0651652381101934
0.0644955949325142
0.0639299559056408
0.0645346619993716
0.0652906538291817
0.0646000161241653
0.0628041631914745
0.0608255616980835
0.0595287010940472
0.0593675716684849
0.0620878402361287
0.0633366430869431
0.0654679863134189
0.0660215917322466
0.0661992906790145
0.0658039677395278
0.0650571499901128
0.063902173882028
0.0619231349134064
0.0624423737209511
0.0619245208865667
0.0679782825716479
0.0738508914690074
0.0785692454570196
0.0810319788364064
0.0777708158231562
0.0765039249735663
0.0742763686719801
0.0721206384115972
0.0713689999237633
0.0680715313712294
0.0676205267410264
0.0666430891173205
0.0664008119508903
0.0662211313762087
0.0667972977611295
0.0684797418183483
0.068910017869439
0.0696737012567282
0.0695883139234145
0.0694925308083713
0.0713978662172813
0.0704128806260555
0.0700624877873329
0.0697369014755594
0.0690692324082118
0.0699986475582817
0.0710202805790657
0.0711050450030032
0.0719555255097825
0.0714076986408099
0.0718499541569399
0.071956380137344
0.0721140186122962
0.0718627205034735
0.0715624596121385
0.0709823041846494
0.0704821350194287
0.0695198035189825
0.0697769841061501
0.0703817400375484
0.0704939315132285
0.0703910496671121
0.0710116190078682
0.0704600176578315
0.0710119043392809
0.0716502778588261
0.0719553906735515
0.0721267979926275
0.0707032047457603
0.0697361373079724
0.07034287997257
0.0717144571504113
0.0712517300596116
0.0713954870719973
0.0725309577362869
0.0733110665676039
0.074528637833094
0.075087397217111
0.0742521761079328
0.072761197680423
0.0729628079082705
0.0721466500537571
0.0693990951855539
0.0662022154835029
0.0856407699240692
0.0890913799095165
0.0818979377397529
0.0802666117843696
0.0766997258691467
0.0744006710519143
0.0757178276341196
0.0777042941910144
0.0789074405880844
0.0794597801206658
0.0775088210914352
0.0737031980984655
0.0723991726192137
0.0705138891039871
0.066880819185439
0.0645346449606591
0.0630504466235448
0.0629648573944235
0.0623755000989614
0.0623422753513152
0.0628097951624561
0.0630468843131835
0.0627104345490101
0.062305828586249
0.0626851234387096
0.0631942125121924
0.0644048167370208
0.0659714595881273
0.0670241012141684
0.0671664066610001
0.0674109834140995
0.0675554981639925
0.068471976463904
0.0696715465991243
0.0698347929271533
0.0695537426692364
0.0699188877845321
0.0690965097384318
0.0691330631425466
0.0678243684249583
0.0672515516727908
0.0676336972215207
0.0675267908029119
0.0676434927508779
0.0668651586435631
0.066499722088968
0.0660943290776175
0.0652969761173224
0.0646244683050051
0.0635333101194966
0.0618996962538311
0.0624815200868562
0.0625343233114382
0.0627653731582436
0.0636514946223948
0.0629139904241501
0.0629971253757012
0.0626559206344609
0.0625380153032506
0.0618485410129914
0.0611830544590444
0.0611467686538061
0.061427854319126
0.0610160882967642
0.0604473188369773
0.0611942461606412
0.0598257062031595
0.0607445898723302
0.0608803251303308
0.0601957730701237
0.0596094076918845
0.0591424168527789
0.0594219387993471
0.0596577863823703
0.0603795451496634
0.0600429283921562
0.0600064755105237
0.0605987503030345
0.0605486746125216
0.0607471411412412
0.0608413490006637
0.0615413295297491
0.0621332442853019
0.0630652729507932
0.0637646920592105
0.0629626704556411
0.0637116680596221
0.0644654455688275
0.0650286972916726
0.0649750212468697
0.065948536118642
0.066234889846243
0.0665363561810098
0.0676043308221987
0.0683116800858747
0.0672018283973165
0.0662230238521393
0.0650770359204474
0.0653623343816648
0.0657015329551139
0.0661372127467983
0.0660771434406679
0.0659855964792183
0.065168429948468
0.0637355347128782
0.0631109015270846
0.0635139749236347
0.0640750194995939
0.0646716867073567
0.0653892736392753
0.0669490163374618
0.0663001812008617
0.0640781088519395
0.061076772177478
0.059997045363603
0.0605545102269225
0.0638177611293447
0.0695893997653516
0.0729660656355045
0.0731230666535767
0.0727170988918108
0.0716919792029599
0.0707199933441973
0.0684334988754843
0.0661918439929342
0.0648162598680473
0.0638484603985427
0.0638147974959659
0.0821776979095262
0.0880404414898839
0.0872089159681267
0.0845664023731686
0.0793785002376801
0.0788599728512754
0.0769839449845924
0.0730195069946742
0.0713973080562509
0.0687983920222937
0.0680913565333224
0.066857025542232
0.0655155296464377
0.0659356494241303
0.0670246646331239
0.0684177654598184
0.0688481666302925
0.068489879228583
0.0691270481952165
0.0694168453915373
0.0699434145820164
0.0697724513323082
0.0696176782484301
0.0690586860814084
0.068561346975045
0.0692848825453098
0.069997662760914
0.0701432175322386
0.0698758682270947
0.0706160190855395
0.071361276753723
0.0719689064319216
0.0723033112893378
0.0726511249007926
0.0722554575244671
0.0708485501555977
0.0697699546781063
0.0697734416822156
0.0699226838360158
0.0698894631655206
0.0701532513233993
0.069999815749567
0.0710449729846915
0.070556395417854
0.0705984002833269
0.0709006977271232
0.070556708429498
0.0715883272015507
0.0709403767432167
0.0707139265543348
0.0709783093397406
0.0713153363380152
0.0708552720584735
0.0723303413021171
0.0730063029823859
0.073645179831973
0.0747783165828786
0.0761383594470835
0.0745312520016601
0.0743306089885933
0.0743720156924342
0.0717215498147983
0.0685954418143638
0.0678961258492921
0.0892323746419466
0.0908081487831507
0.0868081041055649
0.0819100894022059
0.0785869151669397
0.077230993779826
0.0820862399545458
0.0858795043742274
0.0881337279655521
0.0877691942762608
0.0856390048515406
0.0816366955104303
0.077320782748108
0.0744933011698375
0.071828119083553
0.0689971326717066
0.0674057439941547
0.0656090387302806
0.065645106475326
0.0638129561182889
0.064066516844266
0.0637924926389612
0.0635762757555467
0.0632851784810769
0.0629673289625143
0.0631992364229893
0.0650537401780969
0.0662648401016022
0.066907970244689
0.0667195326907605
0.0677806287946666
0.0677195055601125
0.0685888976625436
0.0689529832935362
0.0689393082401134
0.0685673577432339
0.0687129485261796
0.06858819120829
0.0683204413099821
0.0649449758418931
0.0645545319786507
0.0648631948539957
0.065621890411641
0.0654174469363451
0.0645745609686941
0.0644460253151126
0.0638403983037247
0.0634434030416228
0.0624549473542201
0.0624691630238879
0.0623319187070833
0.0626854823248178
0.0614354486950555
0.06142462530076
0.0614898841871002
0.0607993433912692
0.0611531371039301
0.0604938333781429
0.0609621175373017
0.0599376775978463
0.0594979206441694
0.05820990097674
0.0583972022385361
0.0589467852518767
0.0596696839561354
0.0596310965834004
0.059019521706345
0.059068789088996
0.0589503483709868
0.0589127713474065
0.0583141605276777
0.0577590396959945
0.0576405007692759
0.0579893074663854
0.0587392776952328
0.0594030673919616
0.0595272011040252
0.0590590866906213
0.0592545237193311
0.0593963094615387
0.0606146030551503
0.061071199583724
0.0615250162424183
0.0615291116303596
0.06215322496037
0.062293142064456
0.0627876306943927
0.0637494162297409
0.0644227297074456
0.0649240107511037
0.0651874813662876
0.0654577023919804
0.0661967609931845
0.067577999903905
0.0683826073433656
0.0671215429641733
0.0654993348496988
0.0647327669916012
0.0643791086027406
0.064837911107528
0.0669104979770816
0.0674128438676297
0.0657901938102906
0.0640552455368535
0.0630979914975776
0.0635032586085903
0.0641492495943714
0.0641355988510177
0.0645161259180053
0.0660692488682505
0.0653412331080563
0.0635676974211722
0.0616215815356475
0.0610261798242843
0.0635916070518168
0.0648752821236023
0.0713047468843271
0.0829572426240619
0.0860345546328208
0.0844237109371733
0.0818837819958578
0.0788888022373373
0.0754734787668566
0.0704860705455325
0.0680691517020643
0.0663491775080704
0.0658340719128113
0.0683117136142344
0.123431587147722
0.127835987715172
0.112150046365721
0.0936839886411554
0.0840230694346276
0.0823729892461956
0.0794056701282095
0.0725222659951146
0.0699884011448467
0.068600432610237
0.0676627854769032
0.0659937368708883
0.0653455994813208
0.0659567889136068
0.0662682536459777
0.0669577960061292
0.0676817437417383
0.0684117236131378
0.0695518959256362
0.0701386436169778
0.0700617700342934
0.0698195542133462
0.0693634277285716
0.0692100830325132
0.068922601487884
0.069284284009242
0.0689204015271909
0.069652962209205
0.070035713109307
0.0699371124669574
0.0707316374092805
0.0709793741775122
0.0719849133615489
0.0722155982699562
0.0718998238157134
0.0715131066888338
0.0704092290615857
0.0697074708012431
0.0690716999253394
0.0692615401784712
0.069529723399343
0.069791396008287
0.0705001690412138
0.0706601324650186
0.0708001062287423
0.0703003885065421
0.0699663117536735
0.0713948899933514
0.0712194608943679
0.0712311216831337
0.0703806205703691
0.0706894460685341
0.0708259034938569
0.0710197924668553
0.0720136350158739
0.0725019132635124
0.0737382495696995
0.0734621134710668
0.0729652762986925
0.0725678392734633
0.0713341571854118
0.0697342854730095
0.0695160456644864
0.066791039707089
0.0815762380332025
0.0856038235048162
0.091822385470928
0.0899374735770854
0.0858633326896546
0.085783702136336
0.091443523180124
0.097967186360581
0.0989875853705153
0.0972752244294693
0.0949774335453543
0.0872987497563294
0.0834155541693362
0.0803754353157655
0.076655062603798
0.0735140118608683
0.072475204008564
0.0696898326310172
0.0686245963154177
0.0677294117000417
0.0671207167654865
0.0664906180284329
0.0648106492276286
0.064135410108077
0.0637063585787301
0.0636175991765584
0.0638658998841541
0.0644559094407514
0.0651267583855352
0.0643710386175298
0.0648490897171665
0.0650832958628472
0.0654030091928304
0.0658708371940596
0.0652313188035273
0.0649372762140648
0.0656339428071143
0.0657603210051615
0.0660518103409479
0.0634386775352105
0.0637631879088239
0.0637088099769549
0.0639109481369946
0.0634561747123071
0.0630795563635669
0.062808774681869
0.0620153269781418
0.0622494179543825
0.0619807513692238
0.0621688019772045
0.0613940545516644
0.0613193626365738
0.0608195500956889
0.0602966494804381
0.0597132521926839
0.0598482081575887
0.0598882125233273
0.0593050360857109
0.0594441558015588
0.0582987628735278
0.0585616368100497
0.0584912506416754
0.0578974558664016
0.0571435313069658
0.0560906924147144
0.0556927305025857
0.0555362256881595
0.0557577092996104
0.0560646706822975
0.0558646888036139
0.0555206682043575
0.0552644954828083
0.0556371999405917
0.0567058283726889
0.0571598435452955
0.0572316921996312
0.0573744763121119
0.0575835574789917
0.057428698859394
0.0582832817797643
0.0591828701575353
0.0597062472356161
0.059946880998568
0.0596233542848974
0.0601876901989513
0.0612081401012644
0.0624239665645636
0.0626129829756134
0.062858088651222
0.0636683887755471
0.0644463926435169
0.0643437698041083
0.0649398633120971
0.0661874090563528
0.0660181028023015
0.065960768598401
0.0659126504859172
0.0648081575732093
0.0645622904876087
0.0650837745886182
0.0681176340486275
0.0690349432255223
0.0676721521090079
0.0654370964105695
0.0641185280304257
0.0651338070672571
0.0656434070539667
0.0648571083455133
0.0653867266353692
0.0655908854885622
0.0636305513443836
0.0620795868674607
0.0617651335511627
0.0626982533329853
0.0683045197772077
0.067723121358656
0.0823984901536279
0.0971967633794592
0.0950542916250731
0.0916601108826526
0.0897145213195496
0.0853535237897691
0.0807884240481201
0.0742277009444579
0.0703030500750832
0.0672987542367191
0.0661436318066757
0.0690832900551217
0.111422930043751
0.120655049452202
0.127208089450178
0.0991946200241246
0.0900743206874843
0.0835809065602871
0.0789067566271164
0.0730787317158833
0.0684212630720077
0.0674051201511203
0.0659185089829305
0.0647862593357838
0.0653602138756973
0.0654965722095602
0.065806231937052
0.0664126664554654
0.0678430138136954
0.0686946737697267
0.0687966509731787
0.0687333193554562
0.0684430447819852
0.0680691323928473
0.0675874205365348
0.0679416826374953
0.0684650731779474
0.0688119049470741
0.0693558806467813
0.0702121193784153
0.0704875787857303
0.0704630208911894
0.0701432622125483
0.0702311672894358
0.0715050042769239
0.0725596854190149
0.0718227800806854
0.0714843538825124
0.0708079214425954
0.0693531069150366
0.0684633416406354
0.0679754349910594
0.0689094263194126
0.0688188409465074
0.0696594161407256
0.0704768088985828
0.0704345876854684
0.0692732471417148
0.0689114516894086
0.0702504859272071
0.0710628109481866
0.0707231118873486
0.0703910106830048
0.0716315299120083
0.0720710320242493
0.0728032148927394
0.0723434063737547
0.0724128371274731
0.0720271803213044
0.0713848736595481
0.0718115166771558
0.0707059432969021
0.0702525254033266
0.0699344722706723
0.0691615476278773
0.0652883322058751
0.081240925995282
0.091953647839018
0.102583870472166
0.101743782264624
0.103825613455247
0.101762564066693
0.104606901746905
0.115044790660415
0.117865598803565
0.117358596046165
0.104403132342125
0.0936873373423573
0.088545464599816
0.0845422362820209
0.0835862787330833
0.0824314413038296
0.0803009808982796
0.0782889371004407
0.0769571710529098
0.0744098958051645
0.0729436876475012
0.0700869440629091
0.0666410251256406
0.0650316678036617
0.0634679496069375
0.0621455514117127
0.0610376048340501
0.0609619862485648
0.0613195165792015
0.0612033701176785
0.0620049420078063
0.0629613334484295
0.0631994141241148
0.063458010195212
0.0633176176607463
0.0631904925937939
0.0632652120901075
0.0644175564500412
0.063663827817065
0.0616472214282541
0.0615925308410941
0.0611597043958996
0.060510093613747
0.0602912426535356
0.0606076850018271
0.0604311126801399
0.0603664888887712
0.0608204808889227
0.0608043459816046
0.0610909207909299
0.06081116211178
0.0602912452264778
0.0589469652831189
0.0587973246750224
0.0586691521629435
0.0586081109088201
0.0584559401748525
0.0590173436691937
0.0593142993001803
0.0586837425980853
0.0579300997920302
0.0568446661016845
0.0562393665688108
0.0561272043032689
0.0564063081119469
0.0573509656541687
0.0575472492183667
0.0570545813097136
0.056899130534669
0.0563519445872157
0.0561419979020786
0.0566533581291382
0.056931742673383
0.0566061916403259
0.0571846380649743
0.0562276823822865
0.0559933191182802
0.0568849896882739
0.0564531663630647
0.0566705504352414
0.0576404632733518
0.0579753177577724
0.0585565779756354
0.0591476601676358
0.0598004167360972
0.0603924553688354
0.0613800234049474
0.0618984610172909
0.0627084268183366
0.0632076027963684
0.0634234051290917
0.0638997052404941
0.0654449467768136
0.065270749301408
0.0656107663168145
0.0656357249126043
0.0655267074122153
0.0661046687878972
0.0654287143228999
0.0667010791925938
0.0680541190674763
0.0682767537936186
0.0668555484368368
0.0654470095727873
0.064557419724087
0.0648854532980661
0.0646767299891052
0.064168092045724
0.0644407307513835
0.0638278571327163
0.0623838965374188
0.0609955275643341
0.0617990668109004
0.0633127837081517
0.0703517407686696
0.0710471661648046
0.101778519608922
0.156867511026905
0.13500793256056
0.11348719952173
0.101551756758978
0.0929397293419595
0.0863256201808832
0.0788284583555658
0.0736314793836596
0.0706531553389904
0.0688950031223722
0.0714910799934419
0.0944466891286058
0.117842811568166
0.134183112648189
0.149063970345412
0.0984983288399384
0.0826151509104972
0.077737011040207
0.0731439848554096
0.0668472285180163
0.0647890964691315
0.0638490322873272
0.0641331762937435
0.0645684821302336
0.0646448413988411
0.0649512557495749
0.0656080962850205
0.0667655223631179
0.0671762014470409
0.0671829692940561
0.066605616070187
0.0665090746074632
0.066281816675233
0.0664927993025373
0.0677231830575453
0.0687402949780617
0.0695199268984727
0.0698359196206941
0.0706928092968646
0.071135814937577
0.0705987377954252
0.0697853403472772
0.0701575778819014
0.0706026878280952
0.0718858373684884
0.0724172423716899
0.0714527009751811
0.0707983054246731
0.0694144714734171
0.0686881941995474
0.0680554139042561
0.0686672397711449
0.0688415190508874
0.0693771900821966
0.0701844837755707
0.0706847677639863
0.0712122753510683
0.0691181078769829
0.0703138343079754
0.0719389091127525
0.0708529906105397
0.0698518516445622
0.0711206929752462
0.071525717678582
0.0725200932674742
0.071787867169425
0.0715486898467189
0.071302105129428
0.070867753190321
0.0694767942642397
0.0691019759614013
0.0698381936506471
0.0700191753353844
0.068275073166977
0.0746102515383972
0.0964915658084642
0.110548003886324
0.123788662594099
0.121228411053953
0.134926171794833
0.12331412214637
0.123476555165453
0.138220790025883
0.138551773651276
0.132434351843491
0.111704189884558
0.0993602066553418
0.0961622972847474
0.0926930002464289
0.0929287294899506
0.0927084856080859
0.0917040252040846
0.089053059263012
0.0854134014127855
0.0767652467521622
0.0730571561357402
0.0706967745375505
0.0678490184585513
0.0645776445665983
0.0625336657697233
0.0609540903678806
0.0602219648225442
0.0597101713794264
0.0596780129876409
0.0603488644247895
0.0611677716669421
0.0618300155284592
0.0617162392871926
0.0615970823036823
0.0616833905443271
0.0613243733864872
0.0617341177923548
0.0620716852598845
0.061961227050345
0.0608794697528331
0.0613509678285481
0.0603971892017215
0.0597045239842443
0.0596427137550857
0.0597587033803847
0.0595493478226745
0.0592209279931701
0.0596605880173137
0.0597043573361654
0.0589717909746895
0.0588788142862333
0.0583372984702086
0.0574168115879672
0.0579280593633
0.0578148707444566
0.058858256376094
0.05844435060811
0.0579721214533393
0.0574786178218677
0.0567014371568826
0.0564382859429016
0.0562875648632277
0.0557041200641717
0.0556049160859083
0.0561249280725727
0.0561112477011069
0.0570447893877758
0.0575797955418995
0.057918359055274
0.0573960072306718
0.0571139336952278
0.0568834135699976
0.0565071060759233
0.0565850491786748
0.0567421706832387
0.0564222827402837
0.0562628992797471
0.056453000936274
0.0568446077859712
0.0574452273180363
0.0576520381619821
0.0579082033228054
0.0585324677573971
0.058976923119136
0.0594645080822571
0.059513669040533
0.0597253605572509
0.0609304811564315
0.0610830954243177
0.0617692956122356
0.0623320138536482
0.0634688845947984
0.0643701876362819
0.0649469206428647
0.0652445480719176
0.0659110429755437
0.0670521703818403
0.0673738642057896
0.0670957443648999
0.0674290762420247
0.0667009850170452
0.0671279069953412
0.0656686829412254
0.0643855646638432
0.064349253562276
0.0635429849344773
0.0628639961129991
0.0628693459281753
0.0633697448859025
0.0621213235089925
0.0611011983292354
0.0614363068347773
0.0639169145050457
0.0649173479812338
0.072227823763602
0.0734462164885084
0.141896762194129
0.176892863443466
0.150414343783697
0.123836378511048
0.108512398773536
0.0972653571881764
0.0883233101896664
0.0786498926814001
0.0743001942410664
0.0721097384463187
0.0704115124554727
0.0722669282685514
0.0855247756315537
0.106907674188557
0.1395211064905
0.155899378357261
0.105727611701838
0.0839268054639389
0.0815788478395308
0.0713714225602131
0.0649005064195303
0.0627465291543826
0.0628209253903982
0.0635828455031334
0.0641286429021825
0.064320167847423
0.0645346698173368
0.0653127152427567
0.065534391017397
0.0660454196773563
0.0660301345469548
0.0651792375937262
0.0652948223859583
0.0653089366253474
0.0661832560342036
0.0681653047738434
0.0696369460185597
0.0694635061100045
0.0695035189783052
0.0711312694741968
0.0709825391747359
0.0693969423973733
0.0692788852500149
0.0698263342555726
0.0709187881495986
0.0713908023355726
0.0716828731311417
0.0711058654455437
0.0702807360188206
0.0698399485184937
0.0685650600551129
0.067955492364467
0.0686431361777838
0.0690116995137519
0.0690036816935046
0.0693946926958932
0.0703227114781332
0.0706399163346359
0.0703045114212698
0.0713289890772461
0.0709203600226047
0.0708370451296668
0.069868733264906
0.0712255608799609
0.0723192594499068
0.0724790323495895
0.071679439354826
0.0717747901464649
0.0700816816219087
0.0693304568674215
0.0687982846826349
0.0687443993969985
0.0696064993813943
0.0683884271480541
0.0660217492110107
0.0876046676813681
0.123311772958844
0.134733634679052
0.14596749286663
0.142629768111844
0.173961108253313
0.153536033726648
0.150018079178022
0.156395477588009
0.154134944753552
0.146151114177623
0.120715687579724
0.105017034414129
0.101119555060555
0.0971993704179555
0.09692621092705
0.0973578814495222
0.0960149806614795
0.0917691712403059
0.0849134807691966
0.077154076621531
0.0716681667141004
0.0684831640960418
0.0661164042450003
0.0634719708681624
0.0619353342929625
0.0604071185530428
0.0593100331947833
0.0590408164607625
0.0591494694443199
0.0595239333763453
0.0597930755724358
0.059995429893655
0.0603665365839123
0.0605608273473592
0.0606111136211621
0.0609220424652287
0.0612357636208222
0.061243388983998
0.060947137770688
0.0617268142646101
0.061343551015954
0.0607952293328823
0.0599058600138124
0.060001795189366
0.0600721216651294
0.0598765891157471
0.0592548950043562
0.0586719903751524
0.057957806973125
0.0575764578257357
0.0569634616870216
0.0571221693033173
0.0572944476852242
0.0572356238046626
0.0571905350575107
0.057975915034619
0.0576270004141623
0.0569551774224317
0.0563955375817377
0.0569129359547445
0.0567046778197648
0.0580018427532061
0.0572406747557701
0.0560346435083875
0.055621387196791
0.0561238642157906
0.0564880504012521
0.0568334075554977
0.0567290585660699
0.0569738687116126
0.0570177524634995
0.0570374486362629
0.0568523152796552
0.056964183707463
0.0567629489270015
0.0568672900120486
0.0570971562387592
0.0575034410068049
0.0581508132604124
0.0586402791864244
0.059182053135379
0.0589745942168677
0.0589070493150802
0.0590031968749586
0.059038554404754
0.0589120384349808
0.0592576660855312
0.0603611233851414
0.0606407783217825
0.0608692307995913
0.0610455639756579
0.0614536996354718
0.0628840819752246
0.0635773090584349
0.0633300149197314
0.0637948038523388
0.0646472705233656
0.0649885061406351
0.0649786700345041
0.0651811211600173
0.0650085605307969
0.0644411269781841
0.062829261548139
0.0622101776849096
0.0617094765687388
0.0610657464460974
0.0614239769206847
0.0612188508380883
0.0609903900057782
0.0609137843902399
0.0620476457563564
0.0642361578547711
0.0664091060858372
0.0671073881512806
0.0771822816609528
0.0761479790744401
0.117534560826867
0.139801232203011
0.132369556554266
0.121769083147119
0.111431782659296
0.100471241162591
0.0913241786615388
0.0815715763914724
0.0761083622948969
0.0725609470640069
0.0721926576831486
0.0735538328247716
0.0839714786000971
0.0959945833455734
0.105267619539245
0.110458848247297
0.115918819071192
0.0949742791606079
0.0874815353277116
0.072220555943272
0.0657686786253598
0.061242404290809
0.0616253439629289
0.0629719098917878
0.0637518562078784
0.0638792350360891
0.0644553718559151
0.0648467594386746
0.0645328437025092
0.0644610444521413
0.0653849156458755
0.0653665783727262
0.0653186986307147
0.0650813317190713
0.0661799116960855
0.0668244133709072
0.0681312622252787
0.0685169916803961
0.0691334687904315
0.0706687586511202
0.0714304797940157
0.0686357960964825
0.0681970741755199
0.0680477409274929
0.0686464255202691
0.0692421987650793
0.0700757825912268
0.0697985112362706
0.0701152812533174
0.0701088915669729
0.0687988583314376
0.0683314436236566
0.068070024904465
0.067795060563169
0.0675729967285457
0.0683695296890316
0.0690981998542545
0.0697114945072459
0.0709485836215084
0.069892693779009
0.0696770485988309
0.0702897347540326
0.0705623089888939
0.0720501632185359
0.0719551322445247
0.0709627119338148
0.0715315094457455
0.0708587141722632
0.0696032082303648
0.0687656717218997
0.0686678559600712
0.0690721019815078
0.0688119030036168
0.0673539920921676
0.0651513531515989
0.0991587818310346
0.159372367368493
0.159735257501678
0.172727280678968
0.180882997549223
0.181017199101067
0.177053133417959
0.181155997504798
0.176599203649785
0.164567967496203
0.157252652144292
0.129998523756706
0.11564065155367
0.112411713028195
0.105994197705646
0.105494362740914
0.103625891525938
0.0984004718939139
0.0887056936979743
0.0823189282400475
0.0763698035693463
0.0733325684599617
0.0695008937874218
0.0664769093524156
0.0646209825628093
0.0630009881549068
0.061192831697413
0.0598968065034274
0.0594364119742782
0.0594381009639762
0.0591412646447524
0.0595323494963414
0.0597550136425699
0.0599453783926052
0.0602091396538583
0.0607634512001167
0.0609665309318014
0.0609494303247506
0.0610525619020409
0.061173089155161
0.0621037186943361
0.0624465942939806
0.062592096568442
0.0618325052140668
0.0606989091003852
0.0603601736121096
0.0596889728560435
0.0596648478673344
0.0590109549779499
0.0587438548518503
0.0581297706599155
0.0578439484365165
0.0585353130524306
0.0590188092630243
0.0593762997347388
0.0592938453722764
0.0598641295551278
0.0592624174631631
0.0591360249256634
0.0588492641527886
0.0585670370479042
0.0588338575213832
0.0595076045833525
0.0588826692725324
0.0581812521618931
0.0574786425874621
0.057364589891329
0.0569890227377326
0.0574497524307803
0.0577259050228946
0.0578944326133108
0.0582542842428573
0.0581589577193438
0.0577906607913606
0.0576596784791279
0.0578195856240219
0.0580551068453392
0.0583577028374611
0.0586932103067527
0.0593310178025652
0.0595337419006617
0.0596313054092805
0.0595443880434043
0.0593288661626915
0.0592426409709148
0.0593090569574133
0.0594969574792631
0.0592938149403723
0.0593178628202058
0.0597779192460326
0.0599117282379449
0.0602492215620768
0.0604268020114189
0.061400910714525
0.0617294403430999
0.0617617166389842
0.0617514986231986
0.0622507144816408
0.062818708236249
0.0630825377588892
0.0626556019605526
0.0622173304846736
0.0616769032451587
0.060669521120362
0.0596961561803266
0.0598020919882622
0.0598349592939534
0.0597119879192074
0.0595894220093994
0.0600266637609471
0.0613889870649009
0.0645313269939313
0.0673448988059953
0.0691073544657142
0.0724936549540136
0.0872270704292376
0.0866583865746086
0.119265149506231
0.13066759374001
0.126705575547865
0.118932341651739
0.111111009425277
0.103621597300389
0.0943152018296417
0.0858265762704628
0.0781932422301786
0.0746706017556089
0.0728772940128796
0.0734778390079679
0.0817640492564972
0.0883414674337299
0.0906099002493585
0.100720881526705
0.123466996531027
0.107501926441467
0.0964555427954085
0.076164842341681
0.0680810634673193
0.0616604177700431
0.0605516243616206
0.061789077807106
0.0631533070367226
0.0635918308729692
0.0641434052001501
0.0641258896611223
0.0637789376083532
0.0638126832140131
0.064276568201687
0.0644744073325963
0.064665515704876
0.0647056779748609
0.0661053643486496
0.0671103356991497
0.0689400932138989
0.0691703520460186
0.0698515107215341
0.0702076550847182
0.0697820174447571
0.0681040105233122
0.0668687337247628
0.0666109769832024
0.0681171463267533
0.0688503656887501
0.069137810533085
0.0690992222054378
0.0698498810410466
0.0700117452890376
0.0686684155005876
0.06623689781263
0.0666690348725376
0.0670843781377715
0.0674900814869643
0.0676029430247305
0.0687178831366879
0.0697871996764211
0.0706525581887383
0.0708393907849692
0.0696156016337655
0.0701892409649595
0.0695568009183452
0.0706006419755002
0.070233220798266
0.0707891724050603
0.0693116984679553
0.0688414702773286
0.067851097302351
0.066643405562902
0.0667964346997326
0.0665826943356321
0.0672996925383319
0.0673153149005378
0.0634480706530431
0.105517632673356
0.187213085983177
0.198979015764033
0.240272790093493
0.209506401251612
0.19703305429696
0.203513163105247
0.205215261352143
0.193072478212711
0.178154908439201
0.1698381777696
0.143833656408898
0.133768532097411
0.135062949581087
0.123976221963675
0.121698839171846
0.107889898167741
0.0974540237727447
0.0898079616772731
0.0818335141222404
0.0758332592328501
0.0701611920331581
0.0664809393388111
0.0653910941684667
0.0640312879456836
0.062913039799298
0.0613938866658775
0.0601180442674749
0.059791877439471
0.0597467024231834
0.0595226600858955
0.0600784460827569
0.0603313497907508
0.0605265568852765
0.0609351746094147
0.0612856255897533
0.0613885182220094
0.0612291547250803
0.0612491353442931
0.0613726059170758
0.0627249112983963
0.0636672621904463
0.0640132763644634
0.0635345480988283
0.0630418619865873
0.0628117883503206
0.0634865420714846
0.062204299812435
0.0622314880560556
0.062199273418024
0.063189841272027
0.0643049440167796
0.0644543877967294
0.0633092349673093
0.0623796224238858
0.0634226121789751
0.0649286535762283
0.0654364165735314
0.0640561087380451
0.0621584002210035
0.0601624299741379
0.0596662156609108
0.0588402836673489
0.0593830395172299
0.0597364909636698
0.0586500618000136
0.0585887680484437
0.0591609699012531
0.059626651185382
0.0594948262513726
0.0604114298975884
0.0607794562602268
0.0612312280524961
0.0604370472435585
0.0603214139246775
0.0601125143027699
0.0602140182904694
0.0598071690629565
0.059606773327261
0.0597600141088251
0.0597720464838444
0.0604065330361408
0.0598423999315696
0.0594759499415019
0.0595085807699608
0.0595934501171443
0.0595842709444891
0.0595882706719991
0.0594253917183
0.0595549515350625
0.0594056877377217
0.0596260808202644
0.0600276557537705
0.0604384051062515
0.0606800141441932
0.0617899271227384
0.0610284386215539
0.0609474649548191
0.062196994715576
0.0622423466313269
0.061943523299928
0.0611723926666752
0.0598699878024858
0.0593982091357816
0.059273849610461
0.0596648346849683
0.0599879543914853
0.0602772681664749
0.0613921104890164
0.0644099065788819
0.0664827817048566
0.0688406734413171
0.0717156810079337
0.0751306360333839
0.0782048953541677
0.11507073920517
0.111404672738714
0.185473604324467
0.226827294614823
0.217236586461527
0.169040465433929
0.134804320179426
0.118051858182575
0.105931918575604
0.0929760049058561
0.0830163426168796
0.0772841626477406
0.0734685670404734
0.0713749702596735
0.0742646861971725
0.0794325982788128
0.0811947812711499
0.0840920673175065
0.126769859574434
0.0862873984470263
0.095877138782175
0.075964913920554
0.0672151440561755
0.0623105172541833
0.0609343973014947
0.0616410741676113
0.0625032252321682
0.0630955932949505
0.0634981162267817
0.0636405976743818
0.0628159164881998
0.0629489386875432
0.0629915819958906
0.0630459897620393
0.0634303817273571
0.0640173790166374
0.0663107983164943
0.0678466784203709
0.0684355025594714
0.0691302796061231
0.0686394696135967
0.0677122379059213
0.0677627998709603
0.0668879099126226
0.0660663001288433
0.0668726660956604
0.067968806766647
0.0686709410082317
0.0700951641170907
0.069185200607434
0.0706290518497634
0.0698428394003497
0.0683227096126648
0.06781185577074
0.0687611343153993
0.0683100098166531
0.068374466887664
0.0688236711926659
0.0689604253454252
0.0695224371402871
0.070015797531572
0.0699111934642442
0.0692600070144461
0.06917095248219
0.0700677458037115
0.070822042036684
0.0701872329944292
0.0692952186998964
0.067549047482404
0.0668830142628149
0.0665730223879152
0.0665921920427852
0.0667820932441996
0.0664233513174998
0.067741690228757
0.0666918889404564
0.0640668372044792
0.0865732004743685
0.192747621430327
0.243387011152768
0.284416354821786
0.223904937560806
0.200761754209576
0.213640155806284
0.20657369270777
0.198570182815305
0.19308713729565
0.185365140610474
0.16697906138173
0.154192078760467
0.143636612945151
0.132579266244928
0.121213645094007
0.103370975252386
0.0917021991561546
0.0865940463659383
0.0779834826836361
0.0732652592769467
0.071047273798339
0.0678992741429918
0.066449388695703
0.0656666639794067
0.0650475492272756
0.063120558004845
0.0616837860861069
0.0617949716405043
0.0612375253197113
0.0606316805799004
0.0610898385876416
0.0610783296720254
0.0609588314993706
0.0613920630503657
0.0616583076476812
0.0613738542142484
0.0616104145307453
0.0614904256422776
0.0620953043687999
0.0670970679364884
0.0679273112555292
0.0678018288052293
0.0671976605969191
0.0686574535422935
0.0700107438613362
0.0691752855093911
0.067774146299753
0.0679979504737809
0.0716631345841105
0.0801970143038972
0.0811553311274385
0.0811083048980997
0.0769743251514009
0.0733912204966375
0.0728388107247746
0.0753825599521619
0.0732488281220726
0.0707390284448635
0.0679622457585978
0.0656515967212443
0.0646571773806212
0.0638197121461124
0.0622872836923324
0.0614563498379883
0.0611122737280883
0.0616046959855789
0.061990188772515
0.0628915567192432
0.0639115367198942
0.0629651436494591
0.0635041791104654
0.0634558823712663
0.0630561668221012
0.0632933790768745
0.0629061726086995
0.0627300082317579
0.0623839631666484
0.0615091765059134
0.0615006910833508
0.0616959449832839
0.0623214861698767
0.0604492044603418
0.0605146563186517
0.0603885639878021
0.0601603469515369
0.0601893396754298
0.0604843692599503
0.0602969195030917
0.0602285989933388
0.0602982003245689
0.0598048471603436
0.0596315577040614
0.0596504059356844
0.0600594071763981
0.0597276076045435
0.0603243645238852
0.0597124312384685
0.0605480555652996
0.0607552820673799
0.0608915924973322
0.0597905244528892
0.0591823409453478
0.0600013730841413
0.0618309750726256
0.0648237170178298
0.0670441361541
0.0657821826252259
0.0668298425890314
0.0698190944146408
0.0713098853361233
0.0718397035842235
0.0736119238756009
0.0792535119591474
0.0841374738954355
0.0949598589297228
0.101187989810356
0.146921562034416
0.170429432228532
0.192031211371404
0.188232094136012
0.15005934972341
0.127604644904364
0.114007302302432
0.0998599567566639
0.0881763293976626
0.0811395164049421
0.074749467850556
0.0695326970234268
0.0698135019458853
0.0722373237678198
0.0741616839751559
0.0732672494120952
0.12496433758524
0.116320467036011
0.0928522978395646
0.0762738241080759
0.0669857685121826
0.0631845291653163
0.0618690647747865
0.0614994106999805
0.0620670535777379
0.0623644112319466
0.0624294638561662
0.062453103845494
0.0617849212318744
0.0615923339280524
0.0624367537391684
0.0635989307627111
0.0635820876560198
0.0645939323339357
0.0662301746872301
0.0669961637308712
0.0682840237201649
0.0669054197164435
0.0669185430220637
0.0669774747677696
0.0665264694541916
0.0658746174895099
0.0658543722746143
0.0660679854446878
0.067424351461025
0.0677673034387827
0.067742257183809
0.0678473066932508
0.0682477218364033
0.0683983813063566
0.0684955984314197
0.0696907406676661
0.0688013524632226
0.0672681194962048
0.0681787254543963
0.069497076757677
0.0694150257529791
0.069572450457895
0.0702087201234
0.0691328636817176
0.0683724373472487
0.0686759792886237
0.0692133479442042
0.0702904416336705
0.0692913935280262
0.0685198979036717
0.0677530029056191
0.0672390905518321
0.0669485638117602
0.0674339607909944
0.0666194342224773
0.0663091006323585
0.066918018426967
0.0653496823016178
0.0638175985881304
0.103636075306329
0.274709749035352
0.301171580335306
0.295389053147988
0.218896036480204
0.204605886768874
0.203113531742994
0.196802087135802
0.19706754025014
0.196738814602767
0.194091004704112
0.178766370178658
0.165189060713907
0.158020835650505
0.140558282411524
0.123899510927842
0.100853803726194
0.0883885207395968
0.0849008365407805
0.0768483098956567
0.0738420064889888
0.0725313236805383
0.0692102287529274
0.0682237535117693
0.0670120442707002
0.0670372992506318
0.0644300391517094
0.0633824370556184
0.0623170791495807
0.061772180429542
0.0611430530401104
0.0613729619733561
0.0608883286698637
0.0610681381921706
0.061705728820689
0.0624695880549802
0.0626352264230093
0.0633286115519537
0.0642912111645605
0.0658181432122476
0.0660196734097103
0.068601557827888
0.0696218131715762
0.0696909084792718
0.0698955860928237
0.0724490707974902
0.0767307090802465
0.0791868445295858
0.0800822507843985
0.09672979041586
0.119919880597669
0.123648443145131
0.126246128816278
0.111254947423869
0.0998541816926214
0.0982179077545101
0.0980211634427213
0.0888637234828957
0.0811545971822878
0.0780867390215438
0.0745980900726029
0.0728576256025355
0.0694873291933655
0.067408331190322
0.0671033521068855
0.0665807096934841
0.0669917444549421
0.0676633971197315
0.068664613268786
0.0687239066054817
0.0676752822135027
0.0668964228787712
0.066480608006958
0.0666392473000962
0.0664740141943545
0.0662754733959949
0.0662090585031287
0.0656240617768345
0.0655818054350218
0.065334078632862
0.0647020658471683
0.0637062504817096
0.0626400586131091
0.0621246888824269
0.0613052521907819
0.0611953555248171
0.0611798347363113
0.0611267944194663
0.0609022329974013
0.0607619293051509
0.0606153666184962
0.060114047797779
0.059842159159691
0.0598343856112718
0.0595784390970099
0.0591273247011
0.0591933456229384
0.0594561397449248
0.0595477738411045
0.0593372648489969
0.0598008933037382
0.059247757399151
0.0634077952909002
0.0660398984260241
0.0687471245053612
0.0721543978357847
0.0729996022014417
0.0718069672607195
0.0718490036321608
0.0744445862906586
0.0742252204864235
0.0740583377699874
0.0756609082802956
0.0808098492669486
0.0872327599973738
0.0997027602141835
0.107480527145823
0.129685864984405
0.16302522147065
0.198981947094447
0.214773636418021
0.168754534838516
0.139056827296145
0.118744787960122
0.101659400039816
0.0898182223453355
0.0816941778115055
0.0757630375888303
0.0688063075140497
0.0666418089440724
0.0686964599310612
0.0687811098715132
0.0730618131142277
0.0880039200496893
0.0921838544027159
0.0874435317164996
0.0785743796340921
0.069691919893998
0.0656677313231824
0.0641369487735104
0.0632728252818279
0.0623125595674233
0.0618929657001215
0.0614552592397546
0.0610338221354434
0.0610103664194197
0.0611718549974012
0.0624748440979907
0.0638609118384261
0.0633690890986414
0.0638615807088161
0.0637668116438538
0.0633311832838931
0.0652980716240938
0.0656075562635319
0.0669605369041979
0.0668444141174244
0.0660211932033897
0.066143701555704
0.0657680039100632
0.0664651330493057
0.0673271331967522
0.0669865426266999
0.0668328906466461
0.0670570092391406
0.0665069333938261
0.0663456716882884
0.066458112724296
0.0666942547074298
0.0665980683640201
0.0665004696999003
0.0682341510760245
0.0693346313111112
0.0695336986353134
0.0692650618142358
0.0686881088876836
0.0682565777798374
0.0687322030848211
0.0685720519979941
0.069132116770863
0.0697320285564676
0.0693497798751784
0.0685642738796699
0.0682300252399024
0.0680105513134235
0.0677463451440071
0.0674718317442434
0.0664606386019318
0.0657040543245702
0.0655453619346727
0.0637654110358208
0.0633921023528419
0.0970089467798893
0.285549478671268
0.335572174586099
0.281589870065547
0.220173530594327
0.205032379499097
0.202631365841881
0.199495887016622
0.207123664728139
0.212807878475835
0.206508465043379
0.194501341378123
0.187745229310327
0.173902174030335
0.146891164590629
0.125179060113847
0.102554706470635
0.0923395819959815
0.0867898120930845
0.0802812656715132
0.0772378168994088
0.0746292896843178
0.0729119273581593
0.0711414217660842
0.0690460012152044
0.0686577885242746
0.0669600713917443
0.0656272166704491
0.0643282829355194
0.0632770191709484
0.0626647075392692
0.062387046652804
0.0619492149083395
0.0640839084826079
0.0651310311290763
0.0659241715261906
0.0660394366068244
0.0661350283332893
0.0655749534754621
0.0658775926119608
0.0667825975308092
0.0701513554143378
0.0702422724530222
0.0711316668513359
0.0745626870937066
0.0790462742765195
0.0835591261304952
0.0903967285651167
0.0983979250656753
0.177186784882378
0.251381904186455
0.264089707818106
0.253053259036864
0.221989897906744
0.171888961360393
0.159394387827611
0.145276110152352
0.114232631166011
0.0970694014870654
0.0942636869826627
0.0873000200471545
0.0832383867485934
0.0780644974435785
0.0753873090930983
0.07436462557631
0.0735300949549598
0.073770034958281
0.0739617412920791
0.0723270119060452
0.0725690083862504
0.0710595123267172
0.0691751009415208
0.0691945430813162
0.0699036756298967
0.069654082913724
0.069234538530849
0.0690359464268823
0.0682054433617561
0.0681011713902763
0.066611415953161
0.0649744844724524
0.0642048732364574
0.0637013189776494
0.06321750885607
0.0632307576273854
0.0633347126334102
0.0625438350884358
0.0623281834485145
0.0623954434344071
0.061893202230819
0.0613491838419544
0.0610965162933891
0.0607035279255864
0.0605676296264463
0.0602032640356284
0.059876496856078
0.0594610794619902
0.0592196822122227
0.0592439742460738
0.0588869020044716
0.0587318125968374
0.0629115654568366
0.0650225600379459
0.0702160368100419
0.0781861343511273
0.080900577919137
0.0784868865449926
0.0774948518572901
0.0788543854997081
0.0789490316399389
0.0770033637513916
0.0765106838430284
0.0777977055661163
0.0942200475373072
0.109038396552178
0.12136529880047
0.12428464439991
0.141015881119359
0.156858712104106
0.168567499906506
0.288724165024422
0.200781567478109
0.14793061371227
0.120765196159998
0.103272405369251
0.0905961369965301
0.0814812032930231
0.07539424445829
0.069231787148684
0.0666263559006061
0.0674096375371615
0.0676559488020997
0.0682789145386234
0.0760769458016377
0.0803498786077736
0.0813921875679213
0.0763069475978063
0.0699260892587343
0.0668105209698918
0.0656054433664283
0.0640920685420635
0.0628384639387257
0.0620153948845871
0.0611427022381193
0.0607986554294971
0.0611722161009609
0.0615018362275441
0.0622459967179102
0.0631956209650743
0.0625342070835836
0.0622426341468844
0.0619421390913606
0.0615498634891387
0.0633140069188119
0.0640958895250691
0.0666762615849305
0.0670714637737689
0.066408965225436
0.0670983832655904
0.0667214059226045
0.0661694680913031
0.0662892681232381
0.0672604112583795
0.0652789095557104
0.0663012642879272
0.0657291379755977
0.0659801558320956
0.0666201148820954
0.0673805510311353
0.0668872829283092
0.0662148352564423
0.0675318015161341
0.0689426785988043
0.0691394585888492
0.0682607508014399
0.0676421309491868
0.0685470447476306
0.0692066435305711
0.0698701675126571
0.0694862073113578
0.0696584148791543
0.0695344111198882
0.0690762759284042
0.0690247049832263
0.0688479855051185
0.0683314843658215
0.068548556911741
0.066121224226881
0.0647597269518369
0.0649942059953094
0.0637858288243712
0.0643157605069572
0.117492227443126
0.315422825520816
0.387419205313839
0.306393529008936
0.207198568786247
0.21117380809792
0.201682098734375
0.223386563771731
0.249572105591702
0.233204901621834
0.220254054645024
0.205495129128593
0.202700155934804
0.182265294274497
0.156739248585243
0.13129248198069
0.112113480082631
0.103767177156437
0.0965498961365593
0.0890138324694501
0.084567298711999
0.0789417328649895
0.0759020785608086
0.0732307034364967
0.072513178346029
0.0708798997247207
0.0675626875223113
0.0677014600476985
0.066843567128078
0.0667982755808914
0.0657270391706693
0.065320837245286
0.0650631058189094
0.0643265650390896
0.065003759433111
0.0644899870668482
0.0644720181470311
0.0654680041627861
0.0651817356868473
0.065653200819208
0.0703971346371208
0.0736518761375451
0.074586969587648
0.0774973414453293
0.082468229000957
0.0860484112510973
0.092561852848582
0.111002828243846
0.136479114495033
0.266608662844315
0.343015972562629
0.319781802972314
0.285559836504974
0.230548230642934
NA
0.185974903736983
0.186620677402678
0.14537468063668
0.121253191028995
0.112729184712451
0.0987538711662096
0.090871682289261
0.0841994584504712
0.0810728661873463
0.0786961185203683
0.0764376383028529
0.0773622796726208
0.0779877826749998
0.077215930643922
0.0747793224534098
0.073139720922938
0.0712505680453304
0.0710252499860977
0.0707519499698949
0.070727366236595
0.0704591776583472
0.0692361731996518
0.0671492393861718
0.0658123381280141
0.0645490824503735
0.0631717782742171
0.0634358325200636
0.0636655775492552
0.0640667746599456
0.0642811387613894
0.0647616893119456
0.0640972797244249
0.0638637081576734
0.0638860764857
0.0633817029396953
0.0626128073455739
0.0624415901325717
0.0623614039829217
0.0620738364102687
0.0613063256944423
0.0606277015824069
0.0600478997011174
0.0597116984553288
0.0593479381947256
0.0594968188866466
0.0590811026419907
0.0777987617724256
0.0810560373647237
0.0878014114753075
0.0996057410284667
0.103307990945727
0.0964038701898694
0.0906092142517632
0.0864606542563838
0.0834036076105575
0.0803421116849996
0.0789818848509058
0.0809216698201749
0.110960107310266
0.126256021057347
0.137079440773428
0.137997147163301
0.164475647543244
0.180955325866508
NA
0.225047658924913
0.243855446248631
0.163510445194378
0.124031097557114
0.103431140684696
0.0900438494109153
0.0823993227323771
0.0759767502302005
0.0689809967095275
0.0664504385739803
0.0662992548306054
0.0670943283401365
0.0668691307272152
0.0707506821489006
0.0730799442393155
0.0750448232538529
0.0728930570583247
0.0703192608038596
0.067574367557145
0.0665138761328134
0.0646800841849422
0.0630264711102728
0.0619616251935174
0.060539128049682
0.0603148302252748
0.0607520758011277
0.0603786382701382
0.0605604645105768
0.0618344514296401
0.0614207091820362
0.0615163298076743
0.0611497398781074
0.0610974901703186
0.0623544572189143
0.063143272347445
0.0653923340319187
0.0670603486746722
0.0664161206999693
0.0666359421562789
0.0672999362189897
0.0658306912538672
0.0657221779766709
0.0663192654571034
0.0654071562278979
0.0650609168132648
0.0654285247457698
0.0655138137117845
0.0661950862532887
0.0671304525122603
0.0659899147897907
0.065496386435535
0.067081412136382
0.0685524464718168
0.0683360823580595
0.0684266524690854
0.0682695458611258
0.0685523888569931
0.0701119677770977
0.0697288576057525
0.0692116356906291
0.0704716905982331
0.0703512084214491
0.0696219674945476
0.0682008655945083
0.0692901488981439
0.0693535146903554
0.0690587859931693
0.0663322382678326
0.0653120315389529
0.0641811908324515
0.0637851070113176
0.0654056890860004
0.141987467927363
0.439804233855066
0.460532055758244
0.352246603803954
0.205550901564284
0.208869303266507
0.201643457215427
0.224092849892298
0.178183038860149
0.172106877920069
0.189235726196385
0.218133967570552
0.22573128300758
0.208013009079766
0.169154421816843
0.138107096889488
0.119827687721457
0.114776554672476
0.109161670033637
0.0962163606754546
0.0878836514983549
0.0825663329902173
0.0797873192737657
0.0786426416971544
0.0762151456493838
0.0771925515473294
0.0740609480642459
0.073461497770697
0.0709972905731886
0.06950584397235
0.0661111468094968
0.0646312636467443
0.0643515895457288
0.0646368534601557
0.0644606138467504
0.0647135767942086
0.0654917226118358
0.0653402351072745
0.0656118345846434
0.0675945001711912
0.0732027911220048
0.0767280131944751
0.0788518687672709
0.08124986307753
0.0845064783454854
0.091358215110824
0.104258450251773
0.130001329952362
0.177225932106684
0.291289661124594
0.3091812772659
0.278405277260859
0.251035469675642
0.113825614634903
NA
NA
NA
0.134606799556099
0.12321878514151
0.11982072117784
0.108287452281878
0.100018274280816
0.0972311997953169
0.0934103157297023
0.0900116538561966
0.089675972970881
0.0854741805682405
0.0812535649995454
0.0785531299983248
0.0763484710805579
0.07532091518551
0.0749718235079099
0.0736628661023689
0.0716093800672211
0.0708486088574515
0.0697164449960611
0.067826102995033
0.0655711934513349
0.0643216012346984
0.0635455471693696
0.0627048743981549
0.0625967153808486
0.0640796941126046
0.0654357826097977
0.0668169142915356
0.0665296431865663
0.0663116779045277
0.0656842873787568
0.0665014315413599
0.0654595163103243
0.0646326355010774
0.0642058608147077
0.0644499773721812
0.0636100113203069
0.0627742119059572
0.0621741207894783
0.061627695963108
0.0608988826918143
0.0604815710224453
0.0619501905200408
0.0596284111506327
0.102957151985946
0.0950682686182726
0.102137842629785
0.124624302546024
0.147437963614579
0.139322421034845
0.125775015044199
0.110792283969053
0.101387958306289
0.0972491851519399
0.0971240142404444
0.0977451557019726
0.132416178689049
0.139613091754061
0.126754976042069
0.172355711804503
0.199642022884802
0.218307225852297
0.174858970349525
NA
0.209080245144472
0.171149578668686
0.126968248562001
0.106384335559852
0.0921052233791599
0.0828720614887742
0.0753424549013316
0.0706117055957829
0.067937456799784
0.0664636002373258
0.0679598146206781
0.0672110951315396
0.0686637030912039
0.0696123082480203
0.0699872244199533
0.069662151561259
0.0706579009538239
0.0679787214160038
0.0660354574890419
0.0637818051538829
0.0627353809255369
0.0617350755421402
0.06016629621084
0.059713851565758
0.0597254973400865
0.059395108170431
0.0598145665530746
0.0605079654260168
0.0611250416839274
0.061098863740495
0.0609962171455303
0.0610143534020196
0.0615094910077017
0.0618439182533518
0.0641941075243035
0.0662454636061682
0.065618218239055
0.0666968121680067
0.0656957053013551
0.0657265763140687
0.0654065673246787
0.0658338455445331
0.0654426297056459
0.0647189249750666
0.0655387502430929
0.0658516809057276
0.0663041756152609
0.0665682179529573
0.0672358523991425
0.067097008829226
0.0675484728993754
0.0678704632947079
0.0696959402061748
0.0686552051401073
0.068784876367023
0.0686201463976388
0.0697315258241921
0.0701774118349651
0.0699707984366043
0.0711269293675241
0.070326750267579
0.0687124704261494
0.0676854411514976
0.0684533035442648
0.0693368327582767
0.0693006955486539
0.0662180706327702
0.064859300194726
0.0641084394751749
0.0638796375163
0.0714109188837751
0.156418909292266
0.393339155219673
0.46498402099585
0.342323941550988
0.184941016920564
0.205138086698899
0.187262832687388
0.180476682297
0.16560407640858
0.188021642216878
0.235000036011485
0.295949520710012
0.301684173835727
0.272452262064173
0.199606364724588
0.15429006886726
0.134229357114624
0.118756992211051
0.110942406529105
0.106824267579792
0.0908679561158179
0.0886606021567411
0.0878213216848234
0.0902775900620788
0.0859669181668866
0.0840200664266486
0.0785704495154602
0.0756863412648163
0.0712974475174987
0.068497861509138
0.0675573778173795
0.0659872742435068
0.0654600399040296
0.0651570851841382
0.0645886466830629
0.0647861718179806
0.065780291303054
0.0661447529926227
0.0678538737583203
0.0691708326069728
0.0737307122932863
0.0760639309570263
0.0797450183206444
0.082822958092791
0.0908741418233381
0.101944660639672
0.118030300672823
0.154220145720784
0.209267191197756
0.293347653916762
0.283583183597669
0.271530195217734
0.239733571242932
NA
NA
NA
0.225683949003175
0.172765883428297
0.150258868653186
0.147063135473031
0.136394123654213
0.123487540761124
0.114803014679131
0.104840208319421
0.100415145283765
0.0969328857936571
0.0902527121825714
0.0867621071316585
0.0843256581989884
0.0817067410512965
0.0800194596350719
0.0772478862833768
0.0747824100225597
0.0732844872701236
0.0715989366121793
0.0698495416102537
0.0682645112633653
0.0669014401422735
0.0651985507811837
0.0635594680260588
0.0634522052235095
0.0636943732550418
0.0646178233297047
0.0647453287334025
0.0665281054683074
0.0665163067222493
0.0663479042060826
0.0672461192761387
0.0680721512860417
0.0678876073424741
0.0663458000085968
0.0659210972051385
0.066509853462387
0.0656087519270865
0.0649095707983845
0.0637007847411703
0.062608253371724
0.0622040609602178
0.0632198819254725
0.0637116261721236
0.0654262828249432
0.0871357411114136
0.0916160149877206
0.0989759059230108
0.113379552998085
0.1747946083201
0.176418877613724
0.162414221786431
0.146905995538891
0.134464895678295
0.127261431072523
0.115384815679919
0.130888361667234
0.165584825326941
0.1671032791015
0.172343257695753
0.178416889521807
0.214449347345344
0.21805159400147
0.203475244362274
0.192002771085851
0.227144740339642
0.190051501108903
0.141662877071183
0.11439675937056
0.0969989787732351
0.0858804502032458
0.0791206522894692
0.0747420480787037
0.0705347751939339
0.0686684706441557
0.0693986409180718
0.0682556976649138
0.0690667794429906
0.0686020895423189
0.0697498705287037
0.0696128038290651
0.0702274986565772
0.067852674422813
0.0674540673053603
0.064748890058794
0.0634862846333813
0.0621847150727484
0.060234371775853
0.0594787981791261
0.0594295505500931
0.0596935335698144
0.0603610738007251
0.0616686058363909
0.0614800147637742
0.0616504172443738
0.0613664447041429
0.061391305582353
0.0619295156474382
0.061953846605729
0.0634738343113616
0.0651111853603824
0.0649588039305495
0.0658491223176292
0.0646433851130992
0.0655085277679817
0.0650293475284544
0.064835450443316
0.0653324971852625
0.0645860313227029
0.0651819360186896
0.0655952521604952
0.0669630300493886
0.0677124204146479
0.0694124791486785
0.0691610236601356
0.0688742747987651
0.0691943721249396
0.0701419120240589
0.0685640174876902
0.0683334426185881
0.0676919319988648
0.0684146696687686
0.0695641313047758
0.0692889625809889
0.069195667386052
0.0684284504274842
0.0665665984120086
0.0667716932552736
0.0676973147438089
0.0687044203901261
0.0678964358006354
0.0664305824003435
0.065167934004581
0.0639656910524143
0.0636522641641345
0.0762882865240992
0.148648234358623
0.374205189386925
0.361490284967423
0.283113618363273
0.156119043284704
0.197399151719954
0.163208760172113
0.155805264871467
0.157776671100612
0.194653847193004
0.26063483105356
0.33905712332756
0.355882533880432
0.32625621515296
0.239283596665433
0.165127886927131
0.137984571653948
0.119304509136766
0.106439197854365
0.102644944244386
0.0994474807157733
0.0991439073003334
0.0972244435089795
0.0951039912121228
0.0870042083427329
0.0820650214768411
0.077666386891422
0.0756365733464494
0.0720556187067104
0.0712779193579925
0.0693419729080378
0.0680465247922284
0.0658570437413237
0.0651546687755908
0.0659313919545069
0.066817504705974
0.0674301911236673
0.0674923521125538
0.0689223223583608
0.0695145800755937
0.0721424168040475
0.0785673000449505
0.0834486371431118
0.0891544230515748
0.0988675040049903
0.1089911783368
0.128609393500674
0.175349011005888
0.247053547667827
0.298149773381139
0.285558718454789
0.29649734063225
0.292463187853515
0.338663246509317
0.300273381962427
NA
0.246975572730191
0.196155139791481
0.160485189267414
0.164493475777483
0.152298990727216
0.134191421969153
0.122159381374315
0.112353723387654
0.108410647843341
0.102917938182326
0.097398988496897
0.0908048658917742
0.0878851064579185
0.0831662936201185
0.078496139603971
0.0745870875232742
0.0730455487624543
0.0720562987723839
0.0707417933597958
0.0688725235122694
0.0681032221357104
0.066445251178947
0.0646576172173672
0.0629166792836667
0.0634834450089677
0.0643738729136008
0.0647915350650066
0.0644725046813015
0.0643677273109649
0.064927351807013
0.0663730664630655
0.06782521683551
0.069393113834348
0.0702106847709679
0.0697949697505501
0.0696930331956079
0.0692010634833969
0.0685264889548456
0.0678256123808129
0.0661286046882026
0.0649026394820408
0.0647367103225397
0.0674012248315742
0.0697774236053255
0.07442576886871
0.0873340355772493
0.102190947046824
0.117189591192806
0.167923069590707
0.19401070630431
0.192492136238445
0.18449030656711
0.176674978048498
0.16533473548999
0.152851457543997
0.139398216036838
0.147915376138723
0.160072406435887
0.166794952918907
0.177962466887662
0.185805779333772
0.201287507155043
0.210398810229751
0.207538806070033
0.235556071558169
0.249817290107002
0.21131994142146
0.163094488300496
0.128957621627963
0.10591746539082
0.0919888428183786
0.0831465816529211
0.0767684155691996
0.073156273981648
0.071973553614677
0.0702909975601292
0.0689948111971794
0.0694689636616163
0.0701036643341131
0.0702674546499226
0.0708303983049044
0.0712964910382008
0.0689153126537857
0.0682732352846721
0.0664491394433557
0.0644882649658608
0.0625509813954773
0.0607348485401786
0.0596807820251284
0.0596134457360454
0.0603920588214265
0.0613315881963752
0.0621187426983168
0.0625046971320977
0.0617257565578292
0.0619751370099781
0.0623973137056528
0.0629220402959968
0.0627784897606936
0.064082323078455
0.0651202397547312
0.0641784807726958
0.0656431229438979
0.0639532069749028
0.0637429908155376
0.0642458987482836
0.0649028428996481
0.0657314561469428
0.0659461974416528
0.0659717567640857
0.0664719705563139
0.0672821334763299
0.0680173414426295
0.0691976644749669
0.0690712817953908
0.0696035203225762
0.0698928571963179
0.0696703038184046
0.0678577785981604
0.0673256442736501
0.0673392829334154
0.0675704689225147
0.0686708838409772
0.0678735382372416
0.0667883916679425
0.0665252300726783
0.0656279730579485
0.0658710551890456
0.0669818325418841
0.0679014319525012
0.0662106959168625
0.0658133896095876
0.0649692753153338
0.0631870910065016
0.0645844355542124
0.079327362934207
0.135715637972466
0.382774807547502
0.314954494534032
0.233043434611985
0.102594000927209
0.189188897581339
0.148939158580446
0.142079347793074
0.163776960747933
0.213462578765365
0.264601138055511
0.317994932692783
0.385023818465765
0.375128981012701
0.288741570785807
0.175853457239747
0.131825801082473
0.113227749247293
0.103098790922097
0.104197052125455
0.104720767722685
0.10533151648313
0.098777931380644
0.0934516269180503
0.0867937392363998
0.0832394514306767
0.0785769232830058
0.0754326841361005
0.0724718045878682
0.0718870266908566
0.0711519787600709
0.0675722986589426
0.0648627301365338
0.0656915045060322
0.0657049321139494
0.0673904418545487
0.0693922400738764
0.0703947398928782
0.0700601219281312
0.0698622204441043
0.0723490232117102
0.0799220076467509
0.0884643832377046
0.0923168681551064
0.101681397004867
0.11421012824717
0.144636175012423
0.209711477298156
0.286825386255702
0.283962721106243
0.276191087992187
0.297990723634846
0.312093152367507
0.366880661329816
0.287581953180798
NA
NA
0.22045392030317
0.169826586808566
0.168279958037036
0.145231797895093
0.134525517781402
0.12645751874662
0.119751110009159
0.11329649441189
0.108637726578021
0.104026353605581
0.0943207177050471
0.0880481597030279
0.0807867344912051
0.0769999287743101
0.072962495060264
0.0720484605806291
0.0715274990868663
0.0701628673166223
0.06763511493549
0.0673779545317691
0.0660604864893288
0.0647304319684666
0.063585395172477
0.0646740850892037
0.0644885949563631
0.0646865617942146
0.0647880817906226
0.0649439372376146
0.0647905371720055
0.0661796190529744
0.0679991319939513
0.0698662171897106
0.0709855727551125
0.0709516103510933
0.0707733924077659
0.0713149779033814
0.0709398415353717
0.0714772957355541
0.0694883394347107
0.0692627331915744
0.0688037150941892
0.0718121633791986
0.0756957251693402
0.0847042105979429
0.0937119794523791
0.106286118316144
0.124970671002297
0.163684744475538
0.222609098789042
0.230020915749559
0.214644545778034
0.208395635291963
0.181729477824054
0.164438745933998
0.151274588144015
0.153218429741871
0.159240999121527
0.170277148725987
0.182319083177791
0.18641233575995
0.196226111483818
0.201946553512111
0.20504203781331
0.248256334972591
0.289200718626011
0.229332150730495
0.178376603040425
0.135885031158218
0.110248947585505
0.0952916316145707
0.0867080352975157
0.0804408668902081
0.0779535948950591
0.0754752841054978
0.0719796760228361
0.0706543705699057
0.0701731436974539
0.0705569509615638
0.0707214315334602
0.0712474687683472
0.0707683304950475
0.0689873386953501
0.069040051759397
0.06674727559239
0.0642545918409774
0.0626758554792677
0.061339656181423
0.0606877326560854
0.0604140042627615
0.0618952497772167
0.0629151895554675
0.0624318144318464
0.0630954542714861
0.0623540255315614
0.0632646701852191
0.0634453380087351
0.0637012484036471
0.0639594705562116
0.0637351132343017
0.0654228638445474
0.0657203874346239
0.0649240278099221
0.0636603784078204
0.0629878840979806
0.0638074177745404
0.0634484071555208
0.0640870685627804
0.0658352323945853
0.0653470768551169
0.0659301721615112
0.0668318643121201
0.0677578870597182
0.0693341393037741
0.0695500978318412
0.0697464788741591
0.0701673797829396
0.068254605695641
0.0664963770442472
0.0656477947054725
0.0676307282157703
0.0676881886646792
0.0665571823012813
0.0676076920629854
0.0675481579126432
0.0668288607723115
0.0668645819893913
0.0679965673411353
0.0677258118229088
0.0682335202151991
0.0656179649373769
0.0650962675063076
0.0640731705792445
0.0626514675927384
0.063837087736509
0.0744923926586203
0.116493634562291
0.402392520013395
0.30408684016649
0.175449332189915
0.0693335146400888
0.177728628772869
0.141912550130806
0.136396694123148
0.173713189351633
0.222978308360353
0.275588874011764
0.325707013162201
0.375083190755866
0.414650485225123
0.331559449923507
0.198249533326611
0.134601105442517
0.114879040362779
0.10633846219542
0.108645788743249
0.106534816365691
0.104138684074398
0.0988074641271123
0.0937098922597113
0.0881542747353409
0.0814562930998833
0.0772319832706051
0.0751129879167635
0.072701971294811
0.0726266378793296
0.0701342156873974
0.0674670180440551
0.0652352351887221
0.064786587930117
0.0655966993111624
0.0669729447882354
0.0695210890223496
0.0702215608550339
0.070215307958168
0.0705524647503223
0.0739842104771611
0.082656426573513
0.0885731007489147
0.0913159738543267
0.101771557091923
0.123990673035079
0.166999061944052
0.245424742906379
0.271893170044847
0.268761585759445
0.260241191784906
0.288366794815226
0.32497957450246
0.311073173902904
NA
NA
NA
0.221019686007328
0.179976662626337
0.172664512170296
0.134412205727801
0.129859633097519
0.1247465245968
0.118124363206639
0.11047168074869
0.103062172807894
0.0960088574835298
0.0899690897429535
0.0866898915500483
0.080390190842697
0.0769436659534269
0.0725593604538973
0.0708958779291657
0.0674554898076056
0.0654593540323963
0.0639386061935489
0.0648317544131021
0.065639506260705
0.0657077460249894
0.0657859489766984
0.0654382802865849
0.0646771982141207
0.064965193985036
0.0650751907104263
0.0663117877229357
0.0653175561049224
0.066313966611328
0.0669969266987091
0.0688729164288879
0.0701083374109563
0.0719767060521887
0.0727759569218557
0.0724892631292203
0.0729521750429842
0.0737797376092986
0.0729831619256588
0.0746654621349808
0.0760566860726242
0.0786406208552284
0.0811555410098195
0.0944947445177431
0.104659502882093
0.123074805287181
0.159962955161568
0.215666476119994
0.227652688289855
0.225387945764791
0.209254046474423
0.190655483075839
0.169991599413906
0.157273601004733
0.152498674403185
0.152121759225661
0.155317106433231
0.173892486448585
0.183450273736724
0.186527005735194
0.186561569243554
0.187556452931636
0.195992703805803
0.224375511127106
0.330458188606628
0.235084545705038
0.184992251408561
0.141572774048287
0.117154836674555
0.102644597482967
0.0911165840468897
0.0852242227075586
0.082179199672281
0.0778483856927268
0.0748793903517768
0.071793098073363
0.0715376628285342
0.0724852305846752
0.0715243848934236
0.0713222051473242
0.0711770683034086
0.0702006155081183
0.067376338268357
0.0665943795954403
0.0643184347167292
0.0630931878155875
0.0627589796036194
0.0623276230633647
0.0618005301743336
0.0630084699677767
0.0632368535679726
0.0635994803917868
0.0639103055907719
0.0639380795946418
0.062701814074279
0.0631701058233632
0.0645340462241252
0.0636018476844297
0.063221152868958
0.0651502237600103
0.0659164754779295
0.0650710612395197
0.0639387378583411
0.0635435728196686
0.0635934416965679
0.0634946050568903
0.0643934191731204
0.0657805776138816
0.0656279175023336
0.0652103999113445
0.0655197724569167
0.066383519809152
0.0675728279359175
0.0679668352851951
0.0683876286085389
0.0678640686953461
0.0667610171163936
0.0661254201205858
0.0667248716271443
0.0674885512345904
0.0676695469323638
0.0670914696706153
0.0684601269003986
0.067956220379796
0.067816244365152
0.0670422836528615
0.0672808108346538
0.0663769044418623
0.066941137195242
0.0661921523417188
0.0648119732386397
0.0643507983309742
0.0626523421282344
0.0643238756241473
0.0719710353215201
0.111503120503794
0.375494362858032
0.380887316310806
0.23433998457089
0.0858288196765734
0.195872006708778
0.134379631142727
0.134657969270742
0.179786069492101
0.228512185530203
0.269104187490046
0.327813379659754
0.389784520632652
0.452782747408152
0.373938334753914
0.236995133476827
0.142421983681587
0.120071170331123
0.107022442723598
0.107446782360929
0.1072185689505
0.0996614620088792
0.0927860912303032
0.0869742192674495
0.0826030631795438
0.0787183283613536
0.075779677961487
0.0739551509904106
0.0732694779093139
0.0715438744573967
0.0693341581550377
0.0672530594512105
0.0653425898643799
0.0653488935486346
0.0657904162282809
0.067011467064675
0.0688388468997039
0.0691843985610077
0.0707562677424091
0.0730500415123311
0.0773468970909202
0.0811000067961393
0.0868124616775692
0.0923833062893416
0.111146457732313
0.145257747810372
0.196435701592805
0.267035054431228
0.264621213741633
0.270776318382298
0.264073676196399
0.302941382998911
0.34822301558635
0.370492894458854
0.398752496803972
NA
0.208097253516986
0.305676587606356
0.185991161729777
0.180989956163302
0.131905710346476
0.128403902773672
0.122698676993307
0.116286960573665
0.106037898014172
0.0935760233549452
0.0874687717129202
0.0816912366532104
0.0819328952808837
0.0776825211045869
0.0751089886970899
0.0716150133182959
0.068106390053432
0.0633669380676376
0.062712580355784
0.0631845600519187
0.0654855952869545
0.0660387439190461
0.0663658334300142
0.0656891870019729
0.0659110834435728
0.0649321716143891
0.0649707415002879
0.0650357342565603
0.065435781437379
0.065691414259659
0.0670735806436191
0.0669809981712503
0.0676513043549012
0.0691512819117685
0.0712161298590488
0.0728855895269398
0.0738798446629762
0.0756370951686199
0.0766595642129096
0.0782033750457716
0.0837202995423054
0.083415689488119
0.0844750458179348
0.0915861822786377
0.103907421683849
0.120680697088279
0.144612160279916
0.198540485701665
0.226016461002468
0.253219702126229
0.225094302027044
0.196739998909949
0.172189132693628
0.160456019774941
0.157600861541419
0.160810368803703
0.15965289428565
0.16583841485901
0.178634392428995
0.181124013806358
0.183974546486063
0.180430887571066
0.181031293008142
0.182902324697926
0.23900986539484
0.265349487181997
0.203186290632104
0.167026184917649
0.138434169459242
0.118784992643805
0.10793741950397
0.0974301216300226
0.0929431797238399
0.0871066995180783
0.0815444917717113
0.076285523137071
0.0736982636021342
0.0728122209448067
0.0737814934443815
0.0716098718078872
0.0719975512924742
0.0711133787070744
0.070205305812153
0.0683313311666754
0.065703692386331
0.0650215406736507
0.0641078834000124
0.0636799812387845
0.0631193172155085
0.0624813282493022
0.0630844092931816
0.0645627326385099
0.0650100486315435
0.0649141030686412
0.063644713317875
0.0620031959905799
0.0623161548526368
0.0630824037353607
0.0629850739990481
0.0640763373588269
0.0658565779548934
0.0670668322740328
0.066134577176596
0.0652315234572117
0.06412541084374
0.0626479809092714
0.0619612454513759
0.0629648746987993
0.0647153957409914
0.0638489487117191
0.0649203938977099
0.0656153490592229
0.0659144404284529
0.0666822542898156
0.0675942005752547
0.0684994137404161
0.0680624192265976
0.0674908290119413
0.0674395943569174
0.0672359856495785
0.0669067794284327
0.0674587252481
0.0687758215475682
0.0686443680798808
0.0673432550296767
0.0667415904091086
0.0667285297017447
0.0668406616066773
0.0666848836780342
0.0666588588002532
0.0667631492159531
0.0658095603033812
0.0638979053195374
0.0628134652004957
0.064292707914789
0.0704681943615925
0.116214870262152
0.356470960331538
0.384730849195516
0.23801214836709
0.145287729187843
0.145040080682771
0.125667357523149
0.129654407105104
0.178383201135164
0.235355357353296
0.279679621285498
0.325999786169227
0.37459840712076
0.442412202755425
0.394480182960302
0.298043549462781
0.172513295877185
0.13083191778302
0.107910523357964
0.105452677780878
0.0963105131263621
0.0882139975867079
0.0828945995915027
0.0800516599471405
0.0781193440596299
0.0753584649466031
0.0728952807661921
0.0719101642306522
0.0709320577774656
0.0693683458614818
0.0690998555318225
0.0669223479384382
0.0654406175665573
0.0656565172524278
0.0661817941307783
0.0666981844615821
0.067915017484322
0.0696958210161359
0.0726247950071526
0.0735288006624265
0.0797516538386041
0.083122267702995
0.0882662835332049
0.100403890982093
0.126404213627032
0.172847024523109
0.221060348757084
0.263374714323495
0.276125973584065
0.297560743524778
0.269209704070286
0.301349872899542
0.348871967185372
0.397536961430932
0.368590082175788
0.36202464484701
0.307793032222606
0.262229367447058
0.183460537947304
0.177123894773374
0.13374295337421
0.133789029238261
0.133386755546633
0.14478451477509
0.132389153427295
0.0980164328159847
0.0870887276825787
0.0840518822316178
0.0818464519338076
0.0735064175894605
0.0703300544172703
0.0678790770574938
0.0664112252609897
0.0643175871362017
0.0646377692613814
0.0638673267375666
0.0650237683421992
0.0650170879012378
0.0655623006324607
0.0653362576497535
0.0649889337828197
0.0645682597173562
0.0635452636644055
0.063231170457903
0.0642256222813423
0.0653227408107834
0.0656751075049162
0.0671312494280208
0.0678612333580075
0.0684183314210221
0.0705508435536895
0.0733304493815676
0.0761051986999597
0.0788991553208028
0.0809050083669779
0.084733893526161
0.0873640597894171
0.0853817619817655
0.0878247234997891
0.101509980241061
0.111277743012086
0.12698742545468
0.158161675419887
0.19763620773545
0.225854743625726
0.230670575701718
0.19221659758543
0.170725378944499
0.159430556633505
0.163225811940724
0.16418238266167
0.175081974330173
0.161281568156205
0.166943731616295
0.182756849982295
0.187459099762589
0.19130129582359
0.192191113353571
0.197310810888769
0.211593800758303
0.284238928585052
0.231320904979174
0.197711763715624
0.15982517940387
0.133688910154388
0.117235037559382
0.110396833302248
0.105951664399108
0.102722143877314
0.0896715058996206
0.0830328437761749
0.0776658441769122
0.0747740248177734
0.0742273009287261
0.0759168765409071
0.0725826316755995
0.0711124135951778
0.0710775161390259
0.069385437101452
0.0667946063080817
0.0654582720971962
0.0658101196500054
0.0645758993385223
0.0647269065264926
0.0638017962054384
0.063578603900561
0.0633621622986168
0.0646200171111541
0.0641689022600982
0.0642856242354093
0.0630356616607947
0.063274733533137
0.0631875619884592
0.0647759709427229
0.063833375958834
0.0662926570923304
0.067445208375222
0.0680962972403509
0.0679853630386481
0.0662891620163052
0.0642767228113191
0.0640362229022559
0.0620886880807126
0.0614727284544306
0.0631924763473075
0.0643941293356743
0.0650355451808105
0.0652103883238844
0.0660417417195036
0.0678003786799093
0.0684711034376886
0.0695023645054449
0.0684327069219593
0.0683251197818839
0.0688734322013924
0.0691526209256484
0.0683827238166892
0.0692671106914758
0.0693998025915527
0.0689463575555061
0.0684158099272762
0.0675808209650576
0.0677455561562863
0.067662190588023
0.0676034671544344
0.0659498140344241
0.0654868811717325
0.06472214537329
0.0633365926687566
0.0638600486758164
0.066111135131492
0.0742035745776982
0.128063036333656
0.335996582445248
0.36322793636364
0.239139006779712
0.187613593735274
0.202064592450252
0.117529646699008
0.131326158153721
0.174679192874111
0.222064447213561
0.273680141459349
0.328279620269385
0.377021512281944
0.408490959428673
0.441335495318893
0.410760675797676
0.242600395598764
0.150256162279522
0.108519365177568
0.0949071039298916
0.0834032680619595
0.0771294594765661
0.0742940377395058
0.0741765589127128
0.0748964816975764
0.0726949927889902
0.0706131417189254
0.069751059625382
0.0689179541995413
0.0682617943941791
0.0686737357477074
0.0669151585650065
0.0659205333820738
0.0664302331270758
0.0672595839171536
0.0676016238272743
0.0696497002591854
0.0717047612797612
0.0737383771691024
0.075325642779225
0.0833560910930833
0.0892728893077648
0.0978007067878579
0.112117640263956
0.151289700739819
0.19645010347929
0.231612029371748
0.276009327715299
0.299970182900525
0.31866155560397
0.256791574979701
0.290541189084536
0.330226383270972
0.350125332203009
NA
0.324595410046762
0.336132629430351
0.220610800665174
0.178594556528065
0.166640413779604
0.14233935658896
0.141251348999998
0.150714797171931
0.189269704078049
0.134640428895125
0.103397620857865
0.0869242588538946
0.0853569141245478
0.0801370278184808
0.0736359465975567
0.0672320041621616
0.0632950698303985
0.0637058785209091
0.0634440924813267
0.0655149843357679
0.0653914848607411
0.0651010398113626
0.0641328584035825
0.0643436620266592
0.0643099934012067
0.0641046950550615
0.0636220220068507
0.0629838582446188
0.0626842385361855
0.0628566770419396
0.0630354008710451
0.0636293946890974
0.0646900873937873
0.065983934083993
0.0678918265656776
0.0704534376983335
0.0745536318781789
0.0774230622754255
0.0803169405219878
0.0836116738267851
0.0851522236921246
0.0862349912939095
0.0844825552732088
0.091105826665387
0.104965283428306
0.126973787612443
0.184558562917483
0.18248871157052
0.218397264104646
0.227059632517346
0.215970524669169
0.175245505315739
0.163824149042765
0.161811606791
0.162854324937586
0.162411235930474
0.17194341551691
0.167371166324515
0.172783934980282
0.191091990011499
0.199864827991442
0.211963700846073
0.215563104650901
0.226513954844388
0.242372134323861
0.229621231514843
0.169223703428319
0.168833509777261
0.137113034916143
0.125316941075865
0.113151221086421
0.107179106323053
0.0998955403204267
0.0915053384339829
0.0921049467850774
0.0832442279490493
0.078476295336573
0.0753917141790914
0.0747244942014049
0.0751400066856918
0.0707480491744969
0.0685617634472512
0.0685634845927636
0.0671498655254404
0.065639954585387
0.0651554898684569
0.0658057678857044
0.0655606660341032
0.0645040941394532
0.0640927130959584
0.0635929212096505
0.0641175804315053
0.0643232912916936
0.0642236684951311
0.06428017249691
0.064802659236
0.0647914144344137
0.0646494746098468
0.0652288541474458
0.0666591325563065
0.0681863479718784
0.0679811009611149
0.0674994426167443
0.0680748062054205
0.0672162532140208
0.0649838473439987
0.0636978863956107
0.0630781652378727
0.0613875037549242
0.0620758935799759
0.0637807045212014
0.0635842747481169
0.064734552336891
0.0659446089962585
0.0681339270642349
0.0705359039256805
0.0724206415424398
0.0722919428988941
0.0710653218827977
0.0712525016881494
0.0697602356003982
0.0694943126602409
0.0696452348139931
0.0688886369634107
0.0685589215363042
0.0685354140563524
0.0672935922326354
0.0680187446904595
0.0675230075357997
0.0664993305673544
0.0654663435185818
0.0654460518511595
0.0643005827966359
0.0635907367032129
0.0654630145736205
0.0682186640264782
0.0842658374258906
0.141034393486729
0.308823626950065
0.398218986542115
0.209402550414942
0.201183615239568
0.17418068258259
0.119913538046199
0.120867072195831
0.171541212535532
0.220186972286606
0.270220559446767
0.323797200222493
0.391846027736343
0.418533460873916
0.432516341211826
0.424039495659001
0.42007799056496
0.224268348248404
0.114272922530041
0.089088791178297
0.0751990334564304
0.0707609799926633
0.0702445936297509
0.0696576418596555
0.0676410464978386
0.0670153280708276
0.066372678700694
0.065905652808741
0.065050094480915
0.0639873423692107
0.0638890048320603
0.0643604192549296
0.0656411404670823
0.0668476639721157
0.0673236848405954
0.0686086242035637
0.0714061197251544
0.0752269076918239
0.0770137248044595
0.0789731529858667
0.0888063165181547
0.10013932832764
0.10743965819161
0.124579099433305
0.164975692199655
0.1992903559299
0.23593495330683
0.254709835370416
0.269598419428514
0.301610767495651
0.226485237016986
0.276762942452978
0.319337990129174
0.355869651674483
0.399282611900704
0.275223057287434
0.270396219734002
0.185322912155246
0.171845454764465
0.15191075241652
0.153000957063641
0.142557619402066
0.15487735626502
0.162821533042364
0.141850104822566
0.115239676073445
0.0796211709165039
0.07797535412409
0.0755634313953321
0.0681340094298094
0.0647723841673452
0.0637554888713834
0.0632896651138517
0.063263873816887
0.0628398004550764
0.063197555026923
0.0647770466673737
0.0646457514974299
0.0639641185894304
0.0629570955667727
0.0623902702256954
0.063225849029694
0.061774251518731
0.0602826990469999
0.0606199695993255
0.061030353266453
0.0619316655262128
0.0635241863286542
0.0651961375918301
0.0672996495782166
0.070334689192518
0.0731013397271092
0.0747325318591773
0.0781669943335327
0.0824524766766879
0.0834547655740018
0.0802595384219027
0.0834253449278274
0.0957198312539665
0.109247767360895
0.13105144477522
0.187481253190512
0.200604345374334
0.220250561287752
0.26278119801101
0.222004437288324
0.156354799018962
0.158658912612547
0.156935389444176
0.156917135011285
0.154507786168869
0.164609317542868
0.168486254825796
0.166464205601395
0.211676212731496
0.228835735310962
0.227566668604317
0.234586950387774
0.214958167119345
0.204426719393713
0.170817711076826
0.14177136940855
0.147500203089911
0.115568597195875
0.111575497610061
0.103780434726883
0.10574624574026
0.124422587494369
0.152263739400371
0.0903605217911625
0.0849032669854612
0.0802636098548185
0.0757689799122087
0.0743139200272751
0.0752998254701334
0.0691209035502767
0.0680246086092827
0.0681292839889763
0.0688584712045015
0.0655161158171976
0.065753259085532
0.0659972296237419
0.0658270226954089
0.0647013420594129
0.0640831137597601
0.0635960018208201
0.0636735909321337
0.0639878427452013
0.0636689141645299
0.0632283725143871
0.0640420453752448
0.0648640361360601
0.0642682377304354
0.0643777494251208
0.0655698429117835
0.065077140252043
0.0657134648511275
0.0665537260930471
0.0665059935282252
0.0658164493213374
0.0659391467492458
0.0642168144374386
0.0638378987163581
0.0634408969116862
0.0641045737221821
0.064372240314918
0.0640720698572649
0.0655163462229213
0.066452714938461
0.0687874822973315
0.0711686158621794
0.0729407886034358
0.0741083442735996
0.0732036718281636
0.0717673228154521
0.0716625036100231
0.0718177902793212
0.0696426881755999
0.0692704727059382
0.0688418368730563
0.0681199450863071
0.0680257878281947
0.0684070795192369
0.0668599475103747
0.0658425642153934
0.0651408700660818
0.064876567752246
0.064744435770988
0.065223024382577
0.066248707080639
0.0725574342905991
0.0960916563075078
0.155930490550344
0.300422557634624
NA
0.347892867244896
0.209048606730251
0.129615402551351
0.108419319005127
0.123831148769209
0.173113986215093
0.22057975188247
0.264274813189846
0.298872855803042
0.358787295174714
0.389009849904018
0.407398146963831
0.393211204764052
0.376680624105693
0.282340866274349
0.13192552084126
0.0829664690651671
0.0703240980422476
0.0665010203884912
0.0655550029303833
0.0649246489495592
0.0639170559249306
0.0638432124936886
0.0639995620596886
0.0633498616734
0.0631187707255734
0.0631302287198958
0.0632020362721631
0.0636315857479239
0.0646546383076499
0.0664603347524183
0.0683933722819553
0.0714549869525465
0.0750899691041692
0.0781479282760424
0.0814391495710505
0.0826406962683009
0.0946892660959325
0.106371855022494
0.118777713234994
0.140234688803354
0.169716311757578
0.205882979858277
0.230819388358494
0.239589723241734
0.261986893813034
0.294402442002446
0.179718723375057
0.265790815438182
0.322582783499056
0.323403413399097
0.357948216096447
0.322837526649013
0.256294184247546
0.187533618398613
0.155005994574774
0.146332511591179
0.162296406959162
0.152879680119105
0.153134192494914
0.132760071966339
0.140348039253195
0.12625954253368
0.0830657421316817
0.0830283619893122
0.0864343565683746
0.0935950291699318
0.0993708969122399
0.0619531472389586
0.0625436115693061
0.061300880038088
0.0605588333837676
0.0608701782154964
0.0613132604545219
0.0624707612043994
0.0627319353087831
0.0615173309346788
0.0603846249382902
0.0621318010595147
0.0600997360053893
0.0590744420233817
0.0592597343466532
0.0597896275577397
0.0606018375142599
0.0615464456665704
0.0629283437552317
0.0650431482138498
0.0673991408770521
0.0695989542024254
0.0724389087940791
0.0754151745328193
0.0789907238490888
0.0775596665700947
0.0780600738968754
0.0858875707048103
0.0991638885294566
0.110851503693275
0.132465343009586
0.19166582658953
0.243376152726451
0.277843815641537
0.244086240103307
0.166144612735135
0.137798299409296
0.152138881672517
0.160066275646659
0.157834929105148
0.153687403931115
0.168252852177766
0.190858968802056
0.214636278760283
0.222745864985119
0.224830607575633
0.230493460532798
0.239592484571035
0.228225753690338
0.151753743988092
0.125799944653914
0.120419321888297
0.119169023208596
0.0974837374650539
0.0998505524665618
0.10308458523961
0.113961784768514
0.123461549575088
0.114516431009809
0.0768268525551215
0.0734210947402228
0.0791032318548397
0.0757257127467819
0.073771289906846
0.0740437488356957
0.0668596864710731
0.0670130447913677
0.0683666966704117
0.0693981947315934
0.0660834870910059
0.0662671345571589
0.0663807770766457
0.0650552359707716
0.0654728594083988
0.0634365826273911
0.0631437909838336
0.0631939620783435
0.0630065485780837
0.0631440630328586
0.0629292660926264
0.0628700636437943
0.0643453081152743
0.0630599304430994
0.0651321060950253
0.0641752488303043
0.062340000624847
0.062536068037636
0.0644934256817924
0.0654879003455983
0.0656102646872013
0.0673029902437479
0.0670490098926192
0.066745064641701
0.0663024524298494
0.0645269586263328
0.0642785130402223
0.0638619320274662
0.0651138301906263
0.066915205064229
0.068998384699954
0.0698875420082676
0.07199794543263
0.0732242581786244
0.0745787743193837
0.0742890558371118
0.0727503407657866
0.0711704677668279
0.0704580863232247
0.0700457657998703
0.0694862151935577
0.070072899021462
0.0701380737062186
0.0692856658573961
0.0685077312330606
0.0664209502066769
0.0657231075122813
0.0659341690183643
0.0660229791129913
0.0671886910133604
0.0709314056210765
0.0824780140814122
0.111465335284574
0.190270494739145
0.317615178435657
0.467359856146987
0.349265971983712
0.181964587051865
0.105602409786688
0.112992302849707
0.123366163628118
0.168389425068418
0.217791868420086
0.263721196973998
0.285481594373408
0.347113518036496
0.373888324894459
0.386056247823873
0.370152620426998
0.345073839614746
0.246779931114339
0.171359146393187
0.0746496121457038
0.0670591071781369
0.0636658639211897
0.0635906100223999
0.0628081539504966
0.0622945957719163
0.061785025009685
0.0619265767709302
0.0621084158881432
0.0629203841977375
0.063694285012878
0.0640971468340698
0.0651042202296745
0.0660122177080219
0.0680579363454236
0.070684861966031
0.0755804768456189
0.0799290587117461
0.082596046409149
0.0823389976685514
0.0854593188181497
0.101382306218507
0.116579994009853
0.129147636957084
0.147089058705701
0.173471825570115
0.204303277921094
0.197287510282144
0.1941883013446
0.214675524960344
NA
0.149882718259285
0.237267822726031
0.289409674857878
0.338018145896811
0.387458348334022
0.318777447732029
0.270475239303768
0.229069946087364
0.17968051114011
0.138658666417171
0.165673290428914
0.171842411107882
0.147684585925324
0.126137203076929
0.188181524956824
0.165101878985777
0.0857822160875093
0.0794992483275577
0.0794399633940383
0.081547976278377
0.0777367696032492
0.0614038977040198
0.0632222408537914
0.0611830425764589
0.0600513962745899
0.0602180742901458
0.0609831305031211
0.0614818434652261
0.0606421378140845
0.0602554564966966
0.0602377590134179
0.0599451031284388
0.0598162879363869
0.0599506835615367
0.0595604758307747
0.0597463845314915
0.0601255200789389
0.0605328157998942
0.061574506058021
0.0629680974646339
0.0648810686121441
0.0667922335113329
0.0689545633573653
0.0714886603365757
0.0718037094313979
0.0711627828418846
0.0774557573192098
0.0866507156694753
0.103302821956021
0.115543796441821
0.138171029601883
0.179938305910651
0.221366439863599
0.203998413101436
0.17467828288703
0.138589164722058
0.128932288854833
0.147976984764727
0.167355715841551
0.1613907675745
0.189520902693942
0.219307219006264
0.198505278038344
0.216824920132448
0.230160342003988
0.213063279588569
0.243867405669836
0.24571697343738
0.18399684771026
0.10111675499984
0.0996743219255101
0.0990092531185881
0.0940760844750679
0.0845487168436983
0.0928426151078008
0.100812977530041
0.10610585991263
0.105512616781259
0.098986021731669
0.0651468275748906
0.0638573089369818
0.0690834244276262
0.0692323532207858
0.0681235755884868
0.0687440050234184
0.0669830906726988
0.0674454989061866
0.0665684432021508
0.06587019232328
0.0663348898511179
0.0665087924882925
0.0652914466244691
0.0652424195549857
0.0643458188656683
0.0631533173283495
0.0628566801966381
0.062884800815754
0.0629742269653024
0.063441473974131
0.0631483751579514
0.0627390356798459
0.062550325925097
0.0620323328949211
0.0642466266171272
0.0620587558237275
0.0622830034533787
0.0664246951523489
0.0690695938987219
0.068109236228679
0.0672476973235141
0.0667150826286578
0.0672442567025683
0.0663687173544938
0.0652300854618636
0.064582383493544
0.0646456424335946
0.0648235666993211
0.0651865943939039
0.0671133443069742
0.0693580252625149
0.0704047514543227
0.0728835749257014
0.0738823832727253
0.0741310235060545
0.0744492482755541
0.0735866726002591
0.0728515936652087
0.0730577301183501
0.0738985583988535
0.0735112789799326
0.0719323854172153
0.0704735922876646
0.0704281186510935
0.068465142027747
0.0674083946163781
0.0663384126760608
0.0662077214278859
0.0683959495172061
0.0738465373198133
0.0865360210390897
0.11014878821739
0.159449795661971
0.218464956061841
0.245334669744568
0.387254121037482
0.275386282632489
0.168637244518715
0.16589437192063
0.126105909914974
0.127312056832434
0.164717481532657
0.203273686632289
0.226396445590302
0.260404271384191
0.305285832909776
0.342038185639277
0.372026720828216
0.354469190457091
0.352925436478864
0.206982749167442
0.145110849562183
0.0741631963482487
0.0653987448381067
0.0612679764844071
0.0611342221034808
0.0607887171418364
0.0608548200913919
0.061098363787638
0.0615269982603547
0.0621432168336225
0.0632094468059025
0.0641697478268946
0.0655774870034301
0.0667631807687794
0.0685660663458642
0.0712526196666641
0.0774716400759228
0.0820258027158423
0.0841289489056576
0.0833863794262682
0.0833298639446691
0.0915371524585609
0.10772265576256
0.12873627617629
0.140121222635507
0.145893967867235
0.174300118106278
0.195320077810154
0.166221122082402
0.137626682836192
0.124841336158444
0.102150237432426
0.18481007969263
0.211617919423205
0.255853679136926
0.296109099121685
0.317254611041711
0.339557510747656
0.328527917602107
0.234827383828151
0.156279715736272
0.156871016481471
0.163165881312305
0.182489495193039
0.138709124507363
0.120767702807808
0.189174331340324
0.16282318757197
0.0990422040035075
0.074339030569634
0.0756743553244415
0.0740807557514028
0.068749265185415
0.0618307915845982
0.0630336429133075
0.0610033391158427
0.0599564230123096
0.0607479360723422
0.062030985554702
0.0608231997262084
0.0599425801958858
0.0600251679669434
0.0598328211483173
0.0595540511610542
0.059620087684089
0.06001244827759
0.0607533336874022
0.060821815165138
0.0608850230071649
0.0604412647121851
0.0599346796555335
0.0604277484156573
0.0615710428144226
0.0632798190484609
0.0645141464392202
0.065866480866729
0.0662312120517079
0.0688560023786898
0.0781034055018201
0.0889885545360631
0.105610729892838
0.116202542828712
0.138783239967636
0.167743286206836
0.195313962145706
0.188295227098637
0.162687334279698
0.128451905433406
0.138376668221322
0.158017386440627
0.184158490959725
0.135699981642299
0.171716144714416
0.186797877898491
0.207374640607242
0.219443868633195
0.204194980634808
0.208844725721157
0.206557956708039
0.184737206220226
0.125430299126304
0.0763566095930561
0.0815982407537526
0.0808392129733411
0.0787508182302288
0.0764410277259397
0.0834918389005341
0.0897601314675484
0.091137890998706
0.0874322271653908
0.070466437073343
0.0576075922367732
0.0617753080372329
0.0656756660330534
0.0703008187682115
0.076355293733712
0.0874893059183535
0.0739121559642024
0.0651476077472599
0.0638762529024202
0.0635893580410483
0.0643641309520725
0.0641276835875632
0.0644465320048697
0.0646787611885043
0.0628732191629696
0.0620365192743928
0.0617710779260952
0.0624350778888375
0.0627177272191728
0.0628939082875803
0.0640248523323342
0.0656874733302841
0.0686648495014862
0.0709423635861825
0.0680284113911996
0.0659143263957292
0.068426108179252
0.0706235093832508
0.0696578867124754
0.0678337304881405
0.066334443304128
0.0660429878298622
0.0667075239599001
0.0657876783153141
0.0649886941703492
0.0650441875551965
0.0656931940050989
0.0660440427069164
0.0670910399861471
0.0685418066723174
0.0695847793008295
0.0700330583068889
0.0715060325682841
0.0737074238583439
0.0748712539437483
0.0756208619653488
0.0758154229005847
0.0757176398423647
0.0757354710728844
0.0750273590798398
0.0730873775016148
0.0725567160680149
0.0728892484877809
0.071877808969715
0.0690268186462794
0.0675257918338771
0.0670648941168297
0.0681572300667585
0.0725903192625554
0.0791436206560815
0.0952954744272806
0.120324138205521
0.17312542950724
0.245494600719387
NA
NA
0.265418211017557
0.231685246509771
0.152760944872451
0.150393270792211
0.129822028590657
0.165798249302032
0.1944956364348
0.218856409265949
0.2449201720072
0.283318471750197
0.29218769464728
0.268384392515031
0.233305481648747
0.216439851381142
0.164328652806975
0.117683572999332
0.0773104053468103
0.0672202005750065
0.0597147079871055
0.0601158292329668
0.0596467809623714
0.0600912846134379
0.0604304489686683
0.061556993355001
0.062546526544949
0.0637106213199957
0.0649148587747458
0.0668408938552057
0.0693992689009301
0.0731613703824955
0.078871299776884
0.083800574305333
0.0838197612842467
0.085401319671866
0.0875223841296245
0.0911615002474898
0.100772407668136
0.12099359638252
0.143735440225883
0.145287590277326
0.148939389505465
0.182798570728311
0.199335262107718
0.180596462540683
0.164526996261223
0.173096263714574
0.140003164347441
0.163938179283448
0.202394521273482
0.250808102237616
0.284057123689947
0.330032363554217
0.332897681175047
0.300276499191931
0.21175541019572
0.156022557833062
0.152120026875408
0.155895908625553
0.177550583729427
0.14075539123111
0.124231609137784
0.133952951040939
0.133672882824668
0.0940544113959547
0.0706185335785181
0.0711884412965303
0.0699792694449196
0.0650507082110515
0.0616364581029314
0.0623393628393048
0.061068247540189
0.0603455313629313
0.0609451567024935
0.0614433255428979
0.0607488092301186
0.0608982735354359
0.060111141465638
0.0598045618437503
0.0593472783737823
0.05909981044894
0.0592488104790958
0.0601865578654948
0.0615036615264848
0.0609056521692545
0.0601561307617472
0.0598412375251727
0.0598473426208065
0.0606174357107936
0.0613781266230769
0.0624581853503327
0.0633018476681834
0.0650794537561396
0.0700279105531951
0.0787927477669284
0.0912283418191088
0.106786776605344
0.117672272119893
0.137751188060402
0.159455459244008
0.177297343637422
0.17695999028194
0.154201495389164
0.129735098459834
0.112991097238784
0.133493144534528
0.191296762699993
0.111979752751357
0.158238330298589
0.183547335552529
0.2009379249284
0.201026116363198
0.153161897061565
0.166523496032825
0.161613792469129
0.128623551301687
0.0823578267274148
0.0653268841826465
0.0712719644744095
0.0711828943111817
0.0708909072962054
0.0706797998061627
0.0770847020266931
0.0832036544479548
0.078858968811585
0.0727035937259487
0.0653612338793941
0.0644888142751317
0.0657837690774955
0.0648522635587655
0.0699313551381055
0.0742811859820796
0.0796980180531639
0.0697403660415242
0.0627159747641423
0.0620192653658538
0.0620160743554406
0.0632089487907844
0.0634399080399988
0.061771342196229
0.0612559355098091
0.06090174424561
0.0607921066509833
0.0606423610642141
0.0612739737465074
0.0624872422522651
0.0630734108454092
0.0640872147182064
0.0650888793853355
0.0665238388950036
0.0648474280179034
0.0661244093438614
0.066201749619992
0.0674746823590203
0.0693118398863148
0.0682493517138758
0.0665516316720701
0.0654955715956494
0.0661152830241563
0.0667945570647702
0.0669704978450219
0.0670833154561447
0.066943564374165
0.0677667791057185
0.0682499174880318
0.0690844882288326
0.0694467351746121
0.068955009503213
0.0699950791383284
0.0715349662775964
0.0741792331679986
0.0759403238076793
0.0771616215635059
0.0772516871414979
0.077906346959953
0.0777651770605829
0.0756688197521863
0.0744820379148178
0.0756540568167188
0.0745714294363512
0.0708683071595626
0.0682762867546717
0.0677205621669507
0.0686628569241127
0.0712250636346567
0.0760591541271224
0.0891643852414141
0.112949929250516
0.141825903985362
NA
NA
NA
NA
0.44840802379131
0.265472197867058
0.144091320444122
0.135542910531109
0.13372861788156
0.167954788449793
0.18856893383474
0.209670919118425
0.239581944613897
0.293535396325639
0.318810489334552
0.223435906556793
0.20295094328974
0.17943109966353
0.137076731200137
0.105378710743436
0.0788647767189296
0.0688424968973302
0.0586531602318909
0.0591588416804053
0.0590966619233059
0.0599868702032506
0.0609850843386024
0.0620773564471846
0.0632226019486535
0.0650544615770237
0.0677119855146099
0.0707177437253335
0.0750370597320119
0.0808082443817792
0.0822491721053299
0.0851590420266218
0.0851872627437132
0.0908336567468511
0.0954898232854114
0.102665874263262
0.108802807873564
0.139233611546842
0.152730082108763
0.150901447166703
0.156291020761546
0.181685025632975
0.195312976500172
0.185062294057601
0.154131134815444
0.164376392706481
0.144657251257557
0.174417524314849
0.229977801448853
0.291432015574664
0.34932006619383
0.408702282352849
0.382918782668825
0.138806643796101
0.184500859574123
0.181066177263245
0.16051533056684
0.164871837985233
0.175784454232599
0.142361494126142
0.145120351690677
0.140705133640583
0.118270364228722
0.0902366404114768
0.067389964244256
0.0676349783174079
0.0668799281169244
0.0626584925564879
0.0611050770364789
0.0613775847895649
0.0612295759799619
0.0607239713887993
0.0607982683917491
0.06249316145227
0.0632089776162853
0.0629859890513583
0.0628002596052902
0.0622684091855223
0.0603427422893144
0.0600229790609469
0.0597372460431511
0.0597752002127753
0.0598685204847737
0.0597866700298661
0.0597660404484981
0.0594703746924698
0.0600081573128935
0.0605032907976767
0.0610435500629812
0.0613251300565842
0.0617584557178036
0.064006892786559
0.0701416500877106
0.0816168974774776
0.0922384920768016
0.103899882576307
0.11733276382366
0.135659651944517
0.151552557317813
0.164896877598421
0.172321811172022
0.157241843868466
0.131453700847976
0.108744039949718
0.100590748461866
0.136843097828432
0.118713588170319
0.136451863994734
0.154719474256011
0.15620111059583
0.126037835869142
0.117434669419162
0.127246335615021
0.110663926157075
0.0819967772281128
0.0640570194466075
0.0640732792820399
0.0681973038247847
0.0680412055706017
0.0670766850206113
0.0680078711149274
0.0728299284361565
0.0750250233520085
0.0695410271200884
0.0661384054425034
0.0663994496024856
0.0665457963145128
0.0629357542983715
0.0628409477192877
0.0664638467019794
0.0679318804280297
0.0678740942671163
0.0636928776134526
0.0606138198161359
0.0613230588197596
0.0616336085462042
0.0621303339809822
0.0616698219817574
0.059837941875765
0.0604633901236171
0.0611926102969896
0.0612369553320398
0.061081957422318
0.0612980063151307
0.0622685332926264
0.0628813121418527
0.063719559833651
0.0638816509117623
0.0647019288983406
0.0651239963716228
0.0656498228554709
0.0649702035246069
0.0646675285641844
0.0654300591996256
0.0660820459372999
0.0658851983103396
0.0652464941208435
0.0648341075229095
0.0654561890035378
0.0666228189950202
0.0669764841014317
0.0679844246797756
0.0686749810151282
0.0692502854897783
0.0704308899783597
0.0694317544403841
0.0689100665372675
0.0704396123765778
0.0726783878072162
0.075464387110911
0.0758095029346572
0.0759275673917004
0.0766283139281515
0.0770450591395267
0.0758262856387146
0.0746477545640545
0.0749776625549205
0.0742106539237021
0.0713767165232528
0.0686522478809265
0.0680567590610975
0.0683129457438129
0.0706587467602312
0.0739941803759005
0.0848795718091887
0.102126610510109
0.115468748499284
0.115922052558421
0.254742885315665
0.474921368420191
0.389367381980115
NA
0.425106214230069
0.175115894257643
0.118613734293795
0.112588959832316
0.135277725250353
0.185990031798004
0.217456607364596
0.238579297130644
0.213430423211732
0.263393955280702
0.289325604700978
0.260596783150389
0.191110976297462
0.190552300524028
0.127422768368925
0.110544013699831
0.0794597415699062
0.0678339530056547
0.0585989166854896
0.0590580015517404
0.059569682844675
0.0602448417321429
0.0611351767874333
0.0627234110735951
0.0641647023805051
0.0663402454211779
0.0702595520262646
0.0745185329159072
0.0796884524009474
0.0840050791930186
0.0844434236183771
0.0849932418001769
0.088881666962455
0.0947766980069468
0.0981282270468212
0.105458057008522
0.121337108734427
0.159760943371759
0.160498138829795
0.15607252095943
0.159301844599684
0.174976017632357
0.190733981935531
0.183903720774459
0.166281173571148
0.177715775066205
0.145473716119787
0.172970773837144
0.23379760892277
0.317113764369895
0.387802735423989
0.42084782107705
0.336621997304885
0.102611717726346
0.200174190178996
0.187580951801414
0.153227657326309
0.171038422643084
0.173122209859733
0.136808324640332
0.147282683033897
0.132338753459288
0.110423787534119
0.0870064214625621
0.0639396205740791
0.0651523768777132
0.064337382021128
0.0615911374882745
0.0614092393606371
0.061419002528683
0.0611923179523997
0.0608634266399783
0.0606513651505209
0.0620687311739909
0.0642978807603563
0.0637961578180925
0.0644506279885108
0.0649661811064547
0.0629385588122824
0.0613271596826136
0.0599229236770844
0.0591006786758503
0.058680682375227
0.0589177696092063
0.0590287190376257
0.0591526306229899
0.059528333279853
0.0598764954729384
0.0602227924602579
0.0605117308879965
0.061381980170104
0.0638423049112347
0.0700036490919531
0.0800966469022707
0.0930031664136443
0.103845675509009
0.11293943409181
0.127938952183249
0.145508062022598
0.150759049974782
0.158094297147404
0.152493320272056
0.12766148628601
0.118261304431118
0.111285455838892
0.122519757241608
0.12885980209598
0.12157858836486
0.119655029225493
0.107188486196841
0.0880669885879991
0.0900075715045321
0.0919091323956824
0.0771258083842562
0.0639832117883259
0.0601136267457822
0.0625781779662781
0.0642069001980749
0.0644307436566973
0.0639215593465101
0.0645007343867633
0.068321135266766
0.0670861079752031
0.0629577988848038
0.062903773388184
0.0617907409773974
0.0601749725380211
0.0599128037657659
0.0619430874886622
0.0623923408830817
0.0627336047497992
0.0619622153827433
0.060269601195518
0.059900226372817
0.0617913169358523
0.0618460628528753
0.0625196210551968
0.0636383454328726
0.0611209663415719
0.0614589865141191
0.0612025937089378
0.0608178405203962
0.0611257143943343
0.0617952914370831
0.0622419414970502
0.0623503150607103
0.0626771605239993
0.0633436832677954
0.064317585253625
0.064214966187786
0.0653733610205563
0.0653432290119139
0.0639939339742857
0.0635423928021184
0.0648766455650834
0.0657767922228893
0.0665178935208601
0.0665296275246375
0.0663760980274334
0.0666667300520026
0.0674155996880391
0.0679204323324869
0.0696100744335338
0.0707540992986642
0.0709867632198643
0.0694466346199714
0.0701958962743096
0.0714700077958138
0.0721408680574857
0.0712268158285958
0.0718995997066955
0.0735240051809897
0.0749019975079415
0.075378363384784
0.075683021796298
0.0738122263064299
0.0720971828015336
0.0697697724916136
0.0688167806857924
0.0681650392456246
0.0684541782905691
0.0710880304231467
0.0746222755925446
0.0808144748232586
0.0905515685265178
0.0939946471143443
0.110604872813004
0.243802676488761
0.423041216628996
0.409194747610233
NA
0.436120536292582
0.30124395841402
0.118549803214487
0.100673985175907
0.0990184590207305
0.114602996372374
0.143155833033562
0.178748467672652
0.196799661675504
0.213823809324943
0.229132638758527
0.247026705303742
0.220874747102886
0.206935013462706
0.18684230800275
0.115287200141157
0.0993464645723538
0.0705600574128595
0.0709279073688827
0.0589856192862377
0.0596392753247644
0.060340840105405
0.0608585966517831
0.0620357032340904
0.0640371544154659
0.0667568316972692
0.0705563472480869
0.0745938837556784
0.0786527528157816
0.0820055699901515
0.0841990504829263
0.0836592598308264
0.0861259872894747
0.0918703174107764
0.0968259890666745
0.100889165666849
0.113428666251705
0.134165073952222
0.174613037507676
0.161501455509284
0.153150790682021
0.158079509066899
0.167045577753116
0.180374272230256
0.178940492866209
0.173517702113104
0.206026504452508
0.159159880277634
0.182699768175063
0.259341718702974
0.354553056562543
0.457426398822485
0.497899749541284
NA
0.075874381743406
0.223696423132599
0.180835591337133
0.132240932519129
0.162079687016954
0.168149799867176
0.128344213140106
0.142611523721219
0.122888047544411
0.10423618887014
0.0813782110693326
0.0610738084527606
0.0635365868878277
0.0627605515001759
0.0613839115248142
0.0612371529014487
0.0616491885581028
0.0615298662301844
0.0613573783794831
0.0614384801344634
0.0621583727532669
0.0632755638782508
0.0643195667884529
0.0642618022700349
0.06391187179641
0.0627108133052269
0.0606640504043054
0.0596567538705013
0.0587341726724074
0.0589008303217527
0.0592358360626568
0.0594763812922538
0.0594003693323178
0.0593049078731143
0.0595929190521706
0.0601531571191134
0.0605935366407695
0.0619126024389568
0.064489450902713
0.0709107337932535
0.0821733008990572
0.0954827321724989
0.0995427971608308
0.10700076710912
0.122065260202317
0.13318084565094
0.137935031732319
0.15241556210533
0.171735291850157
0.183340858835404
0.203878626391501
0.242126385032849
0.278220093973
0.315534407083176
0.142747394825733
0.0793695379821537
0.0822879843002776
0.0709324257000637
0.0738297998024001
0.0722496985042237
0.0643642489579866
0.0600867222612552
0.0601627268506656
0.0617999119286581
0.0619478510517978
0.0628633632789845
0.0629398457519569
0.0642305832222208
0.0657537281360172
0.0624225516139574
0.0600862616125385
0.0598448019843063
0.057746512413251
0.0575118936635475
0.0594268070657059
0.0600804671068975
0.0598896997809433
0.0595307687255699
0.058911091782891
0.0589527270387752
0.060142760710479
0.0615527239510121
0.0628956767672838
0.0627479066991865
0.0626632928054984
0.0618757851546127
0.0613918419930697
0.0609665452968673
0.060821244113159
0.0610073618061007
0.0609050515446397
0.0616302381486663
0.0622757070214715
0.0627267124408874
0.0631497514425699
0.0636097767066608
0.0637363063157041
0.0648554758731672
0.0664070768029039
0.0655488623195159
0.0652073850070412
0.0645446640972903
0.0646558697129682
0.0652775747267098
0.0662312650035331
0.0666566185421168
0.0665207540918773
0.0667843277233939
0.0676897537405311
0.0684689085652654
0.0690245800161668
0.0684563419306932
0.069529938379193
0.0690481815376508
0.067983442290525
0.0688886073760823
0.0691613200449961
0.0700887416836058
0.0710219159766615
0.0725984041239818
0.0731766964071372
0.0717666186438145
0.0699261140403879
0.0688405316859686
0.0686955483825384
0.0686440182390489
0.0695596667258667
0.0716334019429399
0.0764193006675589
0.0799451529229892
0.0850228994309506
0.0937543004912463
0.125671407723682
0.219611967981744
0.368434262510285
0.407419108430404
NA
0.468112942516494
0.305057921602728
0.152582341321733
0.0779787681904592
0.0910295098262882
0.0917466984971007
0.124338882138204
0.118698308884517
0.147113358547555
0.16184994160009
0.171746907599407
0.20176217197456
0.217370212382304
0.225576180259347
0.199519626818392
0.188138123862845
0.159784885875228
0.153659613232248
0.129876727730238
0.059345431772714
0.0615237212183953
0.0593983768633188
0.0598120612270127
0.0611882125895939
0.0632409286922168
0.0659732990361127
0.069274451986069
0.073157918358697
0.0770173442927833
0.0788636651187269
0.0821292770948899
0.0825756105533999
0.084793327391695
0.0902070312425938
0.0954477366873274
0.101049801901465
0.108604931796706
0.129009164375998
0.15858312685479
0.178319774046786
0.150053873552698
0.146568082245682
0.152207441989192
0.15955435224305
0.175202103436329
0.185066298920538
0.183421510238616
0.206085666037909
0.176728268898169
0.196022016701248
0.27473762831279
0.385228830474595
0.481091310348695
0.488050579827004
0.379480112860745
0.0695634942961634
0.186347430290725
0.144481835816024
0.109473850152284
0.140276119044713
0.152237909678458
0.119351313153192
0.134904395018863
0.103782761508373
0.0848554742329078
0.0694910077580039
0.0588750298363332
0.0632487995509814
0.0615574302980768
0.0615431152214424
0.0618494937800172
0.0627524114513346
0.0626084259090776
0.0624228537157214
0.0621459599348685
0.0617738686251169
0.0616502575504823
0.0624193642669421
0.063298542168917
0.0625963553337673
0.0621585194765587
0.0609002410998638
0.0602785415788208
0.0597345720266128
0.0594912646921389
0.059170382712856
0.0587372955259617
0.0594765596492176
0.0598831778318785
0.0593256473261384
0.0594539722041046
0.060768199371862
0.062641370686224
0.0658817750666422
0.0733352087663513
0.0847849201732673
0.0926073696387137
0.095825838345602
0.104211458241118
0.113443228908672
0.120669990670728
0.119739750555335
0.134137353717502
0.158722874715873
0.177365572450201
0.186167456097622
0.199235880805299
0.190461253242339
0.15169986646748
0.0796654116124982
0.0744532249633417
0.0691775648641668
0.0676185372684952
0.0702702796563569
0.0686925521643303
0.0629668294682286
0.0601658302567694
0.0611896095143715
0.0618791227424676
0.0628855660864862
0.0637542039384368
0.0648553630140239
0.0653611710876715
0.0623532989079505
0.0590675876653454
0.057503527601268
0.0567001510487376
0.056362719750613
0.0576400655215034
0.0582996784514055
0.0577740006090297
0.057119599868367
0.0569885882854296
0.0575752677923844
0.0593141329039708
0.0610339165826177
0.0620708682760793
0.0627749793023533
0.0640101913478274
0.0648461543675411
0.0644446476119158
0.0632387348213095
0.0624863000473402
0.0618343231468874
0.061325745263594
0.0615067879808622
0.0615612710615638
0.0621937162234932
0.0625827118506495
0.0626924978706243
0.0630265593542951
0.0634716376133037
0.0637562443294901
0.0651804591950522
0.0646676064494616
0.0642919106294109
0.0640748622931624
0.0635565159410253
0.0635855978407329
0.0635663542426235
0.0636137683543343
0.063988364488248
0.0641982073976299
0.0645528337919192
0.0648329946408002
0.0652714829319841
0.0658843177198471
0.0664108339194826
0.0667943814591114
0.0675824118797537
0.0684539569076165
0.0689489235568803
0.0693065529660366
0.0702350181129101
0.0699438122594104
0.0703734616856818
0.0694140909438977
0.0684046278835045
0.0681569562675877
0.0684338082742129
0.0707314027500443
0.0722083168233497
0.0765513510853716
0.0817480222741377
0.0869015423055799
0.0932479404830562
0.107158295961736
0.140021343766192
NA
NA
NA
0.269218010186477
0.205498831186939
0.136012304041539
0.0778793870303764
0.0731463072313796
0.0858611002412179
0.100404376175048
0.108480447638792
0.104314629045018
0.129056464331366
0.144090125657827
0.150487347393872
0.165140736744936
0.191110708081273
0.207996182344465
0.211210998723444
0.213189060109021
0.202167242922866
0.175578908802421
0.139203467248706
0.0589954231427949
0.0669544345782419
0.0587717228335816
0.0602149852242856
0.0622573441474731
0.0649062010574688
0.0683884855318949
0.0718296493610522
0.0757239611926456
0.0782695687334752
0.0798112658056593
0.0803166023503408
0.0807660952810118
0.0873051140020706
0.0948566777015293
0.099029751718964
0.104495696902666
0.122471753968453
0.145282635863601
0.178189192279682
0.162327068757683
0.140758290552994
0.145903902811866
0.144373582874547
0.157086706986462
0.173391556972626
0.169527889417022
0.153684613366345
0.176770536433064
0.170496808854486
0.196971928521372
0.262754202795296
0.342089172907783
0.381824434653316
0.35528363862732
0.227166030399817
0.0868154482163227
0.147687216585681
0.118541839986625
0.106150970490395
0.146043745201707
0.136155503945688
0.106444018881958
0.115086920356187
0.0841739123968271
0.0693206626518217
0.0615566138074828
0.0590721695311634
0.0630305668644442
0.0615623049554085
0.0619724676885162
0.0626467282895161
0.0631205641458489
0.0628982967930115
0.0622798685993614
0.0620114517936213
0.0614703928536517
0.0610833258513035
0.0610172730361115
0.0614626118583941
0.0624338580209651
0.0618937368462797
0.061262832395687
0.0608622140082959
0.0603803881270448
0.0597468261205315
0.0592441768044277
0.059872440736864
0.0612388412676926
0.0608186039041404
0.0599604083606352
0.0602525105229429
0.0611223820755761
0.064565274671846
0.0704337319824218
0.0816695754927576
0.0925258269892359
0.0980964480346326
0.0960776061454444
0.0917075764641874
0.0906497086110744
0.089678434019924
0.103826809881776
0.1243088547175
0.15192960431107
0.156939034509063
0.13512182057938
0.115438770063592
0.0955952479961865
0.0743657636443851
0.0682379918484402
0.0691173573108257
0.0675123202206213
0.0678148042218571
0.0684160702404851
0.0683431770569191
0.066897970337282
0.0690072192724358
0.0755259641811853
0.0710153806442473
0.0632987103898042
0.0651071739205866
0.0655322620989465
0.0606236183150207
0.0573283959371149
0.0558126552348096
0.0556048599637436
0.0556271964715683
0.056629472540866
0.0567720069086469
0.0566868652256021
0.0571681031152369
0.0576543702150598
0.05950112077438
0.0618400397820397
0.0632833898476343
0.0642588018206456
0.0646551817345944
0.0673032237458769
0.0686483140011395
0.068078847666929
0.0673702474779731
0.0656659057485732
0.0648387363458068
0.0630564301040774
0.0621670467811247
0.0619659398991788
0.0619379437309465
0.0617256116071601
0.0617411467295174
0.0611615750437539
0.061231126291694
0.0612238926071518
0.0616969071864979
0.0630232251709958
0.0634225843300624
0.0625885568332415
0.0614947017370456
0.0610907048125983
0.0609587018540301
0.0609687458742985
0.0614022375079852
0.0618970238308462
0.0625333773885313
0.0631017406628182
0.0631975714587464
0.064077766893394
0.0656633217519934
0.0661309201865821
0.0666528442521252
0.0670243966212808
0.0676977438804316
0.0677584003783249
0.067663548719535
0.0676501071450799
0.066666864163171
0.0668964412708689
0.0671101938574933
0.0676205537845595
0.0688938192442838
0.0716864526001523
0.0748266098943195
0.0789884769085254
0.0858398474323899
0.0943550864429566
0.102762457815031
0.113052214747111
0.1353856809858
0.172812474800506
0.245444720993668
NA
0.365678880907566
0.12960022880067
0.105860993399179
0.0640277842997361
0.0784084310381247
0.0801337862510982
0.109596397268883
0.0978961832456179
0.0963098380040094
0.0958708234546945
0.11844429899143
0.137383824118899
0.137375565976825
0.155547415021171
0.180160128109573
0.207426385260313
0.212795426644575
0.21546497572211
0.199914168941595
0.17477433682475
0.139457951763054
0.0742872722525756
0.0723890684103243
0.0594287748048159
0.0613737183041397
0.0637685204828626
0.0674910607798444
0.0715338424731834
0.0736942814889569
0.0760830759652619
0.0771593772090896
0.0776931296940893
0.0793766085529798
0.0831416527513076
0.0918700925437939
0.0977520847174411
0.102664947549325
0.113519629021021
0.137108181830162
0.163124294303611
0.180261373863283
0.146049457464576
0.13995212576941
0.14089793758553
0.142268520876182
0.159669493606804
0.176390033475836
0.223305510128091
0.232758665455089
0.148832716889993
0.166127886065764
0.184808165421992
0.232161781728233
0.266065845889261
0.23949741887132
0.187816432203847
0.124081395955497
0.137204616979622
0.168860698436778
0.117544727211754
0.0922491924554449
0.129485615542636
0.124005796384181
0.0942720670417218
0.0955346510563458
0.0727017508481096
0.0631570523500748
0.0595628797424937
0.0599823709071882
0.0625545554106219
0.0615077336590615
0.0624835356974918
0.0631728995465021
0.0628468997047712
0.0624809068684097
0.0620705445469643
0.0617823237144328
0.061508561582671
0.0613825074273234
0.0609270258537789
0.0612164381340607
0.0622801341732828
0.062844893500883
0.0626180362178339
0.0618872456571606
0.0611378950365641
0.0599447565316503
0.0596456222712695
0.0607230516708817
0.0613851918549
0.060948988290251
0.0613462800630464
0.0630720600722818
0.0643201263817087
0.0665941577150894
0.071459205009937
0.0737911424913932
0.0740168755276601
0.062204759632841
0.0631393711618085
0.0676349888975684
0.0791530142059488
0.163190826230549
0.145127087683406
0.161041528061576
0.165481115642996
0.160095955040316
0.142742503569183
0.0815776000075596
0.0727883215004313
0.0667760045408542
0.0673941958274566
0.0669335937764764
0.065818641287796
0.0668824293007532
0.0704029487844788
0.0767926170675848
0.0853533660971243
0.105649631112401
0.112913313052484
0.0750412447626136
0.0653585025243973
0.0646317048666565
0.0634235834193856
0.0568507758853529
0.0559441746985149
0.0558478300214072
0.0563562349099588
0.0559482540666948
0.0563337073212963
0.0567427270015529
0.0577612418048843
0.059859541902723
0.0642309631883457
0.0659107271946411
0.0657752398822857
0.0652777943090396
0.0660693012579341
0.0674909764635248
0.0678559691625839
0.0676385421764032
0.0670327605319409
0.0667476550620797
0.0683238629980533
0.0675117015630507
0.066300478653556
0.0637681250594333
0.062744040436643
0.0629013627240749
0.0632648016356404
0.0637170739339584
0.0630382455352095
0.0621505457041704
0.0613047015385142
0.0611019323122018
0.0612053852675404
0.0614754372249251
0.0610527260410843
0.0611474070917164
0.0616422772835693
0.0618824579008991
0.0626671805968733
0.0631981885536929
0.0641308013419115
0.0646187341406144
0.0653756725501088
0.066588087582934
0.0673150255939408
0.0676218724323356
0.0672752458232652
0.0671787018023445
0.0671336136546054
0.0666907894919574
0.0664938298286182
0.0661509578290161
0.0654260478244055
0.065612262254661
0.0668963887970636
0.0684752338131009
0.070080074240598
0.0731039670034938
0.0762825546686762
0.0815204242336406
0.089462621513371
0.0986055080471119
0.110060716862675
0.11649730377602
0.123771735147946
0.133956670776054
NA
NA
NA
0.272951182140721
0.0907924714876371
0.0642930328303141
0.0518732249223774
0.0814503290387879
0.0852941578504916
0.104659234693275
0.0981140119211159
0.087672494679899
0.0952339962747182
0.100415114808257
0.124099759501433
0.129647642772832
0.154301386098169
0.178186350366352
0.203695693768255
0.218827871669826
0.228807045895791
0.219605676822221
0.200909360067334
0.134470429082652
0.105561570709887
0.0647032669016661
0.0655756852026993
0.0626648954456594
0.0660254364134005
0.0692864144859262
0.0715483537332235
0.073037497491815
0.0744381996589659
0.0757971434392661
0.0774683467812103
0.081475156673187
0.0863051532733855
0.0937301978749902
0.0987595680844393
0.107965649413795
0.126528101080365
0.150484546566493
0.173231385448647
0.166317072090401
0.131789576148767
0.133444756300044
0.136459723068274
0.140122015367012
0.153166009328184
0.167848515775326
0.214216065674069
0.225477844126853
0.142893415006023
0.131606801717794
0.160871263526824
0.192176303663122
0.188356678131721
0.141313992800138
0.107263756791548
0.114183261963901
0.161401350878793
0.162881982392223
0.117963984278319
0.102626970257211
0.114110756090942
0.107490753021008
0.0849171673648539
0.0822809477971955
0.0667188357727346
0.061959339911369
0.0594931376939114
0.0607478508185474
0.0623187707227895
0.0620938840050507
0.0634080801917115
0.0634606357823039
0.0630475043838638
0.0629368002469997
0.0640533184739952
0.0643775630324481
0.0636804512353356
0.0630478071422781
0.0629187092702233
0.0622292247241281
0.0622212083812401
0.0625316799979579
0.0623059723133266
0.061833321818401
0.0612450794287642
0.0608519110785543
0.0609979230828039
0.0616463272732413
0.062386049046951
0.0643792730866579
0.0669111591276421
0.0701429701677494
0.0725154325753461
0.0726070615917966
0.0690402486083065
0.0794038307952968
0.105243679509055
0.204793527547044
0.269045567246502
0.271179159836448
0.387693278891322
0.237729113727566
0.2198214995198
0.210755428909926
0.200543535053661
0.173696530089554
0.121594882950332
0.0772643223880391
0.0703306230455531
0.0654184170461626
0.065064452371519
0.065143373527834
0.0690316074253114
0.0755272007514162
0.0848797224856746
0.0941592740166619
0.10406615345583
0.10272464233976
0.081403482578152
0.0672537434253835
0.0625673749210159
0.0618424353588067
0.0618948030532271
0.0563062646887868
0.0569920356234625
0.0567226667895791
0.0563676345409071
0.0566192306820704
0.0588026084987026
0.0610031915703799
0.0634672636416293
0.0661254389669017
0.0671485514973594
0.0667118982750619
0.0671548453342036
0.0676867219621288
0.068869908434711
0.0682929063865717
0.0675180281683752
0.0666389815174534
0.0662593389986987
0.0665677810876013
0.0679110819141502
0.0678626105879536
0.0676261996227383
0.0682845157019777
0.0674032655782572
0.0668683710078257
0.067077285880431
0.0677450483840958
0.0674295339533701
0.0659656319614409
0.0638267246040873
0.0624277958139816
0.0615938121963429
0.0622042334913301
0.0624140964735665
0.062945107970336
0.063761401926135
0.0648511542629317
0.0654902652830811
0.0657522577266074
0.0666665518378632
0.0665106423336686
0.0665441424138561
0.0668197909662498
0.0679314344567449
0.0677255090414746
0.0668130316030709
0.0658784237278393
0.0655285767124265
0.0651385069659376
0.0650588655416169
0.0647186540109069
0.0653171725228254
0.0667355091155476
0.0687864031481824
0.072276850211962
0.0764614577461523
0.0825156387474086
0.0853809209971054
0.0935994332685707
0.103305740823463
0.113333044802642
0.126595425391807
0.127193567719298
0.133349709044582
0.127833485625685
NA
NA
NA
0.118975430954228
0.0898704740695238
0.056872170723877
0.054844136044219
0.0757016251673617
0.0838915262882787
0.100001429044063
0.0998737931468011
0.0913250589254559
0.104426739171707
0.0922520082541965
0.109397045092492
0.12297720006289
0.145521859766317
0.181712633876789
0.20223987872737
0.226543867548148
0.236367607936008
0.227442069605927
0.19936168794119
0.140005452122749
0.139118760104943
0.112247389389108
0.0614571831820894
0.0669915913389134
0.0686365298397383
0.069931367905899
0.0716256388610773
0.072644008591647
0.0736941585152432
0.0756231910804576
0.0788844791734268
0.0841754288567183
0.0904035325806991
0.0968016076311171
0.103062231115097
0.1184092369913
0.140496039917787
0.16428174896114
0.171705690083959
0.147047510012541
0.125524763472963
0.127585429236756
0.129037181399035
0.133549961586997
0.140217539998297
0.152208767486381
0.173790390823523
0.168271854283483
0.125773479787239
0.131189512147603
0.14655463686948
0.158249271683444
0.123790941504132
0.0870631031602254
0.0893216263751074
0.121434720651315
0.146758136201178
0.132946707507092
0.122917165893461
0.127952692281704
0.177580938222194
0.105893670617149
0.0799804453841485
0.075604159255986
0.065162048106816
0.0622097942970386
0.0600019997545529
0.061298567689182
0.0625880220221982
0.062983857459718
0.0635501091426549
0.0641383089831105
0.0650577314803985
0.0666210246156042
0.0692965793376861
0.0701224771997012
0.0691733490498412
0.0671419800822982
0.0649330311260351
0.0643664717103117
0.0634227580245501
0.0630058289763883
0.0631888114970607
0.0626160670472927
0.0622555593389057
0.062541116922526
0.0630772608505059
0.063257334442746
0.0631257250963082
0.0692172544122082
0.083389934375308
0.0973645349928293
0.115562483899472
0.153734540954659
0.245015783048454
0.383443575166408
0.475096407925377
0.44571010274225
0.483779012269773
0.513100526964658
0.428730263714191
0.162864809158628
0.200287359802187
0.172136179558634
0.163688232596901
0.122338405096416
0.0946371250796614
0.0739252083304166
0.0700122446179143
0.0680831699361453
0.0679778323199675
0.0690667177545989
0.0775826506608693
0.0883502086246666
0.0957345023238128
0.100774413860184
0.111472053700839
0.0867610225890778
0.0841618414865414
0.0735159479008693
0.0667864582818496
0.0671894018779838
NA
0.0574773134983987
0.0585822751048352
0.0587277186441729
0.0617588418488199
0.0626264103378934
0.065122699310685
0.0690119828030552
0.0705500891760667
0.0702596453142166
0.0698544619429577
0.0706500883823059
0.0719955136684073
0.0728171374971485
0.0718703298990743
0.0702010237125921
0.0686651193730171
0.06737477167379
0.0670435449143989
0.0669641258537011
0.0680015335537661
0.0703211947857806
0.0701371752248357
0.0708890474827232
0.0717889176142381
0.0705180600411727
0.0691883626399227
0.0683029968666856
0.0674622783085868
0.0658967926010297
0.0640449184128538
0.0631137438853512
0.0622942366298336
0.0625173387607786
0.0635130285436002
0.0639850723437906
0.0641940310876691
0.0648657249710172
0.0656615774128477
0.0660014756987378
0.0664034698218936
0.0664771998515456
0.0666538458000047
0.066576891003524
0.0663623771464895
0.0656016774622602
0.0649173208639246
0.0646959692047007
0.0645770325130038
0.064396284851294
0.0646500171593312
0.0657582242596174
0.0677169550011996
0.0700187676008585
0.0748530569870124
0.0794792898787383
0.08751919000403
0.0959420253631499
0.0996095235731641
0.107683630403732
0.116597033264265
0.128268034384836
0.138305779192871
0.142900837004417
0.136527743913661
0.118804027812556
NA
0.304869826830603
0.266452424696419
0.0697385271205099
0.0723659260823927
0.049645996024407
0.0602929094421719
0.0708421819324348
0.0740643105040551
0.0864510711479688
0.0805219291822114
0.0817427624751084
0.0950857447469383
0.0934926979015408
0.10777431881215
0.131250143740921
0.174681355090007
0.192327390406979
0.214294966029344
0.227052704675537
0.240304291983823
0.231559119853415
0.204128318412577
0.171260986009974
0.156125101690965
0.121196250528146
0.0616502417701566
0.0708068175035481
0.0699675952319502
0.0717723372152484
0.0727312000643172
0.0739577062376838
0.0753245881193069
0.0772384175122407
0.0805977057317293
0.0858636613688597
0.0936114596046629
0.100645496905211
0.111844856441832
0.128680221771792
0.152712077365146
0.171293978042475
0.154550669911434
0.13480108914447
0.118101470185827
0.117530472872814
0.117002864860047
0.120033201019499
0.129697414293885
0.144450653418577
0.161445407683003
0.148291551290212
0.132787073670096
0.122451822238614
0.132378387601181
0.126953627455441
0.0928978550149221
0.0638461615855582
0.0915239309366605
0.120046271264947
0.123146988769861
0.134321136472769
0.147869998407477
0.168522312222332
0.191051428716653
0.0869399735325271
0.0812408564165842
0.0757742989851754
0.0682153331188114
0.0646217734458623
0.0618559865216013
0.0618202427438834
0.0632535087411996
0.0628579961298091
0.0643300532558074
0.0644821876015902
0.0667985345934557
0.069973791658699
0.0715234830177217
0.0710823117511192
0.071057680939437
0.0694779911156554
0.0660504483318286
0.0647496959080755
0.064712567900874
0.0644122620133967
0.0634890382318072
0.0631565806850785
0.063231132068011
0.0639558448031417
0.0648331312301184
0.0655729286672452
0.068647373759158
0.0791951762699569
0.109278858388165
0.157070136573429
0.220611404768459
0.329105131627926
0.463492473029064
0.577316953570852
0.626386056241656
0.481102595284243
0.489517500224314
0.454316783281629
0.326675967208864
0.122228893749494
0.207450861459852
0.191805863243183
0.141319717205092
0.112471917885778
0.0851101449533298
0.0745273355463903
0.071374208824809
0.0679104647432788
0.0664402591945355
0.0676883197542948
0.0659357629973328
0.0618112390509133
0.0699276531273763
0.0928483718661042
0.118143910328369
0.206833636353068
0.12500320858413
0.0754928502163827
0.075361931640653
0.0869960733905157
0.0790629711876987
0.0597758010744823
0.0644040116993647
0.0667867488007088
0.0689377171781983
0.0709254898493372
0.0731129137364903
0.0758342187787279
0.0771272102456038
0.0764751549420572
0.0759038753968137
0.0758381139740747
0.0750850644901146
0.0750284188820346
0.0744858754707996
0.0725726260359309
0.0711357271722963
0.0707367494166121
0.0699326230785826
0.0697178504937678
0.0699330424494758
0.0704812070372319
0.0713175665040299
0.0712587453929039
0.0704594369344342
0.0699698897666665
0.067813780041646
0.0665360476513299
0.0659515339846124
0.0652968275565282
0.0636763559361461
0.0628683657873181
0.062608876448322
0.0634794298679687
0.0644496141228869
0.0650249209362866
0.0651702709115931
0.0655659409136451
0.0661691757200691
0.0666679657447595
0.0669261757347604
0.0670981873809444
0.0669155041461655
0.0662986150126573
0.0656014525858461
0.0651819914222261
0.0653249129123828
0.0657385694169977
0.0661112802919101
0.0664620084359527
0.0672168831132022
0.0685845470425847
0.0710441258352295
0.076470514646835
0.0841054578434408
0.0910681983613902
0.0987153011656539
0.106303885999161
0.114147859535884
0.123027248481174
0.131846171983556
0.142760153741868
0.14458587407687
0.142454161387902
0.11902616157421
0.0998788482540045
0.187697282212891
0.192067134973179
0.128616489696667
0.0668548423952077
0.0579454077516512
0.0456937073063311
0.0562070089036414
0.0646082317029973
0.0706908587925075
0.0828262515464852
0.0915686559934259
0.130697023565169
0.0921311166197698
0.110029492950525
0.124029175058714
0.157915693359505
0.203684728991652
0.235216068993756
0.217757036187965
0.223367945092539
0.233271662434237
0.220298473048193
0.197569430967181
0.181276983390352
0.159312100045894
0.115452315598505
0.0638525232475388
0.0751943995738096
0.0723214700931606
0.0745485084605683
0.0753024641203688
0.0763914987437501
0.0764486881394687
0.0791613813026842
0.0843118674288077
0.0927896078377589
0.101994420757906
0.113844745305566
0.122382316547529
0.141987843979053
0.162276731308372
0.166670624898481
0.138414966558444
0.120629486029283
0.110183991118898
0.106785736649764
0.110175438508049
0.109558727030225
0.121813424749421
0.130836744384997
0.152600730796884
0.135481632316175
0.130210587036799
0.110877871175841
0.105840043638746
0.07618291615653
0.0458040306403836
0.0444763844737546
0.0824626209189352
0.130958299871149
0.125458788240646
0.160741073110795
0.186366537011667
0.192740102187713
0.218589010806301
0.143784434093043
0.085633110633525
0.081754173015581
0.0746925133178327
0.0711202175779916
0.0675737187609608
0.0652178553773869
0.0690359883332844
0.0760777208671359
0.0661160993728431
0.0635559139992952
0.0656138134723737
0.0688339440160344
0.0697999854915786
0.0690883235244035
0.068694339766233
0.067482817407241
0.0680244426400942
0.0703406874626254
0.0697900218669251
0.0689782888142501
0.0715277848493658
0.0710728059561601
0.068391952802374
0.0685376378226109
0.0682723293970912
0.0698662084511794
0.0787433724786434
0.0993493905070768
0.146781888612002
0.224455058107756
0.322048104012089
0.418160799886388
0.495408054579786
0.530207512724735
0.586396107440553
0.431611015088021
0.424249659948063
0.340917591662488
0.213432121216923
0.141587264389715
0.212533543866699
0.194439798844925
0.153395159948336
0.12020412341505
0.0800024298252836
0.0754713494430727
0.0731740081010286
0.0823314052188405
0.115117964539481
0.204380157302168
0.317313623220253
0.260296937817416
0.0586926465213739
0.0410249710434097
0.0799743293399665
NA
0.120387046991106
NA
0.0941656431991693
0.120446945631747
0.0865746148994865
0.0659831115465093
0.0758223772664708
0.074202278307711
0.0747278280687933
0.0771044017556636
0.0821893293751234
0.0848559268665125
0.0869747180555151
0.0864912724814278
0.0853825496017123
0.084470736672481
0.0838362395046243
0.0828897987101239
0.0810566094206768
0.079046484595791
0.0779423466802685
0.0758741729906379
0.0739730834096025
0.0723298007062292
0.0707626774568536
0.0694186647641411
0.0686124903449867
0.0681853475333534
0.0670929936174576
0.0666966091308338
0.0663429910984017
0.0652379462321664
0.0648179479105249
0.0651922464584766
0.0651147928415314
0.0648200923000278
0.064519370511476
0.0647296926076545
0.0657860900486926
0.0663362695963821
0.0669130446257656
0.0674237475753474
0.0678953665684955
0.0679685589066296
0.068410378349585
0.068687515980983
0.0677977559075242
0.0671576292877621
0.0662096279822752
0.0666481138876146
0.066984171211241
0.0681647804972138
0.0691701177331422
0.0699463337172248
0.0710726399450002
0.0735937538265019
0.0782558835775824
0.0859622424198296
0.0931321628481151
0.100092061148269
0.107633373297473
0.115714966837925
0.127346625403787
0.139410190100648
0.15040874498995
0.153384084708584
0.147903458821676
0.130764391499405
0.106823513421304
0.110697171607301
0.253818168654285
0.155163211513995
0.0507306918515193
0.0586218155833924
0.0624840596551764
0.0472345537626428
0.059643164615986
0.0583699473436008
0.0647349805628346
0.0699085774453997
0.0871935980583704
0.0989196140082028
0.109500179699147
0.119971698637945
0.150392376142036
0.173321909014458
0.196481501953716
0.223257901458257
0.219475776032158
0.229981592428988
0.230507421735089
0.217196824739599
0.201482869365792
0.185157114101874
0.130112000374245
0.0938745699739859
0.0690470334145693
0.0817604506157417
0.0766127056779104
0.0783753915933837
0.0786885314865419
0.0791728464945675
0.0815148367781652
0.0856639588501591
0.0931830107833426
0.101101088441853
0.114514155502725
0.129867016008448
0.13373337861638
0.153602736410064
0.167014638544263
0.155498378187802
0.126779655392861
0.110605664664989
0.106619482442421
0.103449131158249
0.106541852479804
0.109335419565255
0.10817722144448
0.122278902533857
0.122741434557573
0.103881629061458
0.103399599641361
0.0902689775945328
0.0661711346454361
0.0511670369211738
0.0431529657693659
0.0379121624473352
0.0720021694522642
0.16703817854603
0.14489824620851
0.208283051356153
0.208486444093421
0.224071300040092
0.240884856103365
0.178502350766761
0.0961559638372624
0.0923770042653531
0.0866651028667748
0.0836159541617357
0.0789649762218398
0.0752179756773512
0.0790728463775756
0.0842163404404111
0.0721474752106774
0.0646379694283084
0.0655801305755317
0.0680029025508613
0.0699495882620422
0.0734245770470836
0.0740362777618451
0.0785037370701349
0.088905085279924
0.0950215992953566
0.0916160171648808
0.0900372517853904
0.0902179772706186
0.0928443780848808
0.0903010541874624
0.0823774189963245
0.0787970052386434
0.0834185727135768
0.0967937024203111
0.130369807987111
0.187494620222808
0.257763385794579
0.320557883785816
0.385194846860594
0.435261904687181
0.501315709978248
0.511256902424123
0.36928979810227
0.361809994573598
0.278500859057993
0.227155021541351
0.243217932904164
0.211599640952569
0.226190813540449
0.159811949133371
0.123127353378153
0.0946675545594734
0.132800735099385
0.184618467355832
0.141819083184056
0.125070566448503
0.133423896400933
0.170732298174548
0.16102741763761
0.0788850972371687
0.117191986208897
0.105095068370406
NA
0.109587990366231
NA
0.114213076254268
0.146264809866821
0.0952221217541025
0.078847809352276
0.0811109502174788
0.078694703378548
0.0784605182533011
0.0803262703322394
0.0845785857417697
0.0864140816899909
0.0887255374729981
0.0892119556253199
0.0873782421145356
0.0864317971816027
0.0854672516214651
0.0838891529160339
0.0818639269427083
0.0799182644217489
0.078660440468054
0.0774999946860355
0.0761741355242145
0.0747833899096143
0.0735788388011974
0.0716439767681593
0.070413921514845
0.0695624337267032
0.0685254494560766
0.0679888974675305
0.0674271685822516
0.0674701417561282
0.0672903969916205
0.06731360882701
0.0681978556848593
0.068451066864126
0.0686240676412276
0.0682145653256025
0.0691568204694028
0.0694641268595505
0.0697373686817548
0.0702713941673685
0.0702298200921008
0.0708053475716686
0.0707913148528837
0.0695805691861417
0.0684175583125732
0.067521730749154
0.0668554478477601
0.0674626399297591
0.0685344667166562
0.0698226328921178
0.0720321371747949
0.0741547458672264
0.0778112269985576
0.0828257389378104
0.0889215943666185
0.0966913875528572
0.102483579749956
0.108941851820608
0.114242150657526
0.122740357751465
0.136395992662066
0.146804225383355
0.154889173506639
0.153294964151098
0.146509533570393
0.124903981135928
0.115894371387067
0.121602278968887
0.176895927570963
0.185974280180231
0.0606927772624605
0.0597474895395792
0.0582137809178668
0.0503426740068365
0.049716184374484
0.0627407807187512
0.0644749164674234
0.0852344935502007
0.0918890292102757
0.133280043134311
0.13642182073437
0.140834478566915
0.155896539513418
0.167772302379093
0.177935987749068
0.185455184745041
0.190577405745018
0.21553364329551
0.22832620880266
0.210366550532733
0.188999201012593
0.142735708327117
0.0963773583987717
0.0825606908968122
0.0778249255238058
0.0898562020571677
0.0825410326675083
0.0810792051739109
0.0827283388926078
0.0850874035014361
0.0889462963636407
0.0949479386587933
0.104493721186715
0.114705757849363
0.130155234506416
0.140364894867101
0.14749035503445
0.162950047972018
0.166556427957202
0.140011707595325
0.112121882697022
0.105748477356269
0.111579350992347
0.104947484783273
0.104775121989316
0.10544677974661
0.108817369406004
0.101589167673449
0.0882483246380268
0.0873679138129694
0.0903076679026085
0.0762190224237349
0.0586871407658788
0.0418583428880887
0.0362292696953385
0.0342375995829203
0.0657841632227381
0.170173186695135
0.187444663943572
0.22386179383516
0.217846137464336
0.283164821987572
0.283483983612785
0.222014513463866
0.105991338646183
0.103586470008625
0.099854064382262
0.0981094581197026
0.0939401683418265
0.090844955782605
0.0906062512503644
0.094273906776101
0.0814554187828723
0.0717612061649231
0.0700208100152048
0.0723062028020782
0.0776778771598196
0.0889002927215513
0.101060241747033
0.11432210599914
0.123579445595676
0.131068729867885
0.124879847979578
0.121038785501875
0.117588674596565
0.115490877847182
0.119106407083211
0.107713896330602
0.0966889121680117
0.103985908206669
0.123971929926258
0.162733257290007
0.219350000825673
0.260511991663773
0.319749483729994
0.367857070543619
0.403292557925535
0.45746231682125
0.440124529571923
0.312690079771132
0.313767812846903
0.230469837281116
0.230657003714067
0.254680843380151
0.274755400098861
0.176263377226962
0.150714167429221
0.122168550701138
0.108280160887357
0.151356957947504
0.185870974565189
0.134143959976132
0.0940739068034926
0.110890132106421
0.128398022807535
0.0935456246451051
0.0831635731929154
0.0857298839942841
0.0878879731194488
0.10015467916148
0.0904627592492726
0.075893052984815
0.11774635626667
0.149025013767227
0.105457818926257
0.0832699710626408
0.0815639054419239
0.0794461435648127
0.0798877916411917
0.0821289676526841
0.0852375699395418
0.0851260179118485
0.0864306656200317
0.0866816507388577
0.0865946840376773
0.085504406046454
0.0835237825916819
0.0829242828490624
0.081709858578217
0.0823134569932275
0.0811766495140358
0.0792367106427282
0.0780024961618646
0.0771843607487174
0.0760843382954269
0.0751417395224585
0.0738560401273918
0.0725670129940597
0.0717758854104304
0.071331514637536
0.0710633630548372
0.0707135738721762
0.0703533991490372
0.0701813527539272
0.0708112337589372
0.0709526028781966
0.070477102325037
0.0701876251784605
0.0707391073091328
0.0712502756797954
0.0714681616011924
0.0723428522244061
0.0727924758473958
0.0730389079982444
0.0710872112727043
0.0698598923182316
0.0689122948234336
0.0685206029851659
0.0681457961743317
0.0685466695537746
0.070675811735994
0.0739262738631997
0.0765728659444975
0.0797818200338479
0.0859544176659093
0.0926438368611014
0.0990400787102506
0.105608565101578
0.108719033866181
0.113361794704823
0.118790263334006
0.130455742623998
0.141522335639852
0.153030684435083
0.153247801173814
0.15411345141664
0.14890878451267
0.138809293854617
0.142777061378011
0.165813701611688
0.241083688163712
0.376789858137041
0.119873992132982
0.0490365903330625
0.0519384300216362
0.0441470851374298
0.070908813458033
0.0599634203084892
0.0765863902242983
0.0830590748398388
0.0864402154147526
0.122108488933281
0.117779971919618
0.147432719199846
0.179415457665823
0.16781717304441
0.186934694492446
0.201621590448439
0.224651977184767
0.199044471554398
0.184213294068579
0.153452352428666
0.130592070234343
0.10395307761333
0.0821648959878397
0.0818766759440147
0.0883722881625918
0.0962576184531175
0.0902786761603146
0.0858642351283181
0.0896696432179567
0.0938498378622147
0.0992983200353192
0.106875691760703
0.119154184092783
0.129279449653122
0.140380401270007
0.151505077232101
0.159109978544799
0.166364884971109
0.152317620129441
0.123849521695631
0.109736167435298
0.108169788523375
0.117045929509558
0.10943027993605
0.104087277695068
0.098991413911214
0.105844058728743
0.0886292865581026
0.0674504772719087
0.0655506629115629
0.0701353629078693
0.0579815482852362
0.0472307388351936
0.0369193917541279
0.0291853180666638
0.0373081729188894
0.065414369038655
0.13505001105903
0.193994339601408
0.264820616270808
0.354559461568967
0.359415329466615
0.311491793457423
0.258787981011426
0.129184130904742
0.11443508685301
0.113199957873028
0.111458120992722
0.108356267982741
0.105148945285163
0.101756585679077
0.103932210150346
0.0906279999841459
0.0862009626923994
0.0850016613476501
0.0879474179966625
0.10015361257971
0.121396131451651
0.13620189446355
0.145893265114727
0.151726653404721
0.160871021120239
0.1474777508856
0.145724578750184
0.144164877049036
0.141469344579564
0.13764293089859
0.131893772858883
0.123865389752855
0.126208681682668
0.146849988488752
0.178692973074316
0.206234798143362
0.231808268926966
0.270538209311767
0.329274609810033
0.329971711698354
0.39035816994359
0.382846471990551
0.282336926229018
0.279630179475741
0.177496874364296
0.172446969938263
0.214507772445471
0.339717258146899
0.241136742411201
0.140540716473899
0.121615672782332
0.100517226756824
0.142094860037676
0.172234760443061
0.133710425769382
0.0967035727390105
0.14254509852031
0.102881888609665
0.0843411142103684
0.0684685138429731
0.0750020613739567
0.0832270407705973
0.0962875476370143
0.0929931092539207
0.104388619532949
0.149747847799961
0.166799063804769
0.122633537179018
0.0885874526999676
0.0820820713329447
0.0816722797016637
0.0827799480785353
0.0877139754134497
0.0891527983485219
0.0891197179675341
0.0896390162597568
0.0897028093499325
0.0894693474068017
0.0891368326693012
0.086267461002895
0.0853482429391841
0.0838669296696419
0.0833726369524736
0.0818649305347017
0.0803576194604828
0.0799263896400143
0.0796756871174892
0.0790041403100405
0.0782298178141997
0.0773686444549494
0.0764786495692372
0.075888544744622
0.0756374109049578
0.07516480505408
0.0745686083323628
0.0739361632456157
0.07365651430351
0.0733728792264634
0.0729894795208251
0.0725925350148845
0.0726260762052836
0.073105366452319
0.0742306463938669
0.0757018254565086
0.0762812991991773
0.0752046816451293
0.0738988057079569
0.0727218090651956
0.0714031013668697
0.0703974778424798
0.0691044556844225
0.068662628836324
0.0698058071287761
0.0719620087194455
0.0768078712603739
0.0817545626205271
0.0878861546337057
0.0940788901698041
0.0991986675956103
0.10491684481422
0.109753251182712
0.113029441958165
0.119354706789225
0.124857487850585
0.135999985398228
0.141260120792038
0.142955715008998
0.145778208625854
0.160310438654574
0.149237568502938
0.147890177245189
0.153887028574277
0.183337402652031
0.253564689279913
0.356627110965247
0.176713882362544
0.0901346196016041
0.0513479184093082
0.0368993379141833
0.0543489228485569
0.0492314724452521
0.0616574507120313
0.0750883637658027
0.087132982780816
0.10639094998348
0.111287270434003
0.150515602470972
0.153521534998542
0.174641437593338
0.199509416250055
0.207507608395071
0.212568015041717
0.153337258272863
0.137473749328175
0.115162212857897
0.100719433445697
0.0882609603349429
0.0812751403718716
0.0882879042199519
0.100265573779911
0.107598376547142
0.1021190800768
0.0949632997076071
0.100192939532201
0.106366993268603
0.110317628199894
0.117949006752254
0.126231625013265
0.13569862616839
0.148979600602759
0.160179982907536
0.167838588615554
0.166326736505006
0.138214871745369
0.121261362032832
0.115842615382136
0.118588249947658
0.144864148897478
0.115405237864518
0.109336043635874
0.104193400192648
0.117190742290421
0.108419882326877
0.0695757676761793
0.0577498118749202
0.0535648250834984
0.0408859013338609
0.0345784568766246
0.0299233358495535
0.0323385632610563
0.0439546074994836
0.0583599897595624
0.114233363127344
0.210950106943266
0.315316154493968
0.357407258251782
0.345411936174868
0.31736922427674
0.277178728887999
0.166388341475284
0.128612401202486
0.125173880534946
0.123324327528394
0.122571670521572
0.119292409620131
0.1190309501425
0.114654877723865
0.103295257645054
0.102531147012813
0.103556955082328
0.111132103718484
0.125451611661957
0.148560433086039
0.168331918600972
0.192500393806565
0.231145058997159
0.184958072589567
0.172872477329117
0.163330110838789
0.160735050645691
0.158075967123345
0.152180064703243
0.14750305896067
0.151438946041383
0.158813755228331
0.160493712215658
0.172517981378842
0.188091926833732
0.196777673751396
0.231254992482624
0.298472045847777
0.365268630148329
0.496990474164249
0.344374997871122
0.281811305852893
0.258709606413879
0.185715071318358
0.250475726019037
0.171080666999573
0.284145381777616
0.311040456043104
0.164774975636615
0.175090542590347
0.144797071066525
0.14556406341715
0.160639587423911
0.134731238722192
0.10323808117043
0.108870616812536
0.0855113441226533
0.0908054213126092
0.0689377750013332
0.0704330581372804
0.0859004692130047
0.106654809699179
0.0986243241499238
0.120560662545297
0.155288655084204
0.145459247464485
0.113487185599085
0.077820894651985
0.0842245920452302
0.0851532761148526
0.0872329473445724
0.0882557430879308
0.0894551198019145
0.0906250362936688
0.0905099720227859
0.0892932388637502
0.0864502903624861
0.0907639971301128
0.0891625712842637
0.0877208905415316
0.0856706193010412
0.0850137616269577
0.0839841298081193
0.0831774438309507
0.0832834890367463
0.083157396688731
0.0829126985456066
0.081514844660798
0.0807423258969901
0.0801113036850436
0.0799677303939177
0.0796236286194691
0.0788929313343918
0.078546123222648
0.0781832458942929
0.0779647075893988
0.0776702279608167
0.0772173344099504
0.0766663593730982
0.0766987635013177
0.0773592309053294
0.0784948582391978
0.0795616316164682
0.0783785734162459
0.0764233598179672
0.0745099979185696
0.0731812843497782
0.0721270153139455
0.071386884963191
0.0710107094685995
0.0708313663563963
0.0720335760476904
0.0745649715041384
0.0787788792120709
0.082755149088205
0.0889673376010395
0.0952450655800202
0.101061668501043
0.104394370889894
0.107700787248451
0.112205394407225
0.119259193790366
0.127931383755209
0.13184425273987
0.134223620269661
0.135189932923029
0.131002900043464
0.138867895515712
0.140858214359104
0.145842291971155
0.1543726963213
0.174843646215557
0.189057534869462
0.292450498950164
0.137241116602944
0.0622917886419425
0.0433266025442
0.0325860115896319
0.0448714494450579
0.0439895362014133
0.0674278154009719
0.0622084446285501
0.0726153705998506
0.0955772074307128
0.103699601572816
0.124298888617125
0.146327822832902
0.176422347660975
0.190362191800427
0.187999486371243
0.161724855731969
0.129491912644485
0.117067253323888
0.102238078936812
0.0927708652384029
0.0863729659799826
0.0886445153504931
0.102129801862217
0.115053967048796
0.122964860255482
0.117396529225333
0.111679064862753
0.109099390142534
0.115198977304513
0.121204093790853
0.128589477379101
0.135541325832888
0.144828972127237
0.156458072286933
0.170483387385124
0.179162570130052
0.16562277271866
0.132389247367058
0.126499828427332
0.128208567707621
0.132270327921821
0.153445200084715
0.121180409282205
0.115578042022922
0.108302121011053
0.107595249742383
0.1006217881175
0.0834920961588032
0.0635950366188783
0.0568988006318627
0.0431736465685083
0.0323740895993633
0.0315261151024841
0.0332304412900739
0.0429488122510453
0.0573133410274428
0.0879200465489027
0.201167231280891
0.29598690280905
0.309334479906761
0.286958892427107
0.310215869830857
0.288344527874537
0.21405135392713
0.168443149928
0.143998915892915
0.134295985092996
0.134519235468481
0.134197999850451
0.135113947138319
0.128304876087991
0.116359493870527
0.120499242714831
0.123407671205627
0.13007275145086
0.147250997771157
0.163917555131111
0.175782435939467
0.184244021359853
0.188844245926687
0.18945957625494
0.182191924786962
0.176868820207
0.177083599975472
0.172071859416391
0.164485102241182
0.166802383585806
0.169748127694173
0.180639243212667
0.179938405302902
0.175078742796547
0.178771242367281
0.207172455507636
0.345485227231084
0.326019417954445
0.418332078343852
0.533904741517696
0.364622435217389
0.309691842603573
0.276715907770898
0.200769062437274
0.165957378885038
0.125446436425909
0.170914359082168
0.276184546311058
0.21083648222626
0.19897588297467
0.190180203328535
0.16634157061504
0.166353234755557
0.139202762026077
0.11454662916186
0.0993690411017385
0.0925164436751663
0.107655824370084
0.0884915114181687
0.0738710813124095
0.0954011898673087
0.114964401205211
0.121542729228408
0.136556670749503
0.161894855716104
0.140432969569084
0.102826437310022
0.0798330800045861
0.0857145952146098
0.0872046780369974
0.0902996092468561
0.0902427717327734
0.0904421719826067
0.0892838410288825
0.0886551734764589
0.0890833934473361
0.0891531250298786
0.095227794923598
0.0934049187390749
0.0924659939350225
0.0889838027245744
0.0880106968491518
0.0874166239704032
0.0872377507991811
0.0884431074380055
0.0882458160708741
0.0882343247310588
0.0868440735539219
0.0841199463555318
0.083233780543687
0.0830249872088383
0.0822088647554963
0.0817633800043237
0.0811745699573236
0.0810550626514263
0.0807396513988462
0.0804986042127297
0.0797955341909414
0.0792347629254433
0.0795075076640809
0.079996997755082
0.0807483682421556
0.0793116234245483
0.0774261098327714
0.0748122527980205
0.0735580525380282
0.0732434222469599
0.0727969097595812
0.0725563856751739
0.0729793613263456
0.0729684424284453
0.0746446518540055
0.0767674147742189
0.0804311539789801
0.0856651849326965
0.0926243658771386
0.0984030400314074
0.100100765798521
0.104256468473975
0.109230005734725
0.112771590843596
0.117381028767692
0.117763315062285
0.123786943477162
0.124818074443424
0.120251055272823
0.117514233708509
0.119710218503767
0.125031800125344
0.130833389036052
0.142877509511375
0.148192374264879
0.142946520977838
0.179905473126672
0.0812280472792625
0.0455919591710919
0.0426664955094043
0.0338323550206028
0.0379432395257704
0.0375642366064765
0.0543211837564306
0.055994337415826
0.0668808063149731
0.0879437037911195
0.0894290727158072
0.113577510418387
0.142406006211388
0.168945416935295
0.179903470792452
0.164880808982528
0.13529909426348
0.121540750755836
0.111087387781402
0.102664027798733
0.0978793031664968
0.0953294801847581
0.102939951248178
0.119637672668037
0.132110608458446
0.142331301597393
0.13690298374075
0.130985139706671
0.115431822239472
0.124401903609805
0.130426160910264
0.138075832544902
0.142502342557451
0.153227318295856
0.165654579574056
0.17946977595155
0.187581097250886
0.157444598790931
0.13670314361963
0.130699847297807
0.136823248595586
0.145876263669807
0.152273438291711
0.138685410362405
0.136413807009464
0.115920991325419
0.12075427763591
0.146046710089078
0.119502635331968
0.0840210694815906
0.0646224121293691
0.0440784171511492
0.0459884015246754
0.0423018048532247
0.042160242953915
0.0434971067814612
0.0561215689330818
0.0823895890939548
0.178398621960086
0.252054722651775
0.251385201530074
0.30097618135105
0.314037182007099
0.300376580302509
0.25779712820164
0.220275947783763
0.188070755223028
0.151489606248312
0.141228939946567
0.143134629766993
0.146729026219174
0.140369083276375
0.12845546128729
0.134070919605909
0.139246502244843
0.146199514958395
0.164888850474511
0.17373202133448
0.178416574844037
0.184480686384566
0.186127562819951
0.190028221355605
0.194445019676109
0.194693167844509
0.191905603569789
0.187476808566244
0.181159773867686
0.181516582515576
0.18434486892435
0.192202198262912
0.200335201817419
0.197914531047013
0.194756553845695
0.190358221111261
0.352410146181116
0.393077156601123
0.435826513511128
0.500221905879409
0.402394795411872
0.341633445047725
0.305338251166872
0.294712853369909
0.226775548538687
0.129944036240872
0.173712531197413
0.251083081895113
0.22713855979022
0.221102787067888
0.204000524947217
0.185125743429054
0.173464531775342
0.141926945815311
0.119047268275371
0.101013666200568
0.0988828432785066
0.123166391036797
0.105421882903065
0.0909176252119718
0.104241956985368
0.116995280553233
0.129233441200696
0.156695341988937
0.170994150769205
0.139147729957222
0.104814076584887
0.0824285706140053
0.0786072557761333
0.0822984125920575
0.0845836548388364
0.0859465469045919
0.0856434969583524
0.0861234819877943
0.0867834862097296
0.086729415425905
0.0881812422243058
0.0926602252455326
0.0927204910960374
0.0929095368567066
0.0908163798916122
0.0896203981244332
0.0881203013557706
0.0897022581733978
0.0891782403153803
0.0887811973939283
0.0887509486453086
0.0886888998358362
0.0879426325841161
0.0862878721070178
0.0858293174943393
0.0848891350322275
0.0844148368651763
0.0836732063125751
0.0835742603443655
0.0833796556863042
0.0830764314484839
0.0822048288509645
0.0814208846769941
0.0812989245966759
0.0814716463801027
0.0807867689835504
0.0789202853533777
0.0764124095932109
0.074899998341245
0.0752355510331457
0.075058279776507
0.0746104453104311
0.0740406280741476
0.0744191149511789
0.0751912218643381
0.0780641800810448
0.0802614546703005
0.0818793942539637
0.0853331404428213
0.0919188136045438
0.0944002403486365
0.0974632309402296
0.102997415646654
0.107360893037223
0.108054363926628
0.109133472940461
0.106021253690706
0.111223043249985
0.115134772369846
0.11782704402396
0.113932197767637
0.109981010514373
0.115113988864685
0.119838689189241
0.124584343372881
0.126661642604919
0.114211402602504
0.109307701091816
0.0997796025891328
0.0939648920406788
0.0320101231965929
0.0341936414315554
0.0366549947951454
0.0348196199757075
0.0456170681799967
0.0558629279030535
0.0720073424304388
0.0974733833469751
0.0841742358936013
0.105625053391058
0.124129167050149
0.160268645027065
0.174601467711054
0.150511295297709
0.131674862611155
0.123461525296908
0.112817690388077
0.107847022109133
0.10495110868859
0.106456343175891
0.116258677997389
0.130422872577599
0.144401768710159
0.154065809544392
0.149517580117189
0.144433742139756
0.121490620316269
0.127468775284376
0.130898236240071
0.139762987960673
0.143205785439036
0.158525902207918
0.174990303515283
0.190791551792175
0.188497193871512
0.166852148765188
0.158309112011391
0.153573174759814
0.141768878989428
0.138674604731505
0.182530459416947
0.156975938301114
0.147629895853799
0.197157809399507
0.19853456961595
0.169577180485758
0.136945090545108
0.100241665760585
0.0758349297489059
0.0590024038754449
0.0604524475921434
0.0569759668411382
0.0540922175128024
0.047386099305665
0.0581091501585001
0.0737801835422833
0.139346666209894
0.197998391151501
0.248232317004404
0.300123767085929
0.315936844062647
0.31335556999796
0.292523168377694
0.266610322060194
0.238673490133399
0.190662478967598
0.152229915687094
0.144418069616589
0.151931846336493
0.152887393910781
0.14252972652294
0.141080356311082
0.148711696063872
0.158143877005562
0.172261473344475
0.179762509501619
0.174843239975091
0.174931548203387
0.187900680271345
0.218689100359997
0.209162885781085
0.201802348167258
0.215835897610476
0.227289084013575
0.213731460566821
0.196843942782181
0.188366759261349
0.190783382152888
0.197109943797234
0.210435914981549
0.214151364053546
0.21797633058721
0.38325486423788
0.463524809531049
0.408232001487429
0.478184002123036
0.429295567893271
0.376789247304327
0.337605573686636
0.325541319370278
0.311451578414059
0.253234663217161
0.198472191196711
0.254528756971201
0.242375240674874
0.231315971679727
0.218906268850673
0.209477742053031
0.185218570375616
0.149946592743068
0.125233084743243
0.105459092323231
0.107940649588295
0.116839224682184
0.107824079621943
0.0942930803533793
0.106255245691555
0.116669925837048
0.127918959659447
0.147462674424131
0.165172931585847
0.136795602903732
0.104287948351644
0.0856696578881441
0.0770840363154338
0.0842767207451185
0.0867599681175979
0.0856791396870996
0.0855961241720829
0.0866689732815261
0.0868599615947444
0.0877628527450812
0.0885614705579748
0.0921425671514633
0.0915448584654297
0.0921813357085229
0.0904663355123007
0.0917852834966108
0.0891170509612
0.0889902587208049
0.0884121461248207
0.0885839351196153
0.0883304010547608
0.0873274631549176
0.0874225764020304
0.0868827928310274
0.0860801195306446
0.0856875569552784
0.0855501619340882
0.0852157704190162
0.0853252235381435
0.085543770944084
0.084913633628619
0.084397002580237
0.0838890931507243
0.0837254129226122
0.0832497702779752
0.0816253058934996
0.0796109995996279
0.0774992675495094
0.0767643044792525
0.0774263158425249
0.0781313252432618
0.0775678394077198
0.077635543103043
0.0783015784228342
0.0792531669875165
0.0817127592326273
0.0843022163817927
0.0867252792709122
0.0889386616902618
0.0901567486853591
0.0936942758674843
0.0992523989169168
0.103205723431806
0.104194270869909
0.102700284610387
0.104295121745288
0.10108617104434
0.103416224449414
0.103306566224035
0.104846734701421
0.10119386177077
0.102838173198801
0.104159494667727
0.102974085554423
0.104909218458117
0.0995219958223882
0.091069654040768
0.0814816586881523
0.0615477002995724
NA
0.169530808631854
0.035307649794561
0.0288201260950765
0.0249626905399832
0.02435273390968
0.0437771058403926
0.067033043755529
0.0858518521994538
0.09010101027599
0.11822996317942
0.138194383969057
0.182797927669575
0.199919160364683
0.149472733235525
0.136421463988609
0.130095958153203
0.122953404817038
0.118037395616067
0.118232950579801
0.123848497159337
0.132705778473398
0.142649648007316
0.155259800432438
0.163744353416603
0.166393536600965
0.156954851855868
0.132713579720581
0.129357344903961
0.131926315364896
0.134133776595155
0.149668784684195
0.161565097785936
0.183460524830258
0.200242287053259
0.199815185225651
0.199708871187012
0.184649300985753
0.169581794126533
0.1948488670546
0.235928120161164
0.230304472127901
0.188356566126977
0.165265197335504
0.202286165611303
0.187386231685331
0.179291907855896
0.128220298954082
0.1008223068203
0.0868430612067017
0.0750016217371605
0.0689574275015043
0.0675662564267626
0.0583027921122651
0.0563124362313849
0.0671393635911841
0.0742737930982837
0.115960948146802
0.164774008686856
0.239110707446309
0.31261545978309
0.327942619809679
0.327919704617799
0.319704594461382
0.29387234379681
0.268469503807985
0.239447895419845
0.184754748521707
0.151793650568489
0.148216265555966
0.155883448499959
0.154716263332356
0.148182683334398
0.151607846058935
0.158447797371633
0.168687830474326
0.174968741922178
0.17677184868395
0.181546140394118
0.195997031932435
0.220422186388301
0.226637486657036
0.235258087221258
0.290470098586361
0.322990177129228
0.300883440664087
0.271852812951169
0.25279392036033
0.246693659327915
0.249474794058823
0.271331007376559
0.281935959674785
0.337980849901759
0.356084840298518
0.395759982273592
0.368907131866028
0.42959242379367
0.430113936557202
0.411756571738615
0.370166161179821
0.344536779972183
0.319847529652832
0.333788316549264
0.2381309508822
0.259643367132577
0.22610109223687
0.223827708063967
0.242003315104047
0.234313427351726
0.214045176519772
0.172136299297998
0.145902020832961
0.12049840317388
0.123308113635943
0.122825779373912
0.114357873654125
0.105006955905153
0.121719733849333
0.116261028869528
0.118773961239031
0.123520542463966
0.155658644509265
0.119943975295002
0.0885988691627512
0.075273834801981
0.07764403019133
0.0835044638052835
0.0856731751380412
0.0884367381221932
0.0850946180597707
0.0874802133496353
0.0854966461498016
0.088108897483725
0.0904429430970979
0.088373366869644
0.08807347852351
0.0887872490960517
0.0894531974977053
0.0905610891607303
0.0902755178307277
0.0885020240859621
0.0864998985846122
0.0854258753378969
0.0855149954318036
0.0855651003552882
0.0862929707901315
0.0863900293763502
0.0866635261521778
0.086914111599662
0.0867065947978894
0.086542044114174
0.0860896277798731
0.0859691873615754
0.0856459525269103
0.0852071728477889
0.0853518238621946
0.0845979183326848
0.0833120110471409
0.082879627575867
0.0812514898434652
0.0794639162545999
0.0783887594090289
0.0787457437797291
0.0796026863415056
0.0807002267886304
0.0815272857521436
0.0830399785887335
0.082353389836681
0.0851407336898559
0.0877528401901387
0.0905505090077658
0.0919627429916111
0.0940016456299322
0.0971050362923551
0.101126875807193
0.103834173565505
0.106275533348556
0.10485950630447
0.107123058332023
0.104562668577365
0.107580058857775
0.107135525573913
0.108382812055499
0.104685472231309
0.0989195000660779
0.100305488311506
0.0981064043077203
0.0973742341075174
0.0917192079022486
0.0856722203437061
0.0796104106589586
0.0594982768415516
0.152895001230177
0.16281683055994
0.0558698203732061
0.0230753428285202
0.019505250834313
0.0206359899145462
0.0325167572039476
0.0579531399721621
0.0910651835160712
0.129912749501078
0.202882549700421
0.244675167907326
0.193777047546874
0.185822791846561
0.15455678976604
0.146960497902152
0.142789427983419
0.142132554315439
0.138302791648607
0.141048604510604
0.149388994980435
0.148372368129329
0.151743977131969
0.16239781688602
0.177224771593794
0.192821956185285
0.176914660298057
0.154570271578537
0.134038137280863
0.134059154813582
0.138004862331189
0.154126272236336
0.168720324590165
0.195671116782771
0.21210129484838
0.217329458930446
0.184259217821912
0.191496681491479
0.197393175390896
0.235720061044808
0.280089449926999
0.259171905075769
0.237504002867239
0.199493241023316
0.197181950794238
0.170938631634114
0.162124732484215
0.134368652817052
0.120444158017479
0.105796456058192
0.0970416177507922
0.0927781224320545
0.0895808242382007
0.082860171296699
0.0735356061215681
0.0767652918336056
0.0843829995894471
0.108310964985913
0.157542277998406
0.240028258473961
0.312938967474351
0.352493864999564
0.350576457600005
0.345423684202618
0.314994570830661
0.285203653111666
0.258936232832712
0.220100033277702
0.171699330126024
0.149257669240062
0.15041319055185
0.158330348757207
0.153804834723546
0.151845696770535
0.158383585856565
0.16762782804811
0.173355698020203
0.178308844661784
0.188970761463959
0.225085557940167
0.255315015718776
0.259478633827123
0.26647950298335
0.41629247893327
0.417983365689892
0.364875134194579
0.316599160932043
0.289670583314706
0.275132568107211
0.270730856680003
0.280833409424308
0.29081810569768
0.315395496927915
0.311186818890408
0.339503211733377
0.349571974156301
0.383679427618069
0.399144141575258
0.408366241612061
0.394112128404067
0.363159784390615
0.325073484699935
0.339760180649672
0.253489140590111
0.267676033102508
0.235819334733854
0.235090582018905
0.242419723297878
0.292623137858363
0.253646283590249
0.199725510728199
0.161584356252707
0.159299918497357
0.144943800553632
0.128070496130237
0.120678789793446
0.116621828932343
0.134754333517171
0.11432574922552
0.118238345336011
0.110123475665371
0.147409688686285
0.0951001715403292
0.0796282062210638
0.0775750391350092
0.0788395093180557
0.0818126472581184
0.0810102385787811
0.0843423819052788
0.0872977862052086
0.0921029332554757
0.0903651953515215
0.0878268347219936
0.0953263493359901
0.0931860488341886
0.0953661463972136
0.0913687765130608
0.0855573095028592
0.0853262113849638
0.0890074636908271
0.0893845714760856
0.0853909662385901
0.0840685367292225
0.0842942862018802
0.0841026896029938
0.0847758460937998
0.0851961785074533
0.0853980158206402
0.0854922549153255
0.0853150777799326
0.0850376864248862
0.085063550049785
0.0849534424346322
0.0854133355954359
0.0860927817004002
0.0873081258589085
0.0870687015222315
0.0848220781698066
0.0824119593399771
0.0815106897243946
0.0817780017813528
0.0805754500224231
0.0817553544294864
0.082136012195987
0.0842043738398087
0.0860209359005632
0.0875916807091429
0.0893441125534885
0.091714072826434
0.091048057245014
0.0926189183015315
0.0919280756537017
0.096398941621929
0.101743537233338
0.104909037354946
0.107693916600368
0.116558473020752
0.110924957006433
0.114454751578716
0.109117903505849
0.102416499664462
0.102707432789952
0.0995219389494732
0.096045172482782
0.0940462312792421
0.100034738078405
0.0981197963436812
0.0989226431821657
0.104282434989761
0.105363326542648
0.120720925154633
0.112867329363524
0.193279895286979
0.197869555442729
0.0134597674030284
0.0275111557266204
0.0261999466481337
0.0531208886616171
0.0931386283649826
0.120050729170143
0.14162992693537
0.217601444925614
0.238077576203965
0.21481071953198
0.194608912229304
0.183137053129475
0.16919557838074
0.166838363274202
0.168793204688278
0.175022411788869
0.172798152973846
0.177978002667193
0.184259962661914
0.18768625069296
0.177440465176164
0.174460050849014
0.181965417964154
0.206080255814367
0.198284310077639
0.189494986447942
0.150370964691299
0.140525121473637
0.140066828332214
0.159148870642912
0.176291078212131
0.209649901560725
0.221558183406633
0.202347682459012
0.180061379042399
0.192893208917375
0.201360718134017
0.234140122180554
0.271852347608722
0.247880827794836
0.243360121583647
0.224557715876058
0.19741168381088
0.171675645480816
0.161950106449152
0.136238168755523
0.128886124716946
0.130216303029977
0.121408802795358
0.107553062666062
0.101111179125289
0.101505367053357
0.102713638863076
0.0994172897740249
0.106207738720011
0.120650896112516
0.166218344252987
0.247478790493788
0.307060649619047
0.336928364940859
0.342721461872064
0.361132874686696
0.349799743968061
0.30289109383307
0.245078727503911
0.231888355500967
0.189757192816209
0.156074978110418
0.150179529002103
0.158266827834286
0.157640581570562
0.154556387670355
0.156756081191141
0.167179318211726
0.179906673848787
0.19894221053027
0.227044201975034
0.250000126746769
0.264103532821574
0.255097535814272
0.371122006761716
0.427597240827525
0.412687661088659
0.377233534952612
0.336644102643403
0.305071287331057
0.285086016265941
0.274341413722005
0.272658595394165
0.275930648029396
0.281771411434672
0.281473468456284
0.303018282179952
0.31173015079788
0.345906206611855
0.352835946071884
0.371377834321795
0.38621016633437
0.374025759014267
0.337660545460614
0.33061025362227
0.270290578882234
0.265210708713339
0.244655442263524
0.244350788334781
0.279724104403719
0.287628110159716
0.260590516140124
0.226453924856494
0.186931051648957
0.163884537062167
0.151031210227176
0.13604470957452
0.125201712390897
0.129049598691819
0.126975966942767
0.119505632189566
0.109918729395622
0.0982343942101657
0.113020392664387
0.0784402673357902
0.0801145145409952
0.0819666200986033
0.0812844018709565
0.0822800691617901
0.083277820239123
0.0870243082293926
0.0887791102380017
0.0915102675582793
0.0945445049993089
0.0938797235317254
0.0976737953729614
0.0934952971446548
0.0900574038110622
0.0850706849375028
0.0824801987018847
0.0808986072244021
0.0804295626999556
0.0806028484255822
0.0809912569729508
0.080827999520685
0.0813296208099777
0.0826548140815046
0.0828383737103316
0.0830038531560549
0.0833643816472126
0.084249353217687
0.0837633407961866
0.084700037583537
0.0857646249854911
0.0885160953898792
0.0899973672882259
0.0896930596229838
0.0900919417366447
0.0918007833220114
0.0929637346982646
0.0881039503267788
0.0855398193230523
0.083787724100476
0.0825531007327173
0.08399831367006
0.0863639813092462
0.0886107152739829
0.092290776004997
0.0949703950956941
0.097108941432537
0.0966815174126672
0.0959760482925774
0.0959837945290027
0.0919918997596232
0.0962151301310704
0.103104814494264
0.106199064634587
0.108107328252951
0.116011626613759
0.11709906931884
0.120052915888011
0.117590137911877
0.119152690113079
0.1189108156246
0.10821369652323
0.105670679906398
0.106246364765064
0.116694417721508
0.132137361638847
0.139431575955746
0.174524302903944
0.187123142391089
0.224285147074659
0.156659664708375
0.163253116256738
0.139168165941982
0.178436197696455
0.0920489621590615
0.0806002772941178
0.1434229479372
0.216549235574201
0.274229894547738
0.127492503430828
0.235899380390581
0.218987066283906
0.210027302444699
0.194676375838873
0.18196320099552
0.178069797672771
0.167464126183435
0.165414591223547
0.171412788157537
0.173747558479406
0.181345693161656
0.188701448512191
0.198907709731624
0.193404917147252
0.188570788588538
0.19851072434471
0.219380964493012
0.214038418223994
0.208633732124418
0.177664690787652
0.149893284032466
0.145681304751603
0.159985718124623
0.200601017745542
0.22341694823589
0.208209030525217
0.182928496127606
0.17711675385975
0.182788773284646
0.194348603940002
0.218758871227048
0.248384917949777
0.238613897819631
0.234306204301505
0.221894100530202
0.202519653274635
0.189074414156068
0.183514611252954
0.179253571499896
0.171226807265844
0.155052017041161
0.146669528018631
0.132856274855048
0.122185301581855
0.125097231510284
0.127874606059775
0.132933684643072
0.136724718640459
0.139051373758431
0.174274607581123
0.249331690170434
0.272332005725067
0.31421174751462
0.338473443759195
0.376621812249359
0.388898233397056
0.330304923382444
0.239615400671294
0.239797319793407
0.214810775437844
0.170481295011536
0.158105607777427
0.161179274641161
0.157325174131382
0.155560759375119
0.159283322945742
0.174365501239482
0.194780036541911
0.214239528364496
0.226057376590074
0.240460362240467
0.237209247814256
0.323094921100416
0.452116057999197
0.462129556762631
0.424844623095399
0.385539529518287
0.354207454478081
0.31526606927929
0.285337931277078
0.267394372868106
0.261473181012293
0.259702172938256
0.259733679238914
0.261064714327843
0.264602423453553
0.270948832362532
0.295951493497557
0.330561928316468
0.321976055313261
0.340443446547709
0.351320408480236
0.332932577349349
0.306691639081108
0.291094685329529
0.252694776243755
0.229147013688668
0.276028197922355
0.278196943644503
0.285414668961671
0.27098834588102
0.247135946226152
0.203496907013342
0.16000731186545
0.147100242784156
0.140777820360738
0.133789881316156
0.137384823923942
0.125809813703871
0.125197081760364
0.109784285595182
0.101313583844319
0.100546924301649
0.0804361040214721
0.0799481153112271
0.0833906499628641
0.0845247812923238
0.0854656554647577
0.0841594517983756
0.0838518702128105
0.0844745579332356
0.0847692144067525
0.086156680039288
0.0852736820037946
0.0851881608647094
0.0827431374279461
0.0796894577177013
0.0792554714446766
0.0772271673628102
0.0765725687127562
0.0753126011838653
0.0754900791617703
0.0769917905044441
0.0780764996163525
0.0781429954131863
0.0792753450796199
0.0801505199217356
0.0798253485649137
0.0798365745307253
0.0815816152963968
0.0826992015354737
0.0855466935883541
0.087047765268485
0.0881850456364847
0.0896150992245522
0.091018870991625
0.0946605496960435
0.0978712565719332
0.0981559488129031
0.0933646695571632
0.0921305377185223
0.0918311967609856
0.091019328068974
0.0914049972360499
0.0905204967010482
0.0968030520954766
0.100695940512578
0.0979761813814637
0.0963054776254047
0.0929729053250738
0.0895006559544027
0.0895654973092817
0.0880545780023107
0.0881358026977597
0.0965427482611629
0.108655564034612
0.114568851712147
0.124374173909414
0.14115897152228
0.143384760348767
0.151311851713204
0.153415591054156
0.157772180475766
0.161474148493055
0.155660799499661
0.163207165481162
0.17931502762115
0.206503276547819
0.228735208563826
0.239404246370008
0.246072167875717
0.352708386048545
0.251832536714623
0.244429109183645
0.177641107803832
0.159371292263543
0.177666614161676
0.191435902244457
0.321324520578401
0.258836699779993
0.227586779891031
0.192966889564086
0.199136102072354
0.18952494326717
0.178637517140473
0.166261855529927
0.157538809664241
0.157078125190806
0.155681881916121
0.158511729749245
0.163740666521463
0.167869465867801
0.167210637851188
0.177454500051673
0.196296630987394
0.202023729132698
0.196502691531545
0.198465140080305
0.212410163613976
0.220187220351321
0.218616578644896
0.208731252693289
0.174415571640065
0.164387762445867
0.182668858686746
0.225857382119596
0.239464943639804
0.193761027578022
0.175783125964973
0.171051190806293
0.174277377329172
0.181543914355326
0.200933776151782
0.231655944347464
0.224258469027873
0.225696027414595
0.218959394953736
0.215919359168152
0.204138372204782
0.192345027815029
0.192188169968285
0.195926081449637
0.175397754582964
0.158107440974806
0.154417119424798
0.149947717154159
0.144211447287669
0.150938603421159
0.147257085763556
0.156644379878858
0.159229142556905
0.176801776138713
0.238365205404523
0.257275212259633
0.30552076976699
0.353938530743957
0.378449200836008
0.397596940401587
0.366682782015518
0.293906771530925
0.262706556106831
0.262253026235278
0.204862467376759
0.175581244378663
0.166556997173234
0.159870862275512
0.157704295781718
0.163765229847862
0.174289723556002
0.187283803802495
0.197561311754734
0.208995989723308
0.2193840211028
0.228643514568786
0.359022775847847
0.423321726314703
0.447417349388705
0.423688023098053
0.387012890557459
0.350503923892861
0.32144589396909
0.294668859039838
0.269996899610567
0.254826145768037
0.243312973857528
0.242502152064811
0.248728314332044
0.244427241979599
0.246385017353965
0.251795157256931
0.368708646344924
0.4249638613806
0.403682083398415
0.375799892620492
0.347615357828217
0.298707107993753
0.283738777630489
0.239603992646018
0.219336735582951
0.302247648663143
0.331453638827449
0.302583046166345
0.285001868687793
0.263393369894287
0.205513392792503
0.164593342048815
0.14490073410223
0.140229990199921
0.13689544498132
0.141774028035955
0.128807612291656
0.121507045981394
0.100653083796741
0.0967721728715239
0.088323713911033
0.0773816667511165
0.0770362492562822
0.0811321328731292
0.0825967461551437
0.0827276991013097
0.0816877725900124
0.0803596904400458
0.0814756273775882
0.0809099997454904
0.0815766459066676
0.0793441224177498
0.077022030395303
0.0743646696135477
0.0735547424860562
0.0736351551842569
0.0740783861288003
0.0737998290887118
0.0728734839739227
0.0723055394314196
0.0725020111886135
0.0730374482093681
0.0749636800889061
0.0757817860367319
0.0767603719138509
0.0771672667613092
0.0776891203218156
0.0796048715966361
0.0823712916817627
0.0864183030490264
0.0915051747754675
0.09464428213149
0.0972137513839414
0.0989493098410643
0.105467542285812
0.108245621854515
0.105292051538979
0.0980887897878844
0.0923440428295766
0.0943467574348207
0.0989615452848783
0.0965422881753452
0.0951425412395785
0.102246050015635
0.103130148846184
0.101959452112835
0.102456074427241
0.105719710966729
0.0951862387350712
0.0943174303525084
0.0939345545106768
0.0995674870314381
0.10404459738393
0.112614697085166
0.122097629510596
0.134599337119516
0.155503377956129
0.161237635186124
0.171304676440972
0.177201686696644
0.183932489798777
0.194510777601455
0.190193887195526
0.189375247842064
0.196208157283667
0.198344690990081
NA
0.247080980446478
0.240079737867985
0.314750114591788
0.322796936655127
0.36876050723381
0.380917475432614
0.464613720189553
0.452632111886546
0.506191837594728
0.391460085158256
0.232167373912684
0.184215577647225
0.17139523402145
0.133739563586927
0.135054713401738
0.131928882041717
0.133442332951569
0.13635301535281
0.143766700272565
0.14624584724531
0.147533574697765
0.152685668453843
0.159724604813276
0.1638320543334
0.170869431569813
0.183785957286776
0.191919294308942
0.191176895165715
0.20003417864554
0.219241507928462
0.235741293675702
0.232144128384752
0.231823491074146
0.207950484908655
0.188922114604968
0.216992900966634
0.23645366667978
0.238252179830451
0.210036259383246
0.185510915502533
0.178409725472296
0.178753371481659
0.181674021329708
0.190691903195344
0.214299699174162
0.207748949121216
0.208098645858719
0.209423340234294
0.207989380369807
0.218311849064151
0.212489270967011
0.201219740701768
0.185985505949791
0.181278553495893
0.172323318061672
0.16042513842111
0.159576265815509
0.16209829685343
0.175641932767195
0.172926321698139
0.175528660417343
0.177953583534877
0.190819599405421
0.223580361836945
0.252276334233187
0.318645714410809
0.369926344510713
0.426188956755215
0.438739186520567
0.404823748210021
0.345948718400698
0.314196708577694
0.291479793964836
0.23318288678663
0.183227986967345
0.16482634598428
0.158033832408351
0.155846504081425
0.159847962883894
0.164245546238933
0.172056123075718
0.179029775681611
0.193097312858095
0.202775286050071
0.227492575409413
0.319393316930968
0.37258649460242
NA
NA
0.34750689071068
0.337124697536401
0.316554985894757
0.299368064560697
0.276429328259984
0.266174928950169
0.2504463226041
0.237811894998716
0.245281185880212
0.232323918600092
0.2327035078179
0.26275849710405
0.329436131058792
0.38952993280104
0.401303981146588
0.385738788346944
0.351741282636122
0.302154816681443
0.272388610650145
0.274642034054408
0.272108041641403
0.300968830814536
0.267199659062344
0.263600369283942
0.266373101513821
0.254909888774478
0.197331237870905
0.163456353098768
0.14887860729331
0.140589222008147
0.13550590413101
0.143604127614192
0.1308665625637
0.115472298182463
0.101102175221064
0.0950384354146945
0.0822866444293007
0.073379371657601
0.0738289622240414
0.0743072580398231
0.0744615684177647
0.074324938278771
0.0753341265980477
0.075027283026199
0.0764318391999408
0.0769906672022741
0.0771003780485207
0.0764014286631804
0.0753729433954557
0.0741371709930416
0.0727246826849874
0.0723654557282053
0.0715925792199085
0.0705571241902062
0.0705455495847025
0.0709139581700171
0.0710551257349944
0.0713742614983066
0.072214681332965
0.0731562595384313
0.0747181304093787
0.0759835406351093
0.0765562479242774
0.0783833983125864
0.0799793129025959
0.0830098341486319
0.0858551020299846
0.0900058882445408
0.093847909932622
0.0968571557700296
0.100673839502828
0.10351042071762
0.104794508942013
0.102789403276852
0.0980345276946195
0.0929664607275367
0.090225217477834
0.0971501177238212
0.101809960770166
0.101739872116412
0.106337717455628
0.107875138571555
0.108928689244235
0.11082348347459
0.11193487858738
0.120204916424927
0.112582492982789
0.118577262380454
0.126878768005962
0.138689251905044
0.14490673382338
0.144350188778814
0.156696429916971
0.167276971399781
0.179198833151111
0.196813890805261
0.212224952319996
0.233686462647273
0.248775229977978
0.266789051944619
0.259644263220207
0.269700570561641
0.166601543205655
0.160391998951947
0.181953804465271
0.206338630085696
0.218406191494735
0.237994793138277
0.257552898036287
0.289820121281073
0.311338584858526
0.237225460008085
0.162471554375033
0.145246174332095
0.139334538133862
0.131744259826464
0.122784513209979
0.122401407946139
0.127954865794827
0.13246743416151
0.136524141328973
0.142079419286864
0.144894077148527
0.152480960955093
0.159729810221699
0.166380011310008
0.17130581894764
0.177409875719848
0.186097939024769
0.194680893671413
0.199106498256995
0.20904655599988
0.224315784974361
0.241201276077716
0.244220912836964
0.253248398736491
0.246983651572821
0.230169960933902
0.25574770897623
0.256959061674072
0.248187615059139
0.233353520906839
0.215790861533501
0.203094656977867
0.195806699486803
0.191100440891279
0.193971520848153
0.20666727771242
0.193046334779189
0.19851785634142
0.2036566096558
0.204816457410917
0.208662641420474
0.204992369486336
0.197805513935209
0.188120733600542
0.179988183455654
0.163294010208706
0.160486838816102
0.161141406061328
0.16731806142769
0.193159622160791
0.199227131203043
0.202458650959263
0.211492306357189
0.21600153906232
0.228417203158907
0.258329440902213
0.316699230708538
0.382220873450837
0.443113282064278
0.507812047391278
0.466777944602698
0.403052540484653
0.360870369400548
0.30967672111479
0.253213243313349
0.184089059554802
0.156121222222238
0.147756646636053
0.147874862497318
0.152974309124689
0.155991047841958
0.159883088964592
0.164355052611625
0.184558243405791
0.178882319290659
0.260603142991552
0.319941288056357
0.318221386168129
0.393552567478796
0.358616533627612
0.318137634791675
0.31355333933136
0.310459577503887
0.295322734939268
0.275659716159986
0.267104687156458
0.252856179160454
0.248681015224893
0.171931304514211
0.403336225250461
0.414164077350503
0.379315734847219
0.340314960522315
0.363013067920149
0.377020984170688
0.3767332139831
0.350753726258914
0.312107067909262
0.283410264776312
0.291812835968556
0.397265065593971
NA
NA
0.230620822322852
0.262461696026251
0.227852009207381
0.18030463322355
0.166616723574561
0.155608140542649
0.140483809896392
0.130205329399656
0.130903701266466
0.122919269610574
0.10695899101777
0.0984970410817161
0.09105450217076
0.0789706437497822
0.0746056067104708
0.073846154517691
0.073252904111385
0.0741225563241531
0.074277842343736
0.0748324054101022
0.0754798534013371
0.0754977782610169
0.0758107960503474
0.0750978922828065
0.0744020582499379
0.0745614916398184
0.073733948876341
0.0723074256299547
0.0713602656770059
0.070348992261139
0.0701199597507466
0.0689818015854252
0.0689596859104248
0.0703271187420047
0.0722123058710556
0.0740576610550427
0.0752295957733356
0.075566640520697
0.0775189331296275
0.0792812017341109
0.0819628640110809
0.0851412647672575
0.0890819113797824
0.0938012443889776
0.0988873920609424
0.101771133891554
0.105131780325016
0.107300855027304
0.11278604635467
0.117726668915777
0.121299490435229
0.117286999917693
0.111199774098982
0.0961057188166375
0.0969441155815984
0.106174464423886
0.113437551357003
0.124473737491199
0.128527400433489
0.12731470964711
0.126764346388055
0.128604302331168
0.129506178536923
0.124916489476413
0.134035858049986
0.141746628866308
0.151387026627965
0.158313895589394
0.164112806120778
0.17177520904797
0.182283457896576
0.202330041891473
0.220079731563679
0.243573759147857
0.270888722938768
0.280254790119452
0.311639852626173
0.368040788735035
0.270381219364145
0.160907340251062
0.148105984449874
0.132818743667876
0.134243878639164
0.132587459776507
0.133548195608098
0.138590942145672
0.146069067226154
0.148478317030417
0.124433152959342
0.132640585533206
0.140470515675915
0.14883628810165
0.151456915936515
0.144123179411734
0.117777717921699
0.129592684686803
0.132664719534203
0.139131406775166
0.142208813852863
0.144993341832447
0.149729690529033
0.155364667700842
0.16034540915436
0.167273066995091
0.175591153657235
0.184536461922416
0.192882330744601
0.203478892241279
0.211156100627465
0.222589763162292
0.234541442136078
0.238388873247298
0.24255466219836
0.248175552115005
0.226810364062835
0.265071990878648
0.276446498066071
0.267499002675905
0.25548996612202
0.242271465657433
0.228172378673439
0.210482046620364
0.194311150617681
0.189676009509826
0.194457634058001
0.18095680650113
0.185325943353197
0.193169440858093
0.195539360721971
0.19327309230698
0.184313715449608
0.178618579382923
0.1758210268124
0.171810410971077
0.165190672472051
0.16006792215382
0.161556222183116
0.163979938726629
0.18721148332507
0.206928885254461
0.217161691863995
0.231437735826703
0.247990782138066
0.247883489048875
0.269748078269276
0.332642725228647
0.402334967117464
0.449569115384908
0.517764942981196
0.492622910104262
0.432077447436685
0.385321412101541
0.332818159376211
0.264894379418939
0.192699495446328
0.152234258839045
0.136181382540107
0.133056651901802
0.13624675361206
0.139189440437264
0.144367519904003
0.150891621880823
0.166694469775684
0.172943119751189
0.202773172149931
0.265775219480276
0.329211917359745
0.369284850457025
0.358785101119685
0.315131279946975
0.292062858388822
0.295875856783706
0.286665016694827
0.272854624155655
0.263868480149732
0.253116491598348
0.245626798724797
0.207605702874827
0.41073075028071
0.429812659096935
0.407491406906986
0.352141805731644
0.362948308709585
0.364929035783331
0.360684138588603
0.338244590415835
0.321883836517408
0.305146332762566
0.295989754942874
0.512786128284143
0.364717446952082
0.293355182770109
0.285299142207328
0.274344252015326
0.219585452163443
0.182617004967468
0.172344078653066
0.158101428902781
0.151501994620586
0.137805436384395
0.135069885825079
0.125008657038048
0.112062897772868
0.10991376038866
0.10159448902241
0.086901342050713
0.0806603707360388
0.0777315816109453
0.0763091723270228
0.0765983361080302
0.0759979646141669
0.0752721630700361
0.0759335365298452
0.0764648500349249
0.0770675897207938
0.0766525082945545
0.0764149339141149
0.0764489853504458
0.0776571245740417
0.0774382789572821
0.0770707314325167
0.0750774694363375
0.0748443704990873
0.0766571001477213
0.0783848049086287
0.0799525864433691
0.0798145370419643
0.0805873019002848
0.0809050161506136
0.0815031568298648
0.0825893512533296
0.0844781895966646
0.0870985076599897
0.0912263191945074
0.0947655824374166
0.100411118332431
0.105440065084932
0.107801942415507
0.110691025176601
0.113890024425837
0.11709259606895
0.120522554395865
0.128612983482351
0.130781625596637
0.131183022238043
0.125116373980316
0.121209517212345
0.120080975748362
0.116820470108986
0.121365998619787
0.125689773018458
0.125147354932951
0.129868452463165
0.131398054168668
0.138029326840159
0.14805460168616
0.156218839405644
0.160086831692755
0.169088994643318
0.175912478190392
0.176561363298061
0.178839263162877
0.191833205439062
0.210468576231843
0.223348889182335
0.237470382306773
0.244368878903447
NA
NA
0.324976224778167
0.268129373415628
0.193311426172283
0.149225193411993
0.122068541410611
0.110173510680309
0.107499643899047
0.107897225610907
0.111995016747889
0.118747641461648
0.126936488572241
0.13761288054378
0.148627303812097
0.157432137942346
0.164279395363478
0.163909313269253
0.109437490218512
0.127199877814288
0.125805254457077
0.129235623554058
0.131647434068728
0.133567167344153
0.137215271993204
0.14089695277777
0.147042773541599
0.152285873555196
0.15785499415436
0.167369443046597
0.175471400935082
0.184260124154418
0.193723954990332
0.202330077048379
0.213482417355573
0.225477513726378
0.233295840544772
0.237227147544693
0.239958658396544
0.217514595201251
0.327886594094143
0.3437071732982
0.320666766539479
0.293886429501757
0.260858775040436
0.226818084425007
0.208363658156957
0.192958330069372
0.183915512433508
0.18177250577635
0.173466294738482
0.178458556032459
0.182583383927391
0.182681561025328
0.189077548214015
0.16687292897731
0.158282870585091
0.155069881922593
0.158406746130134
0.163769904899873
0.15787745741921
0.156232910038015
0.159203997212634
0.1840389167501
0.208103115498788
0.234736236395027
0.254094294072296
0.345696233321337
0.32566169507919
0.316088671644183
0.35138857755757
0.410272609445502
0.459988244160205
0.508243883606774
0.483039173014343
0.437093772053137
0.414684247882281
0.369619013767776
0.277188488224601
0.179631068307301
0.142670502674824
0.129779806227104
0.122344106911993
0.122432257636262
0.12301942445997
0.12560966822496
0.13543537883716
0.147735814015412
0.148267991519482
0.185223147279193
0.242732754092611
0.338935299651956
0.383300856663456
0.387207911686915
0.353346936986712
0.307207914652129
0.288757650240011
0.280027708946102
0.269648230129027
0.269567456370588
0.259650477101438
0.242166834442978
0.226577936738437
0.318395148832555
0.354876992330467
0.381563795099495
0.331670864651014
0.357692799213932
0.358245897499835
0.339930525674633
0.327355916878411
0.331591600007369
0.33707263356366
0.402050002386928
0.481488424126557
0.344700366919333
0.284962828840211
0.271365441323079
0.243504931844097
0.203028114291644
0.185226753649767
0.174945164674439
0.162921597876399
0.154719129241698
0.142873473025064
0.135031151809609
0.123357289640674
0.115256674254466
0.115321631096567
0.110263272562183
0.0983704360779767
0.0930712771807433
0.0875976715383255
0.0836454067894234
0.0826793361610398
0.0799354179635639
0.0770756717670847
0.0778243456063637
0.076599302829213
0.0770103574913848
0.0780875373969088
0.0798540512777412
0.0799664853065975
0.0835350076666006
0.0854866864555265
0.0860743311569492
0.0839684116929865
0.0816898659830083
0.0829196327945101
0.0841139334224672
0.087354977664097
0.0891902648083505
0.0907302087391164
0.0895883766412163
0.0899114769111529
0.0911876714620665
0.0901580545113374
0.0912917129810192
0.095925920278574
0.101155161307974
0.106869341555187
0.11024272021895
0.111737936770003
0.114855524291952
0.118663633424669
0.123524786507451
0.129356480099427
0.136215619129479
0.141360475676511
0.147614061042987
0.147419436801803
0.144321499627748
0.143255118301132
0.138661199037098
0.14540088090691
0.143955906208638
0.137868810520902
0.137040353075361
0.143630797141925
0.149803588755565
0.16204696231127
0.168585396402546
0.174998462461748
0.18482554581506
0.198405512143334
0.211681138793592
0.229397435793052
0.262574530297196
0.316597591407257
0.345963601762751
0.384563924872798
0.411043047066516
0.293615710654024
0.251824958274354
0.354361908643574
0.298993942636234
0.20157891772461
0.170824010551822
0.142495232013715
0.125035191082999
0.113437088625438
0.111540027735988
0.113676023709198
0.118320374706212
0.125040219896756
0.134086330826695
0.138833222781039
0.141652637304673
0.143334052114078
0.136000941048598
0.112235790314064
0.120834114487458
0.119866261834726
0.122485770086411
0.123773186290659
0.125806733755309
0.12861583407689
0.132393795244536
0.138767272996681
0.145153199683494
0.151051911125441
0.15840646081417
0.164936475047742
0.173317004743117
0.181246949437261
0.1893014489092
0.19767901609658
0.212124422687907
0.224013693317087
0.22740807013669
0.231802140082688
0.229457338594074
0.235852379335122
0.266590914035157
0.267706449527034
0.260906286614429
0.243186965060057
0.225342859947635
0.199078783835194
0.182862298875532
0.170088697967179
0.172043592553772
0.16121358381784
0.170088515838322
0.1731098225632
0.171967744693438
0.196907470398273
0.171165075442615
0.152102016927881
0.146022079156458
0.149298882849252
0.153775776295352
0.157607006370497
0.154574083337383
0.15756892160596
0.174431276369189
0.198022764342875
0.23335534399078
0.257211385962813
0.274522052748064
0.288877628602456
0.324436257463545
0.359818165612581
0.430289938835329
0.510443596574473
0.496996280317255
0.461917651724081
0.444175189248973
0.417474604027398
0.401281371706119
0.354764435144741
0.235926233939406
0.159420420612885
0.129197290034634
0.11537921248676
0.112743206361994
0.108627550642995
0.110730094463944
0.115442168501434
0.124259604777035
0.129941762474713
0.191732694372656
0.250416804709121
0.330712414775291
0.385733442389227
0.41374508643015
0.377441084208286
0.314737591821377
0.276391964631817
0.264105814478254
0.25996154134889
0.262857249571122
0.269953306247944
0.278988273742488
0.305800800094891
0.272510601582365
0.313556800905336
0.328311130466367
0.401365448708536
0.408216378967208
0.347171823089347
0.327890754431564
0.336628990688108
0.341340987192665
0.363427298295628
0.393125766391555
0.478646979804906
0.333678358732253
0.27787868024708
0.24620140280096
0.221849030922445
0.201147468654386
0.18856617860481
0.173237213980414
0.162042109922361
0.157320413976231
0.149651144824999
0.136464671167842
0.125576088382628
0.121300174913025
0.120357385470312
0.113322111739645
0.10615589451528
0.103994280533775
0.0951014461480319
0.0877280887808364
0.0848672379689803
0.0847478525110578
0.0843436183491641
0.0826008593364662
0.0822664496946356
0.0831511116013194
0.0829593795515573
0.0813447896634355
0.0838317924414917
0.0856954482170589
0.0853253487852259
0.0885612643879417
0.0895595550632578
0.0926757368351876
0.0951639594188096
0.0967820577370388
0.10226321377948
0.106325547896642
0.108418613630186
0.110255518141048
0.110595239152048
0.109730543079869
0.107443503613139
0.10592777126679
0.106934284979421
0.107489003982196
0.111207966046504
0.115679576737845
0.115769130812452
0.117660209318426
0.120971494068439
0.125900162477479
0.130966954044473
0.138596377451354
0.145915758671166
0.155705255491596
0.163977025022792
0.161688549414528
0.160816408713219
0.162404379056328
0.162186860123075
0.167229652488397
0.166021702766477
0.16382945568987
0.169149275555367
0.174902545160531
0.181386066661675
0.193579434056545
0.202074900863035
0.214631014777421
0.243775079155898
0.264240214314725
0.304694769014842
0.348730017786532
0.387188001402024
0.354220093704662
0.412703416130901
0.4386723831603
NA
0.213663773318167
0.289529762351149
0.228680241357976
0.209758546156283
0.21033724165397
0.20904510964295
0.189917704245224
0.169895205222343
0.153768471162845
0.151140909011398
0.157913959110675
0.1606688388306
0.147525621730811
0.154712341815038
0.154201919965697
0.152397815084117
0.134590500884728
0.115657552677239
0.121023100242928
0.119624737368235
0.122611585999447
0.124292343966007
0.126367894897451
0.127400718439431
0.129859281924296
0.133961369906101
0.139472184889052
0.145077007470344
0.149858949121704
0.155713396092767
0.164226217474056
0.172851466939326
0.179369729108433
0.186428089758427
0.19664049663422
0.210719192131012
0.205342511561722
0.2138587044622
0.219517847286537
0.231869443005089
0.250371872398102
0.249934266280527
0.242697506514603
0.233516311767025
0.222845612121725
0.201569309498676
0.178926789784
0.166469656428586
0.157271508972258
0.154176614914011
0.155078685413191
0.156900009841248
0.158268571102961
0.154921357081592
0.153590643236429
0.143179119312114
0.135310615147925
0.132611359482468
0.14316818317118
0.149873740441026
0.148969040581384
0.148218123917653
0.162962318270803
0.181084033191067
0.221600719276587
0.255789583244092
0.276468009235549
0.317034652926997
0.345342565756154
0.3984290459394
0.471748606042439
0.549062259128931
0.506507505145077
0.479809439478553
0.463051453558818
0.442635336400352
0.420175448891512
0.39721042987051
0.347061645992708
0.198958910537828
0.128672840899167
0.108602622748672
0.106716927685994
0.105469062860636
0.107650536060576
0.108529634783345
0.113514980235206
0.114729978336278
0.231953046464135
0.315461794397905
0.32742269778215
NA
0.327800919595029
0.394169891228343
0.36254062037804
0.298493028302145
0.263967827267403
0.255787855092524
0.244377523247012
0.265643267709975
0.279147616669113
0.244355498131538
0.402152471341599
NA
0.375244216314738
0.397578944196541
0.385596916161253
0.362534956718578
0.331617855311914
0.354810493622666
0.355418321570117
0.383570630137442
0.387772822489388
0.408357174116996
0.303751069490293
0.249524994360062
0.238186681396286
0.224709765413332
0.211728040377671
0.196581416188238
0.184933438026318
0.179978420403242
0.170719427411523
0.16215788219804
0.150156410254502
0.1347388635203
0.12750808383993
0.124662035297752
0.115271257797145
0.111131040825495
0.110538886782804
0.105611164777968
0.0972800851548661
0.0946974688436794
0.0937617750939121
0.0923624729760902
0.0960180348815358
0.0975653056942735
0.0987265485318645
0.0977519798152802
0.0965551282148308
0.0930572270107983
0.0934370183676507
0.0899991637746969
0.0938092117997278
0.0997580421920188
0.106558845822227
0.11294242132017
0.12297779491396
0.127402652314038
0.132357963286719
0.137082120071792
0.138912478601637
0.13825904187507
0.139997375685544
0.140687346004191
0.134632677499758
0.127637452338983
0.119049212431154
0.108030092122058
0.115856468904864
0.115689461119178
0.117759713851125
0.119750831474219
0.124069733168771
0.128756443809862
0.138324586225096
0.147837401101327
0.16021202962751
0.173763159879535
0.175897723659591
0.179682429391687
0.183318253101839
0.181938953279694
0.18396621572248
0.184989111649482
0.189056594523361
0.197264606661861
0.206759483877714
0.210004571796522
0.21827741421214
0.226802306104652
0.24935900833866
0.286675404621223
0.321495365390118
0.369152481580094
0.419198888898764
0.430381543287047
0.499083888867711
0.417362748388082
NA
NA
0.286562079566394
0.274491670789875
0.269325276767805
0.297153497621268
0.334802517440287
0.384348708979865
0.428438509613988
0.446463339878402
0.373276079252423
0.272547819725479
0.326846486718161
0.27325669111873
0.163504048431573
0.160173519879522
0.158206867182457
0.146407908007417
0.112174018862603
0.122924000231542
0.121932738847847
0.122724441429392
0.123486963537166
0.125035562127834
0.126952305277676
0.128879813796894
0.130033220470708
0.131433895319155
0.135609507123921
0.139808820124786
0.144445036544029
0.151525795579065
0.157974019489638
0.16375514832785
0.16969110081549
0.176543888132377
0.182008864314953
0.192326597983157
0.197870040208684
0.20232499017086
0.210711086648984
0.226384821431013
0.245941348833588
0.242850737351654
0.234803995685749
0.222610830510881
0.212395338480468
0.197560115371972
0.178227185996934
0.166165401704987
0.154052327708288
0.15576645068158
0.15477732135289
0.157880581795466
0.153469377986124
0.15096793042057
0.150416989868964
0.149748196339187
0.138816416916365
0.131255385761776
0.128741702699236
0.147015126074184
0.146080353555409
0.147244635055888
0.150721227736548
0.174156035643769
0.210492621804781
0.250219916400147
0.284383904671437
0.325508217177239
0.370130968445871
0.417385183593296
0.516709805508193
0.555634531695351
0.487919825888101
0.485719467881784
0.473587766897862
0.467697152812238
0.462242220517348
0.42540028283808
0.389923173864152
0.315211631079296
0.160692200860032
0.111100493969271
0.112175314629756
0.111642862904471
0.108866060867694
0.103273069432909
0.0927067842154982
0.154103707208818
0.29856974155728
0.370355180977024
0.382198924048576
0.360176322867617
0.327760537536635
0.34125221734048
0.338041576853428
0.283055957942706
0.255535154847527
0.246541702909564
0.219571643829087
0.242109713481656
0.265243001600715
0.254977357771924
0.30022670419686
0.314765790951769
0.324218336084873
0.409466930819894
0.400296093813155
0.413776860965898
0.365916267800273
0.364424486679657
0.366958786947832
0.387882793308482
0.382735154402561
0.376746122516255
0.280938145791226
0.248321970016094
0.250233806687073
0.239902113717439
0.229177471276778
0.216519330142098
0.19813236557541
0.190597145720631
0.179367583491042
0.170957708047027
0.165754502420642
0.152983501135538
0.143956822015818
0.137055211312941
0.127465600148005
0.125633142872326
0.119861874042997
0.117128079908128
0.108359336905843
0.100597791976026
0.0966420719852352
0.0946123372763765
0.0994887164386981
0.104790171174829
0.108836829556361
0.110112795466398
0.11070798339897
0.10930898724159
0.101068978627918
0.0925074762947373
0.0950850798602989
0.101396301924704
0.10930156909716
0.115567716063769
0.12122790143924
0.12929146485812
0.133905067295982
0.136843222109243
0.138961745231441
0.137850622627612
0.139562467791592
0.142420651701388
0.142869909819056
0.137478572006733
0.133656258452401
0.107482269221476
0.11372058077512
0.113990515939881
0.116825957678217
0.120187506288935
0.121897316492372
0.127040363519439
0.132105320168142
0.145163815306804
0.156850630568508
0.172146656567144
0.184696706050108
0.192509975118044
0.200864584778991
0.204137466919354
0.202824128435821
0.205784720984653
0.204598240226117
0.213601429695729
0.223130765490496
0.222291835851086
0.228237563254491
0.245615544349331
0.281126004267569
0.31085561769427
0.335855156613726
0.400261773812273
0.404223088861313
0.510121377585217
0.508350572776237
0.368634376229209
NA
NA
NA
0.257977605504514
0.271369074587701
0.291432166518555
0.307110788290181
0.312377850949321
0.304294522013412
0.29750759213215
0.284685844132544
0.320122990063185
0.334246647544892
0.252193196986745
0.143512662574545
0.150212393616105
0.134798045248307
0.128062143952416
0.122837866235464
0.126536803178854
0.126599283980622
0.127267559896712
0.127326102924779
0.128600869710893
0.130377799124692
0.130415006046363
0.1322509082684
0.133933511581688
0.1364963760707
0.139278253882779
0.143943357672502
0.149259872528
0.153427747815042
0.158884906495288
0.162572449160416
0.165445295552129
0.172240608912854
0.183073584819679
0.190666017566266
0.192420961261253
0.206237948409361
0.238345556194746
0.246172406563632
0.240973914327988
0.229751666097999
0.221728405467227
0.216021192338147
0.206861472615604
0.188532366266208
0.171698926301253
0.154736957353714
0.156546921243277
0.147312564354171
0.154760141946009
0.150790135094823
0.148412720641917
0.154170740794151
0.157994695916353
0.148395095213804
0.130882756669686
0.134841891920974
0.147230307519988
0.147339913556437
0.144827069271083
0.155676725315131
0.172798742174422
0.211843232243562
0.252282053333742
0.298197579058713
0.348541665225947
0.380487267690542
0.438757723076595
0.549455087033663
0.556011279220618
0.476610995763023
0.479660988227727
0.48185920751441
0.472255096733103
0.473119583403948
0.463199073299419
0.439003020255841
0.380378238418279
0.212986779377271
0.128034648182819
0.120949133781921
0.120885147252841
0.114373024031089
0.10581390551345
0.0964085327410176
0.134668165505919
0.213858851012228
0.288902571752731
0.325842538448929
NA
NA
0.301459655666565
0.344681224340601
0.350994623411354
0.27425405419322
0.214835661421054
0.220840883720979
0.245350633549093
0.269669422789118
0.238504147813942
0.256122986462342
0.263137877094971
0.322022215981772
0.472787514574052
0.433193963198883
0.47351859636867
0.311699467806879
0.311444178463947
0.358733551175082
0.352567773770219
0.34626119900008
0.336897788504793
0.295021325063065
0.27014749782055
0.27259523255893
0.26601831876337
0.260918560799763
0.246589584230387
0.225370540637187
0.207551259071519
0.190970159303704
0.187983768633943
0.184920473732063
0.177970015555974
0.174394623125462
0.162448865584568
0.154295303979627
0.14846565281377
0.138556950317663
0.126635279518391
0.116886380204055
0.10971402905069
0.104272307165062
0.10133364790673
0.105297890447653
0.110231434379843
0.112625610450384
0.117138553387782
0.119455180449029
0.120645310556649
0.121196155552417
0.107314480357082
0.10330195032979
0.112827802331236
0.112165740489766
0.117947897437331
0.121263567679878
0.129848277638274
0.137523425572007
0.144842912534824
0.150360976562849
0.151034268466417
0.155877717466565
0.160964802972697
0.170635815937853
0.152320573057022
0.123391343160601
0.115543901332532
0.116287151473653
0.119451270612235
0.120667603296753
0.1229757881547
0.125220587157105
0.128034147777124
0.132465119626516
0.140407441172782
0.151647127938541
0.162480935768728
0.177824458177154
0.195590168351899
0.20273858855244
0.20853386065981
0.210719018461826
0.2185446107138
0.223228359930788
0.228183952253506
0.233615372516464
0.234235759831975
0.243749840832125
0.267279388603383
0.312782510282518
0.338553381807034
0.367110273594521
0.437069042592756
0.475112291263115
0.562341007560364
0.564302663286918
NA
NA
0.242379043439702
0.336137533813239
0.383502482529097
0.332009288791962
0.325986116026802
0.31906762548104
0.309488590446493
0.320548957874062
0.350293878335992
NA
0.191579993870119
0.226308819729076
0.178065141042342
0.153157304026417
0.141510371441984
0.136509287065893
0.136219713259738
0.137431519390594
0.139437971599128
0.135965189336541
0.135146572900529
0.1341215483648
0.134809092489877
0.135360156348297
0.135442495840566
0.136476303214455
0.138765472799762
0.139858296435174
0.14211990952182
0.144265476426219
0.148600083987108
0.152041732974287
0.156439268855238
0.157671963145513
0.158692583399537
0.163053555002205
0.17244102300128
0.183259075758631
0.188000967775917
0.199379610131878
0.242487522833121
0.249343915755689
0.237128306464665
0.22246699954354
0.211705994380632
0.204877472331818
0.199358364947229
0.188992411584648
0.17548280593156
0.158734710871586
0.156368646347274
0.147824757250013
0.15452067550086
0.155707456950267
0.157803291787581
0.160828732708267
0.171650573567441
0.164874787728556
0.154437130284413
0.142220932124356
0.143067215888682
0.149378817127942
0.145788911429505
0.156989276969773
0.172863616031104
0.217262434285889
0.264602479692103
0.324028455607115
0.370331065767329
0.410485551072153
0.468920608653783
0.557030679278925
0.525872278827452
0.453423071924817
0.4737339219401
0.490667260533657
0.482964439963647
0.47914922472769
0.515211195524412
0.487699981329102
0.410517772784238
0.318338554367743
0.19571326939957
0.144424522240028
0.129135571310922
0.126895566007613
0.107669694645928
0.202043498612026
0.238611862227671
0.294631781290624
0.324206163542497
0.39399272133347
0.367502724042416
NA
0.376145855055763
0.377210029247584
0.385183528998406
0.316068565350658
0.236129721136538
0.267004138151753
0.264728140787024
0.271062290558012
0.227229890239733
0.29762262763704
0.285685563606953
0.355212332836478
0.46165838461574
0.45875502731217
0.48374574046868
0.415889156093601
NA
0.362011250298096
0.352434141331466
0.371071374539733
0.344177374730709
0.318948754412103
0.296246370842722
0.290930403035366
0.286955913295626
0.27854804888406
0.281346348983757
0.26240944274386
0.240003687830413
0.216190461165084
0.208985374084803
0.19937382347369
0.195379318326699
0.200935038246263
0.190061725763511
0.177589420576859
0.170516020038168
0.155560471650858
0.147190126906288
0.132738980784112
0.123716364368302
0.115169112782795
0.108601795729899
0.108122615335864
0.112345784883094
0.112305370508724
0.114561240112481
0.119793954783166
0.118274439935697
0.120096408281347
0.111144527943817
0.102587946669865
0.117520314126706
0.117677620377396
0.120733316938762
0.127929541261009
0.13495036119492
0.137974813225405
0.136798013418085
0.133897437874076
0.133642121507377
0.14024529011837
0.145243047485048
0.143611229383949
0.121136676813687
0.12675103165707
0.119932443646544
0.117967652112064
0.119485062258371
0.120248831142055
0.12185995301876
0.123358107462542
0.126425359418532
0.130793058284669
0.140214928751009
0.149924354960954
0.160986467425896
0.176475448730153
0.192999553630456
0.206014577198733
0.216905950305865
0.220469845056703
0.222450692685477
0.225984151153743
0.231378516843149
0.240345154015235
0.247106381365791
0.260481440990832
0.297303894862407
0.33712943877981
0.34258144797057
0.399610707576042
0.355390146088001
0.485135765693147
0.589589391906007
0.549865080426346
NA
0.234895334572442
0.250544018762799
0.305955260217301
0.340136461723648
0.343014011162952
0.342190824808561
0.326195115046974
0.324136955416768
0.366885566375831
0.305757842441684
0.181548839574789
0.168200012736543
0.175993144198937
0.158038829420873
0.151799653302524
0.140115873979574
0.139899634625018
0.145253481732102
0.148576022910121
0.148471190003742
0.147083430956545
0.145440932450845
0.14294253325325
0.140874589509945
0.14092490612383
0.142981986096677
0.143241551005365
0.144850450289021
0.145340963299156
0.145561142768732
0.146894136864666
0.150558374136048
0.152542031353287
0.15482972429987
0.15382285260804
0.156048386134788
0.159532190947506
0.164809345518452
0.174308792713019
0.180311343580727
0.189673591023643
0.226701989581867
0.254207622210571
0.244035590941685
0.226914814354438
0.210152409375338
0.201585311810997
0.198588211404126
0.190651644246969
0.182056914503307
0.160702085657416
0.161169844774641
0.147583137318898
0.147805148658389
0.157797071497432
0.166792846861095
0.171724012665338
0.176178416485799
0.180657518114358
0.181533369338171
0.169635044493562
0.156866180783972
0.15636537705463
0.145909208829296
0.156082517566282
0.177742706805679
0.214216577794464
0.28372934181175
0.369745726681654
0.407264385369847
0.425844632600893
0.464692917605199
0.538924660247938
0.530638251728965
0.441409151649035
0.494121541048769
0.509564201579001
0.509796966280049
0.486124197093443
0.533531950909451
0.54383599481223
0.48187921646236
0.444277834850823
0.322357223876679
0.19679034188831
0.15444190003446
0.120667812725066
0.103191508411872
0.170244315138408
0.293902377508052
0.339483968366884
0.3675026783642
0.372551665858984
0.365042181613687
0.331079208584229
0.335435881977828
0.404022293627179
0.437109983367544
0.40342449463866
0.312528110210723
0.266706677610433
0.244780637706729
0.233764754958215
0.263424119277215
0.346981173585807
0.409125023105461
0.448601594004406
0.46137487065803
0.465769946312368
0.469196782560083
NA
NA
0.374936079768921
NA
0.389072265463471
0.374156619490135
0.317908744188751
0.311600661139432
0.303160897760119
0.320187195746692
0.300163845682266
0.315849472156857
0.290756774053902
0.27912348735114
0.260309277317765
0.245946147464607
0.237052845512181
0.224512158965315
0.206715603281547
0.190693971069145
0.179793335469524
0.173032076880296
0.169301962886601
0.164180755762274
0.155757353377118
0.144652453401006
0.130149824939962
0.1184397553895
0.112210847409027
0.115058374208272
0.117592067644985
0.122333014562041
0.124573533329047
0.124780366166734
0.119901840496491
0.11496971705326
0.107470941057521
0.113594532297764
0.113424883017334
0.120558906753274
0.126762102325556
0.13001804379812
0.126366835155584
0.121641986333109
0.118915221600672
0.118358107906799
0.123554470604727
0.127058403821579
0.131278120703858
0.138418461633551
0.141448709887842
0.140190344661618
0.134633614548057
0.130903893669538
0.128383370496312
0.127963436227018
0.129073921176283
0.131496004195908
0.137914489619147
0.142121775004608
0.150008109726675
0.159087610371842
0.16406756012286
0.178013243099134
0.193320721406297
0.201327747766048
0.209735311279112
0.21615415882645
0.227769299108148
0.236926387819984
0.250733746793915
0.267314528992531
0.292177354016588
0.322043552202094
0.34932479356859
0.350409202211956
0.352644981812625
0.290547329058865
0.511922836407481
0.582866361652739
0.416890204134639
0.137836425766704
0.246901515380369
0.266130326098105
0.310098080516724
0.345851813659823
0.376184048919679
0.403541887376225
0.426388732346096
0.395539285992469
0.229921635689228
0.223040898961304
0.167549952521716
0.174303156784563
0.168203465646091
0.15796038428145
0.15363938166846
0.143669703871328
0.145629429981079
0.151313807288462
0.15713323707226
0.159486798494072
0.156976810353112
0.155254990737096
0.153627092278754
0.150896976159396
0.149819477990333
0.150748149828581
0.150516073318046
0.151099171529518
0.151788412656047
0.151400585269938
0.150986038489569
0.154208974367133
0.153752641617724
0.151412698860449
0.151436372544672
0.154011100356136
0.153828920214262
0.156571778594753
0.163409263214677
0.171949635621974
0.180041755389746
0.204842182311711
0.256665092654377
0.253958986604979
0.243484543757882
0.216776224301691
0.212240630226312
0.21097414022757
0.206437075184917
0.200086921305213
0.177665201156033
0.179118541021719
0.158050818590344
0.157763801310182
0.160304521611086
0.168267936947646
0.178462746799055
0.187068355124466
0.193412185615034
0.189594594572287
0.184231680758598
0.159473981039078
0.152508166495992
0.149208758613889
0.163843243298928
0.200471953167591
0.224481016530576
0.318743594604635
0.411097885594578
0.451279413461161
0.447046880172378
0.504601301089687
0.502023247969346
0.533944668024458
NA
0.477309789223005
0.517052325874584
0.52397346284963
0.493514132422009
0.476668988809554
0.506485098584082
0.480540087427888
0.485242690732408
0.307800822050597
0.213674726739172
0.146414958173616
0.261933254301143
0.239381353955168
0.174676820325936
0.286005036112619
0.359705726054675
0.373372922552186
0.365399785332973
0.343916996892551
NA
0.288663557727894
0.39764144480077
0.382619379864086
0.376784257281561
0.323913008884804
0.283943337632918
0.26093894167981
0.210328896473624
0.355273595540879
0.401202305512732
0.479801685256509
0.472716313235978
0.448868256465184
0.475579375628689
NA
0.408475533408004
NA
0.447785441498614
0.460858529826419
0.45080996484881
0.3873800698519
0.30801302374265
0.32216400799475
0.318073105873968
0.334568192902951
0.308213657203597
0.293423399165669
0.249232882084281
0.22011826829865
0.2362737534417
0.251613337207744
0.254824309526647
0.224067240790271
0.213877480211001
0.2010153434413
0.200040707300453
0.190107362423547
0.181486337732574
0.1774875418665
0.178031668643905
0.165376567333653
0.145046284259306
0.127596458310927
0.119400293148896
0.119486663317951
0.120955628906215
0.127608389683044
0.126509782848471
0.125293356837768
0.121513050568683
0.12002055905858
0.112249836829949
0.114082581153995
0.113382837253751
0.117349859972616
0.115596003889863
0.1144476992916
0.112829717104911
0.114098825221868
0.115447154645819
0.116040577819629
0.119490354552811
0.125718114100265
0.13275702721632
0.140263165546132
0.14745832751624
0.152326024567129
0.152867573633261
0.148580258942117
0.142636618317664
0.139381307509005
0.139824109889757
0.139527166595607
0.140996088955756
0.146347723967035
0.148978244134237
0.152782581770903
0.160853061955521
0.16961739977711
0.180489224253135
0.19397745754666
0.202310017006176
0.210246091943857
0.223794746407757
0.236526123185324
0.261394228246301
0.287850005619689
0.318338451479116
0.349787164405295
0.35306591862117
0.388950541813478
0.304124044621127
0.344408520847986
0.451243668057195
0.467551447417282
0.308628932098739
0.140587762104484
0.261643322910048
0.291372704815189
0.334820350258432
0.371932955984369
0.378394531318295
0.373921288774656
0.362837450760656
0.327131976630269
0.227681793707828
0.210602943400402
0.190153146590455
0.184078351358471
0.167205892412422
0.163378721697057
0.163353743195324
0.155638038823078
0.156836425206377
0.161661478462556
0.16633981166438
0.174558665721964
0.17660626470769
0.177702543104256
0.175083784709301
0.170053375231067
0.166053293344309
0.166541085947517
0.164399923013889
0.16284124649296
0.16375745385771
0.163154341672
0.162243749518923
0.161773050721888
0.159244985894847
0.158100395084526
0.15730522032943
0.158016804097224
0.15787785015613
0.157677980968444
0.158975654512677
0.164952712518686
0.173571192943931
0.192227586462631
0.236804624663176
0.252319889992841
0.246222586111242
0.231089455326096
0.226061219751189
0.227736571614008
0.226843692836266
0.213827442685476
0.197357983995527
0.200715744949125
0.181888833134735
0.178018366018279
0.171984195490016
0.176937751779542
0.186601430330022
0.189524227913592
0.196670928561029
0.192342658976301
0.202976238867773
0.159971549836244
0.156891710514244
0.157303908227642
0.169860190334609
0.216152004118432
0.24720667478079
0.381178991321638
0.456872230724562
0.476255243780274
0.467610011017225
0.492221498232514
0.488272956748583
0.493203003407994
0.467314079045304
0.462430273533192
0.475325867485497
0.470050064934598
0.453834763845121
0.467332106150458
0.510746535962985
0.500880547792152
0.468494456420429
0.395338827399752
0.339874764811696
0.239502341169384
0.373264218981526
0.376293547972888
0.298515111174686
0.303222177242385
0.326168290502522
0.347146359085578
0.343752264532829
0.337382322444096
0.249937866336313
0.351934424465474
0.3276766696549
0.304277101051428
0.277392431066687
0.272874684509811
0.27662237822483
0.229365969737724
0.194327374437702
0.351813635232995
0.404975765086463
0.475200460844021
0.497286287079201
0.441206219963428
0.475315137164014
NA
0.428372988842404
0.396537001466771
0.423651930117108
0.458003348310777
0.414210078537721
0.389701802400161
0.287503093408022
0.320456132759311
0.32665645582467
0.350250278337013
0.29649456852294
0.256417846958167
0.196349744314852
0.192663984280956
0.197836523790646
0.229687238311906
0.231939611169361
0.222094184874172
0.229042043557435
0.217045320867599
0.205353455068509
0.205093252459757
0.195625802433947
0.184838777305793
0.18179765844372
0.173352277709497
0.160925660465479
0.144983953527652
0.127438826003658
0.126871281042196
0.129647363643391
0.128136938226421
0.124651288767401
0.12463132826265
0.123939975847781
0.122409636863307
0.116191347346287
0.116805587014378
0.116222949433341
0.112851470192842
0.112064678986067
0.113221747346035
0.112495236770703
0.114568970266471
0.116644369184819
0.1204307353755
0.125960663714201
0.133459804773955
0.139266198414179
0.144698167876098
0.152197782156795
0.157256884692191
0.162971665497692
0.162471143251599
0.158365414303688
0.155631518119809
0.151536956886117
0.148514535572596
0.149256149789543
0.151899236716357
0.15167220874558
0.150524583670846
0.15464724438394
0.161265941427314
0.169433689402611
0.180560128345348
0.197357474361803
0.212881054100667
0.225148226412441
0.242794880414216
0.264339395980263
0.296808402088763
0.327902373866948
0.362105065917295
0.373674716982943
0.352207049992421
0.338120931325222
0.422973942425959
0.519445077512686
0.549695212885297
0.395563166968365
0.195485531356547
0.276157784121403
0.328598362660033
0.383086747607069
0.411714504924262
0.409912433001371
0.38683657227643
0.370422927540857
0.350912933411985
0.313491807257996
0.261954270521034
0.222991965515717
0.206105428015116
0.180312732424316
0.178921316312722
0.176133491463313
0.163941590842033
0.16404794825387
0.166277219129843
0.171618736237581
0.181425903198991
0.189311270958525
0.192301845239907
0.190538261330284
0.186301912778337
0.182717159996979
0.179678970770968
0.17758833830172
0.177312452789147
0.178660121889217
0.177867087806479
0.175821806488591
0.172645181947193
0.170038130366137
0.168557972755298
0.167089231684896
0.165986433844906
0.164788017852683
0.163288500873434
0.162287409158757
0.164881970581223
0.172763070935803
0.184484084365141
0.208398060391563
0.265150962069618
0.264342863668515
0.246628242706737
0.237187303432416
0.233560564159023
0.233224588903629
0.224940791020037
0.213333593718531
0.223373121035434
0.20732657108972
0.203114622224848
0.199760038576183
0.200411747980426
0.201456381061928
0.2023018595441
0.198766404945416
0.18566711981803
0.201819345787457
0.175677997527804
0.163417377674122
0.162729728465894
0.182731733942573
0.23203069575478
0.266325193586824
0.455224397533479
0.479851733988992
0.481134146429688
0.494494214585713
0.503772048544388
0.493882968489459
0.507553192462238
0.518987556145985
0.483961536851959
0.434482810149971
NA
0.384004564239915
0.458662544308447
0.499833077515861
0.513249677138437
0.475794645603243
0.458373865229285
0.436417978715425
0.345734707787819
0.384319849716002
0.429197095030589
0.355354113617167
0.304788947680245
0.331283130202566
0.355130424023498
0.304947624964336
0.298523719458886
0.22632373166023
0.268815340614952
0.299787153487801
0.28047991309064
0.303057358283292
0.345204652118936
0.355263073649574
0.367067853802228
0.28652067422198
0.390795135647746
0.469923684161448
0.514341041668587
0.466574368002733
0.437928844028938
0.448819898155944
0.442690798266571
0.441360728451718
0.435179694085516
0.430162243551825
0.411732497801909
0.44687899262674
0.338874014033714
0.265616974365171
0.315764395131807
0.334605971027791
0.368352954256786
0.30633013937055
0.245918256631834
0.150142097880744
0.18865781636309
0.223014711824568
0.258708769061778
0.260232109411609
0.239764731605546
0.239419424212057
0.237931736097042
0.225501432768791
0.219306111058275
0.218082321789261
0.201534065516839
0.190103852941622
0.175821329569954
0.166348591249228
0.146843238596826
0.13238513092345
0.130310548984151
0.127402427105381
0.127922020314188
0.123616031346435
0.126572937965118
0.12552092274159
0.123710329696033
0.117176719242883
0.119431129091819
0.115796196569155
0.114378288150033
0.115326747683855
0.119003773760841
0.121207254944699
0.123962090497689
0.127634208548336
0.131083311517421
0.135894577453198
0.143171170830682
0.148592546404455
0.155463104540165
0.160120414501573
0.164032265778725
0.167804815388822
0.171912035944252
0.17137301225225
0.169476640899992
0.166212801679918
0.163369686872385
0.159925213088451
0.160508541804154
0.157902600129067
0.152984132689271
0.151627415268133
0.1569034797265
0.164466122413861
0.169384651411861
0.187473872037095
0.213016016730863
0.235119674940952
0.248546343740887
0.26399259416637
0.299732374291229
0.337304588265987
0.37536784448368
0.375898362162095
0.330576042942761
0.440541336890827
0.445249759830355
0.518163235599837
0.498305123455744
0.363565622933338
0.216634659410169
0.294680823033398
0.356849227986181
0.411185163926939
0.431671092791888
0.420281250478649
0.404835829068482
0.417951475894961
0.416971509723054
0.367124605229792
0.270111629563357
0.245114144607238
0.231313966981821
0.212086663439265
0.209446726610512
0.203556066403518
0.190637750604571
0.188966817567724
0.191227535576203
0.19891921699143
0.207730617027651
0.21344871266297
0.213793282146605
0.212447018553938
0.210293205587261
0.20920615499315
0.206116959113421
0.204720905124853
0.205330065495642
0.204099434652573
0.201383554356891
0.197451379693574
0.19216635229603
0.188346813884263
0.184733544017664
0.182323568656222
0.177645899206361
0.174962738599765
0.17062152162119
0.169228539397998
0.168890141815547
0.172513405900657
0.184640440720608
0.197981743241788
0.234921122789883
0.284730874608922
0.263111458848487
0.251050201622639
0.240949634545242
0.243106689545777
0.245386190595627
0.238686108486531
0.242100471214564
0.225793866124575
0.212466862778831
0.211254929915886
0.211107230023304
0.213031842903156
0.204893697767337
0.191396447698347
0.184155587613063
0.184233350615343
0.184611289684775
0.173756036176105
0.176188975272911
0.201424144170923
0.24891229618291
0.314004665907398
0.485890637342847
0.488632034738442
0.504716690475707
0.531086613973691
0.502343538584339
0.494069101864858
0.495698182827777
0.483006855795588
0.459690802844654
NA
NA
0.460276299163711
0.502929607061536
0.479092548307016
0.453915359681668
0.478421691405531
0.468002019141207
0.445630926479236
0.392097810034003
0.411767914628641
0.439543936975319
0.452662243243636
0.365624174041107
0.370515957778523
0.406661332105196
NA
0.186017578127606
0.117303391285758
0.0935242807000936
0.199488484367527
0.18577252300918
0.216860434158368
0.235871427358335
0.251808998913559
0.299444548065806
0.247513820714001
0.278089273788651
0.401551485591764
0.43346357063879
0.381691599376549
0.415269128810432
0.432790407010714
0.440830630350572
0.452687203511704
0.434087967693979
0.444877033688263
NA
0.406651395244726
0.362329819964406
0.281126255147487
0.294764780248528
0.312524165080455
0.339018057554834
0.305857299081073
0.25155397277232
0.151768328169188
0.175910039731052
0.21340804041097
0.264051229762773
0.283898845580051
0.256387145862735
0.250901891064567
0.242758013329927
0.24534606472409
0.226194644599375
0.220777013549126
0.207679558213366
0.191076512735682
0.180023486029379
0.170260120739944
0.159581246569046
0.147736519898641
0.140718756512008
0.135337280997201
0.133417592843406
0.129032075001443
0.131387121828449
0.128217974617137
0.126115228701444
0.116652308031737
0.123062321333231
0.122160882894688
0.119399349744985
0.124040269283009
0.129828606194695
0.133812162095171
0.136885087401278
0.138827845159825
0.141858231106353
0.143813771776101
0.150477800214285
0.1548516969674
0.161897401529004
0.16878823555539
0.174209056669981
0.177316664968041
0.181962304612153
0.185785746002054
0.185864644862609
0.183817453151531
0.176488821902356
0.173354258028457
0.170700734340233
0.164776382399938
0.158922783469451
0.155436301294923
0.155554477382843
0.161646524864458
0.167537227316386
0.177643867252804
0.206559951203217
0.238236776090591
0.251588233239904
0.271114808600501
0.323462908429559
0.367157956876395
0.402212554517414
0.380012279062458
0.37170237766497
0.470722394962848
0.434099735732771
0.487758390952345
NA
0.291627609957802
0.271976244638304
0.295632791360265
0.379655689621985
0.408112056831747
0.435311542324433
0.42927974570544
0.427719679542351
0.50825988596766
0.500391892345571
0.4101023818262
0.303833144769279
0.258878167791572
0.24805392137452
0.233518180201791
0.233156006648699
0.227712605101562
0.219819476407926
0.223526785339463
0.22255838571386
0.228904675996807
0.236998904106326
0.241384147498412
0.24079063007615
0.237698132344884
0.235705379413574
0.235933286494509
0.236057475977513
0.235183996982635
0.235149239726164
0.23309802526117
0.224795888940503
0.221332251985451
0.217787997089465
0.211741150030938
0.205255252870295
0.200126245600379
0.196382339369209
0.190590193811988
0.183849955456984
0.178244752701758
0.176813864825092
0.176690318079383
0.183581988110457
0.196201153348757
0.212325843273526
0.287900931519691
0.296510888404314
0.270744468362059
0.24663036023862
0.257422894235491
0.263711237513433
0.26011949703764
0.266165196437106
0.251497269067893
0.240377738736274
0.226625142986826
0.222311032853312
0.226557898009118
0.217767763765875
0.200898162848342
0.188989905787294
0.19960047742237
0.199448444136358
0.178184961494012
0.18750033416061
0.22596909333057
0.265998789690965
0.338665749311117
0.507121918026579
0.51230274417445
0.529687040443132
0.50897971590507
0.490885856168012
0.488538956701141
0.46088105035902
0.483885104408742
0.456806653872187
NA
NA
0.508324244576804
0.515455748664677
0.497954744899158
0.492345875142269
0.467339463309151
0.456456115416056
0.449560953608192
0.423825386134375
0.493106342414227
0.419318395256371
0.437388407172788
0.394028115768256
0.394713134289696
0.389211012928371
0.167550418317721
0.126853877350896
0.0516528886799816
0.0977599873638904
0.0346254918588378
0.0868987779970248
0.190289812846677
0.236907687329578
0.157577524876971
0.168101916132417
0.151381704046191
0.164482406754936
0.306609394142855
0.427715644818579
0.330536712204681
NA
0.408390858592854
0.395702785358212
0.431401757886988
0.422377142099689
0.442834143911344
0.404074910763068
0.392384219826295
0.395693543413231
0.310100361933376
0.269378535730083
0.271428836754166
0.277041482570778
0.253642381712302
0.226731377049715
0.162608767980713
0.163384318955043
0.184123160926682
0.232677103910093
0.260669845946152
0.245951127738934
0.234492474441599
0.245502269031152
0.258908828853617
0.234629263278622
0.21915754162389
0.217191933419902
0.221852882142241
0.202056825028159
0.175686526492651
0.163492207064403
0.154996833337636
0.151464848994871
0.144925549633141
0.141217403311358
0.139519137816346
0.137486595755159
0.130834734237236
0.124618692857586
0.123723439898843
0.126098803189766
0.131079620824606
0.13066601578386
0.135549960557303
0.139599191846216
0.144755900814266
0.147347893361941
0.151397742601331
0.153377580582736
0.155687566029008
0.163223150599097
0.17003187917215
0.175808526228563
0.18125952727508
0.189445695941733
0.195392340120606
0.195766707962441
0.199826767371367
0.203417176256509
0.20638451486158
0.197875235063513
0.192017265219956
0.188545741935902
0.177563192532062
0.166039498106171
0.162568078125931
0.157710520141484
0.158934418433349
0.160337398838825
0.16741812650805
0.195680093372006
0.236868898765427
0.255216367847095
0.281839519226558
0.371406763698249
0.381200683195082
0.415985979870983
0.393053164326111
0.385105543889757
0.453788181228048
0.415468618004076
0.442417163598457
0.439694928336718
0.381813237754163
0.396955295243495
0.455491744639274
0.413033178813173
0.439404047095798
0.42712670608838
0.402093496349406
0.374655791317117
0.424736125791982
0.460474243077025
0.430112937247708
0.348679634905998
0.288295444416506
0.27122276654304
0.253046506868856
0.257128091107027
0.250399604763432
0.247271869732589
0.259219061322765
0.262761911133875
0.258264733352112
0.259019005861852
0.261823073139036
0.265641802705954
0.263411118085824
0.260827317370488
0.264127499343247
0.266848683402907
0.268157026979189
0.26373722273662
0.260958709433318
0.258272883174512
0.253848752176743
0.245346394080519
0.239888254779471
0.231926802270761
0.22417069408848
0.216362619542902
0.208121507212384
0.202687961327258
0.191555334251064
0.18855582947213
0.187164246570854
0.188506104491763
0.192746050980136
0.209775282721636
0.261775758333232
0.336305350797556
0.305768478220615
0.248965347191213
0.262999577169017
0.273266184825246
0.274872685619762
0.275190193219901
0.26823182359151
0.274981746532293
0.270226900512464
0.26211895939955
0.256634116072737
0.240944490461866
0.210856353929056
0.200703806032039
0.219261519184848
0.213557568172334
0.182995748070489
0.204974216995858
0.233998006362554
0.277904096191988
0.357907500756796
0.529607998191368
0.478197322439016
0.504501130109251
0.518612894280244
0.506365695453783
0.487748641653615
0.463242107703443
0.499847273824461
0.499062805180513
0.428633673971687
NA
0.511251524211805
0.49294256380114
0.507930005724841
0.498640152585293
0.469430432051576
0.425978902331748
0.389280683369162
0.367436101970353
0.504534027785282
0.470298603791676
0.480252454424815
0.466877775205942
0.437419763930043
0.397672904845459
0.337734556946219
0.246865288279388
0.105858604304697
0.066540238639686
0.164447527104226
0.180448934014389
0.175610846744555
0.189573424632736
0.0793356573696271
0.0974654364589921
0.130442598428196
0.255079436706918
0.285551519046006
0.364440131349854
0.365653981926458
0.386474210071614
0.403988048403539
0.366481138208745
0.406174955544739
0.413040951233687
0.443350346658489
0.432963195883487
0.387864051460916
NA
0.335123382399446
0.245095687364637
0.181723304661385
0.143743789833603
0.145837648815037
0.18577866758452
0.146313980042774
0.142769786312058
0.167325546611819
0.197120591921971
0.196272097567264
0.190549946032259
0.202067023257565
0.194131161145798
0.214602749531166
0.225431104491238
0.220376684446552
0.207618647167894
0.211550170645582
0.208343925218847
0.185491634761701
0.168678341750137
0.166978014971754
0.167128303370101
0.154930894922736
0.147267223860991
0.147996836407774
0.147518745633247
0.137127063528419
0.128252581558862
0.135655751479523
0.138468651008157
0.143542020523659
0.142487055184034
0.14952215525702
0.159910615139244
0.163611075556245
0.164374483010651
0.163255800555433
0.167972914585511
0.170312166863279
0.177415447611971
0.179185698507475
0.182055574175716
0.188517550978675
0.194740862760877
0.203677627875442
0.208530977495983
0.211433990663366
0.213913915870309
0.216119069515836
0.213293758425421
0.204952034143818
0.202151399299262
0.189994293121762
0.173913500954745
0.161247932583436
0.158437397042687
0.153283454101309
0.155750661911122
0.154777439638737
0.194494713580564
0.242440461123657
0.274800384677262
0.300626788337813
0.421782368756281
0.438445068146454
0.42542335003281
0.414063933105824
0.389102543720965
0.410021216780684
0.399751022764616
0.406975540312072
0.406133328063242
0.394176433263622
0.420220451886609
0.44591773070533
0.454964404435582
0.458897528120907
0.41446726922586
0.393847892653438
0.346419001098849
0.322835620542376
0.385250703848408
0.39342432685902
0.366070095292069
0.324382885632943
0.295293431676949
0.269156522964839
0.268666516585066
0.26240944004289
0.257878173915263
0.267526700148045
0.283763162222101
0.283720279305387
0.27458731470503
0.274633741053
0.281159860648668
0.281111773143093
0.278522710764409
0.286117351365742
0.291709761591552
0.296222828089406
0.29090337255177
0.285322656771939
0.287983251618624
0.286349820904639
0.281363377768361
0.270737290774429
0.259376578970312
0.246533835702863
0.238665969789924
0.227401141182572
0.219216359554488
0.208146105294331
0.202626513225721
0.200352362336787
0.200848756055038
0.1985215987348
0.212969821801695
0.274536055293276
0.399298417647411
0.399795672173764
0.292720606832459
0.276461065341718
0.270583753541598
0.27444253831536
0.281966417855431
0.284017459310902
0.306924888869061
0.311325607441156
0.300068228192275
0.29833128808765
0.271219247188095
0.231375720764782
0.189799752972076
0.186983565976329
0.195845483888359
0.182242296976997
0.222098904473956
0.241438368778796
0.265475953598816
0.322032574323358
0.362724255493366
0.368784729437897
NA
0.541604532927048
0.512522172066742
0.488531126464904
0.458798212359798
0.521845374507586
0.540245578243947
0.509630246676017
0.496202768961035
0.504687786486786
0.501700806000948
0.492468524936291
0.473917518642633
0.45974616761853
0.417948540396707
0.378567158488682
0.344690060768483
0.414157444709149
0.429106745733149
0.448024960579762
0.460078064039958
0.440567053004412
0.349386073228872
0.38353367709695
0.208900600089406
0.126070266096052
0.181982559978146
0.23962198032228
0.280539007931928
0.269955811324093
0.209847243714565
0.143975346948672
0.146106363320032
0.203079816910585
0.346723938100516
0.318037574622702
0.395613808174873
0.364029533564365
0.36698034432942
0.388765701428628
0.354682768384515
0.389907260321433
0.383733147786489
0.400293275379589
0.435966348943565
NA
NA
0.318225984883992
0.268720047865861
0.203824399387798
0.147126211084534
0.12205237848939
0.146965653796097
0.118947088988199
0.132923864904947
0.159854893261342
0.168321056686285
0.161108557083701
0.159530193230753
0.175616694034492
0.187784875899519
0.198586425731084
0.208427555050901
0.214284067868251
0.20686676778714
0.201173346826256
0.201537846433324
0.198355143412065
0.188390822636755
0.177357538430623
0.171238864248546
0.16208642506248
0.158840638345868
0.152134176212844
0.145833002080027
0.138972946906456
0.13340837983783
0.144387589259433
0.148811618467571
0.153305195261528
0.157829144621248
0.169058594145393
0.177560675882084
0.181429765160177
0.184708004105655
0.187461516553415
0.18570529009499
0.184621583788547
0.186458473993389
0.191597443975959
0.193423976853209
0.197004578394982
0.199586471852634
0.206995870979408
0.214443718536096
0.220978707164192
0.226844547234639
0.230832260478704
0.229669422350292
0.223731814497636
0.217510175125811
0.205972037137611
0.186168646657362
0.170090536491447
0.157931408859618
0.14624906483916
0.143785643664781
0.142682919523256
0.20033742578534
0.257569727802114
0.308072599901694
0.399872888290853
0.427953210981406
0.433974966930693
0.436447021358888
0.452100231634649
0.418647768862601
0.470272230781529
0.381436074030795
0.418793255382
0.386721158795745
0.381152721924089
0.408732376958493
0.396953685517522
0.369946574277444
0.360434796897902
0.330821792892627
0.329075307249524
0.306391313116852
0.288290427319322
0.334740889922948
0.359516993296515
0.332940017850369
0.299484056325347
0.291945286812392
0.273204882160702
0.269455661438998
0.267931550464549
0.260232325797209
0.277934672695747
0.283961725648903
0.289978844646433
0.28383539145066
0.271389303031749
0.283083694377399
0.289570964057119
0.292667033086996
0.298249116402781
0.301261910258949
0.308028004826812
0.309719598139533
0.30612786586367
0.306503401809264
0.308624162710471
0.305602264519605
0.299198246632302
0.285989682509039
0.270089254471266
0.259014249058545
0.247309817190821
0.237100767049611
0.225688198163349
0.214584320791674
0.213231323576984
0.212933382549771
0.211451466687511
0.216888736421658
0.251039362657206
0.388547571698647
0.445601416721008
0.383538736394341
0.322136809492446
0.282421709445101
0.27600438509367
0.282147930687185
0.299825399357934
0.323108802660485
0.330693545064972
0.332247939090932
0.33784410433071
0.320600616295753
0.232303041400579
0.154499540466111
0.202535754500833
0.182211938329874
0.171620412516961
0.200838210339186
0.230953112068834
0.27480039252467
0.296070892665583
0.270451590717951
0.253121180815604
0.377798791559969
0.501354775688237
0.508472756857558
0.503648060060095
0.465499884215516
0.464810831513605
0.50480406122523
0.520375349023081
0.520574476861227
0.487939094349455
0.492679984770238
0.482034297814595
0.482883965377428
0.463387480809401
0.416482342173072
0.366046536599336
0.332398178172199
0.31525909478554
0.332990929290451
0.387630850341637
0.42330967375073
0.387943101469693
0.395821924051438
0.237607302133437
0.168532659576176
0.166928337667817
0.187478567597089
0.238427296278832
0.265002144639971
0.263886453376265
0.238565322962293
0.204437660849674
0.184066857039483
0.185137939245168
0.221696746784418
0.253979315692949
0.287756572866811
0.289453980404417
0.342255717312712
0.354660915008031
0.307818978736214
0.331457318204603
0.353343755738664
0.371571061655988
0.411077194761671
0.381954795734066
0.315287889955253
0.305818936382064
0.283645414590825
0.264699042030618
0.221836727937413
0.17827891567314
0.165136490368262
0.147348760643833
0.160237427732216
0.165453721727104
0.175350448593472
0.182441026543013
0.166750548229238
0.155766394993453
0.175830308762084
0.194949040579387
0.203065049571139
0.207220668218207
0.203906198415831
0.202485070936365
0.200906396778236
0.202447852251457
0.202494177874383
0.189719474276933
0.179054294230625
0.174664412378225
0.165114086813206
0.159911153237649
0.147530341507258
0.148834758615378
0.147847844542961
0.149186549714385
0.15822739857929
0.164255996200334
0.175470552343384
0.18308715538443
0.184902599029392
0.192497259068463
0.194663918766284
0.193418086039506
0.194632468488857
0.198035141228959
0.201609996882889
0.201306132093632
0.19829471096896
0.201105211701832
0.204544218774908
0.208002006357375
0.212642323021591
0.218451530841625
0.22634534338042
0.241083538382904
0.237896554673478
0.23433807274417
0.227641492667282
0.214914973383917
0.198035000095775
0.18124405824419
0.163099643225557
0.146204387093639
0.138020508113196
0.135490503812421
0.220748211752206
0.291339123370479
0.393275674640324
0.446851589039425
0.463765449033551
0.463292791672908
0.458378405939466
0.429586377188491
0.401567343934435
0.407380828074185
0.369617109677261
0.394453936599434
0.364594732176615
0.368206260842956
0.400808858262893
0.371429670408539
0.275239502715657
0.284615838354408
0.248388767830339
0.296885938762782
0.291138795071786
0.299353147156525
0.291931812242446
0.345982799916062
0.357160342102605
0.328225291468137
0.296055305866209
0.273976512693871
0.261719758921096
0.256595984378394
0.252212563534195
0.260474059155915
0.266949390056179
0.272614648276211
0.277802327090162
0.265669511901413
0.2767754385694
0.291314582031429
0.297489111406219
0.297001288222796
0.299887740530406
0.305409740063529
0.324697677289663
0.332546740660792
0.331290810328872
0.324223056110214
0.316559379068371
0.31338336691575
0.303323278635369
0.289683872537254
0.275249244204918
0.262033563158941
0.252770563534363
0.243585991892796
0.228526772113845
0.224907470568397
0.223448756725023
0.226784350886236
0.226473030037017
0.23599785430043
0.322122981502429
NA
0.485725575892323
0.397349475492897
0.329952090572502
0.27631261435803
0.333731089935712
0.304340002688278
0.324816089164721
0.329630602566171
0.339286316671323
0.343021237345282
0.260194324512022
0.192228535598214
0.148572173930363
0.214228717685514
0.2095849409646
0.188507291884857
0.221102017501858
0.265760800673365
0.303140793898363
0.330073743464404
0.296368942325518
0.276317324914042
0.311360461933151
0.477632352474664
0.494630773062516
0.486503821480269
0.444304657117025
NA
0.510516467198153
0.512601569388153
0.522098105461343
0.503960940751399
0.472845911801932
0.477664613837058
0.487071203433331
0.474419812813227
0.441619551623949
0.384650721813156
0.356763360831987
0.32177651128806
0.291378450885318
0.374695828808195
0.458880592522425
0.405968399164954
0.363642198025111
0.259498460654142
0.212853541392085
0.253167540851269
0.217436304397955
0.239485741298835
0.264983381019734
0.294084407811333
0.288950607608597
0.265086846014128
0.2660003417071
0.245216658887865
0.256630718820788
0.295685044941381
0.285188169303335
0.309465544240033
0.363200328370313
0.347654282859268
NA
0.260819339975681
NA
0.326265390780113
0.339595832890505
0.315920121474109
0.288245795523927
0.26080287390782
0.271000757206011
0.286871092919698
0.257862926059474
0.225848511213164
0.228093142455633
0.216349029338089
0.285558493236138
0.246567838742837
0.209216170813824
0.216951177561472
0.19760245902883
0.177456561694726
0.173596581825804
0.177006083120559
0.191482092664654
0.198551981826981
0.197039083016626
0.199007471936749
0.203294844247585
0.206396601180335
0.205659933613479
0.193985150725161
0.181156577384068
0.172523745087787
0.158234314614441
0.154798733126504
0.156172860329606
0.160634687598122
0.165164097859565
0.161045939672047
0.173544433399427
0.177586207851201
0.184701602649427
0.185440184702811
0.180677476783951
0.179343733165168
0.179285282796115
0.179741026013317
0.181008191801655
0.185760541570972
0.187682849684215
0.189563120544238
0.189249756774007
0.199481425126363
0.206095828300856
0.206746797587112
0.206880986279505
0.210376275292016
0.215824462482883
0.229998515705438
0.236919928478189
0.232130587764847
0.228229077159483
0.219852718186668
0.205428667204416
0.188685017723353
0.168459837364327
0.151073790386342
0.138268252493155
0.133057768150988
0.274836325324801
0.343581082692217
0.436099494537087
0.481425743423883
0.464189175813048
0.439783043467614
0.441670721776411
0.470939044426257
0.391951736355256
0.365707734115515
0.346170112158577
0.39621362516096
0.345261268781424
0.34858575019305
0.352491903277885
0.305330433586006
0.278928781280211
0.272477838755685
0.25673929537664
0.315500016640682
0.340141098195523
0.292055813673626
0.265748464229039
0.279932458847166
0.293892963560986
0.297758556621034
0.287759738731178
0.272557163708182
0.255197609072582
0.244566463971091
0.242822146893957
0.239913925572331
0.240297581961977
0.244915051715706
0.244346327553057
0.24018158457225
0.258233992333478
0.28049805601249
0.295472431720472
0.302353011290085
0.306434144443264
0.30809364034688
0.321583890797406
0.342062631947627
0.35090871661174
0.341662678323789
0.330346715711745
0.324272697968768
0.315512457324845
0.303591168651528
0.286904150476442
0.275273187423909
0.262496135656704
0.256150071264348
0.243390551448745
0.235444135860083
0.229072626910578
0.232756115864766
0.237975060705592
0.243493245916061
0.256240125991683
0.345887456061187
0.486893273262702
0.457801447725851
0.44077565116916
0.40790336797488
0.394707523265014
0.354063523130933
0.356682721277038
0.355647891991749
0.356397708204975
0.363454517283807
0.245245653802415
0.222464831005046
0.15073459220719
0.213502232262208
0.20821507092718
0.223181957782365
0.256775303866754
0.301623930589537
0.352806109437892
0.387208475349964
0.348918010030207
0.331513257835725
0.284912927185631
0.432622314805921
0.466867944350796
0.472646523602521
0.447303009579064
0.497435705126195
0.501881581819615
0.491326186908342
0.503989974739812
NA
0.451291666005579
0.460439020975746
0.476956759739165
0.470629094393852
0.451694398064578
0.401555473153088
0.378671319742525
0.35332260085968
0.310726374491866
0.238619873295689
0.246252936039522
0.227395958822595
0.258622926578441
0.223281216806486
0.25419919118286
0.25526165476311
0.250734280494182
0.255128667695572
0.264066696626306
0.289319146365628
0.324117305913867
0.345557802911946
0.393280985169578
0.362143356045219
0.27671604662845
0.331171276817214
0.313427850483491
0.364489883046477
0.35832609880719
0.319474195251565
0.242889107266825
0.267565500825031
NA
NA
NA
0.307909910858433
0.314699905936232
0.25567404954131
0.258132282292454
0.267520949625315
0.26280487757035
0.226154582255051
0.223335196567516
0.208884479375048
0.292994188529893
0.232679298039973
0.346056860212458
0.267144381462426
0.223236706593109
0.181940253111092
0.170290631509672
0.177022515589165
0.182999760083306
0.194210084929247
0.192847567374401
0.188969623563647
0.191863621213057
0.195863011278547
0.186531255996873
0.172565302811408
0.161479182162227
0.155637443017683
0.151356760614803
0.143130561651478
0.140634516712213
0.156015982885062
0.167174347678783
0.168654873854484
0.181142360895938
0.191124520574025
0.192123863788647
0.190645285829529
0.187963000224309
0.185426602613775
0.182498653243795
0.177707296719496
0.177751957480675
0.176375387627164
0.177997357755304
0.17948662166015
0.185311309119132
0.187605941398823
0.193692593853202
0.19684688370842
0.194328496447917
0.195465476860383
0.207435333847256
0.216265515125501
0.221095616236826
0.224638201719043
0.222006998187033
0.22086461230688
0.210112808743155
0.189722467980296
0.168298059368838
0.150557992559599
0.136215037875917
0.145089912859109
0.347951026886185
0.346555655901466
0.436574820146474
0.453382687539402
0.462759771359065
0.42603532482181
0.394488201334298
0.43949819632499
0.384634978053108
0.350060360371843
0.313735931569905
0.378641159843149
0.344870152811709
0.344044712090635
0.345343061143127
0.326050723264068
0.260715795643018
0.310206652499665
0.292612573549503
0.32086067403391
0.306947929282419
0.299728490981437
0.31527007771512
0.313135596848203
0.304586059997737
0.297871213189671
0.282490481630635
0.258164227620652
0.252082445586884
0.251292668811895
0.240743451195178
0.230725887930943
0.223811202029087
0.224171038695839
0.220452526481623
0.214322167100968
0.226085812802492
0.250740001352716
0.275006645326061
0.296169850422067
0.309070832000294
0.31921807929293
0.326559947902885
0.340561900636377
0.34955440687801
0.345554852751681
0.334930089796794
0.326794932759655
0.320722569477005
0.312517442786424
0.29950707508886
0.285076429519411
0.276530748639979
0.270970826452309
0.257674012101534
0.24620257136211
0.239362530187709
0.233963402956581
0.238352644448315
0.245492765883676
0.275100347968537
0.364690298309656
0.450217367076653
0.452267887618394
0.434130071923203
0.421806257545964
0.41349775091131
0.404243427458147
0.381355220641493
0.378241722323356
0.375247589117352
0.403314164467194
0.255691594847047
0.22818509649195
0.145448660811553
0.19704901836354
0.211924930358337
0.268817168100493
0.300998894305585
0.346156120967034
0.432616423412024
0.475783269488843
0.387173956150065
0.380713181477849
0.464788665632466
0.442451063901346
0.433439324062521
0.443355438654523
0.45184835414375
0.47405062265474
0.50104572794883
0.487143918127981
0.482925935212319
0.437467739472589
0.45037972795911
0.442046031832518
0.430536494086945
0.429518199982054
0.430415214594535
0.414280647125224
0.399744077544684
0.397536420984581
0.331275564195121
0.271378217331216
0.194512651292034
0.240167379805888
0.169908117046913
0.180950914098059
0.22898787555519
0.249629998852415
0.266899015383225
0.290849906806623
0.275840446041212
0.297701878457834
0.296880165591039
0.358289623404845
0.413700794064387
0.413267132670461
0.259409265660389
0.322663041138957
0.358943877549924
NA
0.303461654821152
0.303376790402867
0.142596471085191
0.174093669710709
0.183909036752247
0.217659737126378
0.266778213055199
0.243307516193856
0.248349710288552
0.198448018074986
0.150402149839906
0.191540224071708
0.185172943311961
0.175890035324367
0.179865195148843
0.198130634231665
0.236944386250857
0.228311868987616
0.248142156431683
0.23836637218685
0.224094379579214
0.194561824612568
0.163728703190818
0.16756083529446
0.178946294242758
0.173120004709228
0.170778246442909
0.167782874245422
0.171005639939199
0.17488780096155
0.163102735266828
0.152821757809531
0.147413239358362
0.15242025666731
0.156416251856297
0.156758401104762
0.156096325425263
0.156071454768708
0.16020913812183
0.168084008806583
0.183488695826331
0.190408373304539
0.199333464637327
0.19743686977411
0.19198598540052
0.188678351232688
0.186839800040416
0.179884533245102
0.178288618610607
0.177440033017816
0.182614555444044
0.183427355344992
0.191310154892093
0.191957351207459
0.196491977540955
0.197435552433216
0.195288170533459
0.188746870640827
0.181728430445316
0.189947611755995
0.197499456321402
0.203517679994098
0.202853141718967
0.205211561285929
0.201386397516117
0.190193099129162
0.169558073846986
0.150227379296239
0.134912198424213
0.170776548310581
0.38945413791556
0.356255708822819
0.36112273621979
0.381932553407723
0.458106839857059
0.399605670791335
0.459143852529691
0.404017208022089
0.447225583278353
0.359754028475121
0.293941201846024
0.314368781916548
0.30240503710845
0.310779395338428
0.323665891590062
0.309693442194051
0.281050465614213
0.273662667316093
0.33477708739265
0.368123062078957
0.342083797421688
0.315816076031148
0.29739549079828
0.333390823095282
0.332605371487444
0.324568180928169
0.306908792343546
0.279101957608166
0.253311729893104
0.240350678669213
0.227474712311054
0.214532154869447
0.214574496769774
0.214968653503814
0.218745164255355
0.210493014291094
0.210298125657499
0.22580218256113
0.249258928117855
0.271749636566525
0.289396637767344
0.309475992086726
0.311946908033033
0.322553393368028
0.339352643667121
0.339080812172708
0.325163423951427
0.313976022125451
0.307400116780233
0.30548101976677
0.30587782754917
0.290967705481755
0.280981733339128
0.279731799525508
0.268579491322604
0.255459228089068
0.244935985175861
0.234820412517961
0.237889712294834
0.244201388516375
0.265878984617568
0.364841227458684
0.414088138804766
0.432681107891627
0.422750598399192
0.424026999233787
0.399357458541676
0.384939135418763
0.375082808515131
0.360243645530645
0.355417356379125
0.345848144688513
0.254757088951829
0.206065510200016
0.153714643282757
0.188959151284865
0.231740010512985
0.280937063657285
0.383516671348071
0.366000853784082
0.459214034596926
0.482604253398305
0.444395962161869
0.441441623515096
0.40279525356658
NA
0.399184963673922
0.392053168719042
0.420100744698616
0.456517107119491
0.505444843851763
NA
0.500136823491368
0.45385784479434
0.392360729881658
0.435243738280547
0.419386248837669
0.40174299185076
0.40270106897512
0.439760367091301
0.432711742601284
0.334998264959211
0.340369268143828
0.279747453023455
0.20886740230658
0.158811268907164
0.191777780589652
0.238681401079648
0.210775213569158
0.264641965222241
0.286571374316175
0.291641054232009
0.322520367135357
0.346240498726032
0.324747007257609
0.350811219993233
0.324198064789135
0.31983500903269
0.414377020239963
0.413260008645469
0.378433354618874
NA
0.335771260999271
0.228153667818991
0.204274725209781
0.198327398775724
0.251822370804822
0.258336442965819
0.239107353421788
0.219815913029412
0.205425459072513
0.192457960388684
0.161537374985019
0.200729949788094
0.161400434922492
0.170282729401885
0.180894788710077
0.201697137095802
0.217374175043243
0.214600043902641
0.242348360684888
0.262666126443696
0.23000887897789
0.219756911162211
0.196528363315854
0.174927669636429
0.179771229235172
0.183007216791656
0.188938889298071
0.184096596450211
0.185125981589232
0.184804387301559
0.177185278301325
0.165774138254717
0.155051278142109
0.152704933725979
0.154389109335925
0.155827174074731
0.160442349245599
0.164708657429354
0.16753699055795
0.174753807521351
0.180709271638387
0.195038263896113
0.198286694221971
0.195392477049457
0.198823843431808
0.191860371710859
0.182775583446111
0.178525632575578
0.179648378785108
0.180820600332112
0.184169717801527
0.192223140051522
0.192404517035612
0.188590572256826
0.195470872118101
0.193656503532014
0.187916105167856
0.183643554271118
0.176434929261615
0.176935724845166
0.176597143243753
0.183186078652459
0.190759205817777
0.188251470537787
0.190991505652874
0.183734363286276
0.165310345621213
0.150010800674338
0.134903858007555
0.21630798961979
0.398727595432512
0.361214105473948
0.297141779989589
0.318429695617485
0.383231561393897
0.371164331683692
0.366637601253488
0.315764351924602
0.360182653525338
0.335438448975975
0.321706663157755
0.292350144370425
0.30390577355426
0.302598631527914
0.302966791206131
0.312471403058148
0.291259738386273
0.325479962966072
0.335008304742884
0.374662945947722
0.392818171477636
0.377307537584191
0.360654751301905
0.305983638916656
0.32538096171914
0.319127132699723
0.324685856434735
0.302625174703881
0.273469745821437
0.251636760088275
0.237795760939871
0.222177338852522
0.209706808449963
0.201101017535344
0.199573567861516
0.197977105164662
0.192482345001984
0.191789350327879
0.204080917222885
0.22569524430436
0.24853004303083
0.268429420931546
0.283046030305748
0.289641849132083
0.308092844997986
0.312245639854043
0.305020365491992
0.295814108254795
0.288042446695094
0.292396015985908
0.297672273709697
0.292461021206925
0.281300649652047
0.277350369256439
0.274161463339295
0.264748308897888
0.253569498513979
0.240493597281886
0.232855156046197
0.244218257053553
0.278366637153694
0.363731966386991
0.348564173173347
0.389978183132836
0.375185921006103
0.411069152498276
0.425434718169136
0.420911938647776
0.385526279654232
0.370379440259085
0.374480268479329
0.308625861123776
0.258573038284809
0.203099870392775
0.206457327829361
0.220379270481179
0.296515956878386
0.337794544133474
0.355974138262158
0.348334365891756
0.452036739246653
0.493509427772748
0.456411058316332
0.476897033882015
0.412939903592501
0.416175192137891
0.334797956474062
0.333371143164767
0.357990896620962
0.403579105755274
0.452567914308004
0.418972489030331
0.375217781295292
0.37879028109097
0.377164078517446
0.373966465734478
0.370958671989322
0.376988268693992
0.40821790498149
0.435084922694395
0.453693489666316
NA
0.369589953964409
0.311186060009264
0.247329057119735
0.214239784729682
0.235050978898918
0.267001772436714
0.303314280706213
0.33058472594805
0.329923899266155
0.317714432536132
0.315635977302733
0.333512638656989
0.346961603280629
0.349474672425662
0.351717005968564
0.333559972664801
0.388360882057715
0.381481463458307
0.335703178190072
0.286088176222394
0.330399744931527
0.307376706253687
0.330356290799728
0.313430398039011
0.257730559663165
0.288395659872712
0.297159015437932
0.287961537184824
0.280027739767672
0.264154418350465
0.244352538841543
0.238105842415139
0.208091799069479
0.204392221486538
0.201928660679739
0.195483390176819
0.204137822665683
0.21511249933343
0.229933988041575
0.243230056981708
0.222829225218767
0.207906432970066
0.192393166419168
0.169660420628264
0.161905952201847
0.15755968677612
0.167243334076377
0.175984956992393
0.177224646250107
0.174524812278147
0.174489755468803
0.168691667196706
0.160172110435985
0.152656782161977
0.149846586423517
0.148610522586964
0.142271339499547
0.149138412327147
0.155702047457861
0.167434442768655
0.167928827728358
0.173781513403006
0.180827864027864
0.181328628104286
0.173984744198187
0.172443917766035
0.166277987406657
0.16388111169336
0.168297355248404
0.173997409764278
0.172178078583457
0.1844175264408
0.190886453996538
0.187895688570046
0.190084956041969
0.187174694200793
0.177017733582914
0.172141366016552
0.164782667916069
0.163916356291972
0.167588030212629
0.17316300108975
0.179442801159276
0.174990484613871
0.177058317333452
0.172622919973503
0.156872103724993
0.150362289526495
0.144080196066873
0.259382572293654
0.1663907287916
0.22735838624899
0.284787540229088
0.289172282388319
0.315433173622393
0.313286849827991
0.401793223578326
0.311939070054041
0.313773664061793
0.341613666073713
0.320653517437884
0.264376400846102
0.277529435488259
0.285326306733426
0.307584861684128
0.316478713976633
0.303221500878153
0.322400969508414
0.340168657535966
0.357739582195029
0.371821028712369
0.370092222470419
0.376959128680401
0.378313812361953
0.362445764287655
0.3656104979764
0.327797258617889
0.309114347943231
0.28746787363195
0.265185831561941
0.248603394922852
0.235259096420501
0.221368800286232
0.21099620375189
0.204344186278025
0.201159035841834
0.192907186238155
0.18333670641601
0.185493228040611
0.188378838750463
0.21075655252904
0.227207522804683
0.242569309214519
0.25607695501227
0.271998075814428
0.2885600400381
0.293631193566058
0.287260063330949
0.276726234242924
0.280478824474381
0.286257617695426
0.294720012379155
0.278207726479539
0.271475943174978
0.269502095009459
0.266470113461605
0.256731648387441
0.244239666061984
0.233651688124055
0.244457085665383
0.29226239758074
0.339462879867797
0.325163512996962
0.35395444337073
0.374087039060042
0.415231250122767
0.417573810703589
0.415628642698013
0.394605565254296
0.381938746862052
0.358581484872729
0.259793741304445
0.248379363586538
0.308254222694968
0.261963284364893
0.259570819629482
0.311469278585598
0.452261471163112
0.406644748836719
0.362823674301607
0.403642707633618
NA
0.397570797634528
0.421075995829656
0.346401873732436
0.362953287177265
0.357636614446888
0.32285286789028
0.313003840113983
0.372754986533266
0.35950292213127
0.360520261008748
0.387790972790733
0.396085430529492
0.394957214045911
0.381336921259017
0.376963005735404
0.383193356273737
0.403129682650776
0.397269600757336
0.362932959073398
0.394222250160577
0.468064117342382
0.427757097914929
0.380152015892898
0.301658960667499
0.2393078898474
0.28497215999117
0.331963355711979
0.384090733779633
0.376380227801352
0.353421927358565
0.327667726460341
0.323756649601984
0.368830571381642
0.371989428158566
0.366773545471903
0.345949484073151
0.331024025081644
0.345171296112676
0.320575498898127
0.299616708825011
0.337800429160713
0.332817865856418
0.359828461479293
0.357598704330954
0.328226885007735
0.31403317085452
0.312041360569642
0.29111794768773
0.29684162929527
0.289560378017267
0.288404999237696
0.245080635416451
0.269488432025532
0.238896145545038
0.228531029335477
0.218203577344641
0.214763810782572
0.211113963834179
0.255351382658863
0.241717699262351
0.235621760329619
0.209518952656065
0.194612261757004
0.172150293640336
0.156748439258094
0.153821360242793
0.149637972995177
0.161143337062115
0.169115451376253
0.165991638286052
0.161537785465751
0.156144098876575
0.152502688209392
0.146024338352698
0.139294739444535
0.134872771010881
0.132993854874002
0.141478383598005
0.14215822516713
0.149234660379177
0.153644869509752
0.160940366629086
0.162443212676994
0.16635424530548
0.166621400859743
0.164562544602966
0.163116007331922
0.163271025025137
0.162179873741151
0.164719540425503
0.166096994002768
0.169645564003592
0.175017539894923
0.179774457689638
0.180125652036006
0.178583829924954
0.175552751909957
0.167880408726165
0.157905978600198
0.151208983838888
0.153589629325563
0.150082912095737
0.161104202981095
0.165201431075796
0.168494951912993
0.159756834864022
0.149689578373675
0.149345819225547
0.150026268096434
0.230218342582431
0.132062160809037
0.105576335734087
0.170765640394174
0.259001774274031
0.261173532498645
0.232305646321905
0.327792522290169
0.302353951500449
0.343773982377487
0.312565508809523
0.283613473764243
0.25623823551232
0.261151595919469
0.262825260525344
0.277948786387579
0.266940128987273
0.271081185879195
0.291177268911692
0.323046266857376
0.339540420717318
0.324698495650836
0.336794403259376
0.356253632577787
0.399376938858903
0.34704457020809
0.376211076686222
0.415245184740484
0.353457995988698
0.318271929175937
0.295711380353044
0.278640549232358
0.266668774691018
0.256876880992405
0.246127876115336
0.227359144717211
0.222677936037431
0.213315371001351
0.202473313925821
0.195414159793264
0.185092461575351
0.193009513162921
0.205484620753131
0.220449917473345
0.23692784276978
0.250095277909162
0.267177896525122
0.277752034945266
0.27969380014212
0.273930344392306
0.273581815043868
0.278245119603106
0.282774055029458
0.278148304253549
0.269839305420425
0.267311231605682
0.265484659761918
0.25727648734455
0.24811264681883
0.240040858784551
0.242753684185184
0.299759762071014
0.327374698344416
0.307303476032021
0.382132244124859
0.403892259157658
0.410196798277956
0.373859990761773
0.394778515344853
0.386373875211663
0.366888235793796
0.345446865799233
0.27729136884403
0.335174374872841
0.341915069754816
0.292595036516671
0.274054724000166
0.311140643416878
0.44380245678645
0.425666881857461
0.41465379754112
0.411720479386976
0.398700820475145
0.400608853121373
0.376003604449389
0.363859891110254
0.380542117023328
0.366574244741002
0.335431896209697
0.327215371525507
0.372861271807354
0.338070097897291
0.356151708373223
0.365127002087883
0.375400043662818
0.376203675564715
0.358128895485302
0.354685096925294
0.369853135786129
0.390496978534031
0.369352755436021
0.384107945536051
0.380241487403862
0.395224369582489
0.407764334239761
0.317053074082768
0.294925063068525
0.286857789935287
0.286274701977341
0.346505976366879
0.391591692641314
0.415020249026855
0.390028232324484
0.356013200455072
0.303220483529874
0.385025558720261
0.401116313221318
0.412008313861654
0.377761271939519
0.313762294317829
0.327268332685667
0.313080965579
0.303683944801383
0.338433462599114
0.346670632254153
0.364344720471151
0.361093643580979
0.339963449712582
0.308534499136606
0.317598424593961
0.304690722491911
0.322870574222896
0.333377306554006
0.350222830166599
0.338116708666508
0.290839222498357
0.268731404012906
0.234871215070633
0.223854389766267
0.209891351013074
0.198108569876929
0.219823758076695
0.227230647174204
0.221685057649326
0.224876917952735
0.209485945834936
0.19073350977261
0.174739178874278
0.16307049982327
0.156093051549075
0.151789499201734
0.158945581532595
0.156341023289037
0.156270751717565
0.149228426266314
0.144573009775674
0.139064760857115
0.139477739602336
0.132156420472852
0.127529152911375
0.127015151441484
0.13223554134224
0.129078658573449
0.128473423133511
0.13098942365432
0.137146784203306
0.144391488380931
0.148461923297379
0.153181654664477
0.154404261995637
0.149718774600492
0.149700551047233
0.148392936391851
0.151180449415044
0.163566300116794
0.171180424226277
0.168673069543021
0.169034589689947
0.165241574496557
0.159548085460442
0.155910020570071
0.149396281122681
0.145901271318514
0.148468629375653
0.144675121946108
0.14934527162617
0.153139584795631
0.153651801699995
0.146627405929953
0.142710660500749
0.147334951456225
0.157511517917177
0.220141944025214
0.124817376669986
0.120525123685357
0.152847013841145
0.17337514154002
0.176188560698768
0.16587976316816
0.213468281694067
0.293630401080367
0.297962292922484
0.270482228551401
0.204448357785879
0.225668232508942
0.230284109391238
0.233692495119269
0.257003834842275
0.257366824454803
0.270499560236336
0.287011473275801
0.306953378377891
0.354811085467282
0.321794918150099
0.371158260830558
0.368664625412832
0.351915625843173
0.306520873756143
0.309307028091363
0.325390417711945
0.332069564802
0.315944611018425
0.283795346620056
0.274984716683018
0.263165845207862
0.251278136178157
0.248166060544795
0.233804127153142
0.221110544335079
0.219763150562827
0.224067835243639
0.224315306950558
0.225265791305422
0.231998581171279
0.227627909435308
0.22715382683739
0.234075166658532
0.239148787953564
0.249060133856595
0.261732305277219
0.270585453936395
0.270058401689576
0.272551340587029
0.270282141960198
0.272820738254921
0.268454542089007
0.265404126431534
0.265644924775645
0.264890272165259
0.265473052589227
0.257226855836233
0.24975449060953
0.244209406017358
0.294031542922673
0.36492277589336
0.343281368568217
0.365756855045617
0.370397530314617
0.348742495686369
0.312861465161931
0.322475724896032
0.364536217909234
0.371126515726741
0.36198986876626
0.325038221821724
0.350453488238536
0.352703679891191
0.336168327523969
0.337028499110659
0.353743484381476
0.3875929826499
0.403585696174843
0.395800182850692
0.417753579675652
0.391436800895607
0.397426853322575
0.394940433445137
0.386645010202274
0.375357773776016
0.37111685262443
0.332066861722787
0.279643966370461
0.329237940712815
0.308659854805812
0.345321001087678
0.3540609969028
0.367266436978135
0.356303855541029
0.346719560062245
0.341128901554827
0.320826265993048
0.359031236411772
0.370218840438076
0.389716672114124
0.394013740277998
0.407512740194553
0.441199415675806
0.43628181720101
0.432611580585154
0.420609211397903
0.403443567206457
0.346946116351264
0.41898295284334
0.405428034857734
0.362962695436527
0.418271496501259
0.491409613300169
0.466886092317021
0.443018651700525
0.419831750508533
0.380074857197991
0.31435680409795
0.302059733552981
0.279915473997683
0.28161266119875
0.303185108007766
0.324164438380744
0.337237419568055
0.339541726873793
0.354373481236306
0.3170300112344
0.305282107524296
0.307250897948464
0.317450473925295
0.33815677611101
0.357615373534503
0.362315466604109
0.321924013569713
0.299467640281667
0.290952090643859
0.263769618171221
0.238205238327972
0.203252744041656
0.209902147137505
0.272650400541076
0.215409533039558
0.22636199173399
0.216177773398874
0.20529871173123
0.192969252576911
0.173777375777033
0.165635062069276
0.156625032865599
0.151332424709802
0.152164820138872
0.15380339023652
0.156197548837092
0.148292383856243
0.142259184679651
0.135731286428117
0.133704727573935
0.126847894983443
0.126134983752322
0.124168130370966
0.122374072750837
0.119559009006498
0.119400218275088
0.124388503892477
0.129472124707748
0.132889156387518
0.136135669338339
0.137998665100786
0.14019491911216
0.135464480766381
0.131407000664209
0.134152502424738
0.142684642763213
0.147178587976271
0.150588946718246
0.147882037981423
0.143367919037175
0.141043263047369
0.139829904504529
0.141453111268499
0.142103214680506
0.144173383631998
0.140845700936384
0.14801816079017
0.149939755675284
0.147117933232008
0.142031968493205
0.137337331803071
0.145812676546349
0.158483958724344
0.207837210681482
0.154080051978794
0.115372142880919
0.131722234318372
0.142511267933899
0.146969983521049
0.150033848413375
0.164245384884248
0.18224497857395
0.158754896783167
0.202714006071005
0.160032311243321
0.182304136453702
0.198025788239598
0.210911973223497
0.241459451807047
0.237221202330518
0.24969521006806
0.27041524088408
0.289090854018679
0.328555358221011
0.30237040450579
0.341852033829576
0.36543148023634
0.383537452269944
0.331320897291525
0.306975374609649
0.291707344639199
0.269026288719703
0.285787311136443
0.273533178268756
0.276405441063583
0.269482757177369
0.267818562542793
0.270521811805704
0.262733681603157
0.249916597098941
0.24346388819435
0.240578750821499
0.240750872347453
0.244474983163668
0.251684661552283
0.249862095356943
0.242884225245882
0.23854581560438
0.239768428014364
0.239921274960478
0.24662836580934
0.257370140513494
0.261559732374897
0.261848670019808
0.259923610869331
0.257268291565176
0.253490598316611
0.250828231353723
0.253987986044102
0.258661222145472
0.261235313696097
0.25888450517744
0.255313316373846
0.24464732054349
0.269280828491686
0.374471674390474
0.399355706393468
0.346765107230243
0.364830575165823
0.286229033896694
0.305586252424078
0.303391533038215
0.338877519350062
0.30314225174096
0.341698108139148
0.342712558067621
0.347980802973878
0.34621437665001
0.340929483472926
0.35713229304944
NA
0.42292938496767
0.415151623051748
0.40484751887849
0.395473352309148
0.393732336889624
0.390474604282087
0.399623989711625
0.400192437165312
0.392064969764979
0.413867481214138
0.381881245946701
0.390509545617841
0.386286397072487
0.313094691077419
0.342047535905374
0.346463573473235
0.358280006036762
0.353228535506187
0.348392443677158
0.346491725113035
0.35305484986473
0.359956071317833
0.360567067263717
0.392113852319683
0.396866984897447
0.37873152447949
0.370732987304663
0.370874365609237
0.390100183370164
0.387525043906522
0.397286476569785
0.392752074416663
0.442879755411496
0.427800883865953
0.455075317708757
0.456306211205438
0.454352867760502
0.433379439918469
0.418872658441172
0.405068985142331
0.374254501140588
0.319185794703383
0.299974131792655
0.276832354621105
0.275137379717781
0.280349151809143
0.291646744536386
0.292087461060069
0.287623981580136
0.290147688164069
0.296354270356148
0.277174847520014
0.30132926692499
0.317369841656579
0.350731622335827
0.355592717436846
0.35428127521086
0.309132857973872
0.311836766725616
0.273051005062817
0.246056139133639
0.270650436230367
0.216601349692575
0.194089892920203
0.210546041029149
0.222424808832666
0.210613666021777
0.199531922889971
0.195695973478326
0.18792070351783
0.177053887597324
0.162593855671059
0.154346403845135
0.154446387809554
0.152485263678641
0.151615408062496
0.154558400286738
0.156167768820185
0.153092652644896
0.146379027610145
0.138064492744726
0.134545034874626
0.127889035682446
0.131967722160455
0.132030998708891
0.126956956091709
0.123934917025338
0.125622613886333
0.124122978232849
0.122604913755349
0.126150166279758
0.130840528203567
0.132405590204619
0.132181236021226
0.131663733935093
0.128728386537589
0.131509719562069
0.129359075658159
0.121972370693219
0.119345079143483
0.117577996389942
0.117226714874505
0.120772568445647
0.124694481165418
0.130629846066002
0.135031882404539
0.138070430532411
0.142989837502061
0.145907974429692
0.143192130914728
0.135286003276084
0.136405405167491
0.140515373270329
0.160454923136903
0.180521390486862
0.246227529502309
0.162986461661125
0.178725707678786
0.156573267411804
0.140763834780926
0.135425549695039
0.129047766229213
0.111885719553381
0.117824651550515
0.157376003542636
0.156394951314693
0.175964904959593
0.195779738098976
0.204564971330473
0.224466526030697
0.236465355952732
0.263831270253906
0.246514380312134
0.266404425226887
0.261906222328515
0.234523160608354
0.261734196940913
0.249841726559826
0.269058705074199
0.24138862397076
0.246784483396
0.244778795495839
0.230111691646068
0.246532704052204
0.249206706264926
0.254937585030483
0.254886374428926
0.267495239536611
0.268721520784215
0.261999942198403
0.248074518900022
0.244084499258859
0.242534733074796
0.241412695409134
0.243825620297767
0.245369960755081
0.245531533456007
0.245833206878045
0.24296945054559
0.241373069042495
0.237308008068369
0.242658766233768
0.24550326491214
0.251520778261103
0.25216476602447
0.252182782872713
0.249897034116036
0.244437675346075
0.24193637080501
0.242691927871748
0.245448986714341
0.251442812470255
0.251567480575886
0.252529552217229
0.249524462624731
0.245354622688667
0.269930781661619
0.281588795153353
0.28330105535988
0.292189000082872
0.271544370633557
0.304079602858995
0.297888019360707
0.338912393410757
0.280545346226678
0.385890017792304
0.390248209196082
0.358644934708542
0.332439800535594
0.337816859028954
0.308745535272523
0.285519577630723
0.376792087485059
0.398361380065586
0.378483350799333
0.378113483207879
0.385111332354541
0.378200326257448
0.386409612111847
0.405811317359352
0.396836487580311
0.415911574433301
0.41669936148796
0.403469520754984
0.368186080073162
0.339081202752582
0.357151826932322
0.358164949441664
0.364726021199596
0.371760247296262
0.363217225114478
0.357784720713385
0.352466659649751
0.349115599008092
0.352121668417452
0.39124351149645
0.400368398863794
0.389003238757588
0.399318187836152
0.404544954062134
0.409618988378265
0.410773752855759
0.404410773680012
0.396098996901819
0.399552150222115
0.401992574506839
0.418993506831348
0.415192932059624
0.416544499969616
0.415235011545583
0.404995359103713
0.392023974221126
0.367752172649505
0.320694176787625
0.293631725193227
0.277002165240746
0.27835925460417
0.282138047893646
0.286783856222665
0.275925450398781
0.25345045089815
0.254520098379991
0.261692923831592
0.262988594225882
0.294783048300237
0.311984025822725
0.360033227564871
0.366073168622912
0.354521267515403
0.34601587630276
0.355918559265256
0.333135363119762
0.300486024377516
0.229499274302096
0.218710115037295
0.194196107786495
0.191596516671096
0.19101683632366
0.189951746150981
0.187555067152708
0.1865335074765
0.182044711475463
0.177686724124095
0.166885709242609
0.153722633377
0.148730726161292
0.142317595340438
0.137547445351913
0.140618131265056
0.145342352868085
0.154382547990209
0.153242581324416
0.150798335004021
0.146812804018026
0.132148216479249
0.126915189370025
0.130791462833717
0.129872430508563
0.134817143024684
0.132348167227074
0.125971301364162
0.124118531985747
0.123774296661344
0.121392894260507
0.124997015134861
0.123461410909091
0.125737802424109
0.126678766470482
0.125867011509692
0.121374927171578
0.112385084055727
0.104656145896003
0.101095970804312
0.102333146141121
0.104429029825606
0.109075495584847
0.118303417458183
0.123868912757811
0.131378863863982
0.131258834165694
0.133183748582761
0.132321621147359
0.128712001200572
0.134265016155874
0.140372287427537
0.158926809213772
0.156120374633388
0.311431998654746
0.230778431260068
0.254492725611926
0.184161403327064
0.140026536177661
0.151787398959499
0.147508104916949
0.137047621195193
0.170064429202725
0.18851971453628
0.162951223499361
0.173607739256037
0.191471236405428
0.200644675232372
0.227095325972716
0.23993546837222
0.252007455739086
0.197689707278153
0.197672077085138
0.210900068219784
0.218884486187657
0.221299437725458
0.231509816890358
0.198022850456166
0.193094415970071
0.214481104351334
0.283614451914633
0.254416510863439
0.229188501237128
0.210971183124483
0.275140943485343
0.240741829444718
0.252342932612633
0.269510420433888
0.259378945461151
0.248125961530216
0.240408894843594
0.23874942412965
0.237799330294256
0.245835998480875
0.252061519929455
0.245512312929384
0.24609564566796
0.242549677979997
0.24351161468486
0.246398345063915
0.245374743033216
0.247461372308339
0.244413243871346
0.242990588727988
0.241081378652276
0.240014814405238
0.23816040024207
0.235851398970002
0.235841133470154
0.237618509840478
0.237950314779276
0.2384475355321
0.243656110624601
0.24978145228595
0.245358918840234
0.264326085966653
0.277669689909325
0.279631828990724
0.285955381970516
0.294217189096351
0.30734041535315
0.305055897114138
0.305852833367013
0.30186451656577
0.326835780747337
0.293539046104799
0.291246010812841
0.275682482013468
0.33546724689756
0.345823223943043
0.34474719583412
0.381281966579968
0.392498853846389
0.35490057746092
0.36649203633171
0.382994181544834
0.374354087171635
0.373036376638426
0.382355238188977
0.385992064249491
0.404019884452926
0.437555354183233
0.394011969142924
0.375906429493001
0.352313331797839
0.355707220217134
0.353604541515566
0.361817909504147
0.361832470916653
0.352515644674431
0.358167813342437
0.350100796915708
0.353404102117843
0.349313525173918
0.381273195532107
0.385708162044376
0.390154241000068
0.388795068509052
0.415512902060503
0.424588428335591
0.440434463850694
0.424009436364774
0.413569470358187
0.405697095570645
0.409844897978619
0.416061798320867
0.420530064974119
0.442973636919858
0.434183784981899
0.40462418748153
0.376832699818036
0.362901880509051
0.316473017588767
0.290209402257733
0.274020918656107
0.306367958181792
0.286321177480547
0.281854202001588
0.255214309194275
0.226726713248063
0.230100548988186
0.244122215983739
0.247845772629146
0.252019230676778
0.281202525529837
0.339660086646887
0.364560129810467
0.38607912762404
0.336268206424961
0.370355133786824
0.330171636418234
0.297830180617244
0.207769229469896
0.198536176090827
0.196579643742236
0.192037925957727
0.197592303183382
0.180278417625072
0.173414278085213
0.166557872154936
0.158933144754948
0.155795824934183
0.14818710020282
0.151636886111403
0.144468806508273
0.124591188962409
0.119505082103045
0.117035987384246
0.122182447001345
0.132333346581076
0.140439963153734
0.145522120538112
0.146772471076554
0.141183082998279
0.130355918166778
0.126815199795173
0.132922104937876
0.138237657694186
0.13505291523738
0.133144327672934
0.123633116469484
0.119519211717404
0.119592584763637
0.121708135415862
0.119492857171427
0.115468365895308
0.11664943535376
0.107457258152596
0.100900994745087
0.0932516383532033
0.0929002178509718
0.0946122470352962
0.0971933044180238
0.098504138437985
0.104912478138669
0.111394185996362
0.115459971970158
0.121315410159076
0.125000301231049
0.125760977990881
0.124628846177848
0.121940688054147
0.128203994295023
0.135284663539495
0.162438973634954
0.15397937604477
0.31805579640647
0.263355054383081
0.219322437068278
0.201884594934374
0.155888659730986
0.157106244414716
0.154188252449273
0.133616529454832
0.138843232567754
0.159492435744704
0.179714386668024
0.237683178488421
0.23692794978809
0.198898759932627
0.204048134378832
0.199212750318859
0.193482209914599
0.208363816506598
0.208148971474284
0.216747927689626
0.20980429574097
0.169368234466488
0.238741377294612
0.208513078971382
0.17970473978063
0.16723735570512
0.183307209964233
0.222746276057631
0.234389034891212
0.213669896460124
0.226868704334497
0.22027515080182
0.227874920539498
0.255533898391244
0.251769890710904
0.249915006828124
0.242222236377029
0.23945872533869
0.230783807788811
0.239381889307668
0.25706691577164
0.241931486712889
0.235069269686039
0.229527853125507
0.226718548230644
0.230808321572033
0.232819157237844
0.234497961616709
0.233603480887538
0.232470437319222
0.231653846282243
0.231310008363628
0.230657373417449
0.231024642302769
0.229233252346512
0.230515125354236
0.230717268310699
0.230720656983062
0.231116184578102
0.239748136279943
0.238578280361804
0.247143632405624
0.270838476649677
0.27606392373539
0.278105195428725
0.296215093690901
0.303141907729641
0.329727995521977
0.31920328303965
0.303903705785914
0.331139150700498
0.337148011744675
0.35682269964026
0.343169806584212
0.367823472159313
0.384906492723709
0.39278147618541
0.410858275789585
0.385068086598906
0.374663742346793
0.366949567692767
0.386816773927773
0.370778969293672
0.369121922227792
0.399364194678363
0.42998201957989
0.382775852573056
0.435185817156382
0.411348704209008
0.39528674621238
0.365050456651937
0.354797023156541
0.342583108402925
0.340548671983985
0.344530214012355
0.342501626840782
0.383836007207273
0.368790597074835
0.360834694318937
0.354842665295933
0.352906506381429
0.376537832690859
0.402640571624073
0.385306317801799
0.447806326354301
0.434223510451539
0.414081111900079
0.398245669387711
0.396063963990333
0.392924097459398
0.396286554313498
0.405244815625448
0.413536598436295
0.403550117870731
0.383355199418708
0.340534400684498
0.339262290330226
0.336575626869314
0.310821609319846
0.275206285685988
0.25649978214215
0.235321759782389
0.218521332772175
0.255724228754124
0.221296813137293
0.199661934068613
0.184246514681919
0.204735390645485
0.212540831140688
0.24498887017925
0.24758169441711
0.29240112632948
0.346790678050949
0.38236858001793
0.331510395217924
0.317218737839534
0.26879938893114
0.257651108220321
0.260499488719839
0.187558985087562
0.1921882505035
0.192175335104977
0.193659528704589
0.172702898193941
0.168966242900226
0.159370181962504
0.145818801799743
0.132555766068318
0.128689629680852
0.133458946010189
0.134306105067143
0.125739700276166
0.11492126576472
0.107711308193927
0.109068514179833
0.110021694420873
0.117996569470498
0.126592537585269
0.130089398055362
0.122818648902815
0.11741714005108
0.116117541703316
0.125989077009001
0.131160523110554
0.13311263725343
0.128082082994931
0.122490372021463
0.119973445757727
0.117204659988755
0.11394031667889
0.110885019657351
0.108202969502198
0.106482396736604
0.100327882375034
0.093881614431103
0.090708223702213
0.0892497702395918
0.0886196240290645
0.092427354940557
0.0970448446315992
0.100229403909549
0.105557628395869
0.110302161838665
0.112544811468824
0.115887679566802
0.119859423688102
0.120512970834434
0.11941987811402
0.12809067792449
0.140879869900571
0.177600426444932
0.166921459598984
0.299148235216987
0.241903514530794
0.202403210079403
0.205203486526913
0.180623095996669
0.161308823127644
0.167579142978347
0.164795116988527
0.169880131462869
0.182471908671406
0.197375935965263
0.219303352176141
0.202791758509339
0.182448569849346
0.186086316322327
0.178343299492626
0.171569302150854
0.178628900232725
0.200004348535784
0.184367367483416
0.164180277112897
0.133148721529089
0.147726123399367
0.184578003046361
0.183199240977221
0.154002711703185
0.154478745143138
0.164417355199159
0.175245786921367
0.177217647303548
0.199021913608666
0.203009183023814
0.205485678320737
0.216357327715923
0.225956817266551
0.214846948779333
0.202306307564375
0.24075017135948
0.223200692035947
0.224569044881087
0.227762892633072
0.224504376650371
0.218584842636743
0.218309424649242
0.212732606993683
0.208861025552331
0.20850344709904
0.209848211372388
0.214126389664574
0.217066200423242
0.221460839821025
0.221486925742024
0.220852302072285
0.219023342829464
0.215826589958147
0.213956345229775
0.215608475382826
0.21343382706441
0.218263739273611
0.22400333510078
0.230567374942118
0.237345133330576
0.260180723688956
0.271804658616493
0.280467077137666
0.293644977955553
0.312302513551182
0.34748035228321
0.335886097393485
0.346980404106002
0.356254559118925
0.365312483610566
0.359299058840118
0.365926836522604
0.383638317872032
0.400829296994354
0.41211751640811
0.427866376712631
0.42033695355302
0.420849943561585
0.377713187246725
0.405656455738748
0.392465050680653
0.377639441456551
0.404802208269432
0.400672411567415
0.410030962469389
0.405870358384952
0.383126954587057
0.385622857576302
0.369184660787956
0.366184082876438
0.359361993192917
0.348345334815365
0.346360841890265
0.34556492416904
0.369244204248406
0.362631930457882
0.358161179173023
0.357215777745558
0.359733160578836
0.359185375949251
0.354484291337905
0.346953084678167
0.428206743522155
0.440199156703602
0.427564584405856
0.391385399086939
0.379806278194231
0.383841852167996
0.411722475279163
0.366970389894648
0.342696801816922
0.351532767795173
0.286403371174662
0.269536199903442
0.292450169323974
0.293464976491817
0.286305828989895
0.253643533534064
0.207072969018791
0.232179335943826
0.239766959490257
0.193952138068654
0.188888838117443
0.182035698712326
0.193179173253181
0.204558819431856
0.247032920548131
0.252763435041683
0.254948225265786
0.273767644530671
0.31930482705165
0.336620199278755
0.305310237679545
0.276044825317689
0.230949782234792
0.210627466735977
0.257969691267628
0.178854147599173
0.187735976791924
0.176726932388827
0.180266835390976
0.165595287786687
0.159653030108098
0.153661730277669
0.140943953753098
0.12794156757592
0.115496963391934
0.119660187587249
0.123165641813543
0.121498567187037
0.121762558379741
0.118343374557366
0.110013539922554
0.103697378745192
0.110094421521735
0.115660178624289
0.115240956100493
0.109533014219016
0.102991203645359
0.105983069320031
0.11027105760151
0.116845573129214
0.120598273371008
0.120123064395674
0.114882834901463
0.113607784140727
0.109151407984016
0.104951422324972
0.106356205229085
0.103693279459576
0.0981607459481883
0.0910383107437042
0.0866910488606341
0.0854970973020189
0.0862107380287326
0.0869007722082819
0.0901331637796401
0.0936703251746496
0.0957820929790733
0.10175120609967
0.103879993148979
0.105272616270614
0.108267140064476
0.113244104890991
0.11637406745233
0.118403086600311
0.13391843240547
0.151802090267403
0.190689686025827
0.135711921403871
0.342048772036249
0.276070508145699
0.249223366824542
0.236721115636528
0.201687855941779
0.200164204325224
0.20008768307807
0.196782158108533
0.200861480030574
0.228231121964377
0.222401496228015
0.252037550604381
0.209475747413892
0.1909949276451
0.200922637102691
0.178266871368421
0.153139326377165
0.149913726329156
0.132737288221447
0.117145647702954
0.133816067221563
0.112120237550959
0.140489032397281
0.138312760821537
0.159719805368134
0.141075991632626
0.152242787634182
0.136417714573296
0.132403776883805
0.162885973369154
0.16812825744829
0.17905235602141
0.178512337095911
0.190628313451454
0.200043637555248
0.195322418357166
0.191122700554721
0.200518778568231
0.202993440016254
0.202770516012599
0.202990811973902
0.203369920510045
0.199131733683169
0.197212219939522
0.194649699912894
0.192105196846782
0.192104667278374
0.198700970504642
0.199764645168481
0.202604169994733
0.210886200030715
0.20599820745412
0.203001186620528
0.202443333035514
0.199990963395785
0.198347929826404
0.199077730374021
0.197650774296619
0.199327519172644
0.206483400632814
0.211049853904608
0.223153960588621
0.237201328496499
0.255879337918522
0.265900052708401
0.294161618349756
0.308076853501157
0.334881937657935
0.356668016920742
0.388663351063234
0.387704057625697
0.381259847051994
0.380380749941491
0.413017926488029
0.422965105508316
0.415490598276392
0.372108095521834
0.449111346639525
0.432478533789745
0.404323070289203
0.372660515925705
0.360381945207576
0.391488511451611
0.369430089638711
0.402931817155705
0.403548593043224
0.386014465079629
0.390886826128968
0.375377529876274
0.369555918991286
0.364572804418111
0.361059765725666
0.364198355032041
0.369599884636881
0.367959154599201
0.366871554421172
0.397246946667061
0.391834995687245
0.375919292099809
0.370142468109757
0.367204946467612
0.363276384940339
0.351765105582488
0.357946934485512
0.383874507322924
0.385442137141113
0.391174195877318
0.355602028984664
0.363812525160736
0.396033925184337
0.402823578051355
0.346802636093491
0.301230454865973
0.274180769232856
0.239106437151455
0.23973485043118
0.270832969241297
0.243870755537779
0.254966512294477
0.243662046247444
0.198716212420606
0.239441755295815
0.284919236627004
0.263440961374508
0.230354587532351
0.214973393120375
0.228741226424242
0.243883150703682
0.259991471168823
0.296466134957693
0.260390936176901
0.265434832558938
0.287368347617812
0.305699392330899
0.301140325360441
0.246185957295252
0.201345686526782
0.176735056075426
0.226367177155691
0.176315098708132
0.159888431066161
0.17513814620909
0.170900137262784
0.154468708922999
0.147995525851515
0.140876129511549
0.127483306044382
0.116779593323556
0.105562081615502
0.104583647444962
0.108377266367254
0.112015375468378
0.118988855843593
0.120542779350717
0.121292240741866
0.114536755011888
0.116222808565207
0.112854555552903
0.10935663783513
0.105033352435277
0.096432609308988
0.096548999429762
0.0955290560881622
0.10190202770749
0.106564401580595
0.10704641639644
0.105376042797717
0.10247505328633
0.103613727357998
0.103629886471197
0.101193778135475
0.0979894097681669
0.0955902748330335
0.0931045439626224
0.0866253537321645
0.0855307975579867
0.0867732159676782
0.0902320430522997
0.0901128123607557
0.0897673302409449
0.0905055010020162
0.0965940488517349
0.0969146178578497
0.0998581745769504
0.103944416925541
0.109132661362385
0.112337515058866
0.121653337433947
0.132919299581364
0.160557830228215
0.14613004113804
0.138951042571678
0.220880263000662
0.226886573451624
0.180118785904513
0.166628063740917
0.188694504547725
0.246366432044499
0.221686793592941
0.210274121551673
0.216754525338191
0.221536558963597
0.241088813963348
0.207431589991022
0.179324564227082
0.173114370252677
0.185158893343378
0.168944859901455
0.134210372326294
0.125613797862489
0.112547817420002
0.125378911303215
0.136443911746645
0.109923520840353
0.105570094764529
0.113791994299092
0.125682721128517
0.12253917386947
0.126258587899699
0.114739828205773
0.109164690692774
0.112267778499301
0.123454441002424
0.12800655698493
0.133159449246452
0.141803820796999
0.164403285326774
0.166750155254949
0.172070387123925
0.178849653937244
0.181819818377384
0.183201227700124
0.185131760278743
0.183787180263943
0.184574284631866
0.186214011628637
0.184361111526795
0.186832559852607
0.187730283506894
0.191310557563101
0.193165558713338
0.193022160285479
0.19246654605465
0.189616422624882
0.1856162536696
0.17865541041263
0.170449890064912
0.168021294762653
0.168932104010038
0.170446748383395
0.176740829868309
0.184564812176903
0.194290238310583
0.211173775827557
0.224192090801618
0.244983005392655
0.255745169079218
0.303944149026831
0.304506529563056
0.316287016378422
0.333898094320116
0.375542398188413
0.388946512532809
0.387644973320278
0.39039378984538
0.39591649866071
0.391888817111086
0.390332847770918
0.346587819207305
0.420173196161976
0.407143376593999
0.377196579853598
0.350858739353201
0.35673917583332
0.356399738688405
0.344780601116901
0.356151668955308
0.361874897392375
0.363252471257134
0.377218473587714
0.363249989706914
0.354813869724589
0.36581329749719
0.374245646868306
0.372477060299152
0.373604381095504
0.370234088346671
0.383354676240262
0.406651071051318
0.399874583541421
0.394331594195829
0.388655619545019
0.376148539416699
0.358177040582784
0.339292092932846
0.319786865752223
0.315234444217757
0.31814927881658
NA
0.321818402329162
0.303311053510735
0.348526120488147
0.355953589072362
0.331892719875001
0.287053365318464
0.256251951220188
0.241332951385945
0.241761026566911
0.284338872465897
0.229779499666783
0.220589086001907
0.201504958023125
0.185717796195851
0.287786702647431
0.28218076502465
0.265452461444993
0.230509239358708
0.23152721767544
0.275323856981871
0.245100573829138
0.271660284138722
0.291706303924706
0.250428477746654
0.243326601771854
0.263360039619942
0.271398392180647
0.253723813654293
0.215167811385502
0.180603956816202
0.159731083994687
0.162702035549726
0.158703282303394
0.150304845430797
0.153279457279153
0.177145912830677
0.149858436189734
0.140918697513828
0.134536059964512
0.123187705274152
0.108375026750434
0.0997655162983216
0.101200595852015
0.105997071845979
0.105253021706168
0.105452844039393
0.107137431726207
0.117237250084389
0.123229464077078
0.121463817869799
0.119557305168689
0.113779307214888
0.107577154593595
0.101936540091347
0.0985090451730949
0.097139908647766
0.0997443963986767
0.0990774554423207
0.0996178856837878
0.101408442251367
0.104544849616677
0.100816732419825
0.100738661418267
0.100195838115805
0.0977993965795794
0.0952925881820721
0.0930459028905244
0.0887009745705471
0.090646227653907
0.0931959242472846
0.0918375400167045
0.0913673196605323
0.0884260461449167
0.087779866288677
0.0919596793631534
0.0929680506172762
0.0955568573055637
0.09901801804832
0.105756644236605
0.107818901748901
0.115822953649419
0.128324942967555
0.139202663633021
0.128417962589799
0.128024460588435
0.110984730574185
0.101747906180347
0.11088230960097
0.114553263796391
0.132871616066264
0.238666466879507
0.264859109273901
0.221666091494305
0.22599297594192
0.220907971573746
0.19902179430191
0.174031012272774
0.16832594480615
0.16188540166665
0.152598728720703
0.130579331814139
0.117692843672547
0.123081436266325
0.112176790005946
0.108414549705719
0.104933009619211
0.0983319345270142
0.101871441436346
0.11174372230975
0.113456690497994
0.112718310003492
0.111310640159332
0.108465268044386
0.0996634980016064
0.0993864544423433
0.1001123681207
0.0996405382925521
0.107077536503951
0.115084775311496
0.131940323023547
0.139745129617531
0.152923166201609
0.157616002263943
0.160383749599189
0.159018131949587
0.165667324850302
0.169315892854426
0.171031141857938
0.175488409790043
0.177394660090319
0.178446712891096
0.17971997749343
0.177079792857114
0.177926423713409
0.176739887443948
0.176068069551509
0.175866390047614
0.169714838163846
0.163596436038844
0.157637108702545
0.156222078858369
0.157038348839038
0.157315835636117
0.166754185612347
0.171459366395164
0.179677111246946
0.213320119980567
0.225001550001905
0.259636089609497
0.270697145170196
0.314756689889233
0.30630189625451
0.303912052835775
0.306202228118748
0.32125437529107
0.363081341928983
0.376172538521847
0.368548783221988
0.378835862410029
0.361669525359808
0.370469415157537
0.367486003291919
0.363501602136386
0.364153448420837
0.346276559267797
0.342047456338996
0.341653646775791
0.32892200410768
0.320703585894759
0.329611100161942
0.341379464879939
0.358338914104779
0.383809366444403
0.367145292214228
0.351504701380385
0.367540357598673
0.365047189972228
0.37844503978808
0.367670840258413
0.359276617752745
0.375291014463045
0.345914353805911
0.387525950004398
0.399023018487423
0.400269027565078
0.387939911156206
0.361499625993338
0.355383174883484
0.345039984731672
0.331392734211061
0.308476365467263
0.269728673113625
0.282951014880151
0.283769937151357
0.278845636153745
0.35874449472447
0.342196067465846
0.359063515100734
0.295085033622528
0.323604502097884
0.277675503161544
0.234194720827474
0.207968351188976
0.1866376099226
0.184631758311287
0.22715284167772
0.30096638426021
0.235347221294201
0.215418074842013
0.208254167851658
0.23507059254432
0.221300997560887
0.219027567374579
0.242427137563013
0.24696847400687
0.233475609363126
0.24131472366579
0.289292282043242
0.251381051781792
0.222738900284188
0.195111619637718
0.176300111293473
0.15060494788665
0.149289686859063
0.145467798205489
0.151426196962258
0.155374434134762
0.173349944918557
0.148063782647961
0.137361316295104
0.130525313058822
0.116211427149416
0.107392617819806
0.10142448939289
0.0920338764631773
0.0960059906678211
0.101648253547879
0.0982642075013182
0.100097515590948
0.105352723178744
0.113302042581041
0.117433054526233
0.120331129732834
0.118177874222101
0.112476339612103
0.106633571115358
0.102756907371318
0.101065465834949
0.101617987086889
0.101625562562348
0.0995127104639389
0.103102562368175
0.106540244994331
0.100745745416218
0.105899780525436
0.109125318322855
0.107066963144083
0.102353404356633
0.0997930523392215
0.0941350144123633
0.0949142253598734
0.0947714233583487
0.0924709459982838
0.0902388585648837
0.0913526966914839
0.0880237346837513
0.0874917489297231
0.0893102932958297
0.0949414897396812
0.0967396225066525
0.097233782974914
0.0968120639227879
0.106533383365904
0.118872183466777
0.105368594991804
0.109848799387766
0.108835865381209
0.12900404719388
0.112745592381725
0.104063890810738
0.103257237178803
0.161649265156623
0.276058432186918
0.264487433428635
0.237702188541307
0.20617030323354
0.183403864169458
0.160672314508718
0.154232028206501
0.161508664607661
0.159371621712681
0.150272225861623
0.125941218206104
0.118154369383495
0.115095517120249
0.113384541089754
0.10928302482889
0.103708135377736
0.10205532482907
0.105539959466252
0.113130207451767
0.107758552640186
0.107749355591258
0.106690708698791
0.109690175785056
0.0982155660274371
0.0969458650250186
0.103837949478354
0.100219527171231
0.100849992669912
0.10755137478323
0.115315260963724
0.116819700137386
0.129595118918947
0.13412222859742
0.139914132715765
0.145112303711882
0.151098036073344
0.155402852133237
0.157548944348363
0.157208168068585
0.160425182991604
0.163896411037101
0.16775807978233
0.166957665463658
0.164929540679126
0.161574964326138
0.160868012295442
0.160702896664387
0.154349260058894
0.150681810414509
0.150340466132055
0.148561194062808
0.148793166626841
0.148437102875977
0.154680562061688
0.15542371411189
0.18486230173833
0.216014128577255
0.249121210095104
0.243443953303924
0.27942806146739
0.325186073385789
0.283161630353738
0.280880400277766
0.281582837048993
0.299256600978561
0.345700127350535
0.349430792420552
0.350304845607466
0.33877883231355
0.3288572282291
0.32908969333775
0.332981096093548
0.325468036355811
0.328833493069054
0.331468611809443
0.329087400277785
0.329621637870092
0.316035976329256
0.31148307162971
0.298418129879608
0.340203869906034
0.352538642116091
0.382776957667598
0.358972638813225
0.343339477200914
0.358021529916715
0.3611566332471
0.359954415602732
0.353116989882709
0.350766609981093
0.366027904692118
0.340329261437512
0.361433123161753
0.403617499397122
0.392160249024702
0.386190541073381
0.351704506778879
0.344323433684585
0.332499709307071
0.325579358476859
0.32722624890485
0.303325061960923
0.297988190029459
0.289519165910695
0.288568391998428
0.328580079444
0.332191024055537
0.366504040517484
0.303783086508166
0.351569121181199
0.298445356862005
0.24347293056699
0.22102566501963
0.207196538878205
0.256243667024577
0.243442976286348
0.207279782785404
0.173751707506865
0.177398834777192
0.215049363662195
0.214022003491807
0.18978642731265
0.186160163760351
0.201109640643782
0.235459900815951
0.227014559039654
0.264830073685465
0.292082548430655
0.234587545801994
0.201738810259593
0.174125404296787
0.172600874005708
0.151555411378278
0.139014799926634
0.154964888629722
0.181012615000771
0.14289963221363
0.149187417549876
0.135419334364571
0.129538917125462
0.12318708898806
0.108247149389404
0.0998247766355188
0.090759727829627
0.0706856410040791
0.0775111118712644
0.0859846280700298
0.0994554425830528
0.0981894303830158
0.101746465383844
0.107948003739469
0.10950843478186
0.115409186690188
0.111237131194544
0.108294421464734
0.105940338458739
0.100556504440331
0.0964349738592117
0.0944525814322622
0.0927163795402631
0.0950211801616706
0.100234288248421
0.104444101542301
0.100718027271545
0.102248313070143
0.111173065071815
0.10987083051522
0.105315447072489
0.102689046048483
0.0951956926620914
0.0952564582126469
0.0904480996470721
0.0866573000424622
0.0885270063563698
0.0885341068817667
0.0892118016557022
0.0875700588434398
0.0910479732337429
0.094197568309346
0.0930761623300125
0.0931123825224219
0.0907890512963237
0.0958877896926447
0.108559774822856
0.121150334305314
0.136033594884667
0.136158613950948
0.142817800985721
0.101603389486195
0.0981179438691444
0.109925844000602
0.165645328642752
0.263502521950945
0.229278723096758
0.198281601221302
0.172248063832946
0.159397957892307
0.154593438833751
0.206180090572155
0.212861000986677
0.182863533964747
0.161144872375903
0.134686600364973
0.119083496248532
0.115791261980489
0.110347945063004
0.103338037437781
0.104608256486729
0.105954602512129
0.104724515206921
0.10440399268578
0.103180732775043
0.105468704125113
0.103069979132172
0.100977154347757
0.0900810391009013
0.0893436800465362
0.0949435721373802
0.0984210035324028
0.0982425773499549
0.0990208996403572
0.103206647002443
0.111850607406921
0.117391968363213
0.122375337626402
0.129606641407237
0.136156668836776
0.13896914556008
0.140872292995755
0.14377222463856
0.144076282453813
0.149818153657646
0.151163497779292
0.154802543426754
0.156074770316033
0.155778677308349
0.153964800370168
0.15113528228004
0.1476381492703
0.145803220729216
0.146280650056498
0.147572278147488
0.14845911697075
0.143733068592724
0.141542926624084
0.142300662897594
0.143283881538796
0.167047823859182
0.187243833979117
0.232269688507856
0.237869959683579
0.263191582960813
0.298994607400978
0.256793792164173
0.259130498359265
0.265573738170259
0.272201800949553
0.290910514850637
0.288434619197288
0.302079387542531
0.288970715471653
0.28512352678123
0.274397696945798
0.26524798105202
0.276076426173491
0.288031644335783
0.286829647420903
0.279138841686223
0.306606220009031
0.289083871411648
0.267881447721218
0.274424548318578
0.304082232775708
0.347083150788062
0.36605895282796
0.363877912493849
0.360184001340004
0.338357523741692
0.341853956902685
0.339815929363882
0.358470577878815
0.345558120622002
0.343127131930515
0.320228577034584
0.307812291923251
0.379077645949234
0.368664100774926
0.340969341449809
0.321195570608546
0.306829533838215
0.295598770765106
0.315227715683975
0.336185368972912
0.280362411742901
0.277315285926127
0.259013220663871
0.253431737957368
0.340228274786029
0.33420237147678
0.323059998371301
0.282066135759015
0.32946993699992
0.291807882273838
0.255854022171025
0.229230652085539
0.215116369678376
0.229604532898044
0.23069245308027
0.182684941047022
0.166293331749242
0.167830948925721
0.231240604614159
0.185416629922173
0.166224172566523
0.171235384404808
0.203469234813755
0.227122827404206
0.214036916750826
0.241159546157182
0.280191594513523
0.226900046349475
0.192891322706752
0.187838878194659
0.251576265518978
0.170985133854817
0.143866075415155
0.142510594628992
0.138724800350593
0.130986898297994
0.134297658533753
0.128623618041157
0.126512183612547
0.124008788983605
0.107650640146093
0.0936917128795831
0.0861456813200825
0.0649444528345864
0.0627811282926705
0.0808211459176172
0.0941498161037119
0.0975027184955558
0.0903813366422327
0.0930949060313395
0.0996529371684244
0.100826238019305
0.0976113384876271
0.0977323114211514
0.0942928875649598
0.0867554274343033
0.0823771202980716
0.0842991719133983
0.0852759845487291
0.0865543966314696
0.0916991219322824
0.0933948471503147
0.090337325807645
0.0929949696395133
0.0941296285110091
0.0944946652976403
0.102954016531459
0.099553220671729
0.089218170129367
0.0945939249939961
0.0939197636806522
0.0900968321289323
0.0897249420633402
0.0949420213002852
0.0920064457604394
0.0941123670398026
0.0984849062836603
0.0938620834248989
0.0858376611501481
0.0866131645795013
0.0923914357820814
0.116001192189396
0.188327005052747
0.144088625716457
0.132724570452511
0.144996228930667
0.138053418094596
0.131494772701207
0.130932475713138
0.128307591328164
0.148825756518406
0.162608945642863
0.148943089151535
0.149305215449981
0.144582387306209
0.152146968995409
0.153393277951102
0.176710636942425
0.194831078346466
0.189943111507491
0.154583580568456
0.131087442005758
0.121829477196273
0.11679123470388
0.108903339625654
0.107421836377469
0.108724443249535
0.107948663122591
0.100518991575108
0.0982173173771259
0.0968289514944067
0.0969233212013068
0.0991919058917882
0.0944962737032296
0.0880505125960912
0.0875605388098779
0.103099449844367
0.0925328951066539
0.0926757784699026
0.0982580824612502
0.104901423018789
0.107609856563102
0.109024161081196
0.112722832874176
0.120944754679198
0.126205915601309
0.126538374070595
0.129369776010302
0.132849140549001
0.135644298272226
0.141353622448635
0.144296204395103
0.143540611982154
0.142845520757193
0.142297928363545
0.141654067157503
0.143082582689264
0.141795600556348
0.141455533219683
0.139621619360962
0.141478153402339
0.141320483426482
0.139086796830017
0.140715475378448
0.143489969578822
0.14576044117747
0.158801138341421
0.167684165396584
0.18542163984396
0.224002509448848
0.254144490265447
0.256213051376121
0.232112726505936
0.239912198639208
0.248460056497217
0.25254475334692
0.262646969296317
0.260397687086442
0.265020870450845
0.25473378363063
0.24711645768604
0.258702171913569
0.264605112281188
0.265335159000469
0.261680203874184
0.256510652391422
0.261458980856535
0.282349159747862
0.275888140372786
0.261000595402656
0.270270184664373
0.314021635858018
0.300723253683252
0.320680431191192
0.320680184431069
0.317667795055704
0.301080688306933
0.315761377580489
0.307507592789237
0.310411316150971
0.32282009523741
0.310316822937385
0.296526744282127
0.293817595326052
0.343058373496354
0.344760863756278
0.31882083184855
0.313154560134752
0.273693073477633
0.248387383417121
0.231850431947527
0.231425633862226
0.232711994458036
0.223268254803621
0.218534647722915
0.193318982220148
0.204287515166065
0.246304361571638
0.235859891044742
0.227709847903041
0.278868597566196
0.254853897619307
0.249545313980225
0.24832673147625
0.214464959137346
0.216475101648452
0.219097642832824
0.167254963532068
0.170678031065103
0.155500827409705
0.181010893868123
0.151837094029182
0.146188484999611
0.15245059010851
0.220154883049809
0.26220994361436
0.202365246379953
0.193452718069054
0.282867109392177
0.231792749734049
0.195227525007224
0.176008350693547
0.167648360993649
0.14367473204941
0.132964614385117
0.125078716181099
0.12978257503193
0.121854802118775
0.127446173624638
0.122503315269616
0.122153746098722
0.118616530680364
0.101169959576181
0.0835915800361462
0.0858772400705486
0.0693315600124734
0.0592164250163875
0.0747298272431695
0.0782474153462761
0.0925495139042226
0.0881734283559727
0.0856434368322464
0.0879530668117673
0.0886847963169777
0.0856959284334634
0.0861032430839639
0.0842405788641264
0.0811990491308952
0.0797056963338988
0.0795457763868169
0.0801012447654106
0.0824049847830347
0.084709874233756
0.0846751570254585
0.0845522747834514
0.0853851306176775
0.0869804428638408
0.0891717792774959
0.0950713576593408
0.0940209561882678
0.0961893215825438
0.101293022461908
0.107430753873882
0.102154905754416
0.0987027505338019
0.0997339064028486
0.099412544249784
0.0995638590059224
0.0964301772756802
0.0896246811102569
0.0855333559855714
0.0880907884480765
0.104048604051486
0.101050368794065
0.244574284796643
0.171863693262053
0.164251795164984
0.135753660849193
0.137047957561771
0.13591152886685
0.132074287294052
0.131997987715744
0.130774503282216
0.123697634330509
0.194547567248303
0.148799896614171
0.133723303640354
0.131940203420211
0.138111227154541
0.173432663285415
0.18823071600053
0.152746174983817
0.132810228271321
0.122687261173535
0.11536826391372
0.115403876164522
0.118178245124766
0.117930543096199
0.112974822386477
0.106442587009542
0.100351775464195
0.0979412539086121
0.0935700367624533
0.088208789086732
0.0907511620629342
0.0869719622659515
0.0903409596168707
0.0911933347922588
0.0927309148791751
0.0836238524923165
0.0909522665179636
0.106783174543815
0.109926426963626
0.109806500164097
0.107163592249021
0.111731906802526
0.117146452548497
0.112955756742023
0.113632024554154
0.116827255418703
0.124493099047559
0.128096897682503
0.134908703132894
0.135332269135014
0.13483386094659
0.134269711839662
0.133886379761856
0.132249970777528
0.1314872405688
0.128577840857675
0.131223425887891
0.133063236129079
0.136353288397525
0.137867938831371
0.141598798544634
0.144006238893259
0.147677784080115
0.151029459891495
0.157250211700568
0.159938984735009
0.167932775096457
0.207042650290718
0.234103476358129
0.228193434959809
0.223918639207496
0.22604978304019
0.23345458796768
0.235361268338494
0.240979238495502
0.244694738082178
0.249325842651631
0.243889424930345
0.23663164367828
0.244241075843888
0.249777657706047
0.24908889301859
0.248783579923271
0.260767892045044
0.271378090806529
0.283403107466283
0.284498434984965
0.259813580453088
0.268846461982434
0.273254936628656
0.28988906715595
0.295506050570582
0.270039579269816
0.260764052322347
0.265693662707988
0.27369701255314
0.300024113632386
0.315599389952174
0.292520778955345
0.307524500889307
0.309731759049643
0.35229044667028
0.308545061376898
0.238378336233812
0.246914964955312
0.238634195032275
0.256537445339251
0.224632438515831
0.220417397939732
0.218881688927628
0.232901146171923
0.220202810536931
0.219254869389152
0.195679122453545
0.195924159535975
0.188585475044163
0.194788236784169
0.199487784030853
0.211725634387007
0.218149490071254
0.22865632024461
0.21474509362836
0.213986190735888
0.212615525706106
0.245104844287989
0.145790004710276
0.15771834320481
0.154365797069231
0.126977972204119
0.128533110890074
0.132257141709473
0.127677785949608
0.135450974356804
0.142873125314122
0.149735126799014
0.154308572891899
0.242348304712222
0.236924935122094
0.175518701378523
0.165026475538005
0.162194100147353
0.158927669884023
0.151526374124256
0.131077412362512
0.121303412367387
0.123727127590325
0.120341759046539
0.113792500291075
0.118690634980156
0.120121936041328
0.111565871810179
0.0815822669795939
0.0847368505117121
0.071743495246327
0.0686104056662502
0.071195984171794
0.0747705699650616
0.0861312574307875
0.0899176605154213
0.0870657505568106
0.0846291455983746
0.0814957792868717
0.0761002651126364
0.0789688304258946
0.0810027969267902
0.0800658453500137
0.0780779716658479
0.0756715002746771
0.0755614432658145
0.0796557584671971
0.0832221867083027
0.0838305625519855
0.0842939272386555
0.084732639491472
0.0857617971042923
0.0882456263622912
0.0923469671667675
0.0953568045691244
0.0903509245473267
0.112503405179834
0.116143182871367
0.110372199537174
0.103886047396603
0.107326025492726
0.105771496102468
0.100805998712127
0.0962105318438631
0.0918446608689769
0.0915381174577608
0.0922604644329201
0.114596638415592
0.109373527857284
0.158674315676117
0.154588141772923
0.147524960516963
0.135609370959639
0.118783463625863
0.106762934888882
0.109087442327205
0.104706281495416
0.108050536745483
0.103383067483261
0.115076335042179
0.0956011376213505
0.0987188099110613
0.107825688981027
0.115336172307959
0.119692660309726
0.117242333209401
0.112964425571698
0.111729602166583
0.107650400543951
0.110155919182712
0.114564077673973
0.114719537369943
0.111712794767991
0.104672601161659
0.100064380495295
0.09642339308602
0.0941342860325198
0.0916538550936243
0.0873439488801421
0.0894212185326097
0.0821780602271715
0.107652423051171
0.0959382217694672
0.0953034342691882
0.089379378092387
0.0992067469199629
0.108521483158978
0.11339820334473
0.113141583337785
0.113144062762397
0.114677041039086
0.113338275669006
0.112426301451578
0.111038222905447
0.111259929344214
0.116074550674229
0.117490154492374
0.121819298565654
0.125035486681815
0.127661409508503
0.125579247170022
0.128196208384554
0.13007384606249
0.132701914475786
0.134963668455033
0.137861779477109
0.142266183845017
0.142316683457147
0.141158783866579
0.143412557258129
0.142350729597698
0.145514690280751
0.152870559931343
0.156141403219909
0.159300204917007
0.164615139257229
0.187212956361914
0.207213160238001
0.212235972600173
0.212361080034342
0.2296136239174
0.232998506038897
0.210770408911888
0.20005433166362
0.211842870658213
0.21518316615465
0.219810259706811
0.225969280449209
0.257466437316517
0.248795776035578
0.246375096338866
0.239093893946683
0.278401349937239
0.267390141702614
0.286868766119493
0.302252784845518
0.274203123519931
0.27667934317576
0.270050927887483
0.298012447346119
0.251525721778962
0.242334878573366
0.237872551308418
0.244548040419267
0.254050311354717
0.272678677657746
0.266601835556014
0.263194746694036
0.267467169996995
0.299856922479694
0.300660125217728
0.33126902626784
0.184908567280128
0.206703405448418
0.204359595787712
0.206972487721922
0.215213551338405
0.217816846030816
0.219463461559007
0.217698906517605
0.204116075541397
0.202183668446234
0.188831010545473
0.184370815594232
0.190073128950235
0.195499911236323
0.231894159471517
0.219091338695487
0.215495054385469
0.212076024995417
0.19022375846265
0.189857173082955
0.18645180143804
0.175025995816867
0.137474788107035
0.122789810228746
0.119516736316757
0.118661680694672
0.121774428968571
0.111239168672324
0.128432872938405
0.132329776942539
0.131198382003198
0.134756825021973
0.128125986949038
0.201810434018236
0.19505426502734
0.148476480975295
0.137360425696721
0.139752960908767
0.146568576514658
0.13924734924699
0.11350102065067
0.0984389263532495
0.109632361400669
0.111431095775975
0.115577539243131
0.112842481444479
0.119691256026533
0.140067483745246
0.0813431897195786
0.0798117671422802
0.0736820854311069
0.0721574720499873
0.0760050803925015
0.0757225473823871
0.0890246769626296
0.0846629142792032
0.0802736879567706
0.0827591856202846
0.0800800286769079
0.0762930758492056
0.0741355969727233
0.077830441376975
0.0793065762947269
0.0799450260758356
0.0763439091844346
0.0750503095269412
0.082368612102423
0.0844971104794406
0.0853773578018292
0.0838009918370798
0.0809706007211724
0.0824759273556363
0.0841080706290931
0.0858054264803816
0.0865616820652597
0.0782028263110798
0.106420470890169
0.108931783557938
0.121818761604269
0.116754557798417
0.121068177346352
0.12246607401628
0.122725694418435
0.124918170496845
0.122860280389466
0.120759144825387
0.122206222725958
0.124572673011303
0.114826733665773
0.117396763002119
0.120187805237559
0.111921234677501
0.107689211220319
0.100985613449692
0.0932128314043765
0.0922632922095777
0.0765267115975419
0.0773750643593411
0.0736973936329734
0.0843027800134831
0.0892955058624936
0.101903225353058
0.11586505418588
0.11017450202592
0.113428685720175
0.110164885537163
0.109537008174875
0.110060025819294
0.108730961676562
0.108797940158913
0.103001869091689
0.098712358423666
0.0950624118784681
0.0936110859979388
0.0916043468394803
0.0892679239934194
0.0870961519206562
0.090560006832999
0.0914764538312965
0.106204012647732
0.098024549814825
0.116466347861262
0.106041569414237
0.102536159930603
0.10655078562479
0.115775792198584
0.120110933026034
0.11602133029516
0.113587483763357
0.112731832553392
0.116583455657078
0.113028342740601
0.116368023477434
0.120038380401482
0.127679103463228
0.130373335428703
0.129183672077537
0.12916957494031
0.134245766332261
0.137100469241587
0.137161175456312
0.137937151059304
0.137668366441962
0.139342933659759
0.141932509933069
0.142506572481262
0.146416200496939
0.146660851574926
0.149765266865134
0.151482673890502
0.149481067395365
0.156586112706048
0.160792492924807
0.160367773181259
0.162878637444969
0.16865900180568
0.182243566151918
0.190698862180573
0.199715135140774
0.202446791337301
0.235326423357157
0.251855889126384
0.205698624002965
0.193091679951142
0.212101554190516
0.184485289002449
0.191106657004912
0.197267878280255
0.20975871101444
0.217397893114109
0.224456944683895
0.210926930171136
0.246627260536514
0.208837530984528
0.219061141724863
0.250918149450932
0.21919005583331
0.234360197975553
0.239378285975713
0.23284413268078
0.217578816370829
0.221986399224598
0.231168097064608
0.240670380247821
0.249214447033453
0.250754696693433
0.250090200469222
0.244830673634194
0.241329614963116
0.236675737248629
0.224639219920094
0.220460835653271
0.205661741659953
0.234821840037372
0.22618920262471
0.233156183140499
0.249592143562512
0.250702481494793
0.24570125901976
0.237059076288768
0.224876023302928
0.220115597671031
0.199295874331125
0.196683258407925
0.193313741726798
0.193137538944971
0.202274605032997
0.203051417069771
0.191530815709132
0.193639621687584
0.187372135022683
0.189005184733927
0.186399765781341
0.176509238224963
0.156549926426171
0.14284636002745
0.132969841831786
0.132753212419717
0.120292104608587
0.120858384485523
0.110554799424922
0.106540277695489
0.109908245600916
0.107220189211316
0.103303927821394
0.0988375543567777
0.100712891272212
0.092125915488997
0.101232594592215
0.11098955050654
0.140257873921302
0.112063355269515
0.0969832291811643
0.0830809750098144
0.15994841688436
0.120064819899657
0.120996523668727
0.121261611663254
0.128000958347934
0.215514980602921
0.12874993132024
0.103579655509492
0.0863012510044014
0.0755575830002575
0.0755797693273482
0.0785081587728553
0.084817268759116
0.0980062700954688
0.0821563446223413
0.089320570215201
0.0913840516302758
0.0873616224158359
0.0801442051227699
0.0813060333036912
0.0799257243576063
0.0798055011391773
0.0797606644550526
0.0802527520249426
0.0803322037402943
0.0833433330056342
0.0826103595234032
0.0799184846656617
0.0809347870962561
0.0899726833688945
0.0883373951561975
0.0869357036601075
0.0922019651673703
0.076130615140323
0.0894053343899826
0.0859676704258074
0.142233424589208
0.117122107391949
0.126919480316139
0.12271747641295
0.0997768886697508
0.0820450871111249
0.125898097152414
0.111054109975638
0.121930082530816
0.111282292845463
0.100658779182827
0.0897631856440847
0.102170487892521
0.122112384443419
0.098718662036961
0.0895179004731013
0.0860877769616068
0.0838082813105855
0.0466826456493632
0.0643546369545678
0.0733384142236665
0.0751442221925542
0.0802800439618852
0.0837990224898775
0.0901655361906153
0.0935233998425539
0.096206159086944
0.0942846068248429
0.0944435925071189
0.0979149321282603
0.0963272923520319
0.0974442578367276
0.0967727286903934
0.0956213615344884
0.0933983400998681
0.0890817210561664
0.0871848173900167
0.0841387495850588
0.0828534933477868
0.0871186768867215
0.0885056141048349
0.105571054119465
0.096653924627023
0.120960625917473
0.108846525042314
0.10964721370717
0.122139093225123
0.125421454508449
0.125722612175921
0.122208798105396
0.122102766392356
0.1234113702839
0.125634216892519
0.129072378554214
0.143415765652347
0.146446809734388
0.15151800119333
0.142556485693418
0.141123836131671
0.141564419458925
0.135397841656364
0.138543152698768
0.136584027404996
0.138438384500992
0.136256701542619
0.138752757788217
0.137356642039644
0.14023786330034
0.146040477610862
0.152017798234813
0.157913950432822
0.155729257217096
0.151286150906429
0.156900667943686
0.158299011467398
0.160207128678782
0.163779605307247
0.172837905787247
0.184533079471836
0.189733434176544
0.197031826710471
0.200319735772294
0.226422692318417
0.232963102225775
0.207970228770205
0.186248619728787
0.181623645743045
0.175303190703573
0.179932673839327
0.188218011075388
0.206413567627108
0.201785877523981
0.199042956104073
0.193941008262839
0.200658309139948
0.190290454649619
0.193449182722775
0.20603620632111
0.206053314128585
0.251185757761664
0.220419623165916
0.219050001504037
0.211292629570752
0.216350277662532
0.220862843488208
0.233291835801527
0.247737652641937
0.261214585376056
0.265839530654618
0.225059444106802
0.217836598636725
0.217973310029636
0.212244325742002
0.213385636599474
0.210252421358391
0.236253170465507
0.246806748754101
0.240313231431047
0.258947517435722
0.269936804272957
0.268105936789867
0.264174473997231
0.256612941656274
0.242983359129094
0.220674626328771
0.213789325053937
0.20871620974481
0.210095407876508
0.20861155170016
0.203183874738522
0.202630735925791
0.212808958037155
0.238228185086896
0.206070275976414
0.197539294290815
0.181625765193593
0.168076201421984
0.154136389775935
0.137742002387335
0.126796547104248
0.111177573204832
0.118860227466557
0.117051055927082
0.111777739285556
0.106407414057119
0.0821538627519694
0.0787636418606067
0.0730292900622581
0.0853942429262772
0.0847897649899324
0.10329147021949
0.106705907839284
0.110920729060196
0.0931748049255213
0.0931024795210812
0.0906340985753656
0.163813314939057
0.121782293680456
0.118061064624081
0.117929792633742
0.118128389883034
0.16020383204408
0.136592471013073
0.137338199217435
0.134599925703625
0.103897451762261
0.0900277625628189
0.0836487479213534
0.0887456187751041
0.106847141841915
0.0853752902213809
0.0914109431002575
0.0970106267515996
0.11719562638841
0.0905548253357399
0.0910040525755182
0.0854397066286793
0.0862191551359484
0.0882329640279124
0.0860826588143787
0.0809976309041438
0.0785644020602598
0.0795579635274359
0.0782291509436026
0.0794730385041269
0.0883984734962718
0.0891506499874679
0.0887715182397239
0.0884941939357803
0.0798185594336929
0.0922393241427429
0.0836602055081634
0.114579114763325
0.121404086961644
0.11829528795409
0.111470329935858
0.101584166152861
0.124720513674959
0.149874253747441
0.144570760810248
0.114351214065796
0.158125322649684
0.133277597622892
0.0966389894977931
0.132387167939315
0.0974116377346886
0.131181276642094
0.0919683079295509
0.067985146993937
0.0611007420502878
0.0323174218722168
0.0307579393209003
0.0556595039145504
0.0642437005343819
0.0752425611888918
0.0844157770507234
0.0931904665338249
0.0984462671168981
0.0978843262155026
0.0944194769787138
0.0911940010051721
0.0985232923973662
0.0941805773475111
0.101280387604742
0.101854084154117
0.098740415889676
0.0966595575298951
0.0958055987780917
0.0950996413288919
0.0910398557743611
0.0875917545320551
0.0874354929757048
0.0820296876338402
0.143146627414719
0.12035186694617
0.11950140913762
0.11432497840652
0.118880363462202
0.127235574564351
0.127123596341805
0.126579185258525
0.125616181480439
0.12934935834951
0.130210950480472
0.129433435834182
0.148070332239222
0.158177420184323
0.152195347880542
0.152925787409334
0.149452451856566
0.145241061138415
0.154398815673557
0.13305112058602
0.134357499056936
0.131685637963259
0.133943975818229
0.137412639267761
0.145173523530062
0.143601238392758
0.151298331739366
0.160661789355591
0.166898737369348
0.169490750999983
0.167720004288793
0.165225645992817
0.163448855066714
0.16086377087387
0.163346927300205
0.167801652894399
0.178430568148698
0.184425938105449
0.187452449623782
0.193830246932053
0.199860114114545
0.208177049717778
0.221657157684912
0.238590261054249
0.22953021818832
0.200054767030913
0.184761411089338
0.175476412021388
0.17735505282149
0.178725434816372
0.187608622080199
0.193332009040797
0.1819571584144
0.187346279624572
0.186769240815422
0.187843425264209
0.188228607515347
0.180512957049096
0.20728278361125
0.210455213778525
0.212727341786475
0.20881163256864
0.202251469336059
0.207341694174025
0.209255365627694
0.217740646125343
0.225568748251728
0.233656883476274
0.244789604147418
0.197017461654575
0.204437999928853
0.194050159791405
0.19743572084322
0.194691314164261
0.214405420084315
0.211791759467422
0.226062366797793
0.2416400765715
0.264871004009853
0.276582895415447
0.284664526306681
0.28295464928254
0.269450043120577
0.243924578083872
0.227662441183202
0.21904714427317
0.208198825839752
0.199057586169948
0.206055298063835
0.210311328300972
0.209318319462198
0.206519190428696
0.196746279432976
0.191830439364443
0.186190291641116
0.176567211235275
0.162138877052792
0.153273979469985
0.135184666212438
0.129684865265442
0.126378859352997
0.11428938922116
0.104284448848766
0.0951012109758419
0.0966984943211876
0.0719389174963902
0.0482707527532873
0.0414951668715259
0.0365001795245236
0.0312805986911472
0.0556225525443594
0.0655344984735479
0.0859340521695269
0.086138957879096
0.0800045372351076
0.0992477104870903
0.0980554111589466
0.104794717761144
0.11657457705582
0.145610097591593
0.175567317693386
0.14099515662941
0.135181215281372
0.131418190576854
0.14386842500012
0.113946270723927
0.0997880875000559
0.0971181934472613
0.104993546530834
0.098946290209764
0.126140954475242
0.0966264009516576
0.106509943416822
0.105741845742976
0.125909061178379
0.0889337820872976
0.0934389184504284
0.0905318673788618
0.0843830488175332
0.0779974836091979
0.0802738579175088
0.0796297128407301
0.0798044660297875
0.08260240757617
0.0914652099776017
0.0858005212445112
0.0842466345757175
0.0834914052204869
0.0794747979553511
0.0860555529807661
0.0786655977364506
0.0885145986326497
0.0842156059641681
0.0872126452430794
0.0885531159309795
0.0857043988241324
0.0872474530969922
0.0933655912241732
0.106359789979256
0.108517235315159
0.107451749358319
0.0774021434608973
0.130417991083297
0.102714670031823
0.096264861849278
0.0873679715854722
0.0844371034183386
0.0721061628212623
0.0616862473089157
0.0311012972886629
0.0474455680009185
0.045969723141959
0.0419129475685817
0.0533185963162259
0.073551624985296
0.0931977750090318
0.0990954791489349
0.0979851658679212
0.0915733793839604
0.089237175933808
0.0957430451718103
0.102808481965513
0.11752195651937
0.107068122026375
0.104683195066428
0.0990557240257378
0.0962974845217283
0.0968701240459749
0.0938541976758872
0.0917726338232096
0.0918933932579246
0.0895622753451625
0.101960157720412
0.089630090881073
0.096757833857947
0.102389814773552
0.111305048856145
0.11747543634788
0.119614339030714
0.124088474241442
0.128869968776756
0.133292653017861
0.135602851829826
0.141320827000153
0.166802285106141
0.151530282297355
0.151109007787925
0.162165917775267
0.159340558832935
0.153117913368252
0.154236061344584
0.142354460247217
0.13642997875504
0.130765745254238
0.1361403057686
0.141500505498863
0.141810379728928
0.145082352373491
0.156937383856332
0.167871599293951
0.178738982482128
0.183891083394607
0.185258893525487
0.182685532640908
0.179015969220246
0.170759600288463
0.168364511318047
0.166419162035712
0.172862519938333
0.172588402409792
0.182146661273978
0.191430380274154
0.205189796728774
0.215680571598185
0.220903091722467
0.249979123752043
0.265500809118773
0.242421296486191
0.201754628058698
0.179461401920234
0.171179809917093
0.169871653181744
0.183195412645347
0.198539796174386
0.190955213160951
0.18715461310869
0.185443752841101
0.188466547551501
0.190428453020397
0.179951566492572
0.196401839609216
0.206129548248747
0.222164347699712
0.248571382148143
0.201227208967451
0.213389701660625
0.212029208264676
0.21410970866811
0.21538349310035
0.218826472219304
0.248249281653382
0.195868278899843
0.205649753998323
0.195309749011266
0.193070520301736
0.194880045208796
0.208266272480082
0.214405877832533
0.217158908946608
0.229635934411239
0.24679017508767
0.278744587295907
0.293932750410483
0.294102808969305
0.281707936746303
0.253700298300072
0.245856816159742
0.250808644603983
0.245250871718009
0.23294247047763
0.256539211073353
0.245298175868534
0.232301484000768
0.213669179993957
0.194822909882316
0.183114893026327
0.178465740070299
0.173293075015494
0.17175552097857
0.163156186715803
0.153904729217013
0.143509252708699
0.139925730375362
0.119250991951935
0.104272359186027
0.102713522531574
0.0986347985893084
0.0744432409378136
0.0551043542931655
0.0538049684462787
0.064715956949126
0.0651029833815457
0.0787364892758898
0.0902048952989325
0.0992568325920633
0.0873225407275802
0.0811076585486469
0.0853815634420901
0.0988331800649655
0.115072304188435
0.149540947721401
0.185858898437331
0.158133716599783
0.1636956709618
0.139133501737359
0.145637557142407
0.162095483917393
0.162848106400831
0.124630648101172
0.126319462050254
0.118669389054447
0.127006272741426
0.128796425656286
0.106306827875135
0.115520278037503
0.106474523334032
0.116534675373996
0.0926213855018513
0.0973162814024792
0.0949433373492416
0.0938350693333471
0.110774176327839
0.0810825448135329
0.081028840671369
0.0819250531525179
0.0824382478128199
0.0898727353101438
0.0824421671823807
0.0789802148961105
0.0837855938711772
0.0806457717567182
0.0804661876783251
0.0751890049764677
0.0819215713653857
0.115705832574062
0.170037833714243
0.114758485771596
0.097266533967461
0.0845314025343083
0.0841882952976128
0.0814892169813207
0.0957467770120645
0.0856400848059314
0.0895742228712076
0.0854621539224186
0.0949009908040839
0.0916249896148447
0.0913860601298224
0.0868698208839467
0.078302761051872
0.047869438685784
0.0234700899709188
0.0385066260022648
0.0502944115203392
0.0614526858458777
0.0726816255801557
0.0917846991985956
0.0994406083114689
0.098436588932088
0.0933035344065395
0.0933637112765715
0.0937226906959418
0.0991633354815022
0.10562483638524
0.10548795418685
0.102041244517444
0.098697728917588
0.0960075259204352
0.0934593450628695
0.0920053953203104
0.0950907530668228
0.0928697856687583
0.0937705335603492
0.0936268946744509
0.0941745906523915
0.0858997391920528
0.0901388843703038
0.0987326426405483
0.110535157147197
0.115708719051948
0.114698585568444
0.117762705349622
0.123127874625096
0.128725795120373
0.140926086864899
0.159061226632176
0.162274723707474
0.155018702009145
0.163039255379885
0.167657519478538
0.161439109576524
0.152865822511888
0.145514240667763
0.151074762188969
0.148661842245847
0.139123290174334
0.141088265437196
0.14900281266845
0.149305905487911
0.153605243279981
0.174578258438461
0.201205741245871
0.282755535183024
0.203778480580151
0.205648404561327
0.191709992241448
0.199626793867929
0.192076059150115
0.181782212385472
0.177984760236272
0.175126951085827
0.176520460472794
0.185386910312362
0.195236248103834
0.227501830626862
0.250167725103088
0.241093121129255
0.252552660114533
0.267144777676313
0.247992908347829
0.218633918375298
0.184610605613318
0.167751926460202
0.168535447712045
0.183308358800046
0.197441923841627
0.208782128795058
0.205012955385226
0.203785283965381
0.210841711925655
0.211657177770777
0.198743992738931
0.196788014825026
0.216273727917834
0.211098651448137
0.219183362708939
0.199826519699699
0.202296827265919
0.204298434582127
0.206038297554276
0.204220321457468
0.203288317438766
0.225623528822523
0.223623359714773
0.265277700199676
0.187438451420064
0.196090051039039
0.186217554868095
0.210888089157568
0.206970277274735
0.20328877937349
0.20055527466017
0.212914250753097
0.240887647409736
0.272731468098608
0.263425428125233
0.261829919677195
0.247864395213197
0.247995432812986
0.26965279518682
0.286044169130515
0.287231312147232
0.360778719376432
0.280447298951762
0.236049907049582
0.211018296976088
0.194666160917607
0.185820875900132
0.18237885218922
0.184403801119699
0.185199316321757
0.186553969220826
0.199096841797271
0.159586864646673
0.151396274107366
0.132934430200732
0.130987063267781
0.121604683962843
0.117645782419824
0.105447049825509
0.0953192095344801
0.0785190887506153
0.0782401037655241
0.0662815621409168
0.0732028095782599
0.079276940327894
0.116782464253116
0.0959340006648566
0.0910981553112288
0.0977107196728172
0.106302458063712
0.133950510335265
0.164496561788592
0.173445851634219
0.148033461367318
0.159063024892614
0.149297729922101
0.165745340584157
0.145475114476772
0.16860766092506
0.130662102976334
0.154620535479889
0.158696758235452
0.129068399722136
0.151843698275179
0.125120706050155
0.149448902183931
0.114574016792345
0.108350482901297
0.10607081451677
0.110777582395849
0.115025838934014
0.141704397416622
0.134013966586386
0.112834421707151
0.0880245286706131
0.0874985269577732
0.0870993431893851
0.0876449963247566
0.0835178615546089
0.0796692091756809
0.0740195868238331
0.0714715802868831
0.0729335046969455
0.0692991154331187
0.0724568323265051
0.0770132424167103
0.0846382120461706
0.0796923422428104
0.0691183042327916
0.0618732155429966
0.060495777380204
0.0452625466874931
0.0510517197607408
0.0494944339031166
0.0615319888660848
0.0753171248727735
0.0871725863763477
0.0943344343864041
0.0908417360122808
0.0936799554326445
0.0832187010317476
0.0715339517220656
0.0515000283127668
0.0683358401402211
0.0961097280007659
0.0979975484251752
0.0986447663581648
0.118140291360485
0.109093983485353
0.105315685982506
0.10307184056853
0.10408204949573
0.10397952402615
0.105377771931768
0.107315485209494
0.108360423216797
0.108604132500195
0.10756505014581
0.102944265625694
0.0996437731574351
0.0969269377614814
0.0930587221724038
0.0899225447756384
0.0871211670190545
0.0833528509529738
0.0864901222210567
0.0854711801174717
0.0901675241373328
0.0930562589860979
0.107626516841353
0.109424510908469
0.112669170178507
0.115237973926644
0.12285909330879
0.127910989790093
0.144235500118751
0.164043870088186
0.143717889125592
0.154592652309241
0.168318428928094
0.171053874185481
0.165311792881808
0.162841693285283
0.158549233777587
0.157336557827478
0.155914651090313
0.14895222650854
0.14902818403697
0.1515920954552
0.152057033936147
0.158776314332822
0.172813378915364
0.18351990952223
0.200422322747846
0.187365949942432
0.186897271208219
0.176586344571511
0.190061089832809
0.18657292812385
0.184994675247598
0.183379534347262
0.184656467889698
0.187737943253676
0.191642550437357
0.199638538047176
0.241905370277345
0.262081480169471
0.240749838598234
0.233470007371189
0.251133367390663
0.235942016591537
0.219783400058137
0.19658579659872
0.173176711389999
0.168309221774689
0.177053624869139
0.192710645026505
0.205490747207863
0.209622454437935
0.216126586817949
0.225941521611823
0.226034379557139
0.205334355580561
0.182633479504184
0.22641370021131
0.210361048051476
0.22321130235913
0.212811892834143
0.208518042808191
0.206145120209168
0.203148931227869
0.202273668658347
0.199631146353365
0.2124618189862
0.212245064702974
0.219201291479488
0.1937208198158
0.201938729918052
0.200254404445993
0.221470150125715
0.220008794609702
0.210840976540506
0.198628818293475
0.210701248425234
0.226081121767936
0.250832710156175
0.228132542582292
0.207068119590954
0.198247817209004
0.228324458669331
0.2487438609724
0.300051418682006
0.289718312420252
0.351589631315307
0.280940676705315
0.240070103459225
0.223075665219283
0.205124062857056
0.203418132559987
0.198554497755045
0.195951230190847
0.187507871663109
0.178347901470826
0.166671651404136
0.153108520660346
0.155779504894976
0.148136762634014
0.147054242490493
0.14041369428415
0.137827726399402
0.134535746475719
0.122890492850409
0.104229097734604
0.104287988422712
0.0957887680930624
0.0943384480997055
0.0958224369463948
0.110150713534119
0.10237314200359
0.104680586923601
0.111439212229055
0.117147770624613
0.13104830649166
0.135792947688714
0.142392454685959
0.148862900047474
0.161568833426491
0.174960425091541
0.194687540904185
0.191460499984416
0.197904242553212
0.161214388489949
0.196493125156234
0.166342843236717
0.142021856932153
0.126976539519184
0.127084896215997
0.13937310723496
0.156785750883505
0.142571236300083
0.100978712283955
0.110929236303723
0.106703843275779
0.119250699677792
0.12643298943398
0.13281910730109
0.0941655106099703
0.0906668499811643
0.0895690802156636
0.0897198466099383
0.0893036154539095
0.0889508002157054
0.0736642001406061
0.0686686966901528
0.0602448961129347
0.0559668444013705
0.0560053116957556
0.0533676998542258
0.0598326427682135
0.0716971635223421
0.0628515911959913
0.0567556649321262
0.0499408098048603
0.0501685925477956
0.0504045432979054
0.0639308452460326
0.0695755955982234
0.0785466484137474
0.0916225560637015
0.0915737245494017
0.0862820100526676
0.0866265226340803
0.0896853359068279
0.0843344622010279
0.0834047249368299
0.0875985290361012
0.103231555366544
0.101188202571643
0.099095483396589
0.106422503850149
0.103010523332484
0.102912359380014
0.105096534629267
0.10320443870311
0.101752703695162
0.101383736469652
0.101606233488411
0.10195072199005
0.102958540889672
0.106612244718588
0.10480720810638
0.100224859283987
0.0972954648781294
0.0907285475277614
0.0862859316603934
0.0859813935572439
0.0830451171661409
0.0828876380185708
0.0862648208469388
0.0923174585707462
0.0892334299826077
0.0997755928739913
0.105564996830152
0.105398654525407
0.110837127490943
0.116587385583139
0.12362678692649
0.146596067150072
0.161042319356857
0.145098096314474
0.156307492305641
0.162716050482245
0.16550649594327
0.169143351408936
0.1725237799364
0.173813853342652
0.17373797921307
0.169145025197477
0.15944438235802
0.152612426586811
0.160957736941777
0.164706860832446
0.169022925531686
0.174310393944066
0.183439294679951
0.191432046957173
0.191187673975082
0.199682069383344
0.196212335741735
0.188965078557815
0.184105720220388
0.183380904051025
0.184266318885777
0.18951364745894
0.194665194427951
0.197745126002463
0.203876844818259
0.197157169910912
0.198528395465934
0.196998262870077
0.201081394025166
0.211569568058825
0.221884489407182
0.223572171066771
0.215989123258961
0.184846447627054
0.162724246207397
0.171507623889795
0.173958311970085
0.184373415091458
0.183443979157458
0.19726681141394
0.231768180170943
0.279738590631447
0.273005786485831
0.200908106877546
0.231221100866959
0.229951740974167
0.22992988488902
0.216117911749196
0.20998940829804
0.209631902877546
0.21361604927157
0.210492049464884
0.2057880302064
0.215694083187567
0.213863559352926
0.221340551789032
0.216576661374251
0.228554374623709
0.243982565142158
0.29530371444579
0.209240211789039
0.212415905763286
0.204828758296448
0.202790314131324
0.204293606116548
0.231879983973347
0.21132825182371
0.178246976771733
0.161564279193765
0.168318244828836
0.145614336298531
NA
NA
0.229525250085263
0.232081291218026
0.227198045637694
0.228261325376424
0.228327526860031
0.2496970020437
0.224233993688891
0.220026338895228
0.199222943223337
0.182525238235206
0.170006155096723
0.164423991056737
0.167910876502344
0.167041655139848
0.168306453120423
0.161444510757386
0.157662997993229
0.158883369839725
0.154529760171694
0.14600746408642
0.141311474272821
0.13858708479803
0.130577227861994
0.13565416605845
0.118459013274436
0.107005058266207
0.107595322749362
0.117336646251314
0.140222425738974
0.1532979246079
0.150421077861409
0.146383375738896
0.144187213936732
0.141345853600299
0.140714665240546
0.145076739367323
0.147851487056555
0.181418118464919
0.141372768342448
0.1368650366009
0.128718560551855
0.126629229348453
0.125780400807305
0.126208589805455
0.144538871453029
0.131406874322964
0.12075017510926
0.100654100469554
0.0991896243439144
0.0985655371933231
0.105446815428126
0.107922165733405
0.114282345815545
0.0931991380931511
0.0842347437692842
0.0890259592076201
0.0841545002942149
0.0848152148568097
0.0805693245916873
0.0707119616732266
0.0616330446870562
0.0556403056538192
0.0494370769895728
0.0463793098879613
0.0472544715022659
0.0449352150446721
0.0537882689509096
0.0506075506968325
0.0499365408614464
0.0557364171560148
0.0626686429383154
0.070909856605583
0.0833665387169922
0.0869556895220143
0.0910973156182347
0.0934653147956392
0.0950467096281306
0.0907447024982599
0.0837563936112546
0.081122973235125
0.0806604321942241
0.0860053616775022
0.0881799840236814
0.0907720619081804
0.0997781856560675
0.103406978123097
0.103765315178216
0.101899603877268
0.101786983194367
0.0975155370121277
0.0950104011752395
0.0947012181957717
0.0969232950326583
0.0969790554349447
0.099362320203503
0.0998966638948954
0.104261016605084
0.10134321292016
0.0971732180887672
0.0960346967651624
0.0921273307224128
0.090397777898768
0.0881864109992836
0.0861218704105249
0.085996641929003
0.0859901026698104
0.0869136546367425
0.0852926243140687
0.0969542694325815
0.10329358040197
0.102752430824085
0.107702466188987
0.114425990069579
0.120193553851993
0.143204055405185
0.158496061322621
0.151560930248144
0.15432664670507
0.158261668207128
0.163832456419439
0.16982020595538
0.174515562578288
0.178561570923645
0.178603765925097
0.179296486196487
0.173846296516517
0.171702150882801
0.167970698902454
0.166923922195231
0.166253597980167
0.166496074791766
0.170635281505797
0.177587491328553
0.179558795442447
0.185198048429313
0.183095123633519
0.181586099885156
0.176358152343517
0.174629101114596
0.177373155665039
0.175201819002114
0.175425235364179
0.175099157278682
0.183685095709102
0.206479352041838
0.202240387246506
0.204476649513839
0.207757213308871
0.210427060858299
0.214484659542922
0.216239591549565
0.215496524663907
0.208557762061997
0.194087203152784
0.173013981407384
0.161918878476987
0.168159184050632
0.169970571089091
0.179453269881373
0.200265707666801
NA
0.23550790512128
0.233605593743247
0.237884346914915
0.233493053157512
0.232036430529506
0.223866834773099
0.215365165071496
0.215418053689727
0.214226852417772
0.212740324445799
0.209881113063294
0.213966543154011
0.212099387673581
0.216414882633423
0.218214246756268
0.213725743693662
0.212225962281466
0.223972437198412
0.203887108047089
0.205759743460789
0.204872706576882
0.201232004204815
0.195547111235803
0.184438051694227
0.194072813870084
0.20163329653057
0.19010762450534
0.187928473453638
NA
NA
NA
0.19104790992617
0.241377412940468
0.245064160263255
0.263957667048094
0.298876010365109
0.337748990978286
0.250814332954036
0.2332689827507
0.202213641369576
0.183792457852416
0.170952917728977
0.169201100588883
0.174990616991537
0.176068159349324
0.193038169161257
0.176510230186389
0.166863536493672
0.159024085062307
0.154342310811064
0.14668401619606
0.144638869614089
0.140531332933278
0.135546629315166
0.131685661187166
0.127506125195977
0.118664678684854
0.114614676571425
0.112223875068356
0.131976377423337
0.164347069786223
0.172273056960619
0.15683595606516
0.157388583560944
0.146344977529164
0.138658144109152
0.136831695032154
0.135476312620052
0.138457927984747
0.131158382785348
0.128921875687157
0.126751065261937
0.134105706929278
0.144555425284873
0.151486537581541
0.161346912441795
0.148037743608759
0.124661664726256
0.113849661931183
0.102667861386208
0.0971220401708733
0.0964047084893823
0.0998985323308069
0.100204492422531
0.0907503423685653
0.0840988622053471
0.0797555426545095
0.0765900258100135
0.071546812288185
0.0705255511653639
0.0637517980489578
0.0568579469611287
0.0539060514151417
0.0507882323690682
0.0464945813602295
0.0732834885780456
0.0562778980164104
0.0611675639843159
0.061140780767401
0.0636215455196618
0.0703161171814427
0.0769327795564199
0.0859965406934954
0.0947528652456865
0.095477557010976
0.0932063459223034
0.0913876502356608
0.0890732323978188
0.0892015579104019
0.0887129614716651
0.0934288112920716
0.0969413465156395
0.0990855879480633
0.100190815977537
0.100983871959353
0.104289829963123
0.105194080592963
0.104062071649811
0.103002393849551
0.100367168530583
0.0946639170625129
0.0899831573582491
0.0905209718971457
0.092382507800264
0.0946188579141536
0.0997648118213346
0.0977979131940621
0.0989383174860304
0.0957409460631771
0.0956805771026579
0.0941257458845745
0.0925521812160704
0.0901707023452515
0.0871156236409893
0.0859018436474296
0.0888545542840275
0.0840382040976616
0.0808913090206742
0.0792643347479596
0.0886493928147331
0.095118574965148
0.0982463805377982
0.101408702688163
0.112824433429809
0.119997623962528
0.142202812906785
0.1600924878729
0.159864735837154
0.154304912721868
0.159667193297601
0.165911915312347
0.169300359425281
0.175039533829433
0.179788931365241
0.181175629483495
0.182247892492059
0.184107485001165
0.185919582605107
0.180667351026194
0.176038429480458
0.170731710019551
0.169610347873388
0.172321590975718
0.177773608490326
0.17746669286631
0.178473841291112
0.18352156367109
0.181199477679744
0.175082146984094
0.174332123326696
0.177265154552831
0.178300941109264
0.184180471559292
0.190772753268444
0.197059170779867
0.196585141380774
0.192655291030547
0.190829209920051
0.188517442393308
0.188621800400327
0.188080298036679
0.192508753979215
0.196255350871858
0.202886193129735
0.209850093780618
0.217167884053722
0.209814712235395
0.214017081660813
0.222617297817348
0.23858873139837
0.263606118933777
0.276152594149891
0.263974486605117
0.245432261804661
0.242689363204106
0.238404148076051
0.235937216388208
0.228914617131599
0.226795192582377
0.220820427883716
0.212911689155176
0.205612575558283
0.2081087157861
0.209150843401337
0.209553051590492
0.212002040767904
0.216279154444451
0.214238382426682
0.206356427013858
0.205841471047812
0.203043532196708
0.203946344014798
0.201310049562836
0.198693371360983
0.194879959400093
0.184363392791277
0.17828271512128
0.179407652593102
0.181514320715307
0.185190272528252
0.192773706354774
0.189724526281515
0.202288264623863
0.246328500165899
0.245620680199131
0.256021533819347
0.244817619586887
0.305589476383787
0.253112804549278
0.226734639709863
0.204136600062029
0.186730810460557
0.177003336981825
0.171188370978603
0.171742217686519
0.178785507929647
0.174564083418451
0.230450550092256
0.204527428996581
0.181703834994991
0.170445525307385
0.159999088240419
0.15391372123837
0.145853103189983
0.141932063960647
0.139644615228135
0.136059266133817
0.135308316229783
0.13205347392265
0.130319067840895
0.129864014759071
0.130358632607081
0.137584703650439
0.153599304605155
0.14828789123334
0.149543923257627
0.145173725670215
0.13844182637878
0.130428432833292
0.129203901207056
0.125493189649602
0.123807681132139
0.121374423884323
0.118601910931798
0.120033963529584
0.118604442867253
0.115963964437127
0.118255496805027
0.11609493578201
0.109598382651527
0.106271996742064
0.10108575610847
0.0973213676074269
0.0981770862032267
0.096272451545525
0.0956273794581401
0.0906766518293127
0.0886054757409851
0.0873118461918153
0.0874410053137209
0.0866793286999512
0.0852034220432598
0.080092664182511
0.0813081958109915
0.0794528302084171
0.0784246674661963
0.0727047775081389
0.0806252726719705
0.0726688326087244
0.0718042331453126
0.0716381225573148
0.0791967640869309
0.0827661417702161
0.0850805531465931
0.0885913163991887
0.09537203316429
0.100537784517644
0.104607037451157
0.103588754673474
0.102952307527082
0.105680221225907
0.109268544949271
0.110811956926738
0.111056459548028
0.111188260758645
0.108170454698098
0.105469956216419
0.101844147053341
0.0978668768696846
0.0954771998432272
0.0954214061103677
0.0906275620813013
0.0863262112587333
0.0865238276899292
0.0858352336739519
0.0888366047628146
0.0902756392678083
0.0904576977947118
0.0909187275059106
0.093014263008827
0.0940588167473227
0.0945105809991105
0.0988084400824811
0.0985361469462235
0.0969563645404157
0.0934294388923869
0.0896015467824709
0.0901204447303035
0.086228151117567
0.0846968626661368
0.0920368281292786
0.0983037381250806
0.100455742880166
0.10116327230207
0.106761412754722
0.117633310214387
0.128125984695163
0.148593964075537
0.163197267337883
0.162249135307459
0.158541981833492
0.165557446609808
0.167569078888462
0.170947501876317
0.175783012774579
0.176725315577286
0.179786880366769
0.180364049061962
0.188458266181983
0.191026001420606
0.184826550298015
0.180037339310472
0.176532984170843
0.17318827828004
0.168846746137816
0.17613787722116
0.179264789345541
0.17705637151004
0.176634451408717
0.175152095076
0.175462135962413
0.175910441252186
0.178482643981082
0.180545500640675
0.187244180437615
0.19343587747622
0.197464248100408
0.194458896397028
0.192288443851306
0.186916735840102
0.183968040310058
0.184456385837548
0.187231114429142
0.188563400685469
0.191902958448317
0.196710771290415
0.197439953263036
0.199659603140888
0.198461702324084
0.203234553079574
0.212347271955236
0.224868397233966
0.243617863402507
0.26030783730267
0.248990270965107
0.243742381477298
0.238180949918417
0.23198544227563
0.228425059752485
0.2262176269743
0.224191109385802
0.221316376846443
0.211600110474611
0.200637613617717
0.198042205312935
0.194053593800925
0.189160654325979
0.193584248040729
0.190613260602867
0.194460308690414
0.19404022069977
0.193694787706068
0.195278070336731
0.191516315007657
0.1887802279298
0.187979523378447
0.186413091587854
0.181102243605697
0.175637196791891
0.175493240726866
0.171184301751016
0.17167292131558
0.17616200539176
0.190707622931816
0.190129610641461
0.225299338848113
0.21781727021558
0.24482676318257
0.234509277846869
0.222967462230097
0.21599536019125
0.208780279197358
0.202065327909279
0.190175213095765
0.180591455212931
0.176712624254155
0.172132098533577
0.168718905368747
0.156894023279906
0.149580186517852
0.211149627779228
0.183191752130013
0.168367193237739
0.156139030336571
0.152758193282151
0.145541905911826
0.135856354940879
0.131021695179918
0.12818162703722
0.126403341666664
0.124908710016058
0.126644890473743
0.129540318511451
0.132562991130119
0.133334928625303
0.137094517741912
0.141490236558583
0.142329396734436
0.138820923707643
0.136164776393348
0.130499792687003
0.127513015729039
0.126588582070169
0.123503278739042
0.12258870273153
0.124230431014958
0.123822788703107
0.118310992375162
0.11073044964536
0.107876760230435
0.10590133673033
0.0997394592890006
0.100128403930163
0.0957930276105869
0.0922966411138224
0.0927698835962966
0.0925772238552866
0.0936541968568978
0.0887238294126797
0.0863083909006651
0.0820952154420583
0.0827977328243025
0.0826289021337222
0.082045638495537
0.0804905265420653
0.08352297029167
0.0859794950095838
0.0870768522185965
0.0864395826384732
0.0829099124392147
0.0787304355871591
0.0760782784399307
0.0751200815176208
0.0775528157969504
0.0773390870444189
0.080585412589485
0.0845630465710973
0.0895543940737869
0.0927421955607364
0.0937136439065476
0.0959959954467027
0.0965417286762289
0.101394607850091
0.102411313947542
0.104259047883984
0.10269848059358
0.103366664608645
0.102203434973216
0.0976243157023809
0.0934744195556047
0.0918821033783835
0.0897471338138253
0.0864398306990669
0.0800895343200399
0.0778512173229878
0.0800438508210673
0.0814717714398488
0.0865108329912186
0.0884608523488892
0.0874653983637877
0.0877920365854455
0.0911509179823878
0.0918777762905181
0.101433428932562
0.104811238968946
0.103865767665752
0.101280401566607
0.0931095794880012
0.0920026508453993
0.0921515274203735
0.0911383244593089
0.0866878205433627
0.0915808953341126
0.0982818395772598
0.10069064592453
0.103885220855875
0.113557468035553
0.124369312793144
0.135154888709822
0.150003087976318
0.149361876190934
0.155700460422009
0.1644081894631
0.169090757641256
0.16967169957207
0.171982801051356
0.173988445676857
0.175217790909186
0.17566018457978
0.178311953674734
0.180552422819293
0.18316349345069
0.183821646342821
0.180137720659226
0.175683558480857
0.165083288259478
0.160003116544692
0.162817598520789
0.169639680233789
0.171438720482365
0.176776752442405
0.178402723405701
0.175815835650886
0.175283856023996
0.175828694864346
0.180222379115835
0.185047526970682
0.191886817951636
0.193366127591925
0.182694132444818
0.183657922770708
0.181495164007598
0.178208987191711
0.179522488916212
0.184781506573485
0.187264076929184
0.195881152134164
0.207765136453888
0.204512368892724
0.203506830027475
0.193952372484845
0.193449306835386
0.197186142681396
0.205300803639259
0.220204996951861
0.237058228257552
0.237369069927427
0.236397631384562
0.232432376341308
0.227284362108229
0.222792238404196
0.218968099309615
0.217775597848133
0.21632765487631
0.209695771221844
0.198751220707837
0.196367792891087
0.19361751727781
0.191790575099027
0.188846250597705
0.187937523107789
0.186625956694552
0.183997052635895
0.184272892385093
0.187623420183066
0.188579594290153
0.18642599732113
0.181881823200028
0.178339483608612
0.174488258815313
0.167778180718312
0.165069137749142
0.165501666409772
0.161978728991469
0.162566912888108
0.173069309349537
0.169296003303998
0.233013031886114
0.204577336074151
0.263689675684619
0.221268016575701
0.219990781702651
0.207059620022694
0.198869018978708
0.188792842622393
0.175127970101195
0.168264105934167
0.159571905040931
0.149447667208001
0.146738196800532
0.14303758368072
0.137304568888557
0.135892240870832
0.130572656934244
0.125855110505409
0.126836695397022
0.131039754432121
0.128871578795145
0.121917910275237
0.120610297370064
0.118047450637179
0.117792901259796
0.118481831080856
0.119880423876113
0.125431298613225
0.126708525375987
0.128013608514192
0.127656298344749
0.127547605635825
0.127898341106227
0.128036215295471
0.128777035510575
0.126367501790269
0.124972391506955
0.125302020839546
0.12426951985205
0.124916439432167
0.125554833289802
0.123324590831997
0.121597842554295
0.112267223612798
0.104185645518672
0.100345560362993
0.0942626424932005
0.092386669696985
0.086567198495068
0.0833153288986433
0.0846873519472271
0.0853445092424815
0.0884874129544149
0.0864330680781107
0.0861427530692514
0.0838802647361309
0.0816329613937626
0.0823038056097349
0.0788152835624721
0.0795589834208315
0.081370389468365
0.0820838180665478
0.0815502594393829
0.0823286110194929
0.0831833512007555
0.0827738042820579
0.0815783546051191
0.0824751353601955
0.0841346975699772
0.086501763651489
0.0884822876603796
0.0903254903778457
0.0894109985948169
0.0907108555992231
0.0919183536519124
0.0914421173820029
0.0912651525979987
0.0934827963747746
0.0932494654378844
0.0927389794150894
0.0944757827111982
0.0944422026030348
0.0932614203698376
0.0915748847542654
0.0904807308871708
0.0894089657921684
0.087262050554626
0.0855933829666389
0.0798752975848401
0.0754612566069055
0.0745621329519595
0.0765797050468499
0.0825507996886343
0.0860490678718674
0.0882685265109734
0.0907472652421988
0.0970303826630986
0.101601162592513
0.131859718592813
0.128176859024131
0.109554939538609
0.105534294837196
0.100676601199528
0.100028172826078
0.0980624626458163
0.0970321889048704
0.0962119050780867
0.101438704664817
0.104485975550301
0.107815612194068
0.114297170079518
0.122489757803479
0.130420145393921
0.140783795792494
0.15329279380808
0.14985458613375
0.15955057061703
0.164918390087084
0.166864723894009
0.168496916685321
0.169153096502405
0.170497238100834
0.173416261418114
0.176282042474703
0.177332405144761
0.174870796863203
0.174821176418538
0.178525932957845
0.182011712137749
0.179048456515649
0.171539566925904
0.164950527076174
0.162573516473049
0.166378030841788
0.16651155137515
0.172811480165809
0.175934472232658
0.177355984875296
0.174263927003878
0.173543289030363
0.173485560636368
0.17241198127971
0.171736175673904
0.179165999540842
0.167635908646292
0.16844078944767
0.165840449930675
0.167434642064722
0.168259668796149
0.171882918176875
0.17324012968543
0.180664414324031
0.195030373589983
0.198261119499052
0.198550113110333
0.19279070434764
0.192629206731293
0.191974724012597
0.194920259835793
0.200752209186984
0.208595734628809
0.211579739485005
0.214952456278991
0.213846317838432
0.211261782595093
0.207827419793096
0.205779987443636
0.203174947700554
0.199674693405094
0.193205143664596
0.188989476726464
0.184713449465409
0.184495838665851
0.184356469488502
0.183769800315607
0.184375550652597
0.18385238618529
0.182006124871206
0.181793559269498
0.180750483166724
0.183079984453746
0.182242553754215
0.178440543980175
0.175661012921927
0.172525729741649
0.166700883531301
0.162638397234596
0.162942944828135
0.163173714753672
0.162175934746582
0.163475565695099
0.15764072406514
0.191408815522793
0.174594710774537
0.218545880834778
0.192516811617789
0.183204383282263
0.17824083931345
0.173282730343259
0.168626142297599
0.163190302661812
0.15956697590337
0.1496383039201
0.142384249790057
0.139125905331023
0.134947090295198
0.130435567292548
0.12794083962844
0.126761177266231
0.121603115556684
0.118087943886129
0.116119404989009
0.112974722803893
0.113302006521637
0.113155175666351
0.114584061167587
0.116303396615108
0.116497166558642
0.117253075894216
0.118637960808067
0.118789474360721
0.11840577049377
0.118423996866749
0.118360768972763
0.120632991444872
0.121539028162926
0.122519520676148
0.126052487835444
0.124198412150523
0.123702961340294
0.12106031015301
0.120509485859041
0.11730880914896
0.115324104455067
0.111870841335715
0.105357885888863
0.101442758745611
0.0975143461674174
0.0936695307967745
0.0934281527352862
0.0883151943454893
0.082968144170636
0.0829844015384137
0.0842930026657533
0.0863512058309135
0.0853111114808423
0.0856041011935861
0.0848276044770497
0.0849621730542753
0.0852432704307383
0.0811400537393597
0.0837429204411055
0.0843956518207668
0.0850827958304547
0.0856330923970322
0.0857504041112813
0.0854045589017645
0.085518800636814
0.0856231928154268
0.0876052182884708
0.0895777616639726
0.0908245954680237
0.090824338090281
0.0913682673342044
0.091758621527707
0.0917300320056521
0.0908477089076183
0.0893123363745856
0.0883667235661057
0.0888432870271716
0.0882436566341332
0.0853531665510514
0.0864360356669594
0.0851571802740279
0.0859056671648531
0.0856646078525743
0.0857927265619513
0.0840575516751184
0.0818476646942139
0.0815997292883518
0.0816804155086129
0.0767338716836633
0.0713099648536099
0.0709810017956103
0.0809827532791795
0.0854888920068871
0.0870023741815196
0.0903321395970192
0.0915755602479311
0.0942091937861014
0.101915396934764
0.102397620158159
0.10373709476827
0.098705490964225
0.096512099834066
0.0961855150982487
0.0960652400033914
0.0939950357500823
0.0970230015778063
0.104839595826772
0.109095624488282
0.115553047665796
0.121190719263389
0.126365997301304
0.134600925474007
0.139185362489399
0.14999432666957
0.151871502185584
0.157232942767846
0.159816385798582
0.16263985521409
0.165701465943649
0.165412158209536
0.167174094569526
0.168003359790614
0.168680118703778
0.169310658062992
0.170071872789742
0.170961767592394
0.172360282096335
0.175435253419432
0.177806228818208
0.176964654573056
0.17355655985022
0.172837340134584
0.173396655635286
0.16784505704395
0.166825376902377
0.168988133004176
0.175356389484474
0.174406170810255
0.172083163144356
0.168218829831954
0.166987493829159
0.166173515606773
0.167742336477582
0.159532677379563
0.157327936401808
0.156619737728649
0.154503774357282
0.152038162186557
0.153846211603281
0.155556580850664
0.164145876334636
0.168067023965505
0.169749672129306
0.171737985791589
0.172721513886172
0.175528988477152
0.177736306608786
0.182014295782643
0.190115272764089
0.195047656898193
0.19776478639451
0.19761207216895
0.194760638281422
0.193802698728304
0.191817553604527
0.191003324904302
0.188168957205737
0.18566422957353
0.183378215688384
0.18118563115683
0.179576895624792
0.180967920571582
0.17895782657828
0.179889244658919
0.179278886572725
0.17609310176315
0.17423722481832
0.172082370474424
0.169474997652191
0.167581256314812
0.166672739832746
0.166296935879403
0.16374038615734
0.160791059542797
0.159610391939696
0.15698408630371
0.15446969960907
0.151676408279652
0.149329501377571
0.149492545718312
0.148863367168221
0.154243756492715
0.156022948168886
0.16152752004184
0.159415074654682
0.15928366375918
0.157963311814544
0.156352070471547
0.155230136326468
0.149998167650529
0.14512367594203
0.141753625413415
0.137114879595912
0.132300671191157
0.125034764846606
0.121004873769538
0.120639401457561
0.117702241108497
0.115817837290666
0.112633843498684
0.109273404909245
0.106541042078934
0.104806101088286
0.103987025568644
0.104644757369169
0.105664752917629
0.10917793613365
0.110577458072161
0.111485901727246
0.113665173145718
0.112061050492594
0.111902828617269
0.114150537472779
0.113916983991453
0.11500254211235
0.116994831418868
0.117211674804931
0.116552617564688
0.115972729856829
0.11234285999298
0.110153474681693
0.108173946609621
0.106058844254743
0.102134008824987
0.0972673406958009
0.0937383144223413
0.0912054880085441
0.0884386192317482
0.0868106483038588
0.0824620967832579
0.0787022488234889
0.0770936877800373
0.0799638178835626
0.0828403523158244
0.08486233266127
0.0832138729504801
0.0823647092796583
0.0817958478027172
0.081698746170906
0.077521991608496
0.0795898282424229
0.0819459229429902
0.0829185589029302
0.0840642778748384
0.0833879796183407
0.0834590850394027
0.0838438275778641
0.0844746586473124
0.0848267715668917
0.0857607420713963
0.0870971231255559
0.0884681013398061
0.0876858421335988
0.0881637243191043
0.0889154980575836
0.0884735179875599
0.0874613329617985
0.0861781004310868
0.0851404080549104
0.0831056691494306
0.0809275125705293
0.0817216836575687
0.0823259048038839
0.0841923144287578
0.084179972238742
0.0839460880303692
0.0821704847110769
0.0815880646849278
0.0802789937614893
0.0791379160015251
0.0764131760973392
0.0762076475232642
0.07672303475784
0.0940323748866137
0.0853489814611021
0.0835538037845821
0.082343662242124
0.0843852829692776
0.0856824010414624
0.0900153608074188
0.0910621668534274
0.0906160849265471
0.0899444320865836
0.0902560223004796
0.0909092018380626
0.0942526439159746
0.0995223847818199
0.105127036500011
0.112236061089085
0.116556210313011
0.121765341784993
0.128400557585642
0.132266289246216
0.137203998858
0.141167013535193
0.147860140024763
0.152166298102985
0.154630392522782
0.157783713977829
0.15673061043345
0.158232909921369
0.159642221387729
0.160779932937563
0.161146192779692
0.162543949565062
0.16199568545323
0.162006996558024
0.165088733901847
0.168126561682048
0.170212365194974
0.173466785533126
0.173637985862567
0.171060565811998
0.166826660593927
0.164734343410067
0.16497515404363
0.159698525084793
0.156212287189029
0.159312493258557
0.161773633345917
0.162295673754779
0.160477636094788
0.158943426206446
0.158111061430974
0.159659147702333
0.149602183698261
0.15074114775922
0.152476762691393
0.150705793643682
0.148531488075344
0.151060307449685
0.156460273487171
0.158364058637081
0.160670507470932
0.163129151093917
0.163468981020465
0.166058627019426
0.167698386896231
0.169229131201467
0.173857821650822
0.180032874335895
0.180933586018269
0.180962551044982
0.182146605222636
0.176946163568704
0.174029032906052
0.170863217518344
0.169857648611501
0.169744079833344
0.169090274705612
0.16814017554705
0.168762694447366
0.168853499138431
0.16894449771368
0.168647331546743
0.168078658384824
0.169075852573509
0.169337050793319
0.171797089286918
0.170265919987799
0.168709008909224
0.16439071808612
0.162053639440607
0.157160095673651
0.153470292347745
0.149640542137806
0.146500475845558
0.144981310807451
0.143190049330203
0.141652946965637
0.14165664114775
0.141140183741481
0.142314691852629
0.142938738224821
0.143788879728263
0.145849706826067
0.145667631625683
0.145808620370333
0.145138019297062
0.145453188329659
0.143164403165481
0.141842526261854
0.138329149476208
0.133987376526146
0.12947611727693
0.122771597495151
0.117995194145803
0.114251131567014
0.115327126649937
0.11495826621514
0.111308991790902
0.107658865313876
0.1035819847193
0.0999776260320538
0.0984000079869417
0.0975911372211338
0.0966959712783264
0.0977144327135449
0.0977421958126472
0.0973971709903996
0.0993274069632034
0.098813053510561
0.100684835449602
0.101449326497521
0.102880538957694
0.102293194043556
0.103318271683421
0.103681030559536
0.104582707053704
0.105465503231443
0.105288660458636
0.103478482039483
0.102232824874992
0.101295236898875
0.0999747172505501
0.0980911735471173
0.0925620798244734
0.0872639126752558
0.086776723761241
0.085629585805124
0.0850166291359092
0.0817382279025687
0.0785376487958707
0.0771574828040632
0.077984752423189
0.0808833770663869
0.0833372888745902
0.0827538764342169
0.0816813653103133
0.0813203270430577
0.0823000921587851
0.079437547664569
0.0783600220291989
0.0802045684356413
0.0802759193007396
0.0804994333426467
0.0794218105473947
0.0801651541024199
0.0803157006171531
0.0815674424697387
0.0830680744655617
0.0843756019814479
0.0847981822619281
0.085638041452238
0.0856817838984543
0.0847981460965127
0.0841327068045332
0.0835677640657771
0.0840421594013475
0.082988299294157
0.0805870446717843
0.0781062708082228
0.0773146516742151
0.0784517356791203
0.0801469789489289
0.0809849168172722
0.0800765069141663
0.0794055911476202
0.0785892078234564
0.0769106434682029
0.0770486906269017
0.076903876138893
0.0738115713397128
0.0726172154601163
0.0742408390120009
0.074773217770907
0.075032272217367
0.0774015750653993
0.0773921990280651
0.0806028100203254
0.0823220373516176
0.0831539462911138
0.0867549951369282
0.0873619320857333
0.0882974604678706
0.0897817666809801
0.0918736760437465
0.0967000240520687
0.102704821655306
0.112957154018203
0.117973669914484
0.120512875337072
0.126114188131194
0.130634923788685
0.135532792862926
0.13876119267603
0.141988764714139
0.145591589101488
0.150824458599233
0.153500406252939
0.154385788106488
0.155872561824318
0.157553027345514
0.157301434577168
0.159344785412979
0.161889982474607
0.162023958460311
0.161740408456682
0.161734726967413
0.165381208262688
0.169131740672417
0.170014474190373
0.171239121273121
0.169961563801364
0.166961548390668
0.163712660529288
0.160374898948884
0.157027728056397
0.150687875251825
0.148094955455447
0.145789642396256
0.145488765668993
0.14660149110495
0.145144760883688
0.146727115646286
0.148625557220805
0.149686513448127
0.14136796641199
0.142897341217764
0.14513122209714
0.145794557147125
0.146997417921833
0.151529782282672
0.154395290600686
0.155121334947506
0.153738712982876
0.15738012087038
0.156647477049356
0.160652024575029
0.159490936712111
0.159970608048502
0.160524610965808
0.161121685943736
0.162748545425392
0.164358274896286
0.165396780834639
0.164701263969141
0.164492155697284
0.163509454304333
0.161019261049689
0.157751966535267
0.154600640216406
0.153745159962084
0.152183550633777
0.151231494387814
0.150666288894028
0.149884326027934
0.148158852890535
0.148240401558152
0.148370542884357
0.149345384879342
0.150532509204009
0.151106050103127
0.149369224550296
0.147705745356458
0.145773670857033
0.14309823056078
0.141747189047073
0.139194649998457
0.136816522815311
0.137034171108066
0.135956823778515
0.133486610738203
0.131828305980907
0.131720117011983
0.130865461967594
0.130386254618211
0.131472969745875
0.131935839449814
0.13014379757353
0.128852412218677
0.128532435954664
0.128104139001585
0.12267226285893
0.118192827067623
0.114539852330288
0.112774187958991
0.111070588806347
0.109862783874937
0.11063944878725
0.110247848879885
0.108178716567046
0.106794595025163
0.104099959587757
0.102519419915101
0.099840259562859
0.0974342096468905
0.0965162691451723
0.0958200981241512
0.0957049418018715
0.0952053228302457
0.0945921763360367
0.0931294843260258
0.0943899894154344
0.0946633631591509
0.0971461622840233
0.0959360587691968
0.0969380485789608
0.0980858683886828
0.0986941540457818
0.097989504946813
0.0977773099307643
0.0981696056924154
0.0960081906494572
0.0953381465490293
0.0942298401017226
0.0927829530247141
0.090411626647535
0.085937716195513
0.0803514741074942
0.078674719738202
0.078380053644634
0.0770486045713341
0.0752848728051574
0.0742047099944644
0.0740783905398102
0.0743284902494519
0.0764134305168252
0.0779556815781415
0.0795947073208036
0.0802180160149749
0.0797743269178172
0.0798780305232211
0.0792515929728009
0.0763766370283892
0.0767709466434347
0.0778422977883203
0.0782856713815911
0.0776978761476879
0.0769215385440282
0.077650125213017
0.0780261677885673
0.0785031078614607
0.0800465716585063
0.0809187510929066
0.0816591489724011
0.0815532501819231
0.0813491733052932
0.0810093872054897
0.0805199648059961
0.0802575569339935
0.078122576658813
0.0758016912668544
0.0754430723478738
0.0760273213343782
0.0770130486012373
0.0783116819503263
0.0782596706330656
0.0782522642752275
0.0777933381225411
0.0768121273877427
0.0756575677967949
0.0749799982092292
0.0738244911930474
0.0734273189530138
0.0742230910437832
0.0738835041529312
0.074704895585266
0.0759820708813725
0.0788696872540219
0.0802849830334759
0.083754977629454
0.0835356084505435
0.0872220099380227
0.0862478338560141
0.0864253247493608
0.0887961051451449
0.0927896135896136
0.0965527845004477
0.101149044376956
0.101885172370158
0.109549230339827
0.115634542992575
0.120822854904564
0.127651246372573
0.134202942285268
0.141044358390566
0.144676129126867
0.147557154936063
0.151301749729594
0.154912063329834
0.156883636534664
0.157719572586045
0.157915914902978
0.158742553247987
0.159515191933041
0.159880391314812
0.159968434946272
0.161704474010635
0.164266842737039
0.168074664079983
0.169517373108459
0.169865478216492
0.169812285049566
0.168435897129597
0.165733797192443
0.161856132282347
0.159265416383296
0.15415771149485
0.147796279647256
0.140718250169379
0.140678950842077
0.137071204258053
0.135393237776142
0.1353806539289
0.135145056097707
0.138757139120764
0.141266902703306
0.141367603217973
0.131547534073597
0.133372888305467
0.138824579756037
0.135558064153063
0.136842474402023
0.142775304762085
0.144717504603249
0.148124007283574
0.150097893291201
0.149957849808816
0.151513038534298
0.151772297246227
0.151795040437208
0.151820507219979
0.152453903571718
0.149188919195821
0.148341257873379
0.149703973985563
0.150019251206833
0.149410224250122
0.150189826023512
0.149451472948513
0.149454772418658
0.14865393996367
0.14882339179867
0.147811548120272
0.147492534258554
0.147167530837926
0.14553939072726
0.143837149003103
0.143416907075058
0.143510304497653
0.141393645600181
0.140806987880936
0.139794799325323
0.139414363165031
0.138212256683504
0.137229510887672
0.136745605866418
0.134827083702565
0.132912703783754
0.131039590506915
0.128656964448718
0.126680875305539
0.124844584745621
0.122758268232221
0.121725359781964
0.120001050108944
0.118203899229175
0.118625993384194
0.116786874373817
0.119679249634306
0.118095336214796
0.114183044635832
0.111525383349232
0.109042535829163
0.10488750431788
0.101055241384709
0.0996991950436535
0.100326976575783
0.0999103446098891
0.100685063542695
0.100793172898494
0.100080950392092
0.098899473471409
0.0979788090653915
0.0979310573585923
0.0978300853809281
0.0959896870194172
0.095685781902685
0.0944231144214137
0.0931348379533461
0.0919004751910703
0.092384013804765
0.0920125797168755
0.0922971156000136
0.0938426426185762
0.0943862199460543
0.0954721253270487
0.0964329969535368
0.0962016110690031
0.0963075521945655
0.0955479812199754
0.0942873296253322
0.0937287454682655
0.0932879766334314
0.0915087203412398
0.0893266681526456
0.08852046421646
0.0878478681458204
0.0837696831559449
0.0793282723630686
0.0754806801521891
0.074400761856403
0.0750778506433248
0.0745128289167764
0.0733352740872137
0.074303751813983
0.0751260532609571
0.0752696447485339
0.0761199552080299
0.077703077949336
0.0797502987096652
0.0810937661657831
0.0824592432168036
0.0816203480902889
0.0817751759071179
0.080326699355917
0.0788041988629792
0.0801398306266005
0.0796398646388278
0.0797805639224031
0.0796666703212378
0.0795113262894493
0.0793809245095484
0.0800103767633751
0.0798051865476113
0.0799122093677291
0.0802230645565819
0.0801478961098848
0.0798059213533605
0.0795614584791309
0.0789562545972449
0.0785887196855096
0.0767043043012125
0.0764366017234619
0.0768652303174607
0.0749636936480489
0.0759696957145414
0.076788734341843
0.0771149506784068
0.0764004055186619
0.0752200913199814
0.0741574800424842
0.0723089575607299
0.0723670176179474
0.0744381921602316
0.0749668111790417
0.0750337264886071
0.0742147381775252
0.0766590008772214
0.0782244138113264
0.0794906345614126
0.0822727442326531
0.0833078984082819
0.0870354422571391
0.091531863407484
0.0913847893172245
0.0926889785663625
0.095335192546152
0.0986420791505943
0.0998015894321859
0.100849583385573
0.103064179550057
0.107779482626091
0.113299316684459
0.119250960428242
0.122838521200137
0.127878375031173
0.134838194001278
0.141425029428751
0.14643933358822
0.149338426393639
0.151980113136781
0.153186499899948
0.154171427120118
0.154095332877836
0.153610345903051
0.153391966550801
0.153776136369635
0.153770431359147
0.15431868172917
0.155512850731798
0.157680882532612
0.15959126110655
0.159047766144943
0.158099027501724
0.156000357117206
0.153444753784975
0.152417940883154
0.149984023176774
0.146878270688381
0.140584814034642
0.134882224374525
0.135342045162329
0.13263791685865
0.130455702669801
0.128692292070982
0.128090927752518
0.128422223710236
0.129219326818363
0.130402786774707
0.121168007846021
0.123650822016867
0.125241427028999
0.122587792261725
0.122398694848789
0.123141493652901
0.125036737776827
0.127947355622112
0.129326261081425
0.134495261500305
0.136482332541598
0.138184186123367
0.13751553063354
0.136960993974302
0.135461777313146
0.134138377807386
0.132976840067794
0.133109284771249
0.132317905798416
0.132096028547801
0.132721543240498
0.133138289439741
0.13253154105529
0.132463812193782
0.132101502078477
0.131674609743999
0.130885556978904
0.130925147583052
0.130248033145039
0.1297961327175
0.129128068135938
0.128038421190906
0.127003173645762
0.126257429032446
0.125004074152159
0.123351544591897
0.121988887759285
0.120952019499691
0.119244748081773
0.117109570580903
0.11482516727519
0.11196020160657
0.109682440994174
0.107586791789335
0.106639280972825
0.105478431050273
0.104659832021538
0.104876382010597
0.104598497875427
0.102894087250549
0.104308853378812
0.10219314509089
0.101594153850422
0.098415859208117
0.0968939855927612
0.0957355233814764
0.0957011211367054
0.095224519493336
0.0950674517582411
0.0949488914489062
0.0941369826404344
0.0932872082881865
0.0929415405053269
0.0921282618910775
0.0928788539492678
0.0937864522017295
0.0949746482478785
0.09534047583777
0.0955876809449417
0.096569082768169
0.0950535293356323
0.0949083619877863
0.0931476196718426
0.0919393318460083
0.091487898812502
0.0915459626535932
0.0922518678618138
0.093448501538167
0.09364950702549
0.0928387469723618
0.092426964640227
0.0926522143359723
0.0921925512819863
0.0908298863571432
0.0898755380358915
0.0882506255561424
0.0871461181348646
0.0859033568434452
0.0828714511622082
0.0807608783534234
0.0784311314665548
0.0767194969191912
0.0750504348333544
0.0745031412787778
0.0750215707829643
0.0753181656018297
0.0751372873368652
0.0751809534470168
0.0760035366764483
0.0763056073903885
0.0770683719068372
0.0782630321473247
0.0794835297045341
0.0803041798152768
0.0809658359203345
0.0814609829726856
0.0811303219965041
0.0812484013835414
0.0802801330454039
0.0788034013331576
0.0794841175149672
0.0799299724951101
0.0796640223606157
0.0804815977925232
0.0799364651851945
0.0797394228423124
0.0798762838473869
0.079486738508173
0.0794337274087508
0.0797029059174302
0.0795067406173979
0.0793985942451325
0.0788103155614188
0.0781875277873145
0.0768849882901847
0.0765158117061428
0.0760635930105161
0.0754320852673684
0.0745231226002462
0.0752044770862826
0.0759018621953481
0.0750887846518332
0.0745794899405897
0.0733936517868604
0.0726180789328616
0.0726154333359827
0.0729331365756411
0.0722327874312962
0.0722094359001752
0.0718658186648785
0.0738696264148092
0.0754769185616169
0.0768291166826685
0.0785402734744091
0.079815931671608
0.0815198473285565
0.0869562188632651
0.0881627480923399
0.0910131999409558
0.0934147650920241
0.0971585216167321
0.102332356638776
0.103776612041598
0.105942014846693
0.106168097887378
0.105278377752489
0.11058200383069
0.112567979287811
0.11638816628681
0.120284841578241
0.124433903836612
0.129011530762154
0.134686798212554
0.140084599190753
0.143787100576163
0.146114860639526
0.147733424403916
0.150067742808683
0.150372184968728
0.149839353786429
0.149021879445321
0.14870756031833
0.148418601481845
0.148404850450935
0.149093080898731
0.14907996062367
0.148206680161346
0.14635375800619
0.14351542374892
0.141603524586192
0.137519239682056
0.132193293194246
0.128727785105014
0.126850507147284
0.126486730966924
0.123571624880601
0.12214679558405
0.121101678366474
0.119990485886363
0.119416342643546
0.118179962415629
0.118981829475104
0.113347195992378
0.1130963238022
0.113800008336274
0.113395414949226
0.113762512913408
0.114552081491924
0.115891577283407
0.116187535299772
0.115802281327876
0.115118592097784
0.116803768655836
0.119216062591601
0.120518020937964
0.12219665620474
0.12284693119628
0.122986585519188
0.123867861499485
0.12340917093396
0.123389680036582
0.122459391877458
0.121689008197839
0.121440545851297
0.122362325684926
0.122541484569398
0.122146266855489
0.121643875340883
0.121564549507738
0.121302775138809
0.121721273726452
0.120888873515605
0.119657252015883
0.1179284977697
0.115858238851881
0.115246066357576
0.113450901688091
0.112016526537647
0.110599677812702
0.107898654815479
0.106266843882619
0.10456449259318
0.103225254979818
0.102478963519739
0.101484117087693
0.101186841746636
0.100801824133541
0.100509419713054
0.100400473348205
0.0999043608118266
0.0989971703825547
0.0981511164218293
0.0968484846877007
0.0969618687370045
0.0963319919857631
0.0956482048410738
0.0940651819398414
0.0928222389634176
0.0916612758355359
0.0907406233134057
0.0899621314415226
0.0895568752761575
0.08893647629664
0.0889061862221001
0.0887683247815741
0.089410500528598
0.0895548005338067
0.0910708817951989
0.0922150595345721
0.0931791667072547
0.0934522817555071
0.0944926088887001
0.0944236219787742
0.0928979127406185
0.091532581342069
0.0891965437892661
0.0897396616559127
0.0897714796796342
0.0898102980440103
0.0902274802306273
0.0899613372057828
0.0910286568780222
0.0906596753537355
0.0899377971169516
0.0885271233975416
0.0874745769952877
0.0869357977107462
0.0861485039169943
0.0850591506700914
0.0836975164877494
0.0825547024125523
0.0805752955118051
0.0785130541961184
0.0779111030791541
0.0776447147653813
0.0778447700474956
0.0778822278324239
0.0785510340979158
0.0791007880210211
0.0791347664385761
0.0795018372889127
0.0795555739216109
0.0791084102062508
0.0794975506019227
0.0801467340609913
0.0809245834894579
0.0816970024210019
0.0810630733732068
0.0813848454752617
0.0815451872234459
0.0817960771725279
0.0818182048515057
0.0819546013450459
0.0817047527123966
0.0813183379996529
0.0812854964173248
0.0814932530229268
0.0818387213664462
0.081617944672013
0.081761797191068
0.0824892146489356
0.0823963854805861
0.0817573914517103
0.0811680442874615
0.0806717385652378
0.0784184690911553
0.0768442047021257
0.0761150572394782
0.0761060928316658
0.0770083545563451
0.0769880888184505
0.0760109624626429
0.075149531843716
0.0738897772198491
0.0730631192262846
0.0727683490055487
0.0726781070198921
0.0717737953519939
0.0707320248640901
0.069398241216254
0.069440734684001
0.0699688663722145
0.0699468325122434
0.0719943764939697
0.0745005516835553
0.0761323753459903
0.0793630330398254
0.0827419702033304
0.0858462326825021
0.0899408037878461
0.0936771669797494
0.0943922071576375
0.0968625044796567
0.0995839008483624
0.102399104849793
0.11032080273809
0.112869635703095
0.110740010980396
0.105659178898194
0.103658982317213
0.103307810371595
0.10464374831734
0.107184723179258
0.109107658654388
0.111590242644958
0.115929398147334
0.119473810223909
0.1222197047941
0.123903523412131
0.125857065455348
0.127471310504388
0.128154267224019
0.129102573430266
0.129595449114689
0.130330658075826
0.130085987345013
0.129071420204268
0.128842251252437
0.128878653354138
0.127483978056813
0.125329569981276
0.12346032478422
0.121581474038977
0.118082597153885
0.116442648539081
0.115263832226622
0.116005569695141
0.114273434851613
0.11287688337089
0.112751177395401
0.112901171007988
0.112664381117935
0.112330625654204
0.11291546375776
0.106910832003802
0.107145095186518
0.107529705066773
0.108062906967395
0.108127037948846
0.108311939346838
0.10871435867131
0.109122912690263
0.108267589813606
0.108394200421739
0.108127602573745
0.109141415050208
0.110400813882744
0.11189030530854
0.112528246736651
0.113685332773773
0.114443418110315
0.11460612011084
0.114025476558667
0.114203086716754
0.114314979535032
0.114871015291836
0.11472351416817
0.114839647998838
0.114710810943788
0.113860675236218
0.113385275677845
0.112573870250334
0.111421269938993
0.110400778030629
0.10912823076008
0.107752244457696
0.106675302597457
0.106038362316373
0.105079213207532
0.104256697457768
0.103251364118897
0.101595813008918
0.100155981886423
0.0992509176255094
0.0981531051165657
0.0974621109170818
0.0965577538970752
0.0960825710659333
0.0960034140126123
0.0957800640810897
0.0948403510456505
0.0941473366482055
0.0934654175653115
0.0931756192877904
0.09328052987189
0.0926542703475875
0.0923736149122796
0.0921792843724344
0.0900880902490485
0.0891800597726106
0.0890130457851914
0.0886409969627143
0.0883363960521992
0.0879163978292953
0.0878176056118538
0.0878663099460479
0.0891234561364648
0.0901602917385429
0.090529274045361
0.0920456937094325
0.091461804512745
0.0909029539213948
0.089677256268851
0.088776486502162
0.087849773116096
0.0874707439372164
0.0861347420874141
0.086214769915395
0.0866986089312808
0.0873059475246619
0.0879197739593746
0.0893389171403016
0.0898690562107892
0.090194539904838
0.0901348594555544
0.0889841641916427
0.0872604918771315
0.086715501677844
0.0861961774216969
0.085092193399296
0.0841081460582637
0.0818083701998585
0.0802624330782594
0.0788059590775412
0.0786759171254762
0.0781031105280268
0.078422894479544
0.0786259975160812
0.0787203534388385
0.0795000879256569
0.0797802214416661
0.0804207026214523
0.0812567922437792
0.0814068662306455
0.0811636717366519
0.0810178988932219
0.0816708218375767
0.0816540629799614
0.0827419737967209
0.0824527251222986
0.0825009552259234
0.08280419802994
0.0827129248237907
0.0830491612303637
0.0830895051998527
0.0837617861710511
0.0845947660364935
0.0854659133721103
0.0851189549350873
0.0852019829433892
0.0847106437662877
0.0852142414760124
0.0853695921239485
0.0845120652637043
0.0835917624806514
0.0832892694820944
0.0824421258103159
0.0810333890955997
0.0796711727752312
0.079614332047228
0.0792131164844982
0.0783913360242586
0.0779126576558466
0.0771551298199611
0.0759767062684974
0.0758034238489172
0.07484407900533
0.0738216065459894
0.0732127757064251
0.0726881669154961
0.0719069190886266
0.0690868699257142
0.0674383956814384
0.0671143818915315
0.0674277875627756
0.0678053002264415
0.0689978209575275
0.0699868495570609
0.0708883533493632
0.072962202390622
0.0765946092751568
0.0799735667732395
0.0835923180557646
0.0875830484270444
0.0885389559780428
0.089188608234986
0.0905481740609437
0.0932118998631141
0.0950146128400196
0.0968199188223347
0.0963583980340014
0.0969418518126327
0.097109703421855
0.0965874950858244
0.0961005535612423
0.097424863667149
0.0993416676445416
0.101279548688996
0.101988781306906
0.103577017965296
0.107306984550756
0.109216759241581
0.110661643019179
0.111537733422165
0.113016946211007
0.113790137835127
0.114076891775202
0.114431724043874
0.114172656012036
0.113654760867155
0.112733253250495
0.111122737825122
0.109600291627187
0.110001145443437
0.109238051927521
0.106531122851581
0.10328770317163
0.104558931739831
0.105728656880046
0.105720327228377
0.105956620804492
0.107025392648452
0.107039215812253
0.106000892123446
0.105498154793079
0.105966317498691
0.101807944780623
0.10203851320549
0.103027551475704
0.102605591586571
0.102022382716905
0.101980525725787
0.100983771947657
0.10048802446697
0.0992176552819005
0.0992393715515311
0.0989176184624553
0.0991740330204849
0.100082772099235
0.100224305429832
0.10089242895241
0.101388572612812
0.102679705348452
0.103301023736025
0.104444797986745
0.104899288287541
0.105282738363909
0.105168684802773
0.105516659687749
0.105545604359094
0.105477087055864
0.105487223175073
0.105146070216818
0.104826197001772
0.104091498295033
0.104000213849377
0.10310487974504
0.102217701184925
0.101304261018923
0.100891003035646
0.100399532928851
0.0995810390741929
0.099365701079177
0.0988806474087353
0.0977886973383196
0.0973505191244584
0.0964445749668515
0.0961579053678023
0.095464275974087
0.0945049579632237
0.0944409056273079
0.0940158667887518
0.0936783875273508
0.0934010974000161
0.0924047436384347
0.0926033759486862
0.092701100057424
0.0926014207182458
0.0921861662748448
0.0909158285515549
0.0900527543969812
0.0901562442454068
0.090315848059441
0.0906492746389515
0.0907158795880091
0.0906893777251057
0.0909472808890599
0.0909101889878819
0.0907312689112336
0.0909218908032381
0.0906322364182044
0.0905690179157653
0.0904230352358245
0.0899875097344926
0.0889489414850322
0.08798506984045
0.0870879936177371
0.0866737888551975
0.0864177864999465
0.0860691530010693
0.085880767461207
0.0863483641876142
0.0866984406953159
0.0871700296811082
0.0876844530418225
0.0880465026712511
0.0874755608439377
0.0864928033375181
0.0859749642322419
0.0854485260673204
0.0850971229700299
0.085732103913977
0.085058558701349
0.0847020545511899
0.0841519045951181
0.0833228061112076
0.0824792468433825
0.0819978945973556
0.0819642650919066
0.0818467972333933
0.0820162014397063
0.0819457132003495
0.0814297745894732
0.0811700181372964
0.0817268507312975
0.0812943965334654
0.0814127166114735
0.0812233490664876
0.0807974943221257
0.0808091166101107
0.080515016942195
0.0802445228977926
0.0800206805071733
0.0802093925348949
0.0800311548664142
0.080012342308532
0.0803362528019204
0.0810029468110017
0.0814005574883622
0.081206104035709
0.080955404909976
0.0809167451413024
0.081446255374879
0.0816710133383978
0.081387072990853
0.081419449504507
0.0814231084805608
0.0817063494174957
0.0812219998599905
0.0798195331810519
0.0790032042460365
0.0788289309525683
0.0786379548867716
0.0781836049557066
0.0775826220896932
0.0772466932329613
0.0770096102555845
0.0761697828826626
0.0763903325465744
0.0757872371349653
0.0746421412479951
0.0735264955909419
0.0722262494028997
0.070866581487798
0.069849542102593
0.0696568569716541
0.0703254219694238
0.0703482975604375
0.0709151538745795
0.0718828857705086
0.0723317169861273
0.0728366773310534
0.0737693446801573
0.0746298493382419
0.0760740337241011
0.0770029046265078
0.077768539553465
0.0787629640888654
0.0792109492445585
0.0798827110721547
0.0807977018037783
0.0818407594013273
0.0828848070684239
0.0837861651032865
0.0846058948907804
0.0859226514683623
0.0873710360979905
0.0889066881672323
0.0910024060019307
0.0925795160124641
0.094006548467208
0.0944744880121434
0.0948733104234496
0.0956607949376166
0.0961272233570926
0.0959382200497427
0.0953110852081703
0.0947229161920916
0.0937175371676427
0.0931050331227738
0.0927603757137663
0.0925574541349812
0.0925831955407404
0.0930352605133509
0.0936636904367336
0.0937920461218324
0.0953824917839156
0.0962178879140642
0.0976149970919321
0.0976125027234178
0.0987483407949228
0.0993505479635561
0.100238339880368
0.100689510961413
0.101168752579822
0.101015042447479
0.101119186124617
0.101434942065152
0.100128403730609
0.100372641917624
0.100469081747208
0.100028932896275
0.0995976201712945
0.0987427772350727
0.0982560788488802
0.0981771187387951
0.0971819342187913
0.0960861299063474
0.0956555832204657
0.0956506448572488
0.095054649429939
0.0957655069366909
0.0957432200078842
0.0953203187890889
0.0956287645354341
0.0960237297331591
0.0960566302306296
0.0963501254782144
0.0969999992989091
0.0972988687567332
0.0976938626653028
0.0978622735834514
0.0977278268639446
0.0978462795187015
0.0981939929844564
0.0984845703052293
0.0982048154358179
0.0985338655582236
0.0983763537183671
0.0987079892966415
0.0989482985410629
0.0984619949160045
0.0984902114201477
0.0986703329409607
0.0982234864784613
0.0977847293400741
0.0975807365952419
0.0967553336591567
0.0961812691204995
0.0955135258980557
0.0948490715844448
0.0948767593157532
0.0945923734738511
0.0939380031768017
0.0940005842884716
0.0935983441709988
0.0939036368957393
0.0938555705702454
0.0933392236520239
0.0927530216901518
0.0924991456743911
0.091306227239182
0.0914614384596549
0.0914925602807825
0.0916479089156715
0.0919208831476364
0.0921223893631574
0.0928236646623341
0.0924681477590093
0.0917315259065306
0.0915921581490319
0.0912061739687808
0.0911094980358
0.0921292079277505
0.0919834144882253
0.0911910514144169
0.0908210980091872
0.0902400398740196
0.0892690059659502
0.0884495794396479
0.0879232612055314
0.0873539970980332
0.0863656798238728
0.0860696004694466
0.0861004084205784
0.0865720175431453
0.0867209876936899
0.0865979768767731
0.0861275954257125
0.0854965386197698
0.0848185088768418
0.084022077839908
0.0833010285773686
0.0826966919432127
0.0831219841049151
0.0833392259197236
0.0840202842885269
0.0837207551874138
0.0830177912695982
0.0829625316138875
0.0824832049221486
0.0820227575292163
0.0819818754047568
0.0819118754975615
0.0814785849693655
0.0815073442595638
0.0807346627543602
0.080063899802017
0.0799003790172135
0.0796662819788681
0.0795154328586559
0.0789005935329265
0.0789177840625398
0.0789045314645276
0.0788693608143577
0.0792445350776633
0.0789862133557115
0.0792042124396733
0.0792217764329402
0.0790699845813961
0.0785971408461129
0.0784673227497779
0.0784145778909732
0.0784119312264995
0.0786207943757801
0.0785304017213619
0.0786355190198944
0.0792128124288242
0.0791407729473809
0.0787416562262158
0.0772326984953505
0.0767254482549422
0.0767086917239727
0.0765169657469001
0.0763108302767705
0.0761109578909546
0.0762310534971211
0.0763698546043133
0.0762372832599174
0.076182522520668
0.0753890181728671
0.0747930162024376
0.0744214739410006
0.0749229595153787
0.0749474271182927
0.0749567427015686
0.0741737932408998
0.0736215088212441
0.0738328391416888
0.074195483373359
0.0745875367569972
0.0744825099088473
0.0747545763525022
0.0752481009836694
0.0758659412264539
0.0762884743562591
0.0771822954584214
0.0778728422736715
0.0785902968171191
0.0798886789170736
0.0802311278640398
0.0806293915851201
0.0809641137952223
0.0809777209230014
0.0815837328237402
0.082379849352293
0.0833368915888273
0.0845754918010782
0.085496097748906
0.0866517100740689
0.0880802414613392
0.0886827299513812
0.0893109055552972
0.0893334211921978
0.089349347851442
0.0895117763299172
0.0898024177377057
0.089686749629454
0.0897829264777427
0.0898013432357818
0.0900762080876044
0.0901675877990474
0.0904869375131458
0.0908131900139127
0.0917953667708038
0.0927480828619362
0.0931080017352684
0.0929471854325051
0.093346828045887
0.0932189897557004
0.0938216266716542
0.0943188421140309
0.0947019792708928
0.0955523984625385
0.0963025347906767
0.0975501810352004
0.0977683351752705
0.0989661492527113
0.0997946858419342
0.100189779750161
0.0942781899320016
0.0948189949767453
0.0950482658749564
0.0948747249890858
0.0948217493977193
0.0943625164770832
0.0947696488167987
0.0945872007029068
0.0938997231084538
0.0938228919361326
0.0941176858805708
0.0935189717140646
0.093317645194446
0.0932287460463626
0.0934955103719926
0.0940293874664324
0.0938389459369566
0.0941815768317659
0.0939999830092132
0.0943806705252307
0.0944404701754463
0.0943648379059398
0.0947095834755114
0.0948766124767543
0.094812716548324
0.0952107792183816
0.0947976268521794
0.0944389052917964
0.0941713469544849
0.0940681397752271
0.0942014324446461
0.0943381673108113
0.0938461397615889
0.0937834327865658
0.0933936266312027
0.0932627988483382
0.0930966311263729
0.0931847989625094
0.0928366850156685
0.0925566026439537
0.0927379842249847
0.0927332371378748
0.0926549195290541
0.0929073399548352
0.0929489171773438
0.0927097128132115
0.0931899939061001
0.0930242137457475
0.092460721343448
0.0919669933006078
0.0919048590279878
0.0915074083738178
0.0913609550215933
0.0907565348950122
0.0910082547961097
0.0903127271326818
0.0900524707624859
0.0889985516588863
0.0890729891979393
0.0889252234805813
0.0888959638867863
0.0886890880976451
0.088747392697184
0.0884821375617871
0.0883680298482308
0.0883903979165536
0.0887547000675615
0.087834908431175
0.0873230096779211
0.0858242883858227
0.0851982135590774
0.0847660419588137
0.084811170202435
0.0844569235942374
0.0844442364704215
0.084266102273404
0.0845107651478471
0.0846676767021673
0.0842790347354424
0.0846882779154569
0.0844334907445816
0.0842080300414618
0.0843760871660827
0.0843247486653546
0.0838911107116106
0.0831702914601714
0.0830850231940417
0.0835456156419009
0.0831344220110991
0.0832494859889263
0.0830417650151334
0.0830061359525716
0.0828345220464692
0.0823981576853026
0.0820095806481993
0.0817705765747997
0.0811750013622434
0.0810753879818648
0.0807391311974321
0.0805442742887049
0.0802380256373395
0.0801444551864265
0.0799909925192527
0.0796827458989039
0.0790426025740458
0.0786756374924698
0.0784322919027885
0.0780817840890602
0.0778684291304842
0.0779017969743351
0.0776580064758923
0.0778045413492877
0.0775601361856593
0.077513677772191
0.0774107352058362
0.0775011200090033
0.0771070118762067
0.0772588128581895
0.0773744515922391
0.0770920115172116
0.0763418434813576
0.0754762631321595
0.0755614146369211
0.0754653558554342
0.0751924945530867
0.0747456062689308
0.0743180590160227
0.0739710024582513
0.0738927310697132
0.0739560092861742
0.0742339579777429
0.0744111659007146
0.0746025299537224
0.0746157331649439
0.074317762595192
0.0740153599642839
0.0740431761803569
0.0742490960318072
0.074563295494934
0.0751899783193594
0.0756502319850099
0.0755446734429284
0.0763160232218633
0.077024206102777
0.0781930901438296
0.0789164375844271
0.079367690511217
0.0798140757083842
0.0802023460093947
0.0801212640117304
0.0802687309158635
0.0806707124221301
0.0808312621439158
0.0811352694704187
0.0807419612191484
0.0808214589696493
0.0807209892650936
0.0804412778750689
0.0807151385066725
0.081181138257237
0.0813542351213934
0.0819629423241858
0.0823830695551025
0.0827048837968963
0.0827009261801668
0.0830019578967105
0.0829417609900878
0.0834922620584026
0.0840081185516738
0.0841121565988159
0.0845368242130277
0.0850278707515905
0.0853571228958998
0.0855453923576223
0.0860505486089696
0.0862387248297316
0.0870933255391352
0.0874114359708096
0.0877086770976173
0.0882377967387127
0.0884230722688864
0.0889305847460396
0.089597686125203
0.0906950154131472
0.0909917941581457
0.091685728888398
0.0923909195274996
0.0926726307317459
0.0926569329538332
0.092836895961339
0.0931653992940817
0.0940803910379931
0.0916787282830552
0.0919588921704836
0.0925416016032874
0.0927554111353618
0.0933263885318035
0.0928848843404886
0.0927646008108642
0.0927262360301046
0.0922865127608481
0.0926171685000446
0.0924908722434926
0.092765919842252
0.0922718979253687
0.0920991129939998
0.0916302472486019
0.091918917710862
0.092233273287531
0.0920455013050377
0.0924357927335359
0.0922325560684365
0.0918648627990633
0.0917851328981892
0.0915148162085794
0.0917471632010727
0.0909975647874683
0.0909658574479791
0.0906206308461332
0.090621746544253
0.090175763320415
0.0907837058773576
0.0904939476849985
0.0901562782589942
0.0904207654501179
0.0904841504355808
0.0902899521542658
0.0899246870565894
0.0900220967765501
0.0900021506870671
0.0897196527999024
0.0895796012107626
0.0894183299227448
0.0889870897434954
0.0885850187986153
0.0886068377680577
0.0883703449383605
0.0884700208877777
0.0884100172135819
0.08842464575093
0.0882999767131816
0.0877916278959876
0.0874266833596968
0.0868002284095723
0.0865347544804405
0.0857596217065183
0.0856808597290283
0.0850154775094187
0.0851094009162547
0.0850072103851966
0.0851377453061527
0.0844583086676705
0.0845018363788128
0.0842111755147472
0.0842723130199054
0.0842492794212529
0.0836959503622287
0.0836406572149542
0.0827715473760779
0.082526566816088
0.082538630071764
0.0826988352246117
0.0827850701631531
0.082370043096591
0.0825301808629873
0.0824024411690076
0.0826050351867172
0.0824503812828417
0.0824571710059524
0.0825224278752278
0.0824170717655417
0.0827027178761325
0.0825769401045847
0.0826362194001262
0.0825944859856853
0.0827400863899216
0.0825409080728864
0.0826910387696569
0.0830073424851889
0.0826530052238954
0.0824457604938904
0.0827102316038492
0.0825268569662007
0.082655679207754
0.082691207290678
0.0827694201266552
0.082833004914205
0.0824922632804877
0.0825533908204859
0.082599024150975
0.0829995335639231
0.0832015742947841
0.083334626046597
0.0832471002913192
0.0830931024631625
0.0827824902787648
0.0825471370019308
0.0821971799656027
0.0821717268320724
0.081772372548185
0.0818690294389342
0.0815069778860765
0.0814433848609103
0.0810280971451176
0.0808303459996424
0.0806956188093926
0.0804619073415416
0.0798478271175347
0.0797142629221823
0.0792837442952486
0.0792086967711596
0.0788158523768122
0.0787466814076023
0.0785429719800941
0.0783746331176229
0.0780294077842095
0.0784483895767989
0.078400925295967
0.0779713358600489
0.078245442103811
0.0781806455955163
0.0773120555407378
0.0773994587937158
0.0772235496443387
0.0769833601272273
0.0767405132370142
0.0772191212135209
0.0774719471261923
0.0774257597109969
0.0775196529748756
0.0780109311941521
0.0780084371597173
0.0783539669397507
0.0781728444034631
0.0783305159076069
0.0787177278335131
0.0792307659528055
0.0792447166876571
0.0797706175059426
0.0800703666269204
0.0805661983460421
0.0808778271463774
0.0809271261948443
0.0812605254832996
0.0815848186765513
0.0816758373388289
0.0815544848369391
0.0821660782921472
0.0821548201408253
0.0821918075714071
0.0821636244161245
0.0824849899040411
0.0826736610190487
0.0825044986604784
0.0823597976270881
0.0826298761064673
0.0828146579108437
0.0830366973173341
0.082871391250006
0.0829518468120164
0.0833442719131702
0.0834333379116728
0.0835047004390068
0.0836859872361655
0.0837768755948155
0.0838648026523142
0.0845012214508752
0.0845249097549787
0.0852759242805504
0.0852051537718117
0.0852423393831745
0.0855510278377755
0.0858522086424676
0.0859834834823923
0.0867865485145155
0.0872440957335614
0.0873464876738998
0.0874966143227269
0.0881156420184227
0.0886456216953356
0.0895307790328353
0.0898109108853322
0.0906963422654268
0.0913265709556637
0.086157700081657
0.0865021159260071
0.0863939751548645
0.0862022583432775
0.0863333585919019
0.0859842852586047
0.0863236325756783
0.0865930912810391
0.0868920397523274
0.0865562614882279
0.0861979241452337
0.0858030596264266
0.0857841456400028
0.0856984528314776
0.085781321917857
0.0857692599459434
0.0857943294443036
0.0860246663363813
0.0859750245322041
0.0857537147574847
0.085623783359693
0.0859276032651958
0.0857014141125536
0.0858747421670412
0.086089772329246
0.0858755605502176
0.0859646575798987
0.0858597035141116
0.0858131211405107
0.0857361385488023
0.0856850878886671
0.085662061350904
0.0852495865619512
0.0851287943112203
0.0851607201177436
0.0848732971496365
0.0847436826973275
0.0846891225022969
0.0847037826876804
0.0843706711936825
0.0846632631543725
0.0848943008272894
0.0847010525379625
0.0847662537007273
0.0848739484457525
0.0849243589532289
0.0848913283140487
0.0851808368256047
0.0848726778616709
0.0852372415630161
0.0849086526307595
0.0849951919060127
0.0852182340908726
0.0853519049486915
0.0855178270504662
0.0855201198498055
0.0855181074401552
0.0852727143045752
0.0852332866668799
0.0851199031280299
0.0849167594841157
0.0848846687208113
0.0847352000045344
0.0851592004328006
0.0846295699364142
0.084763344713189
0.0848572131271681
0.0843722587838121
0.08452034107975
0.0846574759038812
0.0842257910991987
0.0845969564977898
0.0844157019733326
0.0844791471336265
0.0842836514043427
0.0842995864285
0.0842860690862623
0.0843330967294058
0.083757718318905
0.0837185385488728
0.0837188309422623
0.0840484651827725
0.0838606958074765
0.0840531793008532
0.0836531408998414
0.0837209888660006
0.0839487041804419
0.0838010497203981
0.0833958570474319
0.0835007207093558
0.083465435269015
0.0833545782022564
0.0833024346024927
0.0832866749664958
0.0835885406396714
0.0838739867414967
0.0834906226868029
0.0837527117475046
0.0835252654254367
0.083935746618946
0.0836697633507617
0.0836571113483872
0.0834680901242371
0.0834175406616605
0.0834143181561845
0.0832633338571711
0.0834813715964399
0.0833785249159861
0.0833432624124063
0.083109444816382
0.0830266376622369
0.0833145675860519
0.0835040411865328
0.0832074924924559
0.0833756295240033
0.0830846977322966
0.0831488140335794
0.0833047897120514
0.0830469909299212
0.0830439859831094
0.0827480709604959
0.0826660440148486
0.0827685871885658
0.0823744939953572
0.081904608083135
0.0819690707106212
0.0820573890609886
0.0816999668962474
0.0817739293379015
0.0814937769020454
0.0813954319079969
0.0818199263019603
0.0816703753531122
0.0819581564030472
0.0817130796269089
0.0814316686318215
0.0816846625232606
0.0816810208178873
0.0817055063799999
0.0817332967125309
0.0817081157138
0.0818849352094593
0.0817864878241711
0.0819325466697474
0.0820187285127079
0.0819923839715188
0.0820924968044072
0.0823918658137376
0.0826198630005627
0.0826264953733529
0.0828903381665649
0.083014078701932
0.0829835537151078
0.0831090787874531
0.0834939911652894
0.0841453047431829
0.0838090645134563
0.0838056896832941
0.0839768371417439
0.0840001449524406
0.0841576598104615
0.0840712756870166
0.0840683687047835
0.0839027731647453
0.0839612270574661
0.0843775954638201
0.0842573120853358
0.0844582501428407
0.0843745248826645
0.0840477159267702
0.0842049356721187
0.0843102829124992
0.0840493639056023
0.0841260636577054
0.0842036075035643
0.0842983597039054
0.0845015380751032
0.084565389364144
0.0847111136425903
0.0845109139516489
0.0847642720297587
0.0849658441292163
0.084907633645327
0.085033253580805
0.085305012872752
0.0855439634376107
0.0854355414623012
0.0855891475507995
0.085699531213082
0.0855476747857151
0.0859323072457495
0.0860628765476775
