0.831840065275584
0.831755720508041
0.831636475904346
0.831512034481843
0.831410072488639
0.831223595736749
0.831090782226227
0.830977786728292
0.8309146194248
0.830853417902877
0.830839463708071
0.830781441666139
0.830629205414877
0.830554699821594
0.830362056833212
0.830252755747921
0.830266008517136
0.830281929256649
0.830268989889725
0.830206801381023
0.830117049230746
0.830100431713388
0.830083743425108
0.830151051274
0.830183416540671
0.830207419010285
0.830149413532826
0.830225295056431
0.830167398972792
0.830129253551939
0.830188966008667
0.830113144406083
0.830089420271068
0.830133451517125
0.830174584251364
0.83015181548942
0.830140077270779
0.83018765017478
0.830199899928574
0.83019245328766
0.830201422180166
0.830197006676137
0.830237587438675
0.830190979063907
0.830203234685606
0.830209525157114
0.830241059274013
0.830287588654138
0.830267106904326
0.830262744899776
0.830224097383516
0.830239092599693
0.830178672339324
0.830108735516034
0.830111566241852
0.830215604928354
0.830179412377868
0.830192729212945
0.830232022748109
0.830234792339247
0.830350526066314
0.830409674392836
0.830494163442625
0.830585755376862
0.830635668703063
0.830714751438439
0.830698939867333
0.830700645283339
0.830677603498769
0.830663871189933
0.830708102894759
0.830703862070653
0.830736455980407
0.830804030786003
0.830909770538356
0.830984370965816
0.831066166651103
0.831093665314754
0.831143039557575
0.831263518177544
0.831357690308029
0.831467698700451
0.831495490926041
0.831536744501991
0.831575780480338
0.83163321384817
0.83164468188853
0.83168725368142
0.831831689412498
0.831926437076583
0.832004061399503
0.832149138658394
0.832283489751788
0.832260390466304
0.832311755169075
0.832393760693305
0.832546109201397
0.832608085259213
0.832727276387684
0.83285405819113
0.832892882257378
0.832897347998404
0.83292945959503
0.832973944464536
0.833075741652177
0.833109250732687
0.833113835931975
0.833190262669079
0.833191569448975
0.833189384378501
0.833237336920559
0.833318692681661
0.833362483179911
0.833314524348817
0.833427947776837
0.833427777883498
0.833449494687208
0.83343717474323
0.833425396510028
0.83348149465255
0.833496733566893
0.833597999134223
0.833661008465585
0.833778131130771
0.833879768959566
0.834022645443251
0.834026452208727
0.834177671051403
0.834216426728103
0.834329805040724
0.834341842557897
0.834298857898579
0.834362821498461
0.834415510301193
0.834390347369801
0.834406492008746
0.83433704415845
0.834336641190277
0.834341241624716
0.834275160514507
0.834259823691747
0.834228889619832
0.834211644339238
0.834255235211504
0.834285567546466
0.834336751666307
0.834311018119264
0.834346682051301
0.834354740004819
0.834315950498342
0.83431351118814
0.834262281353182
0.834232602146656
0.834223609207508
0.834144950898099
0.834114363246802
0.834094858585467
0.834020370385623
0.83391075895541
0.833897675407768
0.833808681178015
0.833772696177779
0.833698089084318
0.833654237592832
0.833637994457541
0.833619415272594
0.833551770726994
0.833478298478148
0.833482359042029
0.83337666677321
0.833328044867177
0.833294574454472
0.833226740685898
0.833081420574608
0.832957258673697
0.832916012052197
0.832810603855876
0.832739083187426
0.832725695058726
0.832693752287534
0.832668014213349
0.832632482733682
0.832614258496705
0.832439044820845
0.832393863444151
0.832309606400712
0.832243108511056
0.832168592703989
0.832035206700033
0.831961029629576
0.831957555457866
0.831908753458958
0.831298410191978
0.831234015039418
0.831145359612202
0.831020281298144
0.831022335850785
0.830965481856621
0.830975527790891
0.830907066767467
0.830759406819175
0.830532565324099
0.830405390406755
0.830267525172455
0.83012408833125
0.830060959396641
0.829997587957825
0.829930414714524
0.829905152829296
0.82974664287606
0.829732009788684
0.829755631316448
0.829759720023299
0.829787736617451
0.829814795457461
0.829979870917306
0.830143471209698
0.830206118703335
0.83024561627193
0.830342151668943
0.830354021689515
0.830389327620095
0.830423566395753
0.830517964150339
0.830616168141093
0.830619161184657
0.830536025356461
0.830539236564048
0.830628783053478
0.830651862651163
0.830651023704687
0.830796419223209
0.830823954644716
0.830854981013728
0.830973902608362
0.831024057746345
0.831002733178626
0.83104659588793
0.831145073400304
0.83110055948411
0.831029597920268
0.830982625812922
0.83089036090813
0.830819157358815
0.830713348233151
0.830602751349946
0.83049801632474
0.830545466912362
0.830547173388913
0.83060479636323
0.830726529115094
0.830765724298989
0.830799039979631
0.830897194571134
0.830967768570008
0.831063593577803
0.831088799697936
0.83120755832984
0.831141545799288
0.83119955366531
0.831231991417129
0.831360748883169
0.831407326722038
0.831424436589196
0.831442238430982
0.831421457001861
0.831469864930085
0.831458637938193
0.831439741863026
0.831270618430683
0.831187796663281
0.831119887067504
0.831042786459371
0.831037235995161
0.831117827163385
0.831333336711115
0.831463038760129
0.831683997937619
0.831876069195063
0.8320942874283
0.832245127154778
0.832451693931484
0.832612308331772
0.832906168386714
0.833207609711566
0.833520184643426
0.833722968357813
0.833957869365166
0.834187109253115
0.834346386122584
0.8345939073931
0.83482666696136
0.835032279281717
0.835147105291394
0.835232293597651
0.835286964993979
0.835348069638326
0.835426886264627
0.835512007954387
0.835598498920084
0.835681644410365
0.835923574953541
0.83621878802329
0.836459201048697
0.836559955412066
0.836646339292118
0.836658903387673
0.836881802677387
0.836988175811556
0.837098351588977
0.837245326597026
0.837369508681189
0.837375769642693
0.837320091387239
0.837148918021416
0.83713594996471
0.837001767080342
0.836945222141941
0.836766721183409
0.836608511994472
0.836353961265237
0.83612248663516
0.835882333418454
0.835661484693565
0.83541449380452
0.835250149368167
0.83520348308365
0.835121343120525
0.834972260050719
0.834979889118478
0.835094772097858
0.83520793657962
0.835225150365952
0.835330214075244
0.835430247210749
0.835365462858325
0.835470558414547
0.835544423711966
0.835482446603007
0.835476915341818
0.835438479332465
0.835467911876133
0.835508111985771
0.83543142168443
0.835504704246784
0.835511769392491
0.835514529554745
0.835489479164229
0.835419283517462
0.835285310052122
0.83520031586805
0.835152040105597
0.83493811833649
0.834837980707894
0.834650067080729
0.83452885659239
0.834416721062601
0.834281970357001
0.834142436487188
0.834010414547757
0.833951996258506
0.833888206753237
0.833805493663756
0.833669038809782
0.833484029970714
0.833432578476918
0.833302273630094
0.833026818495505
0.832894345085731
0.83270579483161
0.832631514345812
0.832474297199419
0.832343776009405
0.832261841165454
0.832059564254851
0.831852286997774
0.83172037789216
0.831694141947366
0.831686646105366
0.831617740089841
0.831539921275247
0.831419362363499
0.831488394246212
0.831364552767644
0.833053932008694
0.833040347179721
0.832993471804193
0.832923059943763
0.832724457366557
0.832479790541558
0.832310732853924
0.83215204829098
0.831970350990066
0.831872795605392
0.831734533974652
0.831723403721869
0.83161653129732
0.8317619468398
0.831768280089023
0.831785979006253
0.831704688981892
0.831864957794425
0.832049601110992
0.832232995738596
0.832495266406886
0.832856946301775
0.832990560807614
0.833214593268864
0.833371437397972
0.833530198209656
0.833604208585218
0.833657750851098
0.83359994699244
0.833576493756292
0.83352267386918
0.833317187992575
0.833186279799905
0.832945681109723
0.832703335669188
0.832576526021241
0.832524068028595
0.832360001342908
0.832300170657233
0.83232732240855
0.832216397628013
0.832075199450283
0.831996264864732
0.832003117295638
0.831986625380389
0.831898834542362
0.83179352684438
0.831699473936923
0.831662984708903
0.831674675702822
0.831560789560776
0.831415400021402
0.831115118041215
0.83101162916061
0.830762895890978
0.830782959944585
0.830640348927307
0.830409542822385
0.830229626808871
0.830131412116197
0.829940057839526
0.829788880883197
0.829797657108117
0.829672967202352
0.829550920859295
0.829594774113428
0.829629643413145
0.829616327313822
0.829608671654708
0.829701112200179
0.829860840045641
0.829958108898769
0.8301566751117
0.830137455110392
0.830471103988147
0.830620294398991
0.830861880976971
0.831121810172568
0.831372659813245
0.831468398296046
0.831544189028343
0.831563507901365
0.83191033410105
0.832316336284973
0.832547523501107
0.83273329164627
0.83269059775617
0.832599743060677
0.832840397468348
0.833253490491092
0.833555058737228
0.834034042707152
0.834389619182232
0.834726397256975
0.835141986695178
0.835463778183789
0.835939731829641
0.836258386453718
0.836671123463442
0.837070520975705
0.837360354580923
0.837543376822379
0.837684273956965
0.837845110874195
0.837954079293295
0.838076146812747
0.838137309445959
0.838068201024001
0.837970901284452
0.837828368252556
0.837685018576091
0.837461973950358
0.837424175417812
0.837394908209785
0.837466774634146
0.837418906961817
0.837547115001704
0.837695967322727
0.837911296161637
0.83799166118284
0.83816830877003
0.838412283406403
0.838677040518845
0.838944147033112
0.839116504416375
0.839229227548393
0.839080617316593
0.838933341297937
0.838639834634881
0.838267709389415
0.837767485778386
0.837196000104632
0.836759318919525
0.836155753834847
0.835682974641089
0.835243891647363
0.834941861389711
0.834667500257022
0.834375291740892
0.834488141069881
0.834523584591882
0.834548546932333
0.834513768929312
0.834674266861125
0.834801296529214
0.834913713878928
0.835008970331698
0.835225239034833
0.835511250547131
0.835578726350545
0.835623719187241
0.835758261387741
0.83591391844966
0.836031446679995
0.836173943761329
0.836155980778025
0.836066543647337
0.836285279057441
0.836475680218327
0.836475124508816
0.836564121596749
0.836655120053256
0.836651471682438
0.836486115246618
0.836408795386615
0.836309434076193
0.836227342666991
0.836055197440355
0.835980277575031
0.835814636219011
0.835751830524643
0.835627270507582
0.835448767611835
0.835498678930854
0.835351813575817
0.835277443548181
0.835298414901957
0.835040441157999
0.834769118228962
0.834703361429016
0.834481213773684
0.834461632334197
0.834443212168922
0.83428337295435
0.834107762336428
0.833889043376609
0.833756735890405
0.833509980617243
0.833242864777079
0.833091577704564
0.833008097413287
0.832988879523413
0.833650069439523
0.833417355990144
0.833226288628619
0.833127720593013
0.832965769890358
0.832516290869575
0.832305018788758
0.83196276689617
0.831896765112975
0.831936141804985
0.831935246244568
0.831992611507061
0.832074844787095
0.832081993724635
0.832182697652269
0.832399842899672
0.832486121806639
0.832765480165392
0.833087125875499
0.833549116944795
0.833874216815299
0.834337384684694
0.834734323514202
0.83498305043383
0.83509396262091
0.835165598375587
0.835264875567903
0.835258638340337
0.835348430709208
0.835449045772021
0.835496865139192
0.835441282600628
0.835256001568966
0.835202900273061
0.835088666107173
0.835012109825733
0.834807089895991
0.834457117888644
0.83423846367575
0.834147252736884
0.834128278740408
0.833920515739204
0.833933991938167
0.833937715436639
0.833863104763877
0.833895427233924
0.833689054261177
0.833596254289976
0.833540980453116
0.833329385720805
0.833149082881673
0.832774908795547
0.832504324448785
0.832134616602231
0.831727625473069
0.831166889318752
0.830652747317697
0.830128612155946
0.829847252960775
0.829539102457987
0.829056114554978
0.828763719165732
0.828400220984903
0.828065666678091
0.827780645400942
0.827849488568608
0.827931077860558
0.828072025510722
0.828431599024115
0.828631359864069
0.828836864172191
0.829196673400046
0.82944325485898
0.829665492697963
0.829877950709111
0.830178818210409
0.83044591381505
0.830969707191518
0.831230416029475
0.831388209587708
0.83152341870971
0.831501051000076
0.831460460979766
0.831206840717764
0.831249373971882
0.83140311525276
0.831894183599639
0.832477591997596
0.832939478889376
0.833318770725979
0.833757255319986
0.834400715528713
0.83491377744385
0.835121694996488
0.83544799222285
0.835922173681155
0.836079693166024
0.836121660805066
0.835941733872889
0.835679543126137
0.835302092185195
0.834996911717804
0.835056051982795
0.835159055126437
0.834882370500294
0.834958446823501
0.835019226491479
0.834941502770483
0.835042972586722
0.835226312362715
0.835178255107029
0.835407667284251
0.835529494326689
0.83566946425207
0.835592080627257
0.835747050669245
0.836042610725204
0.836325189075247
0.836834146666747
0.837273525226323
0.837783279299803
0.838339687473822
0.838961811005243
0.839383278768463
0.839825204062653
0.840103439882961
0.84032615091082
0.840665095529818
0.840914842165011
0.840844100994402
0.84089724707653
0.840445826226214
0.839977602656976
0.839365844350537
0.838708775565159
0.838196369740896
0.837624323589563
0.837231112464467
0.836811301803671
0.83653911708261
0.836179184614264
0.836040668957936
0.835773912641767
0.835666797479754
0.835793943881262
0.835914338370848
0.836043453718211
0.836284836181145
0.836421107318115
0.836517762243896
0.836569074230537
0.836738089229365
0.837005547849596
0.837194553126202
0.837241995255718
0.837440639790807
0.837552668282178
0.837691421821261
0.837930225108782
0.838081793554007
0.838048584545847
0.838211023057374
0.838288445965976
0.838268395727098
0.838143783969483
0.83811840039527
0.837902547434965
0.837833290553186
0.837643025653361
0.837411734005587
0.83720644498182
0.837099763257096
0.837153308756645
0.837126621882889
0.837293598712457
0.837435403367914
0.837454918668633
0.837155078179498
0.836885211417278
0.836518686041107
0.836259064960894
0.836073671221417
0.835931993343032
0.83559720162143
0.8353482893452
0.835123637396169
0.835031225611709
0.834843028155575
0.834702084299955
0.834376465949932
0.834107424271607
0.833877930497159
0.833914166899794
0.833581528203841
0.832902240037998
0.832540583099354
0.83194050214831
0.831769451063499
0.831777462611075
0.831618767263282
0.83153854845544
0.831794252192322
0.832333067241154
0.83293943835833
0.833365312815023
0.83382909905528
0.83425090035367
0.834544265859531
0.834804755953622
0.835392755735573
0.835864467543197
0.836541011981669
0.836995243618376
0.837294239345346
0.837745102989823
0.83805473318996
0.838119666873069
0.838008634315827
0.837747139490027
0.837593788824394
0.837186429607
0.836884908952453
0.836687750686662
0.836553594143993
0.83605957063174
0.835686505429445
0.835384164090618
0.83518177399966
0.83511689887751
0.835171725858285
0.835218667724683
0.835343911713088
0.835481767481766
0.835484082110447
0.835446628660962
0.835420425917931
0.835415610621641
0.835162902654642
0.834921681998498
0.834584516237911
0.834411284407238
0.834114055283306
0.833938926692413
0.833672730771002
0.833282213314275
0.832819562973365
0.832237533925983
0.831966210868953
0.831398116751385
0.83090767121346
0.830440705707246
0.829968575852361
0.829568206577879
0.829378139194102
0.828966647076844
0.828686240386355
0.828280471870472
0.828017364509437
0.827895080165626
0.827697362482973
0.827719310865388
0.827846137650127
0.828064759610872
0.828402657719966
0.828696446572937
0.829138563337651
0.82955249768242
0.830437098283024
0.831201781088634
0.831695016190604
0.83215644377206
0.832234131940119
0.832114610796603
0.832002818167424
0.832405755925402
0.833157106609233
0.833914153155826
0.834559566116135
0.834826669295814
0.835095011941052
0.835184417286474
0.83523564511008
0.835387305568914
0.835334248993085
0.835300323615915
0.835507517218189
0.835675077078522
0.835834068565832
0.835552691671737
0.835127466486864
0.834450267974204
0.833469697354684
0.832529247964872
0.832097323958467
0.831532120850704
0.831026099296461
0.830863392722587
0.830692159878033
0.83037912279781
0.83015875828099
0.830160105911807
0.830452009148423
0.830581078684552
0.830717861133314
0.831080235076968
0.831218933514267
0.831366731983924
0.831433921226353
0.831628026816346
0.83207845239911
0.832586128892686
0.832845153700943
0.833161863538776
0.833621565773965
0.834128105189369
0.834702585654245
0.835047921020733
0.835490079619946
0.836064301446036
0.836816804104865
0.837374171756084
0.838287685788391
0.838683918422842
0.838971031559195
0.839300953386544
0.839370424356981
0.83947925160154
0.839292066986874
0.839201768291826
0.839251240569107
0.839111611683995
0.838900758664683
0.838578529011836
0.838353712648244
0.83796456005082
0.837857138358109
0.837846323070721
0.837793294745306
0.837925782770851
0.838141193700701
0.838319713900998
0.838500336876806
0.838472130726104
0.838637061877826
0.838567472512974
0.838609045340899
0.838735207184474
0.838702008758987
0.838547084998613
0.838548148405682
0.838701593423989
0.838905744461006
0.839034083405465
0.839112092352404
0.839181930409824
0.839097157105845
0.839150843676648
0.839325009805574
0.839425234240024
0.839332581529905
0.839176627419721
0.839045799486233
0.838792432124243
0.838619560420355
0.838252746490787
0.838024493751546
0.837886859934225
0.837694150792868
0.837500486898999
0.837146692619187
0.836816427048168
0.836456347801234
0.83613613829646
0.835839411380704
0.835504297670057
0.835074479973672
0.835010602167817
0.834872096986041
0.83505757038537
0.835039504611707
0.834755484634009
0.834562321312026
0.834400074980968
0.834139162417869
0.832979695594601
0.832632353131323
0.83228022711647
0.832018356518851
0.831578232100462
0.831225337675301
0.830722396347769
0.830785592844803
0.830694755057807
0.830904420565147
0.831290380674278
0.831769171670305
0.832330450863991
0.833102585062906
0.834227163977496
0.835302144956008
0.836020614447557
0.837018925317405
0.837836750174012
0.838546953808825
0.839168897780145
0.839701785986095
0.839814076340656
0.840226971683137
0.840434075598169
0.840530022502409
0.840434088150937
0.840478488521281
0.840450432307229
0.840336371084733
0.839946775176929
0.83930037864056
0.838576619832233
0.838117243870902
0.83747230668015
0.837038532982805
0.836664022245612
0.836674632687514
0.836525748273669
0.836346504288169
0.835700405315491
0.835207056954637
0.834911743685898
0.834958702745401
0.835216946846572
0.835368615459523
0.835265346081409
0.834868403759557
0.834741150493975
0.834440804242226
0.834044257952343
0.833732503460009
0.833608546635909
0.833333505424451
0.833157241575366
0.832779999650074
0.832676655709164
0.832216755557677
0.831801774958417
0.83132620282176
0.830797221925619
0.830232395810558
0.829982525315609
0.829705006656232
0.829311183014599
0.829140984605931
0.828860533039562
0.828694427598678
0.828492279952693
0.828305537935875
0.828210842545127
0.828145171085077
0.828811386969912
0.829512112471105
0.829786157636617
0.830319067691355
0.830604686547011
0.831114017938014
0.831576000360879
0.832074955585166
0.83243654551609
0.833192135865099
0.833957689217005
0.834857713148491
0.835648432682564
0.836153936156935
0.836150508562063
0.836013276110708
0.835620224474508
0.835340126609152
0.834919163378492
0.834674005740186
0.834092948876394
0.833368286476661
0.833080841079489
0.832752037554264
0.832211334924998
0.831364420578945
0.830457683875135
0.829554217646438
0.828811062885227
0.828625277660424
0.828817979222129
0.828684112112875
0.828105884936996
0.828187636192433
0.82832250112466
0.828628662694922
0.828959566851024
0.829078499455175
0.829229113628772
0.829561785765998
0.829983593386139
0.830499903041188
0.831054678175594
0.831464317136991
0.832085815623976
0.832806393560394
0.833640684332486
0.83397046230483
0.834439659053185
0.834743568173667
0.835150214229546
0.835506063427352
0.835686671700104
0.835913460178859
0.836591327422112
0.837056001333213
0.837198534895912
0.837406425167317
0.837952722885657
0.838395879554318
0.838766062332527
0.83906048590597
0.839587475129736
0.839962846645249
0.839971609175122
0.839731713227826
0.839337339954881
0.838911018926491
0.83883149371691
0.838775157977194
0.838501715509455
0.838527839706734
0.838747729856243
0.839000638171719
0.839234851696277
0.839274876191543
0.839346988863414
0.838974345896582
0.838744536511333
0.838492167312318
0.838424613882907
0.838040538757367
0.837535735882724
0.837289166543221
0.837140599549045
0.836957682414515
0.836720361330809
0.836979441087555
0.837180763883965
0.83751305728411
0.837952107493997
0.838211094649321
0.83849328461358
0.838524409725759
0.838519708387779
0.838662670349143
0.838571489271574
0.838529646190426
0.838359914352639
0.838412108577264
0.838366918686523
0.838244000512502
0.837814702765923
0.837643982984979
0.83756589631528
0.837511890296386
0.837426203633794
0.837194315264116
0.836840925233833
0.836400111449368
0.836161570507759
0.835809240576369
0.835460570432565
0.835131055732308
0.835044235351683
0.834702406559035
0.8347516937541
0.834276065570501
0.833832924698043
0.833261484881813
0.832256643860288
0.831674524583765
0.831037511414143
0.830881472885394
0.830757941169588
0.83082720657865
0.830840998426443
0.830825900976429
0.830824237484367
0.831023592029838
0.831518841218131
0.831981867963134
0.832448614762039
0.832689909493131
0.833719865120205
0.834987532271941
0.835968678625328
0.836895514724483
0.83767111608768
0.838429560667763
0.838987825806124
0.839761342759323
0.840120902580844
0.840154166191706
0.84047172144881
0.840521370648045
0.840812836329804
0.841180291744335
0.841280909004645
0.840601770980267
0.840208880967326
0.840169350302962
0.840368524387445
0.840594587382557
0.840354121204091
0.840082356714856
0.839713395278872
0.838972947926076
0.838166781012274
0.837069852334778
0.836190758184487
0.835555953104936
0.835328294506275
0.835603097143471
0.836060225132558
0.836099554438851
0.835836722347038
0.835856095094463
0.835658507068987
0.835281863980829
0.834789212849196
0.834243708005065
0.833785472096703
0.833376189395215
0.833255560801206
0.833270285412966
0.833490275603138
0.833607146664536
0.833325321214326
0.83308782886114
0.833006315407833
0.8324886366852
0.831968932012462
0.831634015201373
0.831089071019981
0.830414048204481
0.830069316534142
0.829875656375592
0.829752840543198
0.829427614926685
0.829324758727816
0.829266321385803
0.829092630826396
0.82912210611967
0.829500622082338
0.829842225431346
0.830117486756336
0.830401960388626
0.831118693355077
0.832004140525673
0.832533999046216
0.83315377557806
0.83352282548276
0.833966993872383
0.834306595583403
0.834481444706295
0.834637721799523
0.834026189232061
0.833348603310736
0.833173053760268
0.83292906769675
0.832459830370207
0.832139499800022
0.831985545963481
0.831876533130964
0.832103791933693
0.832575974313295
0.832835630472165
0.832887187080917
0.832619946097231
0.83242347265485
0.832400324207154
0.83237666015042
0.832473029249213
0.832416510459018
0.832417411056333
0.83237262159183
0.832373031172109
0.832400624697527
0.832038973094865
0.832110751538094
0.83230947817641
0.832599501777436
0.832845815298048
0.833089351885653
0.833466299142008
0.833993779830037
0.835080235676521
0.836051715335115
0.836924469484135
0.837330587765187
0.837668424603508
0.837992090930871
0.838208321064717
0.838448887384086
0.838876947361633
0.83935953622403
0.839695248418088
0.839986215446796
0.840147826035832
0.840371531068613
0.840949072976675
0.841653779256274
0.841906466208181
0.841406567992377
0.841051920467201
0.841146979201408
0.841006321012361
0.840430741339271
0.839604179148544
0.838735171686608
0.838070975762179
0.837263984959912
0.83682007165293
0.83673348791273
0.837169674066483
0.838074341033076
0.838369097885535
0.838476020582934
0.838150275461633
0.837869957014541
0.837749003844713
0.837310890570673
0.836842075574647
0.836304411791956
0.835878448335597
0.835440076537717
0.835003223763867
0.834602005170992
0.834305945610572
0.834272400121047
0.834392080283554
0.834659868607793
0.83548345076004
0.836079691360203
0.83642485784815
0.836638910507253
0.836709475462798
0.836880862224711
0.836595330420977
0.836222995213951
0.835945921452639
0.836179641806512
0.836285972513275
0.836254961391075
0.83630314830663
0.836591058706137
0.836928996031951
0.837260181024777
0.837510403358327
0.837256319382392
0.836934402130821
0.836480410386102
0.835857657944407
0.835190633471218
0.834613578516361
0.834037958240278
0.833552104630019
0.833131466780913
0.832824329693447
0.832852497847744
0.832925406115795
0.831801372323632
0.831045672463517
0.830479419932402
0.829925036975599
0.82970783107828
0.829849333598604
0.829969019008863
0.830381574633536
0.831071516634935
0.831497622125776
0.832384717780295
0.833168376125037
0.83375683229738
0.834414667980477
0.83451843118287
0.83549235112269
0.836675367613065
0.83770663010963
0.838375132869816
0.838608940329246
0.838807621271981
0.839391936939965
0.839621866332894
0.839899981912041
0.840419445621939
0.840661822409075
0.841157993591035
0.841618521649313
0.841812235753921
0.84174412453111
0.841515669432605
0.841309454153731
0.840780826127544
0.840133270440075
0.839634185870583
0.838728752030799
0.837978967789378
0.836929015944218
0.836463270170003
0.836139068101008
0.835687633843976
0.834959503964806
0.834370672019608
0.834497358466131
0.834709047592495
0.834931803040113
0.834896833288135
0.834988343800333
0.835041786673523
0.834999748284873
0.834826397968574
0.834486390313048
0.83415480211236
0.834005363211426
0.83398867631474
0.833823925480347
0.833570202389823
0.83339939830705
0.833117212761247
0.832860421917085
0.832652777783689
0.832698102407918
0.832801710337169
0.832782355680408
0.832765769659548
0.83239601432162
0.831809358849403
0.831006318875033
0.830300449374576
0.829955436965486
0.829462415805493
0.828832512556388
0.828237144784094
0.827957336022272
0.82815794460098
0.82812993135449
0.827624989271182
0.827862402620741
0.828857483555124
0.829528083878331
0.830073249247739
0.830648188955851
0.830859584951715
0.830893818295825
0.831146649202375
0.831488600704212
0.831292234953782
0.831414415933294
0.831104994024493
0.83070763457859
0.831005807516643
0.831526219010988
0.832087594216753
0.832774481674851
0.833453679107653
0.834133086588845
0.834441159099692
0.834707894222368
0.834659095421288
0.834779914173551
0.834711508034341
0.834894548702816
0.835008607587427
0.834953725763891
0.835024340668811
0.834881661062606
0.834651728676213
0.834551783445838
0.834566157935603
0.834826032026328
0.835016390987765
0.835213164965456
0.835921964974663
0.836134533198374
0.836454878821135
0.836539745944715
0.836957919545263
0.837060937849032
0.837747581855895
0.838515145993617
0.839206416567344
0.839967886627851
0.840036806372514
0.839788508580732
0.839779132436863
0.840273108027029
0.840916792681861
0.841900300459993
0.842475694233458
0.84321212602151
0.843493595401602
0.843853610700433
0.844190696842082
0.843849570520325
0.842933574641725
0.842143086191399
0.841615778757174
0.840775295237458
0.839904767180154
0.839615938849946
0.839232438234468
0.839285375584854
0.838880671181676
0.838301124349832
0.837623377445997
0.836805234285769
0.836493726492148
0.836356336729526
0.836524019335611
0.836348863028226
0.836124437272843
0.835964582886885
0.836022678357182
0.835993511431176
0.835967922697621
0.836027247695507
0.835632070990668
0.835217009482149
0.834734480338975
0.834377664116787
0.833988728271396
0.833390790333431
0.832995519610588
0.832810713963592
0.8326840107018
0.833358921914525
0.833694690030256
0.834005085800716
0.834240345349381
0.834543454978451
0.834151423955553
0.833718991783725
0.833700495722883
0.833865407876145
0.83430083517409
0.834852523644569
0.835401392113205
0.835999080696157
0.836549910415681
0.836526414337933
0.835946201897582
0.835387342560736
0.834957580865978
0.834554157342502
0.83440958728064
0.834083866033751
0.833549879118797
0.833180954448235
0.832965903279086
0.833100313023479
0.83301039950451
0.83258771875616
0.830591262586607
0.830008985815933
0.829279880983111
0.828750830334962
0.829091558924963
0.830158944811297
0.830696850576295
0.83146172969485
0.83238626238136
0.83318327043431
0.834265554115903
0.834746479832927
0.835014265684844
0.835710733934992
0.836127124989525
0.836294751740087
0.837456777731344
0.838543329471374
0.838969187876601
0.839345794702929
0.839289150597157
0.839746307233882
0.839595978920206
0.840157017951077
0.84034384965095
0.840530404699906
0.841041462786814
0.841703994775487
0.841660773329657
0.842042186804024
0.841651003937142
0.841085838400506
0.840780836815789
0.839895651901569
0.838640238293976
0.837344934213652
0.835754541054392
0.834862058309724
0.83466987126095
0.834364928280119
0.834521522515039
0.83460169680623
0.834578242390651
0.834068520317855
0.833895613285024
0.83380479829175
0.834012923103459
0.834179226367853
0.834384916677092
0.834889829836784
0.835302546962255
0.835339054379168
0.835293740829623
0.834962676886875
0.834832216998372
0.834650880400111
0.834472456593022
0.834115058346108
0.833903178374925
0.833393757857938
0.833221267149809
0.832929391408676
0.832850342380479
0.832455828356033
0.831880106974712
0.831295855479246
0.830849059320632
0.829866103056554
0.829021426322095
0.828641217307499
0.828417547154459
0.82802614678456
0.827685486026547
0.827411449872618
0.827377463103745
0.827398610228303
0.827520457378441
0.827930089983074
0.828350648333202
0.828664651467948
0.829342335587793
0.829945431308232
0.829990880471722
0.830142314057345
0.830673974080156
0.830858508166291
0.831073099923081
0.831091357512137
0.830497126380572
0.830097940321076
0.830179456992874
0.830601608659475
0.831519358748953
0.832027804536189
0.832809079740789
0.833996004442118
0.834909228843442
0.835534506236585
0.836095356738637
0.836582010650074
0.836955990424576
0.837022477347064
0.837209251108531
0.836838023550411
0.836487520715866
0.836422810471755
0.835949586640055
0.835725428499227
0.835184453033615
0.835134947486559
0.835357936662522
0.835811537337471
0.836019429019633
0.836281171459091
0.837288401051399
0.838127415296248
0.838550845668709
0.838835988933381
0.83989347598176
0.840977667863454
0.841687974647943
0.842736867432345
0.843161975375042
0.842966997417606
0.842590380290471
0.842754358678531
0.843183813755218
0.843486926816428
0.843997706262561
0.84426687723608
0.84398249706854
0.843614565531
0.843511926546865
0.843553870386558
0.843016755160547
0.842112173190794
0.841186074246696
0.839860767276218
0.838687613949443
0.838872519630257
0.838744153464277
0.838832524439653
0.839030801057203
0.838887656245309
0.838034035404161
0.836930671836069
0.836353423074537
0.835807859635616
0.835203907479481
0.834996980298115
0.834886188011132
0.834987469517286
0.83517679010024
0.834780141908889
0.83443701850536
0.834836553198162
0.835699527285181
0.836001384928059
0.835748317067939
0.83543707782955
0.83512862770637
0.834488357679499
0.833981855089479
0.833786386358077
0.833531585586001
0.833326569461361
0.833375117418205
0.833667391658119
0.833933205117464
0.833983853243889
0.833529985542147
0.832805818554369
0.832574043220549
0.833031239752491
0.833897973228291
0.834618460754082
0.835224845573566
0.835678714215414
0.836327162990832
0.836238153822335
0.835604507284376
0.835204590778161
0.834936186989873
0.834374277621682
0.834237937141612
0.834001252578607
0.833649961867296
0.833481570961258
0.832759097566399
0.831851490142691
0.831430445934203
0.831446830556176
0.829550754714164
0.829016492870504
0.828372782467265
0.829305074373938
0.83082564728847
0.832510774725698
0.834311059979619
0.835883531346872
0.836530535634678
0.8366202987666
0.836862945942353
0.836550117367125
0.836742915858957
0.837162412260552
0.837165790124436
0.837588685298392
0.839024369219193
0.839946829919216
0.839639058010981
0.839553247673562
0.839583598635191
0.839235574913044
0.839750053560294
0.83980136900012
0.839839581462119
0.839848672578886
0.839876078569354
0.840215362607526
0.840488972091592
0.840563983143464
0.840490474951325
0.839490717406281
0.838300410027854
0.837472244209197
0.836510548253805
0.835642410324954
0.834651255810556
0.833977103425782
0.833476836521474
0.833477786966651
0.833647476739915
0.833738978671695
0.833695081729209
0.833549635745956
0.833557132773836
0.833937555308964
0.834372124125352
0.834368319965044
0.83497612332182
0.835387159724414
0.835832067220953
0.836399080310784
0.836782527927099
0.836847083559523
0.836302634176987
0.835770843080077
0.835124862353613
0.83428098742926
0.833730466364321
0.833513505269539
0.833283893839381
0.833364012459725
0.833588733384371
0.833748458452671
0.83311227762041
0.832051937166526
0.830797336995065
0.829380281160688
0.82843546808482
0.827649427753874
0.826774065873517
0.826375957916324
0.825893218760551
0.825607750581493
0.825730506084833
0.825698424650067
0.825750607442992
0.826367167079928
0.827216718562349
0.828240384615829
0.829440682573978
0.830763125074249
0.831252203490746
0.831376150752829
0.831572150554345
0.831271836290365
0.830902441563536
0.830018980473641
0.826265407545198
0.828660951706403
0.828286499533625
0.82877808892415
0.830151089338976
0.830766336702567
0.8302737032023
0.830907856425332
0.832537439968154
0.831813814641818
0.83109204858446
0.831523334125158
0.830628642261184
0.830460349708168
0.831410744992017
0.830858977366864
0.829823456471593
0.829705101936489
0.83026060170722
0.830575485852021
0.832618267934951
0.832661591239342
0.83289226015669
0.833890029614296
0.835302215734672
0.836669716627978
0.838490362703797
0.840049414989239
0.841372022104437
0.842172206069472
0.843787796923089
0.845177272407632
0.845578679402714
0.845909040032281
0.84565623315272
0.84566281286163
0.84484242524425
0.845000255580763
0.844256871624057
0.843738293076557
0.843032711433358
0.841930888354521
0.841487505406324
0.841681915883959
0.842053446121321
0.84271982961621
0.843485624014648
0.843251919490358
0.842172366037894
0.840022983771852
0.838462268332496
0.838360362115876
0.839237681228971
0.839151751660157
0.838850422329696
0.838386345647611
0.837840368815504
0.837098496164181
0.836097743794044
0.835504305395968
0.834646836932102
0.833926712530173
0.833706417905576
0.833930970779126
0.834560949669293
0.834655662149158
0.834448380293729
0.834943774143614
0.835556441702176
0.836454101087164
0.837171623624669
0.83687404321917
0.836395584842859
0.835519383282385
0.835437628487094
0.835217736097571
0.834296665028153
0.833293166764868
0.832433316694504
0.83213682785948
0.832178779531179
0.832065027976494
0.832125872111978
0.831071632599435
0.831128523442467
0.83174904918864
0.832589191282743
0.833590114904416
0.834003836475869
0.834182879272235
0.834823338278796
0.835285204338619
0.835609023525148
0.834800866145512
0.834128721353904
0.833783858701574
0.833561077761988
0.833158424910999
0.833660862966269
0.832859019295873
0.831512073754314
0.830348929394827
0.830134019383319
0.830016351179755
0.830998186381694
0.830651733681118
0.830387641281394
0.831821078054331
0.83383775841797
0.835835482010918
0.837255249664696
0.83787311787865
0.838008793245879
0.83771388422261
0.837150718999082
0.836693259322258
0.837358252402274
0.83827483835511
0.838598604283526
0.839203557077854
0.839440177766371
0.839669023199445
0.83925563322749
0.83904295321343
0.83868699357895
0.83910969553601
0.839720550012523
0.839899511014577
0.839636738320453
0.839536301232371
0.839604876222955
0.839440674971674
0.839201953864696
0.839247217712589
0.838491193103117
0.837201300294406
0.836373208549716
0.835721291834962
0.835426496816657
0.83550202068259
0.835101050112918
0.834860494435237
0.834683992681812
0.834587083466174
0.834534500849029
0.834796942826635
0.834989151667597
0.83474358361254
0.834211538272006
0.834296359892256
0.834763711778524
0.835414787539744
0.83513222064422
0.835677450407859
0.836405322226749
0.836876934141955
0.83664372294043
0.836540777543178
0.836343694191139
0.835957777089573
0.835425006163815
0.834649786771241
0.833845086360995
0.832957555605722
0.832813320850878
0.832684368684147
0.833331996375064
0.833261522032772
0.832696666535513
0.831842818581801
0.830800054507574
0.829486030240579
0.827792238991798
0.826307476596933
0.825549800155288
0.825059386506933
0.824433472530929
0.824010796567585
0.823594605022
0.823996776949019
0.823890512856163
0.824423308048389
0.825674014576083
0.827161710049512
0.828635893754218
0.829593143630415
0.830012706837859
0.830349128468589
0.830000966040696
0.829537444072378
0.828441667311793
0.827756685725286
0.823430785431138
0.822992094225349
0.822522173030892
0.822477005765967
0.822550911981256
0.82574744630483
0.828695055295104
0.829738341293125
0.830484156641683
0.830652904842775
0.830460731001079
0.82946451557389
0.829105441004784
0.829604724532323
0.830993135631789
0.830914311419812
0.830765433654302
0.83019430193588
0.829272153980328
0.827769359527665
0.827724434359872
0.829009790572554
0.828212374893697
0.830513545351697
0.833318815004095
0.835687126435764
0.837622392310446
0.839781871102606
0.841476514586323
0.843364215614968
0.845437035565661
0.84624822215037
0.846706126870567
0.846974086624371
0.846564439006547
0.845733781460243
0.845296810107909
0.845130578234648
0.844900674227176
0.844708737905593
0.844292995701699
0.842729317743737
0.841204315027131
0.841465242601612
0.842030898038919
0.843096137319082
0.843729977733628
0.844049138622636
0.843659929026036
0.84232111685797
0.840004050856476
0.839545399031657
0.839035441705961
0.839554024932306
0.839898555193917
0.839185370181635
0.838178820501713
0.837921179276355
0.837094411427313
0.836079988531036
0.835561258222518
0.83480317716854
0.835069286142594
0.835927968398615
0.836143748684046
0.837031258472448
0.837954239658528
0.838990661545487
0.839476479649144
0.839768440721021
0.839600034670863
0.838385253890626
0.837357034283173
0.836918268798076
0.835573318687782
0.836212740673551
0.833990006686024
0.833674996545973
0.832167763949702
0.832521303905676
0.832549284303704
0.832542667563855
0.832313167957192
0.831070266386856
0.829972680315875
0.82920224974788
0.829282170603979
0.830524212747036
0.831729175097272
0.832988189323492
0.833248181338325
0.832832484482354
0.832598581051962
0.833053408112823
0.833138655964389
0.833874025391772
0.83410143836817
0.8341746875686
0.834508306054571
0.833488456731053
0.832760959390077
0.831969869572178
0.832078877630278
0.831817732504255
0.836399761334457
0.835787154195007
0.835920523553782
0.837695470166476
0.838607698692766
0.838524671574855
0.838320350301987
0.838243788423021
0.838784429396895
0.838065855362522
0.837150691156324
0.836953009340866
0.83754165764798
0.838170112611386
0.838681032767498
0.839548239101659
0.839906270179598
0.840008620544832
0.839756526352864
0.839415927075337
0.839070528728893
0.838505440932996
0.838274431761802
0.838422246165858
0.83829336222177
0.838484953966222
0.838195821448714
0.838011780396333
0.838285069521651
0.83811269146831
0.838107174086307
0.837146632962901
0.836524529243793
0.836998344400238
0.837883722081773
0.838335927203397
0.838455894343719
0.838690616470169
0.838931447733595
0.839004254684071
0.838240249294753
0.837505827379612
0.836852396510591
0.836074150043436
0.83508247260667
0.83431316112935
0.834438575667338
0.835000243856218
0.835308974117263
0.835213741424634
0.835864480431102
0.836616329959825
0.837119795205896
0.836651929212091
0.836385830703591
0.835638664123924
0.834990021775865
0.834050456171121
0.833512182275607
0.832938051683877
0.832804021490416
0.833013322417134
0.833766027977078
0.835073503389985
0.835787531313843
0.83609902724126
0.835682195559139
0.834581509565381
0.833214844799496
0.831837688375538
0.830904374108213
0.829963151971471
0.828822889015709
0.828047770169993
0.827385028783081
0.826371504200893
0.825618288367212
0.825070666525508
0.825742355519371
0.826898989609071
0.828527278642681
0.829369817279064
0.829914080067809
0.830118189174762
0.829856309937732
0.829508846648466
0.82748958185251
0.826430222676699
0.823915265074824
0.822271228559996
0.823836928778488
0.824685141496536
0.826387387924444
0.828148567977541
0.829773547814906
0.830937544417413
0.831492225723444
0.831985271127343
0.831471242319179
0.830427903167226
0.829280612229815
0.82993708941276
0.83018917017909
0.831357226672
0.831009229640252
0.830008970740097
0.829748676117966
0.829266993169549
0.828927845291839
0.828397024160745
0.828622497774112
0.828226514816347
0.827689588793854
0.829186169650472
0.832139688401369
0.834595153609422
0.836106751569159
0.840518033414104
0.843203178936742
0.844888590107567
0.846029240573126
0.846044734605738
0.845003446777873
0.843314960456604
0.843092865496258
0.843344126090223
0.843487899495441
0.843509339409038
0.8435200536866
0.844413808404778
0.84468482210315
0.843788437163005
0.84337091392228
0.843452999890208
0.843339019530104
0.844951960944338
0.845289800110025
0.8453273192526
0.844336918738011
0.842353122778169
0.841270273913503
0.84131991765034
0.840765604964522
0.839952394066491
0.839218006353315
0.838409018839954
0.838026778373176
0.83755296404782
0.837648894112441
0.838116731718384
0.839053948273565
0.839752609609525
0.840811897325445
0.84152739612946
0.84211182338729
0.841990457366755
0.841528646332207
0.84065538262046
0.8401080084749
0.840315022091205
0.836423242468517
0.834386884836213
0.834395096385122
0.835244820391344
0.835184529619196
0.835397771106068
0.834974985299535
0.834772262381564
0.833231311865584
0.83099701557479
0.830198543638213
0.829830068818094
0.829703437339252
0.82830464467744
0.826891706161788
0.827164134947021
0.827077723857764
0.827383481539743
0.830407706758849
0.832297365830829
0.831997862605759
0.832162394076705
0.832599013602899
0.833707679695943
0.834818351893863
0.835327057561533
0.835582428680117
0.835152054695949
0.835826470996589
0.836127464468014
0.836569679615265
0.836164237601526
0.839476385101631
0.84015356515242
0.84110555648881
0.841575833867324
0.840908065502252
0.839812735135647
0.840102983464677
0.840251787259574
0.840155761336838
0.838899985019428
0.837090384051336
0.836482948893696
0.83736737573482
0.837994418903133
0.838102504697428
0.83744140555143
0.837052748436835
0.836822318087856
0.837613635690973
0.838005687985493
0.837661675123857
0.837460080560432
0.837381534310946
0.837576669349958
0.838085801216934
0.838740577610541
0.837913864857517
0.83807172711792
0.838370298698452
0.839074673055391
0.839619006091646
0.83940423460616
0.839950912397535
0.841051012891248
0.842405932207329
0.843724070585412
0.844241257478684
0.844166446641662
0.844169790006494
0.844634910308043
0.844222303017307
0.84355484214208
0.841471818918986
0.839689927556385
0.838566734549905
0.837348499988246
0.836710685141424
0.837004132977287
0.837176398104512
0.837125234930648
0.836611000527525
0.835592807658099
0.835527112337124
0.836261474610949
0.836530267837733
0.836739376646404
0.836868776120493
0.8369835410726
0.836502122905433
0.835827104751495
0.835350858687866
0.835959310231963
0.837038703278619
0.83774091072899
0.837699713730245
0.837618411630894
0.837256075629535
0.836643115059478
0.835766765895555
0.835216116637462
0.835117060544563
0.834989705532782
0.834710631900561
0.834304540884591
0.833979548693128
0.833139173148919
0.831608766006225
0.830068760447181
0.829413826640729
0.829622089047839
0.830397378875244
0.830893973030461
0.831567041104806
0.83169035759257
0.832296483648964
0.832326474148769
0.83225363209378
0.830571863467353
0.828973265973507
0.825124402905119
0.824134018575864
0.824781019732466
0.826429889820549
0.827694221871152
0.829437575178113
0.83033848326077
0.831186060606705
0.831124282217729
0.83120736496347
0.830175551818037
0.828766661214347
0.828547306799832
0.828714764270293
0.829200323584755
0.82981031210631
0.829787966518413
0.829661922715851
0.82993442229048
0.830391126632596
0.830247781857092
0.830808697987172
0.829824689171794
0.829494942835079
0.829737789282976
0.830765885406785
0.831623295856286
0.833555315044841
0.836806364942366
0.839519930974005
0.842060412780689
0.843478574676134
0.844556182706258
0.844968199401849
0.843557519908179
0.842986852618547
0.842215071235837
0.842147505374552
0.841876711430881
0.841518081735991
0.842075823819564
0.842519722315918
0.842679432412664
0.843226874536652
0.843547564168463
0.843069405440268
0.843584520025142
0.845244655403558
0.846495878933624
0.847784155229023
0.844718347699034
0.843408985018602
0.842155930290215
0.840923264012462
0.840660620762441
0.840719053289536
0.840533649805412
0.840573086102036
0.840056934476356
0.839567498196035
0.840046578716738
0.841817782091102
0.842677421443695
0.843251000094596
0.843748569051557
0.845288336662136
0.845682134763208
0.844683623402582
0.843019307413443
0.841921833360298
0.838457638050672
0.836322593296089
0.838430613619588
0.837989681961018
0.837437745738814
0.836729029288924
0.836960101106801
0.836361111146773
0.835737245418336
0.835205454676922
0.833878437157501
0.832657223368073
0.831287503188776
0.829703998775553
0.828504564486907
0.827400473492766
0.827151757301259
0.827104382961532
0.826648966267355
0.826912368442515
0.828667501726844
0.829534821646509
0.830888943333032
0.83178157986912
0.832681471442161
0.834860889494668
0.837133015484147
0.838752824498416
0.838996719893627
0.838589408739527
0.838919352687101
0.839328524260226
0.839339604978303
0.842899536841055
0.843140850869202
0.843343352730637
0.842677241556799
0.84109894650918
0.840188848026924
0.839848741872171
0.839509470733419
0.839864139344524
0.840306401801699
0.840365584016387
0.839894772491218
0.840221337659929
0.839891774444967
0.838365087607609
0.836708922580285
0.835389617076296
0.834596758028286
0.83463684457895
0.835319013336935
0.836187459685387
0.836832236213807
0.837594614906897
0.838137783865579
0.838564763044579
0.839265238213582
0.839279322483715
0.838559418657029
0.837798051365902
0.838342708187342
0.839952222032439
0.840777774427253
0.841168562246931
0.842154475510165
0.843003358489825
0.844025974898976
0.845298239022066
0.845780543491389
0.846065187507529
0.846176337168388
0.846908431529261
0.845151524711277
0.843040862774863
0.841045264924177
0.840121145210301
0.839004360234826
0.838248951206451
0.837563528311896
0.837614366881924
0.837510493864246
0.837391260909241
0.835936440521027
0.835216984067722
0.835405372781712
0.836207917255143
0.836267771906555
0.836459851211862
0.836134748592283
0.835609213647435
0.835474141508515
0.835377316678442
0.835925934972398
0.836701820448623
0.837189533789679
0.837526476150258
0.838044804500269
0.838522539774228
0.838944688182378
0.838788750007867
0.838674427752846
0.838796503696176
0.838750094839389
0.838575702198596
0.838196410845119
0.837641557329362
0.836266503955188
0.83505387816746
0.833839695799706
0.832971566010732
0.831777543019361
0.831372111844206
0.83147813384845
0.832067948768267
0.833088267210167
0.83423880181569
0.834663370710943
0.835173689032859
0.834946292806253
0.833699845551654
0.830867137039921
0.828362483968087
0.822545362227336
0.825235864701695
0.827018545899219
0.828963885125132
0.830304730439868
0.830463345340091
0.830759183304777
0.830805845638806
0.830422493250621
0.830658684886782
0.8308703731794
0.831944358312862
0.832690454408355
0.833108787523742
0.832794150563175
0.831356421822538
0.830246523367523
0.829547193059659
0.829520451664812
0.829720159083026
0.82974418746943
0.829212547112889
0.829495749390291
0.830335032728055
0.83079719420076
0.831513142659908
0.833770914663309
0.83708669080678
0.839408566471678
0.841944054307138
0.843374403930201
0.843895384837684
0.842446163297819
0.840500931521472
0.840256523764298
0.84079827480992
0.8400033546807
0.840816692495604
0.841226934357579
0.841755566990331
0.842612344755242
0.842831388996564
0.843295309623541
0.843789138078992
0.844952276368032
0.844761107450807
0.845149120064966
0.845819013162338
0.845622870904325
0.843929238159564
0.842649110679877
0.841478757271428
0.840919838754307
0.840115387397321
0.839775666014038
0.840688845215728
0.841275188073384
0.840471624083341
0.841427125151031
0.84359699371344
0.84430109585852
0.84549008139957
0.84746571737321
0.848495179945598
0.849202616599071
0.848690263065669
0.847591296329179
0.846184669883226
0.843881299640422
0.839476648834508
0.842080306121592
0.841734885881709
0.840243881328518
0.839324175673446
0.838430397660203
0.837211460981424
0.836416197876202
0.836116361390989
0.83526857121841
0.834247232358761
0.833523704990601
0.83215289655491
0.83009626229431
0.828712998474143
0.828306060330503
0.826983157571362
0.826287768255165
0.826887999388708
0.827301214664855
0.826735982919912
0.826933575076324
0.829394948693875
0.83086750333407
0.832492484022947
0.83501035753066
0.838150306175388
0.839579355831723
0.840127043385797
0.841072419490521
0.841778918953898
0.84197763106739
0.844274422493198
0.845498493813086
0.846569294184089
0.847317896631684
0.846952954760394
0.845737081466684
0.845526504273409
0.845521590809152
0.846127793394725
0.846322717429213
0.84552490675855
0.844924369031124
0.843827449220971
0.842851673240644
0.84111064563444
0.840051653801775
0.838754664536452
0.837390478671837
0.836880451315757
0.837065494602901
0.837386518661824
0.838044938408706
0.839079454097909
0.840279895261897
0.841081549181683
0.841299446590277
0.840873286156473
0.840108702335799
0.840576730349856
0.840447359024787
0.840095728249612
0.840814159817186
0.841351793085694
0.841649982339571
0.842673841781552
0.844143903185013
0.844938460510255
0.846177528584804
0.847452190737903
0.846553955796989
0.84704629163934
0.844353407869378
0.842142343475694
0.84050499013813
0.839934004119929
0.839211177318299
0.83906708489052
0.838791440838758
0.838696595935041
0.838440372570412
0.838331212478767
0.837457441674679
0.836280736537874
0.836429066966468
0.835608383665369
0.83499950932395
0.834732463955087
0.83489410025157
0.835133614433214
0.835925824003659
0.836357504847411
0.83747094593083
0.838614400183039
0.840469270211587
0.841953948116721
0.84182983708661
0.841499149214341
0.842198308722301
0.842153617696025
0.842626211405241
0.842826923586976
0.842658319700639
0.841749024136148
0.841253064436387
0.840547664605298
0.839115800070986
0.837918359499515
0.836993073486646
0.835935532884992
0.835504150408605
0.835799800296306
0.836335664877306
0.837073123109917
0.83862606181484
0.839418495394744
0.839282311963435
0.838604600867647
0.837637244981337
0.836849369070978
0.83493650780457
0.831625934074625
0.827444804240257
0.826934791630145
0.829225301501605
0.830593283282897
0.830477837736161
0.830377545433344
0.829926973961416
0.830079543318462
0.830449381500435
0.831188525904373
0.832344765849605
0.833491769891081
0.833266403325729
0.833753789577631
0.832954616793515
0.831756539443136
0.830705467799458
0.830154984751678
0.829469393287278
0.82902332484576
0.828213580335938
0.827654302853179
0.827502410120349
0.828120410367709
0.829023557376631
0.830953008089184
0.834166675714616
0.83617631878297
0.839255794176254
0.841905900180788
0.843959130404789
0.846151705648583
0.845810069884295
0.844732989312745
0.844464685974831
0.844587112556628
0.844130686591191
0.843483703140533
0.843453682665762
0.843725683695552
0.844110035308742
0.843213160142717
0.84213816879864
0.842205706116592
0.843607138595186
0.846258310277312
0.846007019162006
0.846675473830436
0.847414751930168
0.845509421408332
0.843445163192637
0.84244605703348
0.842134102903031
0.842003070678296
0.841769091650285
0.842893664425579
0.842788496393019
0.842549867323298
0.84206735011847
0.843492918614751
0.844889854139078
0.847189413241306
0.849815814132191
0.851012070811246
0.850817298823695
0.850754903882885
0.850690333358789
0.850117210746399
0.848661637175485
0.842864067319876
0.846381206634325
0.845726800349045
0.844367378679014
0.841693411451759
0.839882830819727
0.837619353594093
0.835803713960259
0.834200359495679
0.833643775170495
0.833827357583309
0.833379801603169
0.83336922711708
0.833102428860774
0.830786392395941
0.828615210609773
0.826557576534502
0.824238050744993
0.823726657540747
0.823569802450011
0.824058186642612
0.823719983455805
0.825137023485621
0.827617194916118
0.830043952461987
0.829415239631665
0.831017874630768
0.835210741763556
0.838819690184767
0.841029167050658
0.842776504644431
0.843424251989941
0.842823303638587
0.844261160380396
0.846050605048723
0.84850193956606
0.850373807534257
0.850131679087761
0.849427251354817
0.849780644749685
0.850115985397063
0.849519355448134
0.848836692746715
0.848114232413803
0.847320544309442
0.847367314756764
0.846321930181915
0.84548874221275
0.844725765260256
0.843458155301912
0.842007501194511
0.840457121347891
0.839871096962104
0.839494174805514
0.839970232252607
0.840904292256963
0.841989158431599
0.842064926079424
0.841355365485135
0.840258398192678
0.840294539124625
0.841094696212819
0.841845430714274
0.842282467755844
0.842734467583709
0.844110248560066
0.844856726833911
0.84556289407629
0.846490271302386
0.847777839390986
0.848102320492216
0.847308708915757
0.847724411229873
0.846803109264861
0.844053689908875
0.842216546932067
0.841224707329282
0.84029461335814
0.840454177845461
0.840747382099666
0.840463855686343
0.839709845682748
0.839422431037447
0.839536398105232
0.839560063887267
0.838863882427207
0.838036644688991
0.836142691682074
0.835605400520547
0.836083160339746
0.83745645047476
0.838981334846271
0.83994513131711
0.841013787773163
0.843544336994322
0.844578717420623
0.844850423689819
0.844850269377835
0.844062962716463
0.843877487709096
0.843401350617927
0.843262328581632
0.842898149905105
0.842809710725049
0.843072391212241
0.843133557710741
0.841808364975411
0.840799512320857
0.840814840826963
0.839799765574257
0.839629368815714
0.840129983431442
0.841120201842221
0.842462770375864
0.843393743990962
0.843531916810406
0.843665688098655
0.843323017642338
0.842812440961363
0.842016378090595
0.840052834861458
0.837483248065563
0.833745114675011
0.8339859573115
0.833903891270756
0.833821088328932
0.834016157059155
0.834164061447892
0.833740105536095
0.833948933820904
0.833957946961753
0.834966206397842
0.8358910077468
0.835887169686053
0.834876719928356
0.834662730563995
0.833905452840151
0.833810788364564
0.833431057290213
0.83302138302415
0.832708579282121
0.832455303933143
0.831674725454473
0.830512312336995
0.830084606419454
0.830357096956032
0.830676344395706
0.831470927949116
0.83230470490697
0.833524350452183
0.835507340003515
0.838009133843435
0.842329538027053
0.84444086293788
0.846618863075315
0.848812496050796
0.848274026967687
0.846723606812184
0.845453919260365
0.844284620824143
0.845057297629195
0.84501137894318
0.846795300810045
0.847971437941826
0.84733560566545
0.845821297854129
0.844526462585245
0.844735163364101
0.846644777329478
0.84840635004582
0.849743072936463
0.851262343062599
0.850650400942141
0.848214670886966
0.847906250423426
0.845657187002417
0.843906900607061
0.843556123004275
0.844538396564795
0.844127360856634
0.844347832351284
0.843926294760688
0.84559840715501
0.846416521151803
0.850588476919597
0.852370980005245
0.853286018762115
0.853380271929899
0.85330283277024
0.85319377888225
0.852322137080516
0.849786310560111
0.846970188634488
0.847864708842832
0.849173313954202
0.849880439617339
0.849319926652171
0.846554415792415
0.843446888722423
0.841341530580471
0.840231620403105
0.838604885980218
0.837327623397679
0.835098565353269
0.833416426790663
0.831368389819126
0.829232122513771
0.826743288083096
0.823168381297702
0.821161976740621
0.81983362755526
0.819476223414135
0.820656216925081
0.820750825379271
0.822324913788006
0.823656212556317
0.824052248034036
0.823697708148479
0.825172521257048
0.827294621493601
0.831154095711495
0.834788432816532
0.835563541264074
0.840434689673142
0.835111373993052
0.836394402142619
0.837770261041793
0.840864970424138
0.843575418875545
0.845361071192001
0.847007905005467
0.849159398145809
0.849851437190347
0.849995638018946
0.850408917933781
0.84965473146382
0.851545986798962
0.850366134915127
0.849523398564211
0.849068760820366
0.84855618767788
0.847918640157445
0.846595663297116
0.844687159100999
0.841787576524782
0.840233969885258
0.839598224692687
0.840027833169804
0.842050681418904
0.843701309686451
0.843961113679889
0.843978560645976
0.844624139640672
0.845403100743212
0.845306773950872
0.845301064101782
0.845698143576803
0.845799915768525
0.846428953653301
0.846793828054837
0.846937484897697
0.848100126604193
0.847952579466866
0.84660776365724
0.851393465430017
0.850588003009064
0.848592665833889
0.846074282821805
0.843986509529871
0.843331137608212
0.843119410255214
0.843184137945051
0.843566677244987
0.843495862129617
0.84329351517312
0.842605422061097
0.841949334596307
0.842071554301617
0.841446468287516
0.840090612076899
0.839687748997112
0.840950694958179
0.842300519927522
0.843190186843554
0.845298548822097
0.846279725128279
0.846873415291651
0.848190066221945
0.848021484591329
0.847111293359606
0.846919810362281
0.847423096361116
0.847436266323907
0.846178874991403
0.845267175971115
0.844977769009401
0.845141173088421
0.845270808916527
0.845013902507807
0.843196756616377
0.842289406912488
0.842030956119034
0.842333143499944
0.843822516585758
0.844844814891329
0.845546990769765
0.846083922798011
0.845645439891688
0.844674701534332
0.84363835634229
0.842420032731618
0.841428198886226
0.840510397116522
0.839053887401771
0.838738401933579
0.838666594833462
0.838156913917805
0.83873930118466
0.839327039703397
0.83948211342671
0.839112129436124
0.840092881886018
0.840272264985115
0.840962576441722
0.841376890727204
0.840697347271655
0.839826082859853
0.839100722751017
0.837918845149602
0.83723123481404
0.836677575667809
0.83594329825873
0.835246766262411
0.834659426238373
0.833832066288252
0.833608860215441
0.833095681909071
0.833619549647249
0.834797176154374
0.835469823784621
0.835757581937893
0.836767037267536
0.839246036145391
0.840909672483141
0.842700282214142
0.844275738744911
0.846430576063507
0.847063253957558
0.846951015857486
0.845844585070013
0.845395051181503
0.844961059453225
0.846361909314881
0.846580124829741
0.847854249134701
0.850511831026565
0.85068091197657
0.850960785859102
0.850520554325993
0.850575537648723
0.852410356882351
0.854219691441324
0.855176590305574
0.855454358884501
0.855238317781331
0.852583076667066
0.85048868363831
0.84788458143782
0.846718015857083
0.847084225140462
0.846851637425579
0.846081381357689
0.845699964938344
0.84471024406702
0.845277788275615
0.848147063082619
0.852472644821688
0.855065995016249
0.856961153239706
0.855554116872748
0.855240117752007
0.853870685003639
0.852682115394049
0.851119753222975
0.851294406790017
0.850123003045899
0.849672512944495
0.850648455159366
0.85060033709013
0.850030940472001
0.847871621399745
0.84560837389978
0.843328518854593
0.840961716841518
0.838289562187415
0.834735078390715
0.832299102101742
0.831227753116117
0.831001471677226
0.830851461785922
0.828609652966127
0.825628398145374
0.822910906587487
0.821487550035558
0.821724364467083
0.82229273846351
0.822661163901985
0.823943690698082
0.823614996403484
0.824209022702564
0.822864997971412
0.825010812058126
0.827872157082674
0.830905867581081
0.830488974195199
0.83341141169867
0.834198643896796
0.835476514215586
0.837143989176096
0.839644972798284
0.841705083785388
0.843518160867441
0.845084759844828
0.847462119178374
0.848937976432049
0.84944341111262
0.850246595390837
0.850554503899707
0.849989119740159
0.848283205452015
0.846982841776742
0.846926203050742
0.848335508220381
0.849348281538654
0.849619999290372
0.849321156802313
0.847681700596527
0.846860827892376
0.845586204756288
0.843601608728585
0.845081272728483
0.845917024651146
0.845994517819374
0.845912394041617
0.8464084665426
0.846595396953855
0.846615022053462
0.847925672781086
0.849012456018172
0.849360105347072
0.849303667569301
0.849301163395699
0.84865279920322
0.850179299534919
0.850587992460676
0.852042774483243
0.853789308602963
0.854912851076212
0.853832047670893
0.851910457564552
0.849688269173422
0.848385507015801
0.848306239804112
0.848107094947145
0.847475317637917
0.846866270142612
0.846191666959508
0.845969074670758
0.845730969597299
0.846531191746923
0.846801908462184
0.846450035033568
0.84628081456046
0.845486349726359
0.844828704598896
0.845504489411889
0.846613210781657
0.847859697673259
0.84828383186059
0.848895185657384
0.849321131898831
0.848986031803548
0.848979187670541
0.848793591310983
0.847594930844444
0.847715718564154
0.847092142016177
0.84722272053696
0.847054258946859
0.846713325688065
0.846143619549776
0.844672594334547
0.843738158714879
0.843380185212227
0.842589316457666
0.843622302275405
0.844084541904624
0.844462474477799
0.845288146393095
0.845252914692691
0.844791284346808
0.844511786065042
0.844774186230476
0.844899354107599
0.846050629506415
0.846686315189112
0.845879090725663
0.845171208300192
0.843604297269947
0.843381266543195
0.843868773417487
0.844638554458925
0.845335260499909
0.846074946926419
0.845939756770275
0.845761620571139
0.84457605176708
0.844601832423535
0.844742105162426
0.843978734594445
0.844252405293422
0.843069890595357
0.8424268975985
0.841397644104472
0.841831833841666
0.841444348425326
0.841099536221036
0.840022202585325
0.839628099090974
0.83907783775061
0.838987574666653
0.838955236790235
0.840103645794245
0.840669779568329
0.841986882896114
0.843800428368875
0.845644686090847
0.845435166487239
0.847309476383062
0.84788241100692
0.847523639393993
0.847208833531129
0.845612855991648
0.846438630899207
0.848565236573559
0.849099486479849
0.85109890324247
0.854157349092888
0.854459884886358
0.855070519562893
0.855416907149634
0.855818985255957
0.856682260732058
0.857679830130324
0.858793124817032
0.859456829096778
0.858805994018961
0.856804699000519
0.855456492505369
0.852868353781919
0.850690253299475
0.849960269192458
0.849355625250589
0.849012738083669
0.848620779808125
0.848007578762703
0.847825465378154
0.85105008549388
0.85487108483069
0.857732872578219
0.858810160646816
0.858656560737598
0.857483883896448
0.854996005875735
0.853153303459049
0.852434764209212
0.852475094849912
0.851840016417185
0.8507021288067
0.849934216549067
0.849947922634328
0.849499808638355
0.848640641003817
0.846355431373324
0.842881128353128
0.839157298804889
0.835632391165552
0.83465284405654
0.834471572176911
0.833419571959555
0.831308040964408
0.831139999346272
0.830749052155046
0.829828835146313
0.827714429947789
0.826515954128426
0.825939638172151
0.825704642365902
0.825377820506794
0.825778962447501
0.825327437834538
0.825059679084726
0.823452100294308
0.824114387294176
0.824760366730771
0.827885785596236
0.830481085146427
0.833004658024135
0.832625091770789
0.834516501736559
0.835502260828225
0.837786890450841
0.840313482574573
0.842606380204051
0.845432122413311
0.846570416833027
0.848173125738777
0.849165784799267
0.849174942446205
0.849280010481299
0.849090610361648
0.848374666921915
0.84805839380017
0.848161689164418
0.848582578290302
0.849395515527001
0.849910121580969
0.851554256296637
0.85123425880076
0.851117086428182
0.850773636446034
0.849175576692694
0.84808021154531
0.848529824365587
0.848272240669312
0.848582229811594
0.848711021759173
0.848721186897499
0.848449181965185
0.850786660168137
0.851983369465339
0.851942334615176
0.851778251968131
0.851842354253406
0.851886977200556
0.852513412459271
0.852170318264479
0.853075564057863
0.855572957918128
0.857440986839317
0.858207281428921
0.858613974427743
0.85805843416184
0.854451656077672
0.854165560732236
0.853166838618179
0.852361583274193
0.850811947417618
0.850319035289207
0.850590110333168
0.849946742437724
0.849900020933062
0.849431353297257
0.848620524905988
0.847483891002656
0.844680379852229
0.844553530880275
0.845633332724329
0.845944548868689
0.846270044159512
0.848176885598312
0.849175877260154
0.849775299209871
0.849950990964156
0.849667594874458
0.850682991576418
0.850118063450928
0.851247029388874
0.85171113926686
0.852308385295741
0.851845904715678
0.850838240306854
0.850016233816937
0.847811732154206
0.845293404440267
0.844701555527036
0.845081529181013
0.845883762321675
0.846609287990174
0.846637654343531
0.84793907630187
0.848729184650155
0.848378980687098
0.847823996311778
0.846772508172375
0.846789579373008
0.846591558905045
0.845896751242955
0.846895517610403
0.848264981737037
0.849944592106761
0.851234248829564
0.852552659294751
0.852579255971101
0.852405299726947
0.852644305634146
0.853733655014855
0.853401653360486
0.852737206298648
0.852447842848837
0.852226967276232
0.851455765052562
0.85044413189194
0.848786941614982
0.847455578456968
0.846065276641085
0.845415901385059
0.844603312666637
0.843656317017125
0.842641409903289
0.84195739402114
0.841073635206724
0.841631495712146
0.841968295416054
0.84276052794803
0.84295039582725
0.843057033715846
0.844210081599072
0.845354171655529
0.846743766294507
0.849732836008468
0.850562026707119
0.850949010847011
0.849945833357408
0.849033946569247
0.848655110111295
0.851041936730704
0.852463834120107
0.85573580757071
0.858908282766753
0.859691027452808
0.861595633513608
0.861836275152554
0.863381718412626
0.865802821201402
0.866232973970893
0.866041269432092
0.865933722867014
0.866139989820933
0.864203034022722
0.863933498528189
0.862435541671991
0.86180330665144
0.859080432244272
0.857320241269902
0.856083538576564
0.85624315573137
0.85506872648141
0.85578355854274
0.857016063890758
0.859143569497942
0.860253674026921
0.862811627881464
0.862142811972521
0.861834949521474
0.860058447637776
0.85384865969468
0.851329280604696
0.850214632378853
0.85035537493565
0.85055320630157
0.850465484059334
0.849504801841409
0.847551295565666
0.845418728223777
0.842425361523349
0.838945992345236
0.83726511199569
0.83654936891608
0.835583125318122
0.834344689419789
0.83433269131867
0.833526675390867
0.832253453856655
0.832037913176101
0.831962515620282
0.831372640799536
0.830426627125247
0.829160173443588
0.828464403554974
0.827485550103465
0.826815872109867
0.825812384805832
0.824758904626037
0.82468535501018
0.826780243337628
0.827598923087358
0.828025737552598
0.829994210836875
0.832256415601393
0.830826942073723
0.833051304712914
0.83564270401937
0.838757310139265
0.84202576993317
0.845068601515426
0.846761266509867
0.846866510337073
0.846154157544792
0.846387733313797
0.847144176119744
0.847692623012422
0.849012187295468
0.848888629656209
0.849698416743707
0.851065620098922
0.852246636475929
0.85312322876995
0.852924748721963
0.853280025496872
0.853390866875908
0.852449574531302
0.851606495137371
0.851537834432858
0.850808358777363
0.852253777377231
0.851002475076876
0.850803178787237
0.850137566834824
0.851056526430726
0.850603433466105
0.852642742738037
0.853349901057127
0.852968887557749
0.853448908877995
0.85389084140714
0.854803199281581
0.855314160491135
0.855690391618273
0.855144967422292
0.855647721217
0.855649134249132
0.855853345276855
0.855559281480181
0.855230888706862
0.855594572078612
0.856893554575751
0.856483344023621
0.856282893132504
0.854351809547774
0.85392197965228
0.853800440587298
0.853478033277915
0.851642122197277
0.850291041580944
0.851603670195667
0.850767743180721
0.848016241493794
0.846342939001284
0.846722670792831
0.847155353271803
0.848802247231531
0.850034734369037
0.85233429740783
0.851976667720777
0.851638350403344
0.850741583649347
0.851471399485589
0.85209545269034
0.853064305598395
0.852949283923392
0.854623902425787
0.852876089779093
0.85203788717139
0.852950833875915
0.851397974328451
0.850804792997372
0.850744342096386
0.850439947127958
0.849047006824645
0.848083276779948
0.847291726218759
0.847075880185902
0.848030275896506
0.847764114238106
0.847674832110034
0.849192879533183
0.850717809227246
0.851364125406771
0.85396455585684
0.855740832962575
0.857517667160728
0.85878962703638
0.859328440718677
0.859542630922073
0.860863142475103
0.860148668675839
0.859664297038982
0.860571836192792
0.859682467967576
0.858694135262688
0.857410624538307
0.857228586846895
0.856237738002766
0.856708678489794
0.856084915747424
0.855400664746194
0.855050259587282
0.853755001707535
0.85114672364896
0.849166076404892
0.847600832260778
0.846749904580927
0.846889289357006
0.846723683263342
0.847426688457514
0.847508139369183
0.84742667884124
0.847848748550824
0.848068190019576
0.849366070617794
0.852411057420346
0.854184950256631
0.856667753458922
0.857140783783142
0.858105732374598
0.857994178807465
0.859278586476168
0.861475352880777
0.865403328681324
0.868264452496651
0.870239551977543
0.870939577720515
0.87302766184896
0.872352834373437
0.872495038613342
0.872409792552465
0.872574070150694
0.873792153279498
0.872520738819075
0.871545183484012
0.870319021949111
0.868898413395449
0.867487520332087
0.867026097269137
0.866601092664899
0.866508013870962
0.865501998832612
0.865883493279879
0.864177699507743
0.863660517064584
0.864397091318682
0.864633682158514
0.865193498886508
0.866319775050807
0.866171325902352
0.86540366779835
0.862207026493385
0.859319915109722
0.853698206185175
0.852631719187616
0.85225334598206
0.852243465086347
0.850713128705205
0.847558488428915
0.844729636091303
0.842482544336834
0.839552507936631
0.838017599754644
0.836627448284806
0.836733477007591
0.836668948030734
0.836761254749766
0.83605546102906
0.834789683490557
0.83371094244369
0.832953320453584
0.832623203355416
0.832073111263117
0.830857489930623
0.830238883461418
0.829155749840163
0.828150500088356
0.827056188645086
0.826277241280601
0.826314562560955
0.827539582588227
0.829341226176411
0.830658344233035
0.831242116641876
0.831372536780611
0.831592873108762
0.831825262636246
0.835259847875917
0.838859659158827
0.8409584984745
0.843663000320594
0.845030556157043
0.845778781169003
0.846261836737447
0.846752429112118
0.846258536591801
0.846721752897564
0.847067669258841
0.849240567504642
0.850835355342256
0.852301514294732
0.853359449397074
0.85468429001352
0.855564810053504
0.855932417385851
0.856204811718128
0.855593977127036
0.854370260643397
0.852583683575247
0.854325684774556
0.853537866365534
0.855545132612492
0.855879243447051
0.853682250310085
0.854485071541784
0.85590421386113
0.854851478096018
0.853984824934284
0.85365692239682
0.852282204816867
0.852673300583488
0.853311240257247
0.85502458469603
0.856812859530947
0.858420553691424
0.857994725170042
0.858863728373518
0.858024691352101
0.855967540433105
0.856226601707867
0.856431023577106
0.8573531320505
0.858547350791861
0.859475546038255
0.859735710686464
0.858381364823935
0.857495406865389
0.857065348055807
0.855939367760696
0.855691716715891
0.855138174417444
0.854913710532226
0.855735336788946
0.854757485586659
0.854197298579898
0.853720083721137
0.852670895940094
0.853044679743069
0.85217105781927
0.853378858816837
0.853700707446772
0.852905167215097
0.852154125520118
0.851025136782646
0.851153391607084
0.85235144244772
0.853589277394425
0.854537009979777
0.854316898806423
0.854111701831796
0.854139672769333
0.852630098428327
0.85189425718638
0.852370709031966
0.853047956304316
0.852797479817122
0.851755316217246
0.850858565585156
0.85226274796798
0.85414753592706
0.854390881213828
0.854250184049037
0.855256605162136
0.856445517120639
0.857014355466982
0.858097106990523
0.85897011485609
0.860252147402025
0.85893658375554
0.857915272869132
0.859090870398827
0.860596380050988
0.861267551701384
0.861548274312031
0.861869345689117
0.861879800039138
0.861311904649118
0.859170844005508
0.858063911836066
0.857941475894212
0.859134024443544
0.86020952206186
0.860715531499624
0.860795388506613
0.859499778401867
0.85693229621633
0.85581696544257
0.853747307343719
0.852664009019818
0.851938927547833
0.851249909842549
0.851135604450615
0.851421055554797
0.851519718319423
0.852628704427575
0.85353608331429
0.855843084915088
0.859381204225922
0.861539723897673
0.864417871775603
0.866586857900665
0.868322303342647
0.869433089051582
0.869522604068895
0.869722945603387
0.87154615783265
0.873057683085439
0.873640879293508
0.873960855001627
0.874937378703603
0.873900330241012
0.874775408721046
0.874729153380068
0.873253351910742
0.874092745980839
0.873278506831356
0.87200170828304
0.872078043697775
0.872677389206037
0.87159688201764
0.870636781104026
0.87113734946171
0.870268088512706
0.869161674355679
0.868458881438659
0.867598906121243
0.867052406083671
0.866291054683576
0.867631654648986
0.867643113015661
0.867789893762901
0.868925130087554
0.86903044410197
0.867495243003448
0.863652954293567
0.861568048053664
0.85694456603754
0.853663189058622
0.853163636952891
0.851955961220213
0.849887867227483
0.847328658011982
0.844853205734984
0.842841292215183
0.841030418048924
0.839213259829743
0.838664566208358
0.837324310157644
0.837175858860665
0.837340425943164
0.835119849720639
0.834039861463862
0.833201380624173
0.832607993028676
0.832855910596703
0.833454314048957
0.833413030029551
0.833146982626241
0.831912895726377
0.830212155067709
0.83058799307234
0.830880273685718
0.83135921030725
0.83188705486096
0.832058394065353
0.833182217181668
0.832688397033569
0.832696585077119
0.832551897826073
0.836284531537327
0.84007609965911
0.84412719783808
0.846905117305395
0.848307956637807
0.84728421936942
0.847007525654033
0.847987028565744
0.848235129767296
0.849468014829758
0.849868042348715
0.851798412818929
0.854217573015824
0.855472198253797
0.856498732464735
0.858267895121563
0.858960476800116
0.859368931955892
0.858776458239679
0.857015535050388
0.856854393767558
0.856649654294925
0.857794651466337
0.857693061444462
0.859229924743985
0.859706686004641
0.858839258411257
0.858061514460829
0.85844760795219
0.858856369105204
0.858969866431209
0.858099507264644
0.855853187256224
0.85510024308943
0.856208999175815
0.857592715972673
0.85846243308271
0.859397081032752
0.860662199983534
0.860780577115409
0.859295256332852
0.857792716043258
0.859040827808083
0.860020388315527
0.861187708068666
0.862368353453778
0.861947905717527
0.861260213513222
0.859757055066571
0.859322376669559
0.858452351445668
0.85802022004257
0.856597923660966
0.856453639934289
0.855452069251637
0.856519404796039
0.857560386257661
0.857138762571976
0.855643800650082
0.85527777564787
0.853699610371283
0.853460239580677
0.853952637806902
0.853997537835611
0.853840099688444
0.853597235331612
0.854173624884066
0.855132744180114
0.857781068898008
0.861365751586697
0.862554670301619
0.861503857705976
0.861480057982216
0.8620603164671
0.861368866665975
0.862815443140602
0.862924658462465
0.860680154503341
0.858556484030611
0.858430381801179
0.858528086062204
0.8590357971831
0.858155632976112
0.857723740082112
0.857441177333511
0.858407687996431
0.859463664039198
0.861223200297511
0.862357160067042
0.862532757153306
0.863225396977372
0.861770286834617
0.864006336761165
0.864544109020255
0.865090919275342
0.865020266597545
0.865736519012075
0.865291389486059
0.865391334548155
0.864858745790196
0.863889676904882
0.864075092464742
0.863561429737791
0.861757961342076
0.860852622086034
0.861074524011746
0.861613516445229
0.861132188928324
0.861522697645677
0.862090039743021
0.862048645331652
0.860799491684326
0.860113872214424
0.858246252111993
0.857378057799355
0.857518108129283
0.858828385304084
0.860684519813344
0.862202581955909
0.863591161540828
0.86622391604892
0.867708317806079
0.869237253780605
0.870802352647938
0.871864565254312
0.872215062986013
0.872842554849232
0.872817294145107
0.872648409994733
0.874663056246094
0.873660962972299
0.874452731951098
0.874367030590116
0.874612618502663
0.874218062795329
0.874651915226944
0.874973591759812
0.874184847070065
0.874933281704274
0.873685151798604
0.872356116344537
0.873191332482489
0.873270847169078
0.873256622053862
0.872377348382214
0.870970431024568
0.87098140363198
0.869851407501695
0.869648108245128
0.869934951659508
0.869234502037533
0.869316578466019
0.869575278128537
0.869285635145996
0.870511539363682
0.869764983921065
0.870968081109198
0.869776050809838
0.865619894322873
0.860335486434107
0.857008927659535
0.856449888082627
0.854768328482479
0.853073936174012
0.850644962773124
0.848461697149062
0.845423220210522
0.843463426274554
0.841883619361341
0.840917310890968
0.839942167548623
0.83950172758702
0.840648926209583
0.840201468909214
0.840040604757812
0.838844246979602
0.837777028787185
0.836248846150459
0.835893937563103
0.835256019620056
0.834760443111695
0.834611757931749
0.835401292591256
0.836177986438482
0.835475775398952
0.834488677407634
0.833270577806207
0.832549296114459
0.832253343490483
0.832642853052325
0.832791744242432
0.838366573540242
0.840583565868831
0.842425023543374
0.846060698390584
0.849123748682715
0.849651585507835
0.849345792198191
0.84842909883753
0.850283682304828
0.850628584766548
0.852709415430346
0.854874054682199
0.856615387068899
0.858275994720361
0.861056656842685
0.861628029773034
0.863200445041262
0.860436075413979
0.859562099501907
0.858512049337657
0.857285278031012
0.858971803011922
0.860700783202583
0.861422244609686
0.862104143746736
0.862060051120728
0.863392509700674
0.86412967424568
0.865855748400005
0.866010876810469
0.866950805109765
0.866920486680981
0.866617443534247
0.864930930902543
0.864478285998155
0.86402530670108
0.864893211688303
0.864620431215972
0.864065568883183
0.863888966577882
0.862561953481939
0.861910282562469
0.86155426947642
0.862467161869883
0.862641638877016
0.862423129282615
0.862983827115684
0.862440654994171
0.862550774255069
0.861559741217479
0.860394971686583
0.859428961666597
0.859545400876676
0.858782357344295
0.857615789886601
0.85711574193617
0.857193408495019
0.856541213670195
0.856077547056508
0.854337429259664
0.853016070221241
0.853660261010288
0.855124382978402
0.856221572352505
0.856519200926753
0.856167417310737
0.859498338956087
0.861099006029015
0.862133606980566
0.86375606620173
0.864859529973202
0.864815511279512
0.865171264944913
0.864727107065171
0.863618608214507
0.864164859630927
0.863569625903146
0.863409352459925
0.862607779375775
0.864097986715587
0.864360337866147
0.863900637400469
0.864241693358407
0.8637684301736
0.863906336697964
0.863475672261381
0.863849178289243
0.865459595805074
0.865633003971378
0.86645637839448
0.867307627799547
0.867353448495004
0.867567324184511
0.869199591500241
0.868822196026306
0.868479449773364
0.868206118332358
0.867504148999631
0.866213110500468
0.865747250242616
0.866033166374882
0.865781785482736
0.865262236509163
0.865503405483792
0.865515862090855
0.86417586649251
0.863847709860546
0.863085764230224
0.86436371510452
0.864343357465165
0.864219231208861
0.864710998839369
0.865431503996919
0.866093193139228
0.866077649760966
0.866377879099881
0.865589586345427
0.864925606484495
0.865389311292275
0.867463928288288
0.867526157873288
0.867817914899027
0.868915181814032
0.869520674950343
0.870715259263749
0.871546798646593
0.872291241770266
0.873163265017388
0.873563270427301
0.87344584915133
0.875171336220863
0.874868668443274
0.875280934417998
0.873875746921238
0.874937771282586
0.875643801537286
0.877569500392873
0.876701122115828
0.876751237145965
0.876842193714826
0.875524686895254
0.875195461278543
0.876493767167024
0.875871422723169
0.876265651980362
0.874769766248341
0.875855771519797
0.874632125770286
0.87365968858881
0.872024338063193
0.87094201295718
0.870613464236264
0.871279389775261
0.870517640504259
0.870692434167159
0.870741450483934
0.871052498553861
0.871148695064678
0.870134046806183
0.8684120382236
0.865491794341123
0.861970353001663
0.859694132208145
0.856123118513599
0.85386452540553
0.85234712768482
0.850150681285413
0.848395816251299
0.846858160545876
0.846000485372231
0.845540533896183
0.844097040032132
0.84294585866708
0.843255639783689
0.843111570506175
0.843739128182506
0.84344529330987
0.843552368757208
0.842213046924241
0.839663509708459
0.83917543196633
0.839986617294589
0.840144670236621
0.839567990101286
0.838910590869396
0.837431487752758
0.83567960680773
0.835438114355709
0.834843149508788
0.834302585744503
0.834374258294647
0.835731081664248
0.843237596841168
0.847418004489297
0.849865095358273
0.852253103246604
0.852615680904657
0.852833946345096
0.85452649580385
0.854083699554469
0.855123423879053
0.857071702393727
0.860350868376638
0.862745392308377
0.864925859600245
0.865958645651063
0.867173754925575
0.86589896885726
0.866604486639584
0.865388323264307
0.864654105389616
0.861956886188703
0.861495823385211
0.861679802399015
0.862826045502191
0.862722581981137
0.862122699484566
0.863583006355281
0.866321263608269
0.867266753321458
0.868223313863965
0.868248402408525
0.868653373989044
0.869796823264693
0.869679654228999
0.868836518364546
0.869654146528894
0.869157074868171
0.868642816902587
0.868433879137568
0.867377779742781
0.863861651271392
0.864383469986076
0.865273660000467
0.865837935268156
0.866548850725644
0.866425632607167
0.867193154440922
0.86820334307815
0.867689907775502
0.866301434892205
0.865681591010842
0.864256240542376
0.864847611266774
0.864493113712325
0.863761614399309
0.862299122886826
0.861233436616763
0.861103963939427
0.860671423867189
0.860209553120065
0.859626087556751
0.859376759852843
0.859557185303606
0.860341225735855
0.860896953695299
0.861732651949859
0.861999648500121
0.863606434986281
0.865405156323131
0.865810343573427
0.866153434530171
0.865122097621417
0.865099288410744
0.864742205077651
0.865057603720802
0.864986322504823
0.867294500264568
0.866429881926117
0.867080052951638
0.868379727188622
0.867619136402134
0.867676271729318
0.866383199741864
0.866839826617048
0.867052706786839
0.86774979729316
0.868031641698491
0.868468601137266
0.867910351250418
0.867561740636205
0.867647119559545
0.866818762580731
0.867256596084506
0.867255322526931
0.866748916113457
0.866470895147373
0.865845432937489
0.865483759224769
0.865595603097987
0.865884322555846
0.866697837822107
0.866532528698389
0.867211237812464
0.866468323480938
0.865730446164596
0.865345502807233
0.864310077157294
0.863901528744627
0.863768334282113
0.864181435477527
0.863848251391223
0.862883565598313
0.862697737615556
0.863561499677028
0.864455325561084
0.865283965711913
0.864810203440377
0.865812546848166
0.867186804356756
0.867515847194905
0.868504610782002
0.868760849591423
0.869074391545476
0.8694214664266
0.870263759154877
0.871295535507021
0.872488451042521
0.872725566268487
0.873368048287411
0.87243759402613
0.873277254494631
0.873554966222075
0.874740361758139
0.873456586024277
0.874500258593677
0.875401660970089
0.87631419534715
0.877594099307069
0.877562956639885
0.878789741326879
0.877318803643629
0.878229841549128
0.87781406001585
0.876555414660949
0.875398187073005
0.874986143143097
0.8757112826425
0.875716819424823
0.875298072151339
0.873368825300264
0.873182599725616
0.873287201577429
0.872992930571069
0.873596831978793
0.871755261534355
0.870575547433975
0.870086287701445
0.869648477301435
0.869298353791531
0.869380732646306
0.868473179288549
0.86659805968498
0.86498796885492
0.863205249125045
0.861406619165295
0.859592162702021
0.856662465167313
0.854310559126213
0.851664702481429
0.85088507185958
0.849315807358723
0.84870035913279
0.847716072220006
0.847443986699352
0.846946945148221
0.845722667807751
0.84532467483187
0.84517667917133
0.84554536411423
0.846289389929281
0.847385349614558
0.848483473831926
0.84783856470566
0.847456270867688
0.845806280803964
0.845120934621901
0.843523418835323
0.841717868496081
0.839923326424614
0.839518561425273
0.839052633464489
0.839316003734797
0.839856721986441
0.852005124252051
0.85386471344392
0.855787144605191
0.856118174255483
0.856692614919267
0.858417659864812
0.860703889832468
0.862326218605815
0.864357462348547
0.865207587744898
0.86589563521973
0.866652933886693
0.86700611679702
0.868108273111989
0.867264873571507
0.86640272495672
0.867177538027513
0.866242672160985
0.865423249290166
0.865025935332172
0.864418629337271
0.8627650649879
0.862174020205492
0.864073414327473
0.866011541083176
0.867686693839119
0.867756591257847
0.867731079100784
0.867376969026664
0.867113181443246
0.867127968771637
0.868554398776942
0.869235436850965
0.869780928962588
0.870102450653482
0.869937159321924
0.86973401904612
0.868760855156904
0.86760448477929
0.867327265957286
0.86886957676401
0.870523388560461
0.869311962732112
0.868887463596593
0.868076188803181
0.868888761193243
0.869464341333556
0.867981723521586
0.867381642537481
0.866616994725303
0.864923405494704
0.864236456049422
0.86444802588164
0.863407657769512
0.863275964875412
0.862481175726863
0.862312187359705
0.861824379054845
0.861938043589002
0.861820190160067
0.862991557311766
0.864353149527296
0.865099327119862
0.865489757733265
0.865668774072344
0.866127758132067
0.866958090966886
0.867600734086943
0.867651721691709
0.867476922241178
0.867211979224385
0.867107474446757
0.867279549417685
0.86724261978515
0.868958007510343
0.868743352707586
0.869202092557622
0.868683778916731
0.867920439355572
0.866974489128546
0.867318003598735
0.86799744955491
0.869241413606195
0.868551444737217
0.86880399289658
0.868864596831523
0.869415579601702
0.868552865324321
0.868595068378233
0.868682895955258
0.868582736349654
0.868970324098801
0.868948757754418
0.868700091932342
0.868255240605693
0.867887301337553
0.867321838486647
0.867685536803405
0.866317806644793
0.865395454176617
0.865244359976664
0.865266998638651
0.864973993218906
0.865189706513107
0.86517126072288
0.864302927082148
0.864412357529919
0.864277403882694
0.863637850526651
0.861682969241924
0.861235701367108
0.86039727448717
0.861185855748234
0.862636045306071
0.863595686691919
0.864545673463798
0.866102231619853
0.866108421175511
0.867025823268229
0.867793137416748
0.867620883745829
0.868346118983178
0.869374621463529
0.869963061218901
0.870885944815854
0.871547819732281
0.873054892733976
0.873397497269839
0.873565573101651
0.874226400422156
0.873218787435468
0.873768149022004
0.874233459337709
0.8740923544666
0.873831347784858
0.874813280491729
0.876053419551456
0.87503144683801
0.876016456196878
0.875837485071934
0.876746508597431
0.878350105232338
0.877039449837137
0.876198925401165
0.874943865285959
0.875278954888792
0.876178654178164
0.875584456678424
0.874873696984861
0.875624926463702
0.874314115818959
0.87413536027642
0.874132674652489
0.872647780703922
0.872330038533373
0.871123121356772
0.869723288484892
0.868652996746718
0.868310663535538
0.867862594464303
0.867644588120576
0.866582624794777
0.865321970121988
0.865099957513117
0.863422858613489
0.861823462445444
0.861042893851685
0.859854298706849
0.85819784293738
0.856379095515594
0.854899106471798
0.853170934722252
0.852495021659439
0.852895462563237
0.851205917554694
0.85008857829413
0.848855044593367
0.847543639921743
0.848383832686578
0.852600175065292
0.855178026014094
0.855363492747591
0.8540214458921
0.852601148158577
0.850062812032144
0.84841393864488
0.84544898593291
0.844465770092505
0.844583457104572
0.846110844908415
0.848872600024553
0.850719051549622
0.862369686375314
0.863191587023042
0.864868325717146
0.863720681444233
0.862091098021721
0.862594683724445
0.863960445906443
0.865859274957391
0.865756563161173
0.866127307744361
0.8681185540764
0.868715235494416
0.869707477418885
0.869877014031162
0.869358557252487
0.868730563843082
0.86854594668346
0.867074643851862
0.866176862860443
0.866404403622353
0.865875066314607
0.865645786907724
0.867493789021326
0.868477406408983
0.869216053625424
0.869328301397438
0.870268484915452
0.870187243092841
0.869356684039393
0.868784536733148
0.869243065341084
0.869419988846841
0.870051528624034
0.870850947029938
0.87021421368386
0.87011230762048
0.867751942414263
0.866988413058482
0.867885877241853
0.868113736876459
0.868290589655397
0.869319912302024
0.869031018579182
0.867986817017085
0.867392172825622
0.866890284931694
0.867153054247259
0.866897269656249
0.867646380797439
0.866519510875973
0.865723921810526
0.866536652073272
0.866795704153834
0.866164734061729
0.864834944557584
0.86449291526812
0.864198075142923
0.863831655817578
0.863765455874834
0.864538183502274
0.865018574944179
0.866147525975754
0.86638221182805
0.865425387161415
0.865140548845945
0.866525448858105
0.868103400889068
0.868219832108344
0.867572191066702
0.867947625525714
0.868985131673538
0.869916842980869
0.86978302638115
0.870267011422519
0.869576816847577
0.869883971346803
0.869307481992158
0.867861578879011
0.867171884124802
0.866816576813101
0.867443107785798
0.867438197553948
0.868152273730211
0.868059214553025
0.868457507612713
0.868070175072883
0.869063554036043
0.868554291676167
0.868087043251911
0.868337811707388
0.869000693060435
0.869246212863893
0.867167908320633
0.866478755560628
0.866292363659718
0.865635466333263
0.865770325855995
0.864529903426012
0.864055515507164
0.863328754269342
0.863279644085736
0.864050302033897
0.863715071707951
0.863933282313379
0.863074636292785
0.861880151782797
0.859940220023945
0.859145144728666
0.85815352975569
0.858071503636187
0.858110943080541
0.859186137279881
0.859553965182267
0.86077059633811
0.863522573925483
0.86417923827021
0.8649903725315
0.865661139035274
0.866728141928133
0.868919835080597
0.870301660512298
0.870535338591014
0.870703166289613
0.870900064146796
0.870753644672324
0.872650416331358
0.873173484889027
0.874068065968283
0.874068625986059
0.873800993996651
0.873582601689373
0.874014023877837
0.873966980531248
0.874292003372305
0.87442263748772
0.874019694839217
0.875204402428312
0.874608151522661
0.875233562361571
0.874853584002062
0.875834199928982
0.876323518230227
0.87588075352844
0.87524353742034
0.874734208252934
0.875955259203293
0.874698005411279
0.874920965924921
0.875150347615895
0.875017095397483
0.873772969910902
0.872089975414184
0.871667595800973
0.872593590922789
0.871905124198597
0.870490794404115
0.869521959019234
0.867522034878172
0.866395762711917
0.865592775452997
0.867649945893183
0.867419447264048
0.867472137962127
0.867170591322257
0.865194887648061
0.864457748403897
0.863553436816677
0.862964645857153
0.862242788152972
0.861783612168608
0.860798570720481
0.85975406184026
0.859387568928388
0.859468731437029
0.860054025775794
0.859507786741391
0.857743131437276
0.85293859795498
0.852134503534956
0.857022700635739
0.859983437901317
0.860206506438829
0.861245509566763
0.860814403774879
0.858873041988868
0.856524169457966
0.853486602272446
0.852829912934792
0.852664373725903
0.855336016678691
0.858332412920144
0.860960174327351
0.86587824429926
0.867079534135454
0.867116021898713
0.867121429640364
0.867780708534106
0.868537198360741
0.869611333232992
0.869204595057188
0.867584717622278
0.868778497977424
0.870190454365834
0.869692245613998
0.870234639159054
0.870229772951021
0.870980251795698
0.87072349440347
0.869079813379772
0.86861728129928
0.868054906860063
0.868887107794378
0.869035805855893
0.868776960296807
0.868806016190097
0.869973168439345
0.870013361560364
0.870090756143822
0.869651620399989
0.869457428972988
0.868833903651314
0.8687583339587
0.868612765177718
0.869361302153198
0.870914091684448
0.871061454363371
0.870749828353881
0.869208805200865
0.869210519010281
0.869373198118317
0.869969583544009
0.868601907189977
0.86845933700602
0.86874042662826
0.868460481985336
0.868583290467074
0.867392108051529
0.867210801961461
0.867346091324557
0.866694140053618
0.866118887294585
0.867076093149467
0.867285419332687
0.867453728070072
0.867347675774198
0.866911370169261
0.866515740077857
0.865630983665366
0.865667183773871
0.864119761574308
0.864751732738565
0.864649352815222
0.865864815684733
0.865725712538251
0.865758181154242
0.866165121294279
0.867781644676109
0.869095761007635
0.869083775881446
0.868612987946985
0.867720219310266
0.869208265768079
0.870141322905202
0.870478799412521
0.871137460973912
0.870703085933588
0.87020751740713
0.869546856192137
0.868320693702775
0.86740997410868
0.866831079970694
0.866782654933432
0.868464391371409
0.868043500924802
0.869053106297531
0.869039967054719
0.869204070786041
0.867999986809907
0.86820587777286
0.867987305611438
0.867521112018314
0.867954312102485
0.867447730563467
0.867829081260588
0.86575262947259
0.864566501422173
0.862746997264412
0.861427978785995
0.85982412291238
0.858539287470509
0.859100864188799
0.860125193908387
0.861173580599112
0.861533023164262
0.860412396341818
0.859213672057399
0.858513565704842
0.855698235633504
0.855903673826363
0.856457554635971
0.855004886067372
0.855310458413669
0.855029080739681
0.856112310754058
0.856983441645623
0.859205544860001
0.860344094456167
0.860019737801921
0.861447912918989
0.863060792854131
0.865455018454931
0.867868916852237
0.869180399307161
0.869368006001923
0.870321426213007
0.870168679356505
0.869764010084446
0.869721522428387
0.870036158120205
0.870951542038227
0.872368539854037
0.872520804504954
0.871930630156237
0.872984473582919
0.872326859817808
0.873945995940279
0.87470605834493
0.875308651628407
0.874677416962331
0.874935883866256
0.875379055112124
0.875087115278284
0.875629193675204
0.876504008652276
0.875370364439507
0.87633169545325
0.876429030227433
0.876005056449822
0.874707680453123
0.873776977946668
0.874326460458218
0.873847861802529
0.873617427540301
0.873583988100934
0.872075709896743
0.871544933000163
0.869675380316835
0.867886156675203
0.867437533303548
0.866125633511367
0.865798685049191
0.866083971683491
0.86507078433025
0.866682012708113
0.867383271947443
0.866920305440352
0.866468846134116
0.865510807395863
0.865128270261614
0.864988955530469
0.864058818654465
0.86342703311963
0.862729652808718
0.861278361119604
0.861115745606879
0.862029825049955
0.861892621652334
0.861782492274626
0.861728908754004
0.859246181432758
0.859764141255082
0.862361634321546
0.862357361140231
0.862006673220073
0.862784042127988
0.862007397219905
0.861688737061328
0.861945092916423
0.861610568688405
0.862215896619081
0.862802088612841
0.862893770283242
0.863746387790747
0.865290397039466
0.866151118354099
0.866702338096578
0.867711218829523
0.868236755118792
0.868798613812303
0.870175095709396
0.869873996337801
0.869701641616757
0.869418064974932
0.86934486796159
0.869995976725319
0.870162047821746
0.870283370139992
0.869585466703968
0.869047746571339
0.868912461049323
0.868341828723055
0.870802365360566
0.871317530337028
0.870586816263149
0.870818283106172
0.870512409496506
0.870372195761584
0.869864566152019
0.869610352213015
0.869417250039858
0.869740718722878
0.869265906574311
0.869944641580684
0.871264953553181
0.871197313178226
0.8714773226241
0.872126716729663
0.871984750389358
0.872130619614891
0.870190480709747
0.870423060551977
0.870378250613361
0.870134020344372
0.868033280959606
0.868920293062545
0.86940608580689
0.868614067461414
0.868206770493264
0.86813278893517
0.868275253912858
0.866883683909741
0.866800397019105
0.866709684148164
0.867594665339356
0.868071292355526
0.868051434125321
0.867803502459899
0.866208504397647
0.866603692897034
0.866275434333653
0.865942973760368
0.865235285880268
0.865217638854823
0.865279651589736
0.865944178192229
0.865903931301723
0.866825412825013
0.867468265327798
0.869098917787245
0.869243811733405
0.868605464427557
0.868351099008517
0.868790950186382
0.869659919547193
0.870702583611677
0.8710576310926
0.871175837828177
0.87074721378798
0.870485885503927
0.868632422523597
0.868398088430901
0.86629723459306
0.865648580753035
0.867009794636635
0.867765288554243
0.868060143092372
0.868337477050326
0.869149413457166
0.868748034085206
0.866962893785997
0.866751003725056
0.866970188388403
0.867306001077104
0.868124163883744
0.866471267954793
0.865337517669735
0.865101643434401
0.863077822435269
0.860512459228549
0.85872970706878
0.857521276444985
0.85759708302145
0.858830023254572
0.859197931025817
0.859395174916777
0.858236192913833
0.856744890868961
0.855758081971205
0.854450355863302
0.852961188407674
0.853209423025392
0.852376906015103
0.852105770117644
0.851972994201573
0.852373575566432
0.853209644990788
0.855860664629317
0.855365529456701
0.854695106216268
0.856842102932089
0.859074989826291
0.862932376562705
0.864812981288576
0.866740593528484
0.867374333385225
0.868484725049805
0.870119975803802
0.870328645486904
0.868399595969652
0.867541697378715
0.868578970198969
0.868619562658482
0.870005988168149
0.870701826926116
0.87031506782368
0.871001548390002
0.870870208692827
0.872421357353586
0.873127255239982
0.873668831103919
0.874545194548715
0.875508989916835
0.875463572120843
0.874986998430828
0.873729306178185
0.874868534169608
0.875214007938812
0.874830630592303
0.873849278098355
0.873944491274299
0.873510031553523
0.872355682046127
0.873406092942256
0.874050854487782
0.873303696770845
0.873038295619516
0.872296615250204
0.871873223132624
0.867407198808192
0.863930775483972
0.864174600511348
0.863299228963607
0.863770355108785
0.864078112253803
0.864142764839315
0.863184256426701
0.864589767885602
0.865010637450755
0.865065707619817
0.864652478328521
0.864121366637495
0.86427259063156
0.863923256672944
0.863144309906377
0.863876875198854
0.863166770638716
0.862061973912142
0.862468494318625
0.86275201686458
0.863163411992563
0.863817294851287
0.863114006294885
0.863409257288061
0.863901016082314
0.863778240985937
0.863199078865621
0.863537663953628
0.863509757036875
0.863995342104006
0.863459224164607
0.864063315597856
0.865062736735311
0.865129720226577
0.865538213466127
0.86600088835489
0.866845399774284
0.86728007107206
0.866860592706308
0.867366912167476
0.867217990807597
0.867612134179059
0.868327552926396
0.868542570678454
0.868996744090566
0.870008913231902
0.869222813646219
0.868310302057852
0.868655820000747
0.868489751501113
0.868329503742712
0.869903558455073
0.870989312227919
0.871424341207385
0.871652733677529
0.871064069285389
0.869687382227276
0.86992483808563
0.869627482378081
0.869601713509365
0.869418104176342
0.870104710783402
0.869452297199596
0.869980807770271
0.871052575625821
0.871765630910945
0.871681807730956
0.870644425479543
0.869778298986372
0.870430443767608
0.870418809757151
0.871291715560804
0.870453053227601
0.869853464172918
0.870032859372463
0.869627593161103
0.869005037386705
0.868627254733809
0.868772049182833
0.867426723767416
0.868428306252436
0.868525471002658
0.870527545880258
0.86976711565649
0.870642142909643
0.870735190511112
0.869716234682501
0.86983427076243
0.869841573689839
0.868110466062692
0.867388196040638
0.866794463434416
0.867031592029083
0.867313357257588
0.866390081265733
0.86737064175213
0.867385814133469
0.866991811340238
0.866042457583315
0.866969838913802
0.866828035023514
0.868006439029164
0.868014682628261
0.868252508276688
0.868442722340125
0.868323021027752
0.868808774916646
0.869176057396408
0.869788941146359
0.869910450384678
0.870771037945979
0.870649629896996
0.870072711762985
0.86996707518922
0.868331488861001
0.867677573316113
0.866802712093731
0.867785005597459
0.867139276091592
0.867402597565504
0.867259459511611
0.865916063111121
0.865436509030342
0.864526612830341
0.864868618495642
0.865625894567834
0.865028908592708
0.863876795548249
0.862519108332146
0.860104417227089
0.856745500462152
0.854438156020174
0.853847338474889
0.854607371119712
0.855672458801653
0.856009785544899
0.856490839639278
0.856531605279576
0.855553380854385
0.854831404329701
0.854370396590346
0.851931603558694
0.847912610093383
0.84668858177855
0.846293859256167
0.848635000433771
0.849518570298098
0.850226612650012
0.852523733315174
0.854751296484418
0.853512063025757
0.852757646888312
0.855166649374147
0.856821198196857
0.858805314329458
0.861730045213756
0.862297347837475
0.863672724125809
0.865060155302844
0.865664340595506
0.865486238451052
0.865589033979009
0.865693508929035
0.867305908791525
0.8686866062527
0.870940860117594
0.871071060979288
0.870373149850892
0.871550948973668
0.870723808142815
0.871557522872491
0.872981978024047
0.872981668184476
0.87347431877006
0.873379284926556
0.874479926796539
0.87395640917228
0.874531930747657
0.874432184325641
0.87509177067493
0.874572329218573
0.873686223832843
0.872067734744751
0.872455820842263
0.871949360147976
0.872452873759864
0.871683788994618
0.872065705985423
0.871866141973908
0.871584441480157
0.867659454985915
0.860063746712651
0.850574168987764
0.851768193264911
0.85724234411027
0.8600691284539
0.861768089183895
0.860752664355146
0.860264901516008
0.860835191404885
0.861350771314422
0.861284066387713
0.860668607950221
0.859812340686178
0.861637135035191
0.861722280922701
0.861160514762716
0.862036823445034
0.861438321431415
0.858112117422339
0.859566799472901
0.86011813909154
0.861302976310523
0.862568628840101
0.862564438074676
0.862822055387603
0.863077279558845
0.863991420046229
0.864117387760036
0.865141398911806
0.865481184491898
0.865438645780079
0.865831401801884
0.865532846217842
0.865685526895458
0.86597823802732
0.867003373600089
0.867580192569513
0.86744101492321
0.869182732573302
0.867686534864803
0.868089525368102
0.867682035758333
0.867287384520729
0.867051704282356
0.866294364822337
0.867049396459296
0.867786581329518
0.8684715981943
0.868476855626729
0.868587730568719
0.869437743931231
0.871091993221218
0.873270232194378
0.873294360269637
0.872702835899822
0.872404189463403
0.871362311753417
0.870850627977474
0.871755775353718
0.87072545421791
0.87107510479601
0.871689418705711
0.872514649871874
0.872693273157723
0.872993815511489
0.872803060680567
0.871262480627965
0.871377482363051
0.870994929292413
0.871252082395824
0.871551989112849
0.871734926375071
0.870546079192949
0.869166389167238
0.869512412512301
0.870090821468759
0.869080558501421
0.868257953897938
0.867659056582996
0.867047099047396
0.866044375510967
0.867606699982301
0.869410961957547
0.870636478887325
0.871929341367582
0.872250262496777
0.872508936765427
0.870887749278118
0.87063111479261
0.869922956780527
0.86933344187996
0.869356014138597
0.86907315474566
0.868687468270706
0.868297746471174
0.867030351808521
0.867205283119118
0.867578246634489
0.866378356647343
0.866835773208795
0.866846564225219
0.867685755372066
0.866939564380351
0.866466561044464
0.867538456388554
0.866801079185817
0.867109927760124
0.867366252866442
0.867818007070085
0.868362955110069
0.869512900089239
0.870085068210279
0.870303180909039
0.869803583044629
0.870054791162951
0.869149299440138
0.868298879623617
0.868113363591869
0.867495340018549
0.867339171156294
0.866734418965709
0.865759559328713
0.864838623187679
0.865302619691002
0.864649408888151
0.863550032151448
0.862420232425625
0.863746194377251
0.859769139425947
0.857169921076188
0.855747058874565
0.853768132002012
0.851197160635033
0.849519717857429
0.851265234742515
0.852914332313588
0.853078536759845
0.854153399206233
0.85546372049833
0.855625470811964
0.851693919810061
0.848634054724249
0.847725397436614
0.845153001527256
0.845152829397658
0.845378239867533
0.847052397660273
0.846957167404007
0.849517479868454
0.853077919662381
0.85269341698247
0.85167151736687
0.851656359839871
0.85370935103992
0.855882831968684
0.856987482395132
0.85817984106585
0.859170557309091
0.85941290653866
0.861216208961434
0.862102973001204
0.863481236513939
0.864294562980411
0.866085349009416
0.866474561779754
0.868167078920989
0.869423610857388
0.870388323856979
0.871040090191116
0.871559739289359
0.871273871869064
0.872041631141644
0.872848396717022
0.872462794527653
0.871564604704169
0.870699896933187
0.87113545730566
0.872104285518333
0.87230116620577
0.873463512419751
0.873270833833226
0.874060035689571
0.874325085873203
0.871757694379599
0.87226422837778
0.872947697812522
0.872267057595248
0.872212371694322
0.870233259732031
0.87125894726369
0.870505348807602
0.858030015553175
0.850278777816331
0.84598434800097
0.84878570964773
0.854508761338783
0.858393329942701
0.859977272909629
0.858928218326335
0.858467473767342
0.857201536795493
0.858210912793462
0.857904834347664
0.858722802000662
0.858771867565747
0.858445389589516
0.859225318585086
0.859934083886912
0.859508867557522
0.859572464797314
0.859979398969646
0.86004724453301
0.860324826786793
0.860376482714231
0.861481312043811
0.861648244773631
0.861711933649362
0.863374747963351
0.864110053039399
0.864284388323283
0.864490431726908
0.864972109502326
0.86526615726852
0.86453982738909
0.864251672554474
0.864714886599033
0.865445858803506
0.867551665813051
0.867740238759343
0.868885650151299
0.86790888860824
0.868376642359944
0.868773422314226
0.867926702996217
0.867948632482982
0.868202481018359
0.866317502988848
0.867045142610744
0.867413283463917
0.86866528279791
0.868683907012907
0.869027236321369
0.869825202731834
0.869035115504253
0.869866221343899
0.871262230100946
0.87129115811931
0.870643361126932
0.870202426955881
0.870188400447611
0.870410737876268
0.870745703533064
0.871079372665171
0.87140025934371
0.872252653791871
0.872539760071843
0.872064820964209
0.870830026423124
0.87130949645831
0.871388138154332
0.872243256841753
0.872135335867757
0.872474732312502
0.872351275720061
0.871764769736212
0.871714443314822
0.871884500756196
0.870489239302647
0.869206577924798
0.868508956634668
0.867699986942456
0.866232785128945
0.86801929264784
0.870701051147615
0.870504026727489
0.871731661735452
0.871355158891961
0.871903039555873
0.871866226101146
0.871680358192787
0.871331445803312
0.871366309472685
0.870044354973858
0.869581024062996
0.869610263854065
0.869350226101544
0.868522945748247
0.867566641234219
0.866737318872595
0.865824557130367
0.865766905144464
0.866779464725163
0.86698650565644
0.86597493955769
0.866075248367579
0.866892555160904
0.866353719489383
0.866232378848993
0.866707033176852
0.866222731187171
0.866327715134755
0.866045846976241
0.867572629215641
0.86886493643908
0.868388073901499
0.868716523744059
0.869749662952443
0.869973719990875
0.868736939164449
0.868588918426754
0.867329410588826
0.865654864330457
0.864763798860293
0.863947689274524
0.86306335752398
0.863555724184215
0.862181031949484
0.861717364835832
0.862133096237947
0.861321773722521
0.858784137674873
0.855284015683666
0.852099232776189
0.850288415778417
0.846117362396306
0.845006972982267
0.84713691618159
0.848368224393971
0.851230839057967
0.852653476658421
0.849334196018617
0.846000541712469
0.849799759120117
0.851402508843783
0.850489118717627
0.847122818641273
0.844979741638812
0.847785500388174
0.848392361337585
0.84994215520821
0.853652984241186
0.855058626480615
0.852993007956434
0.848619720170422
0.844762518532137
0.845030043480164
0.848326355027715
0.849190145980343
0.851181428728281
0.853203134047487
0.855604424073737
0.856700090214604
0.857714784471041
0.859219422421326
0.861755513182708
0.863934541055447
0.864775114223918
0.866444841622201
0.86774170945466
0.868998966930071
0.870422691657871
0.871382807333688
0.870590977733439
0.870452002187138
0.87006330941205
0.870795907731365
0.870261817770748
0.870738774410979
0.87024709889223
0.871353634230917
0.870506103293185
0.87069587849858
0.871478033690797
0.874116503255963
0.873882228889174
0.8716067448858
0.872132257290294
0.872879613754512
0.871398010196279
0.870660007816835
0.869797721950645
0.87197443293828
0.864347294761939
0.850477287156165
0.843965338177548
0.84241889142881
0.847644007739904
0.85244041093065
0.85460628810164
0.856318029956333
0.852653115416367
0.852454237592268
0.852434847136495
0.852281998290759
0.852074615720984
0.854419244271837
0.854883563282219
0.855857141108944
0.857100843952763
0.85748782366702
0.857126631722335
0.856866638401633
0.856717340477935
0.8577226829006
0.856940160116231
0.857297738980645
0.857925876844119
0.859151655722698
0.860033808905674
0.860152835568111
0.861748154924247
0.861978169648861
0.861774428336578
0.861577345790248
0.862044946963402
0.862562864495474
0.861750943191604
0.863372313601977
0.863735507539025
0.865912587907896
0.867788724796645
0.868082384603088
0.866742599945354
0.866961345322865
0.866801585594568
0.866230512659033
0.86688330094677
0.867280356838209
0.866519287618648
0.866856224634391
0.868088792729235
0.86865492538565
0.868583514475281
0.868932850297215
0.869453648424289
0.868903412499654
0.868623661251984
0.868940907593065
0.869882091435129
0.87092802908777
0.870941394925398
0.870779040772336
0.870275364437857
0.870186720832366
0.871847738240847
0.871763837657796
0.871922895673851
0.871355902157029
0.871149041193276
0.871017236646433
0.871463617998139
0.869912754726992
0.871444147609821
0.872169805158482
0.872885738626246
0.871677146964463
0.872912161403857
0.872129336065786
0.871467798870231
0.87092640417844
0.869192463507584
0.86855871112305
0.867815725671684
0.86743647632331
0.870113389597194
0.871564251660426
0.870627418472777
0.871189208013862
0.871365656290889
0.871471956380878
0.87170619125806
0.870523810552901
0.870103481724817
0.870543933821774
0.870101364491847
0.870355375514457
0.868715151731877
0.868350201072582
0.867189232047996
0.866149608940492
0.865566229146053
0.8644982899285
0.86616695483222
0.866062161043874
0.865708934622859
0.866294078084159
0.866652760888559
0.866757136341293
0.865277639258305
0.866414355909173
0.866548020795214
0.865418282120593
0.865757748602527
0.866623488838757
0.866799053290898
0.867644102874165
0.867366924267677
0.867558867572072
0.867426799729651
0.866767168896707
0.864998181524978
0.863653415788981
0.862445695536649
0.862969124395665
0.861555158317678
0.861274288144511
0.860731682469847
0.859534418436883
0.86224215200152
0.862188461753114
0.861794108985782
0.857809433050646
0.854734972694165
0.84936607521302
0.848702984885784
0.845390548098411
0.841425524336947
0.843259450307674
0.845716183653966
0.847034027323433
0.848290297702131
0.848288721081928
0.848246762149825
0.84985357310978
0.852046018014456
0.853893748536934
0.853586204576974
0.849079039372799
0.848019639734669
0.847880653478649
0.851152693416835
0.85192162338455
0.853132843647569
0.851453553178629
0.852004228602358
0.852638732107529
0.850834545985279
0.84834798501415
0.848685097568044
0.849990843664363
0.851150890058174
0.852979458806596
0.854263803151255
0.856287828275988
0.857683537274999
0.859273753587875
0.860967079789463
0.863905484120292
0.865034689415491
0.866026886018219
0.866459739841234
0.867892460050344
0.869653877026404
0.870652286411809
0.870588344872763
0.870570427736545
0.869798327888332
0.870176970297374
0.869805747850745
0.869255657858804
0.869651388493986
0.869893258453683
0.869290637977826
0.870262191231562
0.870586079875156
0.872026400564698
0.872574562843091
0.870105887358008
0.870446739786063
0.872352339448838
0.870912344408087
0.871182772822085
0.870172866335776
0.8715310369248
0.854759514071393
0.838239053790126
0.834805713613378
0.835974942722168
0.840976039470437
0.846333173243716
0.849069800027148
0.850404265881682
0.850499905676245
0.849784918798997
0.848737775992761
0.848219045481187
0.848193277238009
0.850057393641468
0.851573154825882
0.852196733094614
0.853970590057067
0.854345443911011
0.853656047964679
0.854896932287542
0.855002077037274
0.854610900918012
0.855668975080291
0.85567049957715
0.856436531053206
0.856066578864639
0.857640019767428
0.857615968533641
0.858387885536551
0.857731729116209
0.857904450001473
0.858167504731875
0.860442790294538
0.860793558171302
0.861535062580765
0.861470971379588
0.861676007260776
0.863229990835374
0.86428683320954
0.866194184958207
0.862754341742788
0.864210095710611
0.864203284446855
0.863684682256914
0.86468510337478
0.865436984469687
0.865229733827778
0.865983463217993
0.867014844600263
0.868376791453581
0.868244113033317
0.868814178484403
0.870220365088604
0.869783145447098
0.869235794243332
0.869373259192348
0.868200077819656
0.868737557049857
0.868481420446193
0.869718002839018
0.869155990981609
0.868964180352916
0.869749310317305
0.870881873687578
0.869894810076476
0.87016509276563
0.869933472186509
0.870782096076378
0.870460767079658
0.870385315450324
0.870946013171632
0.872288136166268
0.872482382566907
0.871671975794662
0.871220724381103
0.87065879803293
0.869336727633871
0.868258322705762
0.86756940167987
0.868384462661264
0.86843318214485
0.868441274580781
0.869328805381249
0.870757930576957
0.870356491597164
0.870656178949459
0.869918658214308
0.868564094464577
0.870718473888763
0.869567267643757
0.869850457205075
0.869841505663228
0.8695444069821
0.869699417236634
0.869342497421658
0.867160345743637
0.866747623539092
0.866161225282122
0.865924056889998
0.865380181049999
0.865725469780302
0.86596843389387
0.866191885943132
0.865735551358643
0.86539321229773
0.865781945311178
0.866680915199837
0.865842609789103
0.865843255247827
0.86536627828162
0.866130400998433
0.865810373298107
0.865640958106053
0.867179741956807
0.868025680087136
0.867212380702945
0.866249135473433
0.86520792887796
0.8617927359349
0.861837380565067
0.861834291807877
0.861228787618296
0.861531057742038
0.860877673693314
0.859871653943643
0.858481667954992
0.860585823656994
0.860297586776751
0.862581030983844
0.85835385610257
0.852711561776686
0.84806937510707
0.844003841719692
0.841697437773066
0.842036325957185
0.845946550539679
0.844857847433334
0.842527298581739
0.846533528179164
0.849478502345328
0.85247859019785
0.854415065041932
0.854088118832261
0.854154822123954
0.854717700100271
0.850335919571434
0.847755833236922
0.846339171639596
0.847789714323327
0.847546087027551
0.847147204600743
0.847448014240453
0.846520640416604
0.847904552477145
0.847712456495768
0.846497003234809
0.846841865511402
0.848266228904926
0.849927178842751
0.850610191892313
0.853283025771256
0.855604999642056
0.857846825607534
0.859472976396363
0.860981472646811
0.862620778925197
0.86318479908059
0.865074795924385
0.866061354519499
0.867286755464516
0.868199487121499
0.868197876199738
0.86842719092705
0.869020543438209
0.869389657681032
0.869487645316363
0.869533635173862
0.868679745170987
0.866900544347777
0.868050250961793
0.868875264491367
0.869860457499221
0.869240598575652
0.870667010763673
0.870267664377402
0.869533762280825
0.869078692997222
0.87107462332148
0.869326223116838
0.870139053528977
0.868911666820027
0.870071808534272
0.852111185583558
0.831524711183382
0.832795826292938
0.834276674484337
0.835922144772984
0.841296255508997
0.845441524635648
0.84596139538926
0.845798219451738
0.845427792559684
0.843937460026525
0.84298550784928
0.844726708049581
0.847345204745077
0.848553446168773
0.849810690487088
0.84959350489908
0.849643118010937
0.850299877813172
0.849670257322406
0.85051504943146
0.850858185436387
0.852199597817618
0.852860256362428
0.852984091917768
0.852699741813496
0.853735463519639
0.853940721175979
0.855337453168132
0.856360375581456
0.856071078592953
0.855696216028194
0.856672740170517
0.858376747474137
0.858650553336369
0.859337760131276
0.859205904878084
0.860284494593965
0.862514164117534
0.863120422397527
0.859161661075444
0.860860390034204
0.862683976687824
0.862539657669325
0.863364464929735
0.863831516314057
0.864520663570034
0.865843346053808
0.866581562347411
0.867555444383522
0.868861159448003
0.868698938413209
0.869144069465151
0.869152057966011
0.869105005780849
0.869685874788753
0.869023416779475
0.868254798916228
0.868744070181137
0.868608076396281
0.868687248580005
0.86764651284158
0.86875916069582
0.869536967899068
0.869912788514537
0.869077392389783
0.870672151059476
0.869702947093514
0.869693666854771
0.868434318250596
0.869879022834535
0.870843920484091
0.8705744185502
0.869348868907613
0.869032560439529
0.868409590808558
0.867315212230927
0.865669879319913
0.864826840878362
0.866655624293997
0.867654334937808
0.868895858325264
0.869094038777872
0.869042059335541
0.869309368052882
0.868380186267354
0.86773267814856
0.867712965484192
0.868264136651326
0.868440675334478
0.868564056847064
0.868959558671948
0.868392757415703
0.867393645099129
0.866496709099053
0.865050403768713
0.863766970236015
0.86453750177316
0.865229202771455
0.865308762978029
0.864371033509002
0.864273332800176
0.864579308655454
0.865377595830381
0.864407121839191
0.86530321337071
0.865381063865321
0.864073156144581
0.864452644807767
0.865163989919891
0.864503858358905
0.864319451306318
0.863582227831626
0.865711220191712
0.867233519505333
0.867230662005661
0.865627130193691
0.863716903926548
0.862449659906241
0.8619942508086
0.859888715072592
0.859124015172165
0.857210386223761
0.854819148024216
0.855334857613749
0.856187551955115
0.857505408187524
0.856789810372434
0.857940233476388
0.849865755235703
0.846265254613966
0.842257541902391
0.840715514938245
0.840147549289659
0.840360625700618
0.844719721634749
0.843734891350115
0.844417122325952
0.848459222108053
0.85108335243055
0.851127263202373
0.850504281827984
0.851444251894443
0.851641838092825
0.854334171657015
0.851220942579854
0.848682026371139
0.849344599503284
0.84924219428915
0.847861858790753
0.844494285956669
0.843614712466738
0.843007807885716
0.845124013472329
0.846240470767501
0.847644276407904
0.848494014458317
0.849508824508634
0.849788663411238
0.850961853665237
0.852556899331957
0.855761204124011
0.857896943491112
0.860559010927208
0.861507340920282
0.861724939233689
0.862988265263973
0.863733891983682
0.864753873474778
0.864958476173519
0.866402063856746
0.867590156802607
0.867945409462715
0.868669163002182
0.869294311729585
0.870215489150277
0.869144192088479
0.867857163484814
0.866853892162859
0.867673516940042
0.868188268516568
0.869679854426357
0.870596514357508
0.870885392611834
0.870627677357495
0.869752823768835
0.869343907473846
0.869105006601069
0.869347709901502
0.869885221409128
0.868015824180077
0.868360427469996
0.849690724413155
0.828905127359431
0.82792478981479
0.83243217054332
0.830570054889099
0.838501224003166
0.840633189753275
0.841642065693239
0.837399070195001
0.836191078230191
0.836263346880357
0.836788983542655
0.841113632169077
0.845832491794738
0.8493068494994
0.851679788875532
0.853480849432738
0.8535719955246
0.853723803092529
0.852447169876858
0.852577206282038
0.851702878149241
0.850795955483419
0.851210222626948
0.852331055392104
0.85244277257947
0.852666863509854
0.851639802712243
0.852325088787084
0.852719363688929
0.853323389472679
0.853163047676764
0.853421711462856
0.854823475887557
0.855185014163842
0.855121357325163
0.856803684331867
0.856514832230275
0.857623082871846
0.859448098591271
0.858015092063238
0.858393148859408
0.859045933662119
0.861494786822385
0.862955628294065
0.863386132234774
0.864301932030247
0.865429414275787
0.866066945278258
0.867147758245655
0.868919730123239
0.86853892821852
0.868767725599955
0.868143880588176
0.870211488649627
0.86940464198091
0.870840802999932
0.869967715346683
0.87029798913749
0.870109450062749
0.869304533177596
0.869205711858664
0.86911609458969
0.869819103446409
0.869737377917637
0.869022663135362
0.869735856554262
0.868697148961935
0.868649012310198
0.868901530937514
0.86866215227182
0.868951338517474
0.868558414595773
0.868762124007945
0.867667991156165
0.867087133107086
0.866299898567441
0.86582646065344
0.865276964058705
0.866328151427139
0.865599376353023
0.867255704304434
0.868406260376564
0.868845533935558
0.868490927313092
0.868423367985386
0.868233038323907
0.866686160854174
0.866926777173674
0.867028923306012
0.866231849654424
0.866012652597375
0.864243481862745
0.865419269274591
0.865775665987726
0.865486654443775
0.864800634172251
0.864036104475981
0.865502120758724
0.864488560971609
0.862706985374608
0.863256087480093
0.864336996783408
0.864263465551125
0.864647153740385
0.865151825400849
0.866307144058492
0.86668683494414
0.865754666638905
0.865115370952824
0.864170981789517
0.864681883271707
0.865460506131738
0.866301690782513
0.865161995837293
0.86218375095974
0.858912647829298
0.858967145121306
0.855733833506856
0.854794758719235
0.854741367703282
0.855558175679242
0.854154958641335
0.853747675023447
0.855115199699851
0.856289036144121
0.85566001863392
0.85480853682158
0.85419175250289
0.840091437139844
0.837512101722603
0.838033125681268
0.839915006245725
0.839635314582251
0.83631923172009
0.843280298606744
0.845882084091217
0.844559867576787
0.846306524558816
0.847833081698537
0.849043249751429
0.849622752352676
0.849962800583683
0.850667181983544
0.853273996698358
0.85257681021118
0.850238170038035
0.850886536961041
0.849521267906029
0.847507525076266
0.846073021251436
0.846133678166104
0.846676357447668
0.848182387525301
0.848773573022808
0.849102256261982
0.851197877832269
0.852769666610644
0.85306964028963
0.854722247383948
0.854389528088929
0.855365637624493
0.858253932342384
0.858405087136998
0.859583492065885
0.860078038956799
0.860761440347734
0.862489964385548
0.863350149801029
0.863652096110161
0.864785277094022
0.866364068368338
0.86619998028424
0.867868335898188
0.869351743487071
0.868577019156119
0.867263265890595
0.866308478695321
0.866681678615528
0.866999433714736
0.867367707000344
0.869438882465012
0.86949323786798
0.870509723320471
0.86908997644936
0.868026238871365
0.869139716102969
0.868825393590356
0.8679793186908
0.868563169965052
0.866239044390537
0.867077145862364
0.843854091654643
0.828260827629847
0.825896558087915
0.829080760797963
0.831415695075388
0.838648875006429
0.839086896584253
0.835618304661623
0.830355564659667
0.830508237540224
0.830427250876642
0.831566447728516
0.837182672658856
0.84285829944397
0.845500141105692
0.846437838966933
0.847877984245444
0.849259667176132
0.85040299453813
0.85021238329645
0.850713903015546
0.850431997910581
0.851968170096361
0.850899688785061
0.851207178597497
0.850684084122645
0.850227163742858
0.848519232500746
0.851066262888785
0.852248307894707
0.852694021193699
0.852918922657865
0.853420474235454
0.854431111452759
0.854247745618961
0.854000379088451
0.85390861893359
0.856283154663959
0.856506762462947
0.85791895402773
0.858331244208003
0.859377261232204
0.860194476942367
0.861769991606022
0.862576238403122
0.862948623427553
0.863790763718657
0.865192221657962
0.86545802228124
0.866230784688601
0.86587356626528
0.866999447560895
0.867212053262147
0.86747310928753
0.868020549969957
0.868427324501047
0.869528291245218
0.869369811122352
0.868662823086721
0.868913538891112
0.8682282473393
0.866107797662478
0.866143899245396
0.865547058456904
0.865526381456742
0.866057806566294
0.866795283717719
0.866694688525428
0.867551100506156
0.868208721789018
0.868991601160149
0.868526324662345
0.867851509829279
0.868196620970119
0.867912685893626
0.867126954579305
0.866980017219726
0.866985286076451
0.867027774529761
0.866198898816241
0.867427250226904
0.868454037122083
0.867566649651307
0.866602471583835
0.868041209280248
0.868160190450661
0.867914953040043
0.866683070444826
0.864780757043386
0.864869449736988
0.864534923837722
0.864098680689946
0.863548863501551
0.862989683708373
0.864823424532811
0.864322955129684
0.863192998102328
0.863330354183932
0.86333671425841
0.862997419210405
0.863337343893424
0.863697275256953
0.865006404739309
0.865205877068137
0.865515502402276
0.865153125838764
0.865010426889847
0.865220530619431
0.864920449923946
0.863238404076568
0.863476337189492
0.865677122718382
0.863373279269217
0.860765280334649
0.858456340096534
0.854980511967006
0.856409320952968
0.852740524110621
0.849521729281182
0.847217809785046
0.849436243030813
0.850753053234611
0.850411225183689
0.851025080498653
0.854420446142283
0.855818573504334
0.85624217490153
0.854188403180842
0.849518823013375
0.813292642238083
0.80959506608662
0.822591913106069
0.834745786989421
0.835736467904367
0.836377573168373
0.843515535347751
0.845907988334354
0.847169132878202
0.846143759109512
0.847964022296238
0.848749509879699
0.848317049758784
0.85022671925965
0.851361566617339
0.852293113887567
0.851258369536875
0.849787270097308
0.849723178084041
0.847900668452274
0.84642864509064
0.845752980132715
0.846247065826611
0.849101990743457
0.849295815146619
0.849388211534248
0.850152387366088
0.853339613998478
0.855015884465619
0.856249349843808
0.857164972769532
0.858130697384394
0.857939037602045
0.858876991331126
0.860558211956002
0.860162195634527
0.86061033658804
0.861017690249894
0.862060949531341
0.86299884374813
0.862609462367985
0.862947035516723
0.864390529478435
0.865161712836822
0.866355992733727
0.868259176049009
0.869403550359844
0.868440302956797
0.868257734474612
0.868110700927185
0.867464795277684
0.866947343434923
0.867755615386751
0.867133274214014
0.868280286568278
0.868650500611314
0.868635737518262
0.869589316419275
0.867722393258554
0.866806980916995
0.866267193400504
0.865284777013295
0.866705334972693
0.84492979559161
0.830928677453737
0.824103656982635
0.822641802699639
0.824672161879408
0.83034907627493
0.833367707117353
0.828336004954998
0.822441290478255
0.823570428807643
0.824145507689065
0.827189516561547
0.836486638715682
0.84291308267644
0.843266435911868
0.843545906369298
0.845229542718273
0.84622866802829
0.847631631509839
0.847990242255718
0.847802810996156
0.846980423833537
0.847084927935863
0.848234418106421
0.848163486504559
0.85048898923789
0.852072800856947
0.853309414193904
0.854086635637551
0.853078371377939
0.853480658578829
0.853133044494717
0.852884157794251
0.852342655563522
0.852714263112801
0.853720543559896
0.855077074959859
0.856837371287428
0.858210522514082
0.858142642864691
0.860254391202569
0.860473624105293
0.860530731378583
0.860756222894127
0.861583215990272
0.861293094246694
0.862315910041858
0.863063045465013
0.864488844901646
0.864679055249488
0.865935210696628
0.865548860036355
0.865693412708542
0.866020629841218
0.866482782933342
0.867428265349285
0.867485940742145
0.86864074576959
0.868185492966604
0.867660257021846
0.867153172225364
0.867001908544492
0.866641044048839
0.865373365773617
0.866396087210536
0.866724103223784
0.867025320981407
0.867609722488189
0.866854762479097
0.866818828486935
0.866613822408521
0.86718581169354
0.867933979472256
0.86852781366195
0.870534858004582
0.870625067692271
0.869970892327676
0.869787761050035
0.869640097793194
0.868158181193116
0.868498212015565
0.866803110041631
0.866522701424973
0.866902720401298
0.867531427156898
0.868868320175629
0.86735275851596
0.865499112124373
0.864333385480453
0.864956797540815
0.865636954043774
0.865235481614851
0.863741382561239
0.863575919661325
0.864109984860687
0.864454167487481
0.863807707547526
0.863816934739488
0.863323471882027
0.864009655445004
0.864496490754524
0.866164438874611
0.867107888647298
0.867558510865772
0.866811312842173
0.866068766139629
0.865024585495056
0.863660453752491
0.864797886534515
0.864955162380381
0.864893964641699
0.863296613924423
0.860802803808748
0.858700176008735
0.854803952848596
0.852441290720235
0.853812166209541
0.847201762698517
0.84268182764428
0.844528636967076
0.847287830582657
0.847738482162219
0.848422297615792
0.850518937009424
0.854488822238797
0.856783395814743
0.857194023809702
0.855723967623904
0.850137079343429
0.818669840685133
0.807863291107344
0.810811772852936
0.830155363216982
0.832717367192542
0.836460089531029
0.843671988139886
0.84567823222353
0.850737168032819
0.847928169226229
0.850087679755874
0.850914085457764
0.849244364708654
0.850345668129505
0.850704543111169
0.852338820212894
0.849641727414754
0.850150720028612
0.849843481422776
0.848760887958481
0.848302391226332
0.848142092434172
0.849165208450874
0.848753832946559
0.84787179341017
0.849670211339841
0.851003341269315
0.854576226990805
0.856229715960305
0.856714954169016
0.859552277859883
0.861125799971112
0.860974185597391
0.859829262544389
0.860476290486647
0.860122082620805
0.859384589836065
0.859725959663029
0.861482747941911
0.861634817149397
0.861631407333948
0.862480840081396
0.863364275867853
0.865001444357342
0.86450061295132
0.867332391451048
0.869020083075177
0.868778469212187
0.867454067534343
0.867555722585605
0.867711513827248
0.866837027918916
0.866237373095649
0.865495810548093
0.86566122922019
0.866777274736728
0.867219773452282
0.868115231168756
0.868006635688515
0.86675220556935
0.866071324827633
0.865201338047565
0.866924691902051
0.851424536131563
0.832385944498357
0.82214917272268
0.816770698366593
0.81736253093618
0.818873281735968
0.820687173916466
0.816918489954513
0.812002388558207
0.811562879865457
0.812956583951223
0.824288879390921
0.835882598750457
0.838126748745026
0.839517691316163
0.841281745254666
0.842144827627094
0.841817608409771
0.842777308078846
0.842739436491156
0.844823424292579
0.843698772288367
0.843368819472558
0.846073062735927
0.848686198544737
0.84935720120188
0.850546050478045
0.852633514204948
0.854974613072425
0.855578471603866
0.855546190788441
0.854309508056753
0.855420726091783
0.854689141069255
0.854017234387611
0.854540345107316
0.855428247165664
0.856549341083884
0.857936281611512
0.858818606566567
0.861741373973712
0.861126915640809
0.861319578317776
0.86242778096598
0.862741465612499
0.862641298581028
0.862535511061826
0.86338824200394
0.864206028387289
0.864565949133861
0.86562054112702
0.865646560812387
0.866520177541869
0.865120069161656
0.865072024611509
0.865491968610789
0.866142164231968
0.867442045793422
0.867848443015136
0.868615369820753
0.8683392786876
0.86881110027438
0.868136268483132
0.867011835942392
0.866533815748964
0.866238416613421
0.866114659121461
0.866877372422052
0.86622226452552
0.865078673750987
0.865619385074515
0.867519218111153
0.868066709231274
0.868062929202114
0.869142779748442
0.869539073350305
0.869532889953788
0.871071004203108
0.871453228886082
0.869457011272231
0.868393324049145
0.867509373757477
0.867396002485273
0.867726860716771
0.866536010816604
0.866772358048491
0.865418866138594
0.865953099677205
0.865668981729047
0.865193918294937
0.864707238392627
0.864099721485918
0.864722207915104
0.864451753284145
0.864844475741851
0.865164894562257
0.864657516146896
0.864585837809603
0.864059861107229
0.863628693641736
0.862503866975458
0.864378916014323
0.865331667711211
0.86651013338729
0.865617551212931
0.865175817526016
0.863659431915754
0.863264044785538
0.865084799846829
0.865155547291985
0.864216485073022
0.861454805039243
0.859778993798261
0.856527031922944
0.855625606765777
0.852729100519108
0.851713765968723
0.8405886866915
0.816754002443355
0.825225432805201
0.837524970269264
0.842924891947084
0.845089164597218
0.84824722533907
0.85252495118557
0.855062710379295
0.855982534622591
0.856385127807818
0.851229943400342
0.834262839055939
0.812772216743437
0.803860916529016
0.803328996330407
0.830929906542906
0.836127154406788
0.844191258662433
0.848198693884819
0.853373198782485
0.848654239036579
0.851848984415607
0.852097162784501
0.852754260124576
0.851350778771929
0.851226052218871
0.851316866156864
0.849314223254494
0.850873569600768
0.85220717835089
0.853549890178989
0.853499368882812
0.853512857089318
0.851868679765027
0.849812861564837
0.850924042417054
0.851731250592772
0.852468930973045
0.855835820983111
0.857523694201471
0.85900981305397
0.861490657296461
0.862069005151561
0.86399053747175
0.863213692868847
0.863187246849939
0.863207339978003
0.862673324736858
0.862725042633645
0.86288786438999
0.863090341990229
0.863276741014518
0.863442549129054
0.863910625465526
0.865005791786611
0.864213114482385
0.865040256149766
0.866984363369235
0.867560788351171
0.866376964227872
0.866020759260339
0.8665643189185
0.865852351942937
0.865866776584096
0.864431886335191
0.865308725919188
0.865682431118068
0.86418593792907
0.86540513866812
0.866615390435403
0.8648647692899
0.864230628242608
0.862786432362682
0.866290520132856
0.847555287440603
0.823895939260529
0.810849076613233
0.805955413791868
0.808099413665102
0.800842822777815
0.808584228080049
0.806144202339725
0.801112885240211
0.796512332089305
0.801246568513248
0.820035245146533
0.828899351478197
0.833493020266365
0.836540772071451
0.836530188238203
0.835229445916509
0.83468620041205
0.836179983126166
0.836141959924062
0.840666633461625
0.84160730193781
0.842159201578696
0.845592482090174
0.848297553674056
0.850956641131124
0.852811770901171
0.854060720500118
0.855521404320689
0.856719197177394
0.85621163215675
0.854021806056741
0.852718844524167
0.855419659396132
0.856034231255726
0.85618094465403
0.856093188625578
0.857998815523858
0.858747951561176
0.860999227191061
0.858202973229615
0.857679016064132
0.859060052147028
0.860439484530296
0.859412923023966
0.860313169217145
0.861322974600254
0.861495326067002
0.863199249567783
0.863428242188332
0.864066330893467
0.865359385271419
0.865343586022332
0.865053800488758
0.86606586344193
0.86680758068508
0.866938751238416
0.867818668235285
0.867410270933994
0.866870445006349
0.866043389640288
0.86619287302984
0.864294128247421
0.865356704622454
0.865673125494208
0.863933465271529
0.862539413379973
0.862992750906641
0.862568049968274
0.862903613980122
0.863520797852461
0.864716040790026
0.866347852263571
0.867125394022675
0.869456829635934
0.869587919331692
0.868992656811563
0.869430811063896
0.869522620432668
0.868730995860537
0.868134706158451
0.867039888134016
0.866463639276347
0.865406422458695
0.864329648775757
0.864847143211814
0.865662674500926
0.866105981645647
0.865390039613028
0.864498083716454
0.863890298621624
0.863752137345798
0.863390804817473
0.864262448714886
0.864496626951905
0.86440099918196
0.864074809692438
0.864049834492845
0.864368204377204
0.864863399455557
0.862745198022696
0.864342986014998
0.865762682090361
0.865144219352537
0.864065414640848
0.862869874326145
0.862950198416598
0.862791573966
0.864641904930597
0.864703287956052
0.862313374696869
0.859840425319392
0.857376241361204
0.856324153402572
0.856818418386569
0.852523074181655
0.851663411140424
0.823989606537237
0.807537440600714
0.819392719386379
0.831566873357261
0.838670487205371
0.843613637690581
0.847113748107347
0.853083995562166
0.855655024195994
0.857570014423124
0.856704220103861
0.853044786742912
0.843002495885207
0.82977508181629
0.806927200960235
0.797150269683934
0.824665482512957
0.830115901995543
0.842609101635856
0.849294788867106
0.855230586224425
0.853406475630998
0.854302310881632
0.851493904131711
0.852235255624387
0.851367236779341
0.852399706749122
0.851705030282154
0.851439261861106
0.8551560323327
0.856735330378642
0.857437510107984
0.857335093416965
0.856891433362404
0.855100934331502
0.855021008811182
0.854625184670978
0.854417545012388
0.855970626427871
0.859273831237945
0.860613837340547
0.863252340301881
0.86560739725981
0.865451279028411
0.866165659080551
0.866190281392532
0.865828667442077
0.864891760534328
0.864118291508582
0.863927498732985
0.863936477759505
0.863342609482239
0.862837905815425
0.864154209495114
0.864472303204846
0.86450300727623
0.864083994917006
0.863686328028615
0.864348400805598
0.86591934887064
0.865035716871322
0.86462717629036
0.865363677258482
0.865485643529776
0.864433479513285
0.864848764416392
0.864118970022056
0.864194013647399
0.863990870381454
0.863612325067048
0.863129770137211
0.86113371005697
0.861850535811747
0.861144317021373
0.865290776865734
0.843826980639195
0.812286278714898
0.802747320281496
0.795220396202699
0.798002258460104
0.780391133862358
0.787219646656609
0.792613269663747
0.788076077307635
0.787160075014617
0.794344429765928
0.817069653006561
0.82938841750463
0.832214620159211
0.835207114486084
0.833240453087191
0.832838634908911
0.833184741889198
0.835556789952444
0.839176340538508
0.84316527692758
0.84556865139018
0.845992842238626
0.84876591733215
0.849888450166175
0.852476768475918
0.854558458126425
0.856980143598328
0.858004477078448
0.858678941205431
0.85933705261514
0.856977788342897
0.857521689728301
0.857592396728123
0.856464522916943
0.856507254052007
0.857107017746187
0.857389476936377
0.857417990873808
0.858381939933271
0.854475853438327
0.854280268835252
0.855908208338021
0.856604543376804
0.856059846627318
0.856545851263709
0.856975911004285
0.858890303289642
0.860203355543527
0.862096484752377
0.863007196765974
0.864206877693654
0.863113802552752
0.863508105592299
0.865967866882631
0.867530342210647
0.86738716346029
0.868947227037044
0.868645680117556
0.868598583547868
0.86641518465235
0.866661973218587
0.864774326733798
0.86457211213765
0.866258094852976
0.866295580788141
0.86557762901101
0.864267084988577
0.865116269793706
0.864330968360086
0.864348229390712
0.864674056493638
0.865325898982702
0.866909368923
0.867597326795807
0.869069936753908
0.86911932268595
0.869133969966253
0.868961958475246
0.866950820022828
0.866029528912416
0.864420925236079
0.864228403883491
0.864279609336852
0.863096187109619
0.863275620774049
0.863851112655148
0.864424193458411
0.865385000908221
0.863386539400459
0.862041416765637
0.863008310110469
0.863112143111725
0.864216752925505
0.864489647298115
0.864156905727397
0.864202836535378
0.863756945767499
0.865039015514518
0.865072526924489
0.864343545333232
0.86434682875088
0.864996650251464
0.864056846157642
0.861887326783287
0.862140686535275
0.862465235540226
0.861864667997612
0.863761718601214
0.862732938270931
0.860578007043134
0.858136503330792
0.855326801809075
0.853743265103205
0.856179773082502
0.849878968619396
0.851159028315927
0.833767120534501
0.826409375345612
0.828546660645776
0.834383435187347
0.838439650837328
0.844634609090392
0.847274779287105
0.851887463836454
0.856002313119006
0.859095426993208
0.858146721652182
0.85304084317262
0.848113655598027
0.839808825629007
0.831844160956248
0.830144731284733
0.816060810395403
0.803442637987315
0.833267852537288
0.846028165343721
0.854602179625552
0.857950523002622
0.85427741970189
0.852069948341247
0.852857665468873
0.852300404199761
0.853148456383185
0.851972394197982
0.853433472467847
0.858142082010964
0.860055017869402
0.860240024561255
0.860296755791963
0.859854840349233
0.85698648049845
0.857405460099777
0.857196083263772
0.858115076806629
0.860100106656372
0.863271792924322
0.86418669216866
0.865316627373914
0.865779830393228
0.866350257958618
0.867720715822848
0.869271117343498
0.867390931727619
0.866927099931259
0.866084260949592
0.865171849850953
0.86362850442732
0.862574878173738
0.862467984078614
0.862811930931209
0.863950043856846
0.863824796912725
0.862771619687553
0.862425704006679
0.863938691052005
0.865137950420792
0.864641722960289
0.864086829630597
0.86466210000026
0.864004069373628
0.864985646242926
0.864918778297088
0.864993243529684
0.864955682874867
0.863239747665995
0.862491919736049
0.861538856789009
0.860859455372089
0.861519047274028
0.861299999743957
0.863593742231273
0.841033510220329
0.805451531238486
0.795884837827965
0.786375189495607
0.782602339965047
0.767977967438264
0.766864893084372
0.77334907991767
0.775141606388008
0.781196187701097
0.795015616972541
0.813118366908454
0.823351698706163
0.824384499693546
0.827575604463097
0.827846200027815
0.829457253894562
0.833001216781329
0.836315499429117
0.840696719692815
0.84496160415166
0.845622373035326
0.849323317001692
0.852091506169773
0.853729873472271
0.855575845116949
0.856849858119557
0.858675793561327
0.858937940123756
0.858951835264772
0.861192417242955
0.86134075127005
0.859091002594712
0.857720928870751
0.85747944754898
0.85549989141352
0.855139873919944
0.854316430809262
0.854965334987312
0.855035417633835
0.854146590125279
0.854646112660514
0.854978581873797
0.856839549992368
0.855852136780703
0.856112952661073
0.856634924296415
0.858005659540358
0.858717736535616
0.860112998542415
0.862013210592554
0.861633075982829
0.862275848737323
0.862251065242131
0.863621862870919
0.864959326409513
0.865486666032715
0.868428654068287
0.867838715478508
0.866076857251935
0.867270736211698
0.865141639352041
0.863621531218521
0.863245544013902
0.864277482631893
0.865110262220336
0.865041476210451
0.865746711826678
0.866133459077088
0.866475673990241
0.865506392469606
0.86618136041448
0.866824991830988
0.866136737838279
0.866720889105775
0.866392915825949
0.86610782590223
0.86581838482391
0.863984879248517
0.863319474893342
0.862662883608641
0.862030765054775
0.862168114034734
0.862860608630314
0.862196942290088
0.861608827154293
0.861955645125511
0.861730304819265
0.86152981394025
0.861003461163663
0.860579639524519
0.861800703832532
0.863365550318706
0.863037566696786
0.863384917990881
0.864987533654479
0.864224539440026
0.865437641031827
0.865977776123754
0.865684906620204
0.865149937072756
0.864974632165765
0.864607952288388
0.863062158596384
0.86156791728475
0.861346922668252
0.861501708067064
0.861538705615461
0.861656959101991
0.861125321862276
0.859231691253189
0.855514732806711
0.853061752997805
0.850586033757556
0.851073391620219
0.845660326831324
0.845427760017976
0.836632827567444
0.834648742073336
0.835207878245609
0.839863385263365
0.842065428262931
0.845228995300634
0.84818519525438
0.852480063874978
0.856026789929183
0.858831929323274
0.859463883112638
0.856467408077105
0.852239146922896
0.846731534646801
0.839682650720421
0.834850798860558
0.802001837426382
0.774549300386378
0.816084477798945
0.839388899033009
0.850320661393965
0.856233385928675
0.855460805466911
0.85213126294781
0.852301840754108
0.852839509980711
0.853694145529646
0.852934367167175
0.855246280369641
0.858948111415826
0.861449857694706
0.863594900988959
0.863329631154981
0.862436654765264
0.85995871138447
0.859644041956766
0.85969756934299
0.862466153089887
0.866156819178675
0.867539781393929
0.867203603495948
0.868352080402951
0.868615819723512
0.870371073948134
0.869553653780315
0.869120486193306
0.870167591571712
0.869094185292752
0.866486649974586
0.86503033271346
0.864270886317986
0.863713888912298
0.864365911082533
0.863323306774385
0.86331737230228
0.863013574864126
0.862484827483979
0.86340105943802
0.863832314041925
0.864840229852151
0.863807629899646
0.864646353297751
0.86468980140752
0.864584319325894
0.865086620992764
0.866514213214251
0.865929402742116
0.865621608800148
0.864237259742921
0.864441771350077
0.864415767136434
0.863063030058922
0.86122473223365
0.859659758572395
0.86095779184568
0.836911176045309
0.79378178235497
0.778615405348456
0.767258558769943
0.768684062734587
0.753246275245998
0.755622076846358
0.757421988220082
0.769110180644583
0.786350331549928
0.794384188400062
0.80765828568185
0.817895137720464
0.815213337674096
0.818809073250441
0.822331218264425
0.828875209423691
0.836848516449886
0.838755224080223
0.842368024899212
0.846235421973169
0.850157273285272
0.853660020174003
0.854469674502894
0.854974933000725
0.85592563067425
0.857502725424301
0.85954144560807
0.860114190909264
0.860862686274789
0.861675920221306
0.859927498505712
0.858298217146411
0.85829157923058
0.856728814500704
0.855924331980489
0.853739457116631
0.853696631828201
0.85397279556839
0.855253196667724
0.857647358266527
0.857782795161828
0.854935998371174
0.856097847123209
0.856230697256723
0.855245417445734
0.855552389083003
0.856747546210344
0.857072363958155
0.858408422843053
0.858445587630206
0.858005923523965
0.858901327507665
0.860105609834766
0.863076477020431
0.864002953200657
0.864664063327651
0.865463699638591
0.864859695936094
0.865486358144815
0.866504234357356
0.864924604620308
0.865514575417458
0.865027706121746
0.864188244812836
0.864562872970866
0.864462579262731
0.865345602709788
0.865212131001458
0.864408592405919
0.864702268938622
0.864652268040721
0.864409892548673
0.864315738092457
0.863561935698263
0.862883305414201
0.862195126528598
0.861309078859377
0.859979651576187
0.858755325541949
0.857844473788554
0.857310780412649
0.859902761877165
0.859645031566866
0.859957284742192
0.859612250387471
0.859513460829855
0.858462317078235
0.858732953473593
0.858208356633177
0.858238471582381
0.860355911703591
0.860962066817604
0.861644578301569
0.863529260317467
0.863335730513415
0.86408872205522
0.864981368894746
0.865246403950928
0.865747732910967
0.865026258895068
0.864280828308407
0.864169275370801
0.862992394593611
0.861893102963179
0.86138646941929
0.861237870136474
0.859928376096048
0.858212933462052
0.858021078096046
0.855710512479955
0.854710056480028
0.851558441768706
0.849503795912529
0.848759354722193
0.834176350493135
0.829268946340996
0.808319425412497
0.793675903648366
0.797826424229889
0.820770791149153
0.834437736009516
0.840958102119403
0.844685579282787
0.85079810006585
0.854414448530748
0.857570591248536
0.859688796874118
0.858232909283685
0.856633804251563
0.85384993532169
0.850328218604513
0.846590317712972
0.797899394513905
0.669730284165661
0.761351309323423
0.819157446442835
0.844872380765076
0.853226664772202
0.854949210507652
0.852523945896691
0.852808293202534
0.85311516883989
0.854628653054257
0.854866645050088
0.858360598848903
0.861913139449037
0.864560318110731
0.865973328797836
0.865107380234266
0.863438232965671
0.863821742113478
0.866379172362612
0.867539286440153
0.868162202850127
0.869940500932816
0.870756653403321
0.870022103592549
0.870623810550735
0.870499466870229
0.870589480868878
0.870700106756251
0.869815110777414
0.869498968365366
0.869035961620851
0.867300812747342
0.864388968311206
0.864025572472
0.863315632770993
0.863203559134092
0.863583180723294
0.862418360134321
0.863415243712348
0.862513750563169
0.862228562372036
0.864127792494224
0.864367297598433
0.864368376932784
0.864832795095864
0.865720035072983
0.865332707807938
0.865096154649761
0.866081519717625
0.866512972658254
0.865972028264182
0.865107086199303
0.864391171866532
0.864208607217556
0.863497248974238
0.861415040578934
0.860764727568538
0.860452961711987
0.845092225422826
0.794223101377811
0.763854553163803
0.750774665737789
0.762583141497254
0.752514565462264
0.753988459237514
0.763564963606366
0.784657480063311
0.793549505186317
0.790335775263455
0.795872847504378
0.807442356410745
0.812014817845502
0.819704535568103
0.826013370966553
0.833129836653422
0.838692140345785
0.840446270565644
0.84448774961646
0.84704941105608
0.848921820612962
0.851794720483646
0.853684680987081
0.853464752584173
0.85545772877354
0.857059711223104
0.858841714431171
0.85915744153079
0.85831098993142
0.858845354621082
0.85617374115094
0.855082906252758
0.856440525263764
0.856139178604628
0.856089889058988
0.855280544024368
0.855016451448845
0.855728732378294
0.85677932932987
0.855534001868585
0.853841856916884
0.852967292650624
0.850310684260335
0.850020540530646
0.849157135910399
0.850809850161102
0.851508132930316
0.850565055178546
0.849335030694576
0.84942086769707
0.852036099296682
0.853673245376332
0.858329529677577
0.863163292021974
0.863925736992234
0.863917708684996
0.863841529960502
0.86285723124773
0.864266651569445
0.864846546006302
0.864872862517392
0.864461328396329
0.863889764433913
0.863929624821325
0.863085394383056
0.863775990893907
0.863292351216192
0.863303406333595
0.862968266942684
0.862855892444511
0.862435050343008
0.86199989302776
0.860562556043734
0.861046284444991
0.860239744105809
0.859392736364058
0.857996262868112
0.857523223878939
0.857034012402898
0.858167341799008
0.858891175903265
0.859594204306139
0.859881644723878
0.859451398002595
0.858884609934064
0.857041125708968
0.855832528966335
0.856677068382801
0.85699703371558
0.856424227658345
0.858030294948697
0.858762336834241
0.860116709744864
0.861350594380959
0.862721534307789
0.864092498138616
0.863781265620938
0.86426646385814
0.864690052895861
0.864695921336124
0.862990739381829
0.863727171249409
0.862564609520011
0.860696667914299
0.858380185040146
0.856981423561665
0.856145089262206
0.856148960004926
0.854994376597634
0.854846861810081
0.855615635431981
0.853996975435582
0.852021179064824
0.847456191685896
0.839409450487545
0.832977392375391
0.81470570369891
0.804911830100272
0.794605591749905
0.806214943134208
0.827291422473111
0.83561866355531
0.841695594806485
0.847828749409268
0.853961887673989
0.857438282172078
0.860446118215476
0.859668039322265
0.859591524354737
0.858988975719137
0.857304304638596
0.855229521413559
0.832580315013623
0.765103013227822
0.804013763531128
0.832705468250082
0.84732830132725
0.851224672428507
0.853477352613303
0.85299305842
0.853860790479359
0.853784727797332
0.856163469885303
0.857829358048685
0.860196232040136
0.861880497806894
0.86453523993413
0.864904462451254
0.867330029971182
0.868538108075336
0.86872279802051
0.869424976427959
0.868620158503995
0.869041177530036
0.872734378460786
0.873303068267534
0.871147784283828
0.871194337789979
0.87126449509436
0.871215872467464
0.870668804408651
0.869032006403394
0.86829509536607
0.866330611134374
0.8647478206681
0.863937022510766
0.863081378189807
0.860428923006441
0.861775225657122
0.861740238230904
0.861434098501665
0.861552816151939
0.861983828807339
0.861706175468076
0.862782842278846
0.863686947734831
0.865136935178096
0.865987420250932
0.866005077236707
0.864679951874129
0.864283556026879
0.864938061149671
0.865353720384353
0.864386223970078
0.86348011922383
0.863473314576917
0.863115908783443
0.86347445410265
0.862037519181742
0.86086740474403
0.856767419045508
0.837964692613739
0.769383735272422
0.754881167717896
0.757480199368275
0.770424101625314
0.747397946238611
0.759713577825674
0.773220402177132
0.787424874175953
0.786737553598246
0.78537196253175
0.792617501222733
0.807853422200837
0.811585784860159
0.820028996018579
0.828073922788836
0.835335560755179
0.837948674081948
0.84026851714794
0.844372589456406
0.847646376610023
0.848369196079681
0.851600683909737
0.85376581127548
0.854124263931742
0.85411926536785
0.856062484593286
0.85650803150978
0.856800099513616
0.856198799144233
0.856275116502661
0.855879665120646
0.85545403033839
0.857568283475045
0.857518355521584
0.856467786273759
0.855516466348354
0.856231163750921
0.855212766677029
0.855501090881524
0.85565677735279
0.854433504547669
0.853402306028154
0.852800316807604
0.851119458766848
0.850787783058095
0.848237475049112
0.846320902941593
0.845670182599597
0.841219850786824
0.835233509970951
0.834033078173042
0.835958593687186
0.848759989973822
0.858298723384373
0.861327895139213
0.862338000356774
0.862333447976377
0.862511064688922
0.863197898827432
0.864496927487033
0.862424738815813
0.862070581361455
0.862236626241933
0.861727870190675
0.862380416732884
0.86338209368029
0.862297652038135
0.861445698472762
0.860004059427943
0.859253299227761
0.857525646728122
0.855988054649879
0.855858086181982
0.854860304070635
0.85457967064104
0.854172957962959
0.854654869054471
0.856089870361391
0.856066303200237
0.857805280234517
0.858018068791872
0.858660757408516
0.857464095194622
0.858328031262533
0.858513531285587
0.857960910097484
0.857231074252981
0.856282866113069
0.857095361151449
0.856778697848038
0.857006515905781
0.859277630882496
0.858336813993647
0.859451911550572
0.861114258639443
0.862076489139386
0.862179866041005
0.862958017572831
0.864202572796215
0.864473223805152
0.862163441416891
0.858788970350512
0.857364888244217
0.855504557790891
0.854512349740817
0.854294676488304
0.853818380259985
0.853341201193691
0.853724951925786
0.853779429649677
0.854494962650196
0.854186048602416
0.852937376453937
0.846936373657079
0.841128428437788
0.833381339422214
0.823650987499678
0.810351074492344
0.796679704646098
0.798981224109284
0.820707954635137
0.834559016257738
0.841374288302511
0.850253027683072
0.855072867428806
0.857741579413222
0.859846457297461
0.860807773996866
0.861788635679771
0.862198200254243
0.861922367524474
0.858324410628337
0.847877649621314
0.824069635895253
0.825469902436589
0.834400055296941
0.845395120062346
0.849695413516517
0.851542519116905
0.853269869310153
0.854697380011664
0.855686686239117
0.856672939843868
0.858773348698187
0.8618450033446
0.864605823269747
0.866344247204552
0.867815811407545
0.866855355863893
0.865972651448832
0.86705953445712
0.867825850359574
0.867161356606733
0.868482783300044
0.871980820269752
0.872377118247598
0.870236010081425
0.871061570360072
0.870648416280771
0.869739781536071
0.868655383615818
0.867286728378899
0.867486816512834
0.866559789562422
0.865560745870504
0.863050957627813
0.863090145799314
0.862188573460006
0.861380735815144
0.862280519108793
0.860421959733489
0.861074180654515
0.862454025383312
0.863575945261896
0.863286967833141
0.862362914272957
0.863752937968508
0.864665035003396
0.864902928042543
0.865962028520183
0.864938660279905
0.864613185992051
0.864149216919804
0.863581623637537
0.863425221728137
0.862977563168185
0.862256742750226
0.862440000237745
0.86110667601229
0.857601153752978
0.854342535204675
0.84065185512005
0.780559572644867
0.751671890481749
0.771628388115908
0.77299594616748
0.744514439218107
0.765359236212959
0.791597497646485
0.795571686868625
0.791082823350961
0.790641954857813
0.793558043765312
0.804179464668369
0.810433003927542
0.819810700604741
0.827510976922605
0.833333050552365
0.838525224081846
0.841392327778279
0.8427504613236
0.845843790726274
0.847050435815867
0.850539744244131
0.852276392515652
0.853798412053255
0.853710149058074
0.8532452408898
0.853732828770927
0.855279405123456
0.856361087116694
0.857974793376536
0.858318582397731
0.857344470118828
0.857289145066445
0.855745308071703
0.853702554001907
0.853538546331961
0.854880652304145
0.85557369862682
0.856345739316533
0.855078766087344
0.85323384402135
0.852977998187956
0.851443456021648
0.84935521116845
0.847179959867724
0.843924318633547
0.839754542898848
0.838142025801895
0.818087974719792
0.794373722872472
0.783787780060977
0.786094263562039
0.804170653438011
0.817308093978907
0.840388812214056
0.850282365414166
0.857802731945795
0.85893487847631
0.859984179629959
0.860698918105013
0.859563757375767
0.859911320164897
0.860871236744965
0.861428083457703
0.862011390445073
0.860996598688664
0.860806335210978
0.858829529432058
0.858538555126613
0.858049730580071
0.855027608084166
0.854839490878495
0.851794413631972
0.851681858559467
0.852445932065716
0.853250044105123
0.85353691393894
0.854221138066125
0.855445838571526
0.857419522754679
0.858028754771335
0.857658370551592
0.856643506569741
0.857210070305398
0.857502205547726
0.857110117376
0.856504567478604
0.856335320132795
0.856706654762923
0.855785809809731
0.858051386724278
0.85708921858467
0.858030114246535
0.858083769114375
0.85992687133137
0.861061135131218
0.862724128414959
0.863235518922131
0.862157350237627
0.862951304445636
0.85873680595751
0.854266814213568
0.850355775438739
0.847465324219955
0.848429252238725
0.851473495195786
0.851228085923816
0.851320882235798
0.852659200618769
0.85409995209935
0.853799784672588
0.853958609604593
0.847395552924016
0.839180658804476
0.834019197811945
0.828186599037374
0.822405455170818
0.818315319930177
0.773903924255231
0.781431657350161
0.811764738030319
0.831185154818753
0.841395746229572
0.850158685936083
0.853738065781311
0.858595689522476
0.860373071622468
0.862658890163868
0.861033379844991
0.862333913299317
0.862521300316751
0.861655693425442
0.855245023143645
0.848292145965999
0.841223794790025
0.84304770868807
0.846853234081868
0.850173276912655
0.852018241605565
0.853038812435744
0.854434463807254
0.856140331262046
0.856919155481317
0.858767155652024
0.861537326924695
0.864573235957742
0.867446321305469
0.867100224815716
0.864785693889577
0.865365236205013
0.866147818624366
0.866804856534595
0.867419972206323
0.868201400591077
0.87160263438012
0.871576421624465
0.870507817107504
0.871055059413646
0.86990702816587
0.870163748338731
0.870398725691848
0.868960316330353
0.86870122329274
0.868126635574874
0.867067409537065
0.865748185927769
0.865615324234622
0.865143909751152
0.86513429583599
0.86250403010044
0.862115126217408
0.86192006771622
0.862957217513855
0.864483457021982
0.863670172629391
0.863976887597581
0.864334231302843
0.864181574705545
0.863177901853681
0.865156487428092
0.865223462160743
0.863675093669491
0.863413698757033
0.861444619118017
0.86252525857349
0.861912493516324
0.862027252149028
0.861458701307619
0.860337032437553
0.856912252075856
0.855333490570691
0.835310709237114
0.772776113305273
0.742332200559437
0.770769466630829
0.786356371275747
0.759385499469955
0.784826817186295
0.790136733244164
0.782247809256458
0.787411375873011
0.790941769852142
0.797569505446998
0.798432954238601
0.804386814363642
0.817847677347434
0.824298751262372
0.82790982283892
0.829357303676906
0.837479901369932
0.838742377892109
0.841971178614928
0.84366257261939
0.848279641108706
0.849006556211433
0.85103911762035
0.851855523931033
0.853293192455042
0.85392809488566
0.855394171485993
0.85602249890226
0.858211566901714
0.857845552026199
0.858184298836318
0.85750380811515
0.856880542960998
0.855704273353937
0.856699505927081
0.856804239705363
0.85705015502514
0.858888664749175
0.853013923183618
0.851298726186096
0.850386631073649
0.848318200954541
0.845196908843116
0.843226412435875
0.840765072917756
0.833314192829162
0.826727249686113
0.787810721336552
0.757151649363234
0.759328862464617
0.780303093806971
0.759949732811454
0.554173479349786
0.722334356051235
0.811088299884979
0.838179732881194
0.850223809873528
0.857934309481858
0.858819656010303
0.860342301990025
0.861803268077083
0.861752165864509
0.862134497817415
0.863313752661096
0.863085458119743
0.861750304234902
0.86098061817326
0.85916716530928
0.855367008843016
0.854237575834094
0.852748508298165
0.849816559434657
0.8480173359863
0.848865967980459
0.851584037485157
0.85228450808029
0.853969248325803
0.854274849523571
0.854670112288604
0.85501705951295
0.855273172671834
0.855665414014782
0.856501040827905
0.855187033667142
0.855470252868531
0.855899618061792
0.855799445407931
0.856136811479812
0.856237550516189
0.85605587909155
0.856875614756315
0.857336431052756
0.856636761841148
0.858566554778239
0.860606521069561
0.861156984060409
0.861296946176619
0.861118226906595
0.861941183258453
0.852811243695148
0.849039088864149
0.844866629796855
0.842784152254665
0.839721515367853
0.844510157162407
0.847775038203151
0.849712755705355
0.851157245623551
0.85205340659026
0.853091548207893
0.850710493878813
0.843576350845277
0.836489574785722
0.834317608010603
0.829076121316248
0.819714627593243
0.81224854947131
0.573421158590257
0.640334539755558
0.796523301036063
0.826383113130525
0.841476908084262
0.849975081780056
0.853932230660672
0.858019796556214
0.861323575371249
0.862779589146101
0.8619533811349
0.863121106965302
0.863296752822774
0.861960053529603
0.859249365617544
0.856809906852505
0.851260373044765
0.848611803545261
0.847685530358543
0.851260099697811
0.852644622568671
0.85378516389701
0.855728155570054
0.857080590355159
0.858721210022051
0.859624342474125
0.861739568455337
0.865746326288261
0.86952511412255
0.868405420957189
0.865726486449153
0.863425954488972
0.865054996957874
0.865206444358306
0.866985206783766
0.868050690813786
0.870887222999748
0.870574604214263
0.871045312238304
0.870293409383587
0.868887896521585
0.870001020941935
0.870089388284722
0.869685299009974
0.867426009676947
0.868541856821177
0.867962510232251
0.866623141531208
0.866454017155929
0.865312190417557
0.864083351589183
0.863306354308523
0.863142822773102
0.862770471611945
0.863605224981136
0.865510609343466
0.864930415679915
0.865543472668249
0.865048832030873
0.864693584951125
0.861838627123418
0.864621691516932
0.864054258986201
0.862280600951019
0.860617907819396
0.861846900122781
0.863199280496529
0.861624628651333
0.858759819247167
0.859354535130878
0.857805714420134
0.856193484006186
0.855735941319722
0.830512086578594
0.769089253849632
0.734190610449971
0.768304495788151
0.782311357504303
0.770469659878982
0.79271658369404
0.793181121882906
0.806858455991484
0.811808770023896
0.804526650932264
0.796076235825233
0.797991937349256
0.80115595466484
0.813244728773219
0.820664080042623
0.827919567077831
0.827261542463767
0.832733535855712
0.835367744944662
0.838563650822063
0.84027471296406
0.845654263562919
0.848034904150798
0.848067077361507
0.84845993655864
0.850819888229167
0.851453057498654
0.853383956374858
0.854675166407409
0.858763701223401
0.859255748782721
0.857801983051533
0.857516157145507
0.856227460614825
0.855326038260634
0.854716836743193
0.855818693394897
0.858175688189164
0.856701320723938
0.852653630434975
0.851715260232826
0.849849897363129
0.847576049059644
0.843695407547209
0.839936112850047
0.83456652200703
0.829213690060309
0.813420450204377
0.770645716494605
0.766558333663677
0.778519375568665
0.79232036799614
0.617674844706949
0.216177322154855
0.331765074153192
0.567582853836903
0.704635126342251
0.788030026253852
0.824683356236487
0.837814822288657
0.851905490306233
0.856615761210883
0.859246641671095
0.858587325239214
0.860224495569448
0.860203437555899
0.859425795719901
0.858863988890983
0.856986079965518
0.853704739212625
0.851928189519036
0.849530334539723
0.848016295657323
0.847051030137177
0.847288574582088
0.850572077221818
0.853617146427516
0.856059254738068
0.85627545511501
0.856676174322264
0.856534845426473
0.855906631937468
0.855142418557648
0.854373380517258
0.854304467771454
0.854522368202117
0.854252789217709
0.852286053959862
0.852261089312046
0.852101318438993
0.853680754445175
0.854688450064584
0.855917600530807
0.854095659835732
0.856546975673813
0.857708369625955
0.858017639834292
0.858727764505483
0.85669560436411
0.861049012624839
0.845165692500643
0.841260893195908
0.837571249718112
0.835984912399928
0.828309868099887
0.828700696854046
0.833886140337601
0.840583962886657
0.843752561451905
0.845300461583074
0.843099762500987
0.847066175366982
0.83856900790142
0.83215331697848
0.797524619554522
0.821815325601126
0.809053023928819
0.798207007200265
0.797552577491621
0.10653759540555
0.778481802761689
0.823443320015163
0.841546729659453
0.849895768874519
0.85379242152886
0.856516173608839
0.859682960474595
0.861261513122098
0.861701698653716
0.862383730977762
0.862297239125359
0.862010186178248
0.86116892972368
0.859121045807475
0.855968159131017
0.850694167365462
0.847899792731474
0.851823226660664
0.854298991878928
0.855151127743305
0.856175076762477
0.859194508621189
0.860443813609152
0.862126030652919
0.86322463205587
0.866929067318649
0.869102043716294
0.866686357614336
0.862507934825007
0.863335717367542
0.863864460128691
0.865994648682294
0.86735509701728
0.868393461041538
0.87131442345919
0.871061035343164
0.871377875534502
0.870548756538975
0.869419131968812
0.870305597750966
0.869738063186303
0.869177033271296
0.868035613494632
0.867955040432551
0.867636259093794
0.865980093989667
0.865485073159
0.865616826366973
0.864227143888311
0.864352132830696
0.864393042374222
0.86377048472964
0.8636219163293
0.864650424211779
0.863732244047449
0.864607484186849
0.864873863426031
0.865306483778698
0.862895904850125
0.864565355271937
0.860811884103516
0.857618017237349
0.859986372822143
0.860997804371549
0.861873975515846
0.860942361492729
0.857754049395975
0.857523072601483
0.85807458064142
0.856977958076277
0.853993573320719
0.827725001680866
0.757938618135277
0.730053548940481
0.765722707018545
0.776601406282952
0.776926796869074
0.803716173739474
0.806318936432048
0.812604227502705
0.803133615239215
0.783812327164885
0.769353729381458
0.769831028795749
0.780132227390603
0.803762381552451
0.817040148596075
0.822996470494017
0.827524964998085
0.826760498173722
0.831827083900082
0.837363899435307
0.839309815815301
0.843411259783504
0.843033274174389
0.843711297799138
0.844216757281102
0.847487287889321
0.850661996096527
0.852056531447452
0.854189848673909
0.855886638126839
0.858357909847595
0.856668210178037
0.857078596731893
0.855955638916593
0.856041833851306
0.855178463748763
0.855764036969223
0.856792162507386
0.854717758346207
0.851553093716856
0.851154204852354
0.849605928005215
0.846758450375385
0.840521049791905
0.835425160693715
0.830986192493762
0.822611463250409
0.799341324672846
0.767659887069695
0.771569916407265
0.781697852893736
0.796112823182287
0.576341870764171
0.0567471597367092
0.439059741428326
0.669107246094677
0.716564174385627
0.777974673446129
0.815471035438681
0.836376811354244
0.851531263683599
0.852504561721305
0.852553921099365
0.855012458670295
0.856416029475339
0.854610628978433
0.851708530395373
0.852746141638951
0.853241233146759
0.852537647434616
0.852070579920183
0.851693677265802
0.850248817892868
0.849634614586696
0.849075406208499
0.851140522267641
0.853323955861157
0.856309483287284
0.857674910228239
0.85775189372217
0.858548378066939
0.855806501768405
0.85516954249595
0.854079178425199
0.853568261585954
0.853234953692149
0.850775351542737
0.848580533254567
0.849488492064979
0.849990363768001
0.851794816732222
0.852169591732532
0.854247184564403
0.854422891012179
0.854295206355185
0.854610822746176
0.853757102756205
0.854886390507289
0.85460296012994
0.853412618824814
0.843725179101556
0.840875374841757
0.838423506101229
0.800257336705094
0.822828542776586
0.821899130794735
0.821212041175069
0.823942719508265
0.827596607928954
0.830361985646363
0.834757441326935
0.820702927648821
0.821652755397279
0.817520929678648
0.819828792249828
0.810789959743704
0.798078706652652
0.791774451482622
0.790266731258764
0.777244961158303
0.780086244164371
0.812351607750754
0.831747322317723
0.843292656268301
0.848571118996385
0.851561502720531
0.854827262948069
0.858634567123528
0.859943944653972
0.859780989746067
0.860165827520869
0.861140369614278
0.862225295526782
0.859161587208248
0.856974813253142
0.851918580414216
0.848043857081786
0.851777638683619
0.854361133699211
0.855787489181107
0.856329928200384
0.860179537994499
0.861398175984504
0.863110111223542
0.863509093765716
0.867296880261216
0.867953177324685
0.864251067593593
0.863130382002884
0.863250386117058
0.86403886025034
0.864937493092871
0.867605586558519
0.867729354637099
0.869876759071743
0.870352263485308
0.870735667936174
0.871184211051244
0.869786704144232
0.870188853348596
0.868848024588151
0.867994973725528
0.866761435721641
0.866040295889713
0.867313162263735
0.865406384148842
0.864038653610532
0.864384458361056
0.862908406109914
0.863809157102527
0.864525285998724
0.862233604453704
0.862444200670224
0.864467566862234
0.86324104232041
0.863903605377579
0.866517441374927
0.864894601815593
0.86128605617416
0.858954730945309
0.861167909844389
0.86053720789941
0.861192454209008
0.862164807880251
0.864454057746851
0.86244462801383
0.85867608610366
0.857242922720687
0.858238426547724
0.857281651852516
0.852068220286968
0.830123825041799
0.761675162490987
0.74734845280932
0.715428962107048
0.770620477541618
0.780971798441328
0.808692015566626
0.810101731143154
0.813384493981883
0.797769748650626
0.783890827781596
0.749825465530178
0.756138377704031
0.767141972810416
0.789864047490128
0.815495381305516
0.8237012721647
0.827991961041872
0.828347920220992
0.828958503831215
0.831677970386452
0.836180223577161
0.838998998526717
0.839763352418583
0.841582579012853
0.845339726530094
0.84930411482268
0.851591461433496
0.852290564500596
0.854732352459836
0.855818115194035
0.855795258072006
0.856071755705326
0.857948965826109
0.856139285220059
0.855037290276942
0.853518712581362
0.853092238985258
0.853505859438581
0.853772753748388
0.850021689224215
0.850358166505457
0.848582965196367
0.845436626184421
0.838079297453742
0.834686361509526
0.828306448101353
0.812572289617252
0.776736665536008
0.763126649122297
0.772287148003791
0.776431827207143
0.808295180886901
0.80277281917361
0.804325173278748
0.518497037645042
0.662664709981675
0.750380149995166
0.788305254058406
0.815175842101713
0.829898170989369
0.842923885885134
0.846039167567664
0.851381247083272
0.854109914528717
0.855737420437854
0.853152259215823
0.85177051511296
0.849732086318703
0.851857466526875
0.85345515742732
0.854689084971147
0.85193389965707
0.84899850127828
0.849597274870371
0.851260355226192
0.852188546400798
0.853703757336485
0.855155057240229
0.857135437405036
0.858059834652634
0.858903297214102
0.857290640921313
0.855145581922035
0.853417682333908
0.850879913998536
0.849515033610912
0.848151399282625
0.846450969875645
0.846076846677789
0.846948528198685
0.847749286384934
0.849976966724363
0.851743488463066
0.851671164405692
0.851938775959075
0.853041431527899
0.85174014517315
0.852321791661963
0.850721827532877
0.848948640983405
0.841361644464406
0.836800523347989
0.835894570473776
0.828021301156157
0.821127647083596
0.814173545797892
0.810423787982851
0.80853345662797
0.812815660973764
0.81552392979371
0.822045028099191
0.820040353434335
0.816413022674728
0.813397079027271
0.810253137818651
0.804084629170097
0.79537077636724
0.786014681087172
0.783031409235709
0.77461590014493
0.770033621248124
0.802714249518797
0.819865508258214
0.835517104829269
0.844627972121201
0.848741559615634
0.851222157574107
0.853839738396941
0.856733804361872
0.856652405670396
0.857995200838828
0.85961709720955
0.859071674121049
0.856505478707469
0.855117144281264
0.851245088132846
0.847791065516956
0.850575716971812
0.853290919606009
0.85488429932882
0.85612732591438
0.858905409608494
0.862131403028271
0.863284876110774
0.86313408430001
0.865021225403374
0.865970054394286
0.864997846348008
0.864492622631513
0.865329354192245
0.864257043481671
0.864591218237175
0.866043176814611
0.86642251903271
0.868600021070806
0.870166467843669
0.871648116403823
0.870909012739443
0.87018699060965
0.870954374873598
0.868708362045758
0.868339577818876
0.866715951220766
0.864672037297715
0.864859174847175
0.864291947424503
0.864359691791036
0.865233566770399
0.864099588021601
0.865366627177811
0.864700242699714
0.864218260687482
0.862750758358043
0.862613953778307
0.862779460781524
0.863324779986531
0.864452519861202
0.862286865582515
0.860052616675228
0.860456314077762
0.860694653927287
0.859878557566727
0.858525283025106
0.859616645813955
0.86047043874213
0.861407454469645
0.860225114857955
0.859009113434086
0.859931203053193
0.856945862933727
0.853451028524286
0.836470246718695
0.767118992403546
0.738530689373221
0.635407540781615
0.786006450683564
0.783428050294461
0.808428521664668
0.815566781908452
0.811632540142699
0.789182046248144
0.782627752668398
0.765387706090418
0.722395535783825
0.743015897473093
0.774566228190948
0.814606442043373
0.826255987207869
0.83081740283952
0.830272262107861
0.829021181505562
0.830137856361596
0.834792208252623
0.83854303481352
0.839412955480656
0.843203400398219
0.848800943056943
0.84881305607798
0.850204926852201
0.850675641182691
0.853117835897325
0.852382506526826
0.853444326253199
0.854061431508131
0.855530080625796
0.854134457585936
0.853323233544547
0.853569254173502
0.850896548456457
0.851061782265911
0.851383429198266
0.846132950016253
0.851553666401482
0.847805337923701
0.843721949111102
0.8402662405103
0.833592126545003
0.824908663611206
0.796835992370085
0.768272449360905
0.768797899895948
0.775377810717112
0.779941507404305
0.814095501266066
0.796683155151242
0.65032236067744
0.244593897465619
0.431539039324621
0.741352143974255
0.800812893960967
0.820274635289562
0.832636834339903
0.83878562185728
0.839563614867975
0.843502363493973
0.843907081899129
0.847010364400882
0.850586604578014
0.851616609959075
0.851610410487618
0.853175063357078
0.850760051323556
0.854166230868803
0.85132760058584
0.850751270952032
0.851059716998129
0.849535123727234
0.850398146164669
0.851147793929913
0.851336187805299
0.853900481756154
0.854701958809454
0.855320394839652
0.855857689834784
0.855851577527781
0.853408059401972
0.851341967476608
0.848362869369067
0.847277794197667
0.844959539394607
0.845340821937164
0.847144665961894
0.846992152411478
0.848806870994269
0.850730471594343
0.850591182079546
0.850179328729427
0.849844914708717
0.850328085532402
0.849290133727229
0.84902062124151
0.84322638944661
0.839758389907562
0.838006632133502
0.791952337442846
0.79147977969653
0.810373428109138
0.803864768551937
0.79898643592727
0.793830947922598
0.801801311150408
0.807598060144158
0.814259797393899
0.815033693113973
0.810446935500894
0.805972355567345
0.804693711438307
0.797280171947796
0.786121341767124
0.780624788770116
0.780692642364335
0.767120130053917
0.760064894546224
0.79227019970647
0.810144038603028
0.825775629796609
0.839923219240096
0.847725228256624
0.851101792738624
0.853730339921074
0.853445358559169
0.853985816574177
0.855480264450004
0.858351351556977
0.856784238474433
0.85488532984432
0.853907191260917
0.851853156692345
0.851012848149522
0.852617793720465
0.853109045438813
0.854482428830494
0.855619584958189
0.859009380056988
0.861613740377381
0.862270051702859
0.862696776174244
0.863621045693442
0.863476938561595
0.864751958879981
0.865973513177816
0.865414009817116
0.863863606620512
0.864790295745477
0.863914852267445
0.86464562637143
0.866303485188228
0.870273751460398
0.87139106148669
0.8708077639499
0.869738644623932
0.870150733794938
0.868116468194497
0.867292991857476
0.86613734079241
0.864328257997679
0.865768186188751
0.8646698053177
0.865259653379788
0.865015990171111
0.866075623188934
0.865742441935578
0.866435236762265
0.864604622081139
0.862870250911919
0.862650785868488
0.862110707465769
0.863034381386884
0.863516469319404
0.862008380411627
0.861345702674218
0.860191755482412
0.858377377795906
0.858848484423272
0.859300124835474
0.86155084312009
0.859396222764247
0.86026683711982
0.859447383069691
0.859373928711759
0.861260764385183
0.85781296449555
0.856168046696548
0.837595306583716
0.773213569093235
0.741183429903913
0.71894377561218
0.777692320719083
0.789795432394053
0.813168373038265
0.81534449002422
0.806131360660533
0.787415139684407
0.773983346273944
0.75750548348463
0.739285954758131
0.721090244675136
0.75923708173921
0.809936917323182
0.827352859364701
0.832944275916082
0.832840939334631
0.832733515690886
0.832840232641134
0.834622916011501
0.837796977722567
0.840272502674264
0.84421092003966
0.848658663491926
0.848329466235121
0.848801851061446
0.850830580736129
0.853158968429471
0.85344317776473
0.853961576216495
0.853414081418869
0.85325326386736
0.852879708585077
0.852651685251902
0.851412180238217
0.850452476473926
0.851205454144741
0.848921577632601
0.845210004209777
0.850291879395357
0.847430072415231
0.844092093515186
0.841062039245236
0.832341944963563
0.816431755705878
0.782926355961801
0.777703714196459
0.773563023839845
0.7827783356
0.793185591273224
0.810422473163938
0.622205572913209
0.153630258166384
0.00651206479206801
0.283131411789595
0.70561794241181
0.806245646253868
0.827190135852461
0.831761907502243
0.836840903403435
0.83641759990562
0.836941053573135
0.839313967586697
0.844095503754332
0.850331707898008
0.851255451476511
0.850219603363989
0.850976539146676
0.850361922325293
0.848732261372014
0.848508914107822
0.852072973087982
0.853981655348248
0.85248789928975
0.849556135581109
0.851454742341148
0.850605059540716
0.853546934693768
0.853316903908452
0.85373746028527
0.853892544878917
0.856570240394408
0.85634056309698
0.854287601349902
0.851037103357708
0.849637895710769
0.847854921193594
0.849054889058348
0.850542129542886
0.849700041025442
0.849428071635748
0.850866754453514
0.850260650172945
0.848531502708093
0.847983823082182
0.846380213747105
0.845476361579348
0.845589454156187
0.839745655379977
0.8366990549659
0.834588827970774
0.831957553863338
0.818545601208248
0.804492232008791
0.794196655648895
0.789084045239011
0.79229398206788
0.800046752745083
0.804936494984248
0.80827941625043
0.80883606976992
0.808122139579714
0.800661704418388
0.796514889147378
0.787118417504716
0.778273893635816
0.776351616678218
0.780973525578073
0.782006017373615
0.759843583854392
0.790715758569014
0.802958429082356
0.822200648996924
0.83408225604294
0.844762291570087
0.848803073307509
0.851095354837607
0.850504224007893
0.85098005858398
0.853848260283953
0.857162395400065
0.856261335329625
0.854260273043531
0.854302021570216
0.852427870001483
0.851869868824257
0.852608490126706
0.853555220319681
0.855902554271592
0.856082894431239
0.856872748268796
0.858727932735585
0.859149064354361
0.861856582818286
0.862471059401113
0.86392665342199
0.863545205725463
0.863797899214045
0.864193533268122
0.863021452667687
0.86330869093464
0.86386550840532
0.865609395562155
0.868272476746956
0.870408290918495
0.872558992902791
0.87182566809918
0.868915470768499
0.869201837964229
0.867026056198438
0.866918092784236
0.86611478116344
0.865729372462056
0.865892934954543
0.864124254478111
0.865632491169238
0.865906203631445
0.866931610580519
0.868064096468829
0.867576845250953
0.864975655377902
0.862430828652426
0.862861493543558
0.860562497047209
0.86207465618609
0.862244197066276
0.86188426276801
0.859912321212776
0.858797563202633
0.858128449009906
0.855549043289756
0.85456671411156
0.858016193451
0.858160987055592
0.859021067248599
0.859530396339247
0.860081389721812
0.860462370188796
0.857811588850239
0.853627294043307
0.836509962473082
0.779305776883864
0.778310737293228
0.764724851761621
0.772473473867387
0.773631319791845
0.815856163076623
0.814979408597923
0.802906631412695
0.790219390997377
0.776845926056869
0.762610446253561
0.741143950392463
0.697607174660598
0.752303971684251
0.801760242014951
0.82784673589522
0.833954027593545
0.836321425659498
0.8344143204181
0.835481568095784
0.836484639106738
0.840920023179947
0.844167388448077
0.84659225666954
0.848836292432554
0.849391483399025
0.847115837735736
0.849661728296729
0.850973366827281
0.853009011091572
0.855015373143373
0.854864521345266
0.854524949792091
0.853464668492422
0.853032882525839
0.852716914195424
0.851243563576765
0.849386836741647
0.848829184495929
0.843750716058618
0.847367407085733
0.848395327085071
0.843687359046923
0.836910760561217
0.824964629436712
0.803553784966064
0.773478735115133
0.773725327213096
0.768078839001407
0.791317815192217
0.796540183271781
0.800632407820217
0.805512355584656
0.767069902755047
0.217941766510138
0.60439850513153
0.780033069539377
0.820828637932524
0.834818877017994
0.842406230536152
0.844762348668244
0.839946592865896
0.838654373196361
0.837046366406126
0.841015655461373
0.842379760970149
0.844824132650206
0.847276686649055
0.850007586233125
0.84732497110165
0.848332733272229
0.848844880144312
0.851311639921051
0.852747190532396
0.850959924186556
0.849864985022211
0.852526937112988
0.855299374602229
0.856226164195599
0.854620236887298
0.853670215193333
0.854444099499719
0.855521430750324
0.857316591972643
0.855066006048512
0.851277670244264
0.850443669360994
0.849808382086606
0.851810512450552
0.850444676851865
0.848621886294737
0.849006990966004
0.84940517357972
0.848075034706198
0.846986844147823
0.84606958872858
0.845225650948988
0.843356377425536
0.842541710396813
0.83649268838184
0.832842097326584
0.826082537435773
0.813978288457682
0.802214752302735
0.781412758346847
0.776159760262546
0.780455260606553
0.788906315313864
0.795225361505137
0.797842648902991
0.799318514978639
0.803668236898681
0.801370422083616
0.795948309885953
0.787094654002759
0.778434971184977
0.77232003372475
0.773716622397691
0.784709902724544
0.774909448013869
0.76703084225733
0.793201369430792
0.804028266284565
0.819071426099222
0.831775020740217
0.839850759513102
0.845762651527521
0.847670741163525
0.848073973974786
0.850014025270202
0.853280070995979
0.857748655701533
0.856005749917998
0.853698691473316
0.854642278763948
0.851426843203564
0.85162937521823
0.853060790020055
0.856697930191024
0.857330722129407
0.854587673033753
0.854005690750119
0.856294171991444
0.858841029026289
0.861306392881844
0.862433793625834
0.862067961215229
0.863524074516401
0.863936680482175
0.864071288758801
0.863255969094936
0.863226350260691
0.864871958471319
0.866065399939646
0.868945442324349
0.870094164734185
0.871363547437316
0.87258161624542
0.869402723753199
0.867346039638412
0.866996276398148
0.867290130104536
0.8661354059678
0.866362068722291
0.867966694579736
0.866492965518694
0.866053691066912
0.864819357851611
0.866136654089131
0.867802944046144
0.868467780739181
0.866721185227303
0.862719767175079
0.861739895977547
0.860366141208595
0.862237109665849
0.863752731701367
0.862889103632398
0.860200289123327
0.858766749602435
0.855456514298314
0.85298098078548
0.854644146089231
0.85816492959354
0.857895669286828
0.859130293939239
0.860045653044967
0.860573347937824
0.859695666257713
0.858113449159637
0.854377207770407
0.836539068866823
0.783855516502405
0.795583613415551
0.795988430440354
0.789726826235605
0.790571186177081
0.818970668314569
0.815918998413949
0.801764314678669
0.787025068449079
0.778673915886872
0.761817488842091
0.746283334681608
0.714136342966032
0.738447295050786
0.786328743888285
0.821961183347537
0.831708570466555
0.8369862809653
0.838408621517855
0.839664759588224
0.841598339079666
0.843864111805194
0.84476902616002
0.848415625043455
0.848742851296402
0.847743551754465
0.849702450749322
0.850620738869892
0.853008108543952
0.853581110208537
0.855588657380797
0.855396418702343
0.854732212004085
0.854209950751442
0.852112587107304
0.852573277164422
0.849741655245063
0.848840221680806
0.847088124672262
0.843028280944752
0.843614837660826
0.842159315011269
0.838903681885505
0.831494664941191
0.816550313227185
0.788201962719539
0.772064836521013
0.769741050375202
0.767156613636127
0.79862413279353
0.795254817559329
0.792793193616592
0.798733862389403
0.621327405940786
0.800032874730701
0.789206399896055
0.799609768345001
0.823429984471798
0.839375777818866
0.847207186113503
0.84184967135456
0.834329102212471
0.832433311530153
0.829933919964678
0.839396902527167
0.842515379614686
0.844276662223861
0.849699496663809
0.849271306308168
0.851096083738575
0.851755261806111
0.851874435331605
0.851775947116275
0.851627466563798
0.850314463095802
0.850706111748317
0.856161963780823
0.857662955484153
0.857406628252603
0.856318377041742
0.857879221805625
0.858219129595371
0.855459955798892
0.855839630030706
0.854828720830383
0.851345431814414
0.852280795123911
0.851623813112206
0.852663675092428
0.851776096730031
0.849960516329534
0.847213810235093
0.845865717850699
0.846124924254251
0.844032711848321
0.843172702797094
0.844047028744269
0.843473842725322
0.839902775414671
0.834684086099429
0.829013261332935
0.818568126379709
0.798594478729638
0.783889076997682
0.766538280645808
0.774816308304603
0.782553397919
0.786235757269806
0.785807740075781
0.792793686651296
0.793314053063734
0.801021564384203
0.794901152485015
0.789518613501559
0.783021031250382
0.774126756076029
0.769712059057893
0.766965404450189
0.777719193737579
0.748001736922094
0.782705765622339
0.796773650982002
0.808166733674301
0.817485748649678
0.830322723375935
0.835675643052066
0.839127216771737
0.840683101336137
0.846179173363822
0.847574899775399
0.853371051550429
0.856446094252063
0.854783852759718
0.852175442062932
0.856345523355524
0.854791652373135
0.854147611227516
0.857043409535823
0.856878217428446
0.855447027966884
0.852581712800266
0.855209702168596
0.856972914926361
0.859582236745425
0.858736446273554
0.862092106644869
0.863454096891822
0.865191483345422
0.866238352819319
0.866690472948083
0.866214384024471
0.865446916074985
0.862126131285378
0.863820568198101
0.865534657833753
0.869541866849513
0.870886431721415
0.870176946493076
0.869944396266182
0.869512204974416
0.869805579893763
0.868381972074256
0.866267739246056
0.866420905343539
0.868046898789571
0.868483200643215
0.866994050680296
0.866868038917093
0.867817762947273
0.867521384354478
0.866566207524518
0.865565106717153
0.863384758963587
0.863355854418762
0.861382594012195
0.863371847805091
0.863841890243892
0.863219332328155
0.860847031826154
0.85762957219954
0.856410680984342
0.856329568364378
0.85693665835886
0.857569886462798
0.85870188742976
0.859939922416192
0.860140836485278
0.859892584043885
0.859255402355224
0.858221719036718
0.852039218477429
0.831068772309092
0.78894197489273
0.793197343406331
0.84107941572605
0.812655833812643
0.727995643909595
0.820300597753105
0.814474053475317
0.796612916410284
0.78829474415337
0.781244178086195
0.75849910010102
0.749601044527254
0.730558076806238
0.726467272128758
0.75569345597329
0.807491174986695
0.82886494349501
0.838489667803639
0.840470394777173
0.845323731039687
0.846632719178021
0.84841542087805
0.848553997404615
0.849543542669962
0.848392963738234
0.848399924242863
0.850976859576608
0.852547231770906
0.854335163763392
0.855526103184812
0.856671472592883
0.856849133226348
0.854649952843092
0.853524977825935
0.852458919330854
0.850895807988298
0.849249432801388
0.847789344289183
0.848614403725325
0.841575382087587
0.838548358555701
0.837912534705236
0.836691502278633
0.823308001572878
0.801380056851298
0.777475298259004
0.76551253616057
0.766880570597036
0.773885737773875
0.805514320861403
0.799306645006368
0.805382789993042
0.774565526613604
0.326680699185909
0.809664103434597
0.797100807520978
0.816027778109924
0.827206888654537
0.838368959501092
0.843006690739576
0.836757082287071
0.831762160874708
0.812338171654269
0.819019909262532
0.823621231955877
0.842205914982506
0.842022451682124
0.845899616065946
0.851523561181206
0.851651226066597
0.853098643289667
0.852543091303936
0.852868276353706
0.853881447065518
0.852466765885145
0.853868174712129
0.855017217730429
0.855496798572272
0.856012250471652
0.855315891882927
0.856819857203501
0.858498935326595
0.859598355813658
0.858492671181988
0.858078100293764
0.854527010588769
0.854014253782761
0.853807689613722
0.853657342131081
0.8529882579163
0.849098002452521
0.846149967084163
0.845455662340398
0.843503967515987
0.844628992671954
0.842433014156202
0.843204183751235
0.842551304468612
0.839637391980505
0.832575658561607
0.807133777393846
0.796915524643973
0.773367040676184
0.766201657452221
0.75554514792475
0.771312589350782
0.781582030309154
0.786686848950668
0.782082756537034
0.789937889216973
0.787729831091945
0.795272463693784
0.796878511543918
0.787317203332038
0.776277304689963
0.768238925038028
0.76286024662922
0.760691582652877
0.768766455437386
0.740839617019743
0.802108657568545
0.804509103809212
0.817694214253527
0.823108641262578
0.833043513650555
0.837832366044877
0.838980823373851
0.843343398117848
0.846324243136438
0.847549402995038
0.850464285841422
0.854142545026052
0.853655096491505
0.853263768648615
0.855131752388931
0.857186528697244
0.857042482015222
0.857534524184022
0.856352317993029
0.854186920305105
0.855482968568716
0.857437649977322
0.858822471806119
0.859370601905248
0.860643065486967
0.860892103646715
0.862760757011666
0.865546672481508
0.864127640273345
0.863579291217769
0.864392581952761
0.864828549570983
0.862584289228086
0.862171312474499
0.866079205859232
0.869183521736384
0.870493775934468
0.86942543664979
0.869192115486896
0.86949041377039
0.870247678895372
0.869394399222772
0.867298016234693
0.867931772157555
0.868843215503715
0.869719596276572
0.867411618254013
0.866201902693229
0.867171929693898
0.866805352016536
0.867402501235047
0.864479103629863
0.863863035357858
0.863469647743098
0.862369962591958
0.862984713369698
0.86238660255626
0.861841223784258
0.859711123656455
0.857869546430633
0.858463498136071
0.858164602838794
0.859037842321294
0.861418600810471
0.861884918078492
0.860367150716223
0.859777727424686
0.859262807076344
0.859352053921911
0.856554870773222
0.850549837242545
0.829414615202541
0.793289063732724
0.727240775011798
0.881244201635366
0.826975222950243
0.745054527262011
0.821651790248064
0.817503258085046
0.796010018759227
0.786197362762278
0.774708231962512
0.760606881455225
0.745087039782717
0.731922759231341
0.713751008981144
0.718482804282918
0.735125156753589
0.800801490380173
0.836882207193768
0.845555381208215
0.849576244717793
0.85063637017664
0.849800942880798
0.850028880096243
0.852426641532636
0.853776732891674
0.854067879919976
0.854376418546739
0.854207667275221
0.854636705361968
0.855958387397942
0.85625569351555
0.855884965518246
0.853771602143384
0.852158588328119
0.849162679559162
0.849589338833458
0.848494122184673
0.848251671158395
0.845919401652214
0.839478152137907
0.836232514607854
0.835875133223458
0.829350779363035
0.817646461897959
0.796162189563485
0.774714420923442
0.77906098203037
0.772409675677031
0.778984668612539
0.815726820782851
0.799606900194372
0.790823882797746
0.781555887946548
0.774924357192237
0.813113603927707
0.805742928330273
0.826326634800298
0.828873656399438
0.837009473851174
0.835547562789139
0.8365749947914
0.829537187196443
0.806130384913307
0.792373584360491
0.804421583229473
0.839393762407023
0.837802831468754
0.844184316350916
0.85314631447426
0.854234066646731
0.853721002550434
0.85437435558133
0.855416100146503
0.859285223204898
0.856914351855635
0.854260690743377
0.853778168099386
0.85425668338458
0.858395785400086
0.858638273088678
0.856372039785349
0.861776934260976
0.863746413287935
0.862356107813107
0.862457490544752
0.860908754035428
0.859144771474181
0.858997581563224
0.856728185456294
0.854667997773122
0.851102142564302
0.848916847692605
0.848439718285541
0.847133573784693
0.847160942564238
0.845540524985262
0.846936284420925
0.841747131202151
0.839897940278319
0.830309729307843
0.792388649586742
0.770978290447537
0.75260966453392
0.737411220657478
0.739615167398356
0.77400895683298
0.780696723839789
0.786884300103673
0.787623661585044
0.789662768227692
0.794289587804227
0.796146282594138
0.796897437523747
0.774159574496165
0.763915269824112
0.76160813111064
0.758424444842124
0.766696245287369
0.782865601775369
0.8067935969821
0.813543532872724
0.813363374644504
0.827040855233446
0.832449075874993
0.838660758480871
0.838136522443746
0.83159447306747
0.826858873851356
0.846007344751195
0.84503495720735
0.846947697653398
0.853350694030634
0.851803475409238
0.853035915144061
0.857042369337866
0.859040875079746
0.857073755998963
0.857090984425825
0.857740752249742
0.855371604917447
0.855513659372442
0.857727761347708
0.858670530458229
0.85997618807854
0.861195368040268
0.861835417415213
0.863235268803297
0.862346821077951
0.862259300249791
0.861399321852387
0.861583613605745
0.86027151631651
0.861918049800972
0.866587849155862
0.870810597063803
0.8707591843439
0.870007155960684
0.869802373883246
0.86999010401658
0.869458470877868
0.870425066835036
0.870035070671332
0.867618405192192
0.867141987881139
0.866674836181124
0.866296620584326
0.86583834591456
0.865123756090581
0.864831249676417
0.864957228245642
0.864689325182372
0.863391102658473
0.862055311710032
0.863649319481904
0.862067410924434
0.861211538717531
0.861533018150622
0.859886771255556
0.859347360674543
0.858963524819711
0.859573112805239
0.860334136359564
0.860517739385582
0.862139637317024
0.861505338223951
0.860630452733163
0.857516108061816
0.855970428675828
0.855862537812882
0.854079537890692
0.845778477530097
0.819761400587863
0.786331729828107
0.428471680934302
0.815563277988534
0.807328127075037
0.802397085104134
0.828075062296309
0.816933660512811
0.794824209339509
0.783861645497502
0.770054331940795
0.76259716604832
0.745897752770944
0.731888573810371
0.734294926792007
0.726566412712519
0.724932375376167
0.774059195853633
0.833099356166169
0.850124931242411
0.852549605111541
0.853587379413187
0.855848533273985
0.856379636686465
0.856388008358165
0.857685132036526
0.85843184612967
0.858767881432444
0.856637184824841
0.85588813545442
0.855888675562265
0.855009375542576
0.855714912208369
0.854443941689769
0.851247123497679
0.850148012971464
0.84914543930501
0.844912390327717
0.846744117443483
0.842863417919784
0.838086497212268
0.833725536883432
0.832851725654489
0.82493285842979
0.809263502458139
0.791185307573411
0.781238530813725
0.783265962404753
0.73826443242094
0.716415614237236
0.826393121673133
0.797831530245747
0.772223540816984
0.771210419323498
0.76454659747747
0.780281479609207
0.811881730147559
0.826404472789718
0.836598078187086
0.838090035220202
0.830654667929594
0.832481444402172
0.814838551230511
0.797038032828219
0.782342968320112
0.792588150248756
0.831737072766482
0.831459988819271
0.842678697462206
0.846595137133272
0.84829249184004
0.859632569877706
0.858646174928759
0.860395767609922
0.863585374860264
0.861547145401815
0.861087987684603
0.858280099620911
0.85694630593268
0.860880702954178
0.860657731520227
0.861963968665669
0.866822066622169
0.867177348416158
0.86666699328708
0.866175118067567
0.864239558740425
0.863068976518882
0.861997219746868
0.860207359733382
0.858148346852348
0.855904054586445
0.85361517134307
0.852670198314349
0.85052847463362
0.851223972608115
0.849165238393323
0.84741437759339
0.842189352139253
0.841414627634241
0.828286340804281
0.794804516891262
0.756109992455399
0.732610778957397
0.738113164702466
0.766855577211691
0.788410397228012
0.786059577646263
0.785014359294292
0.789143435810088
0.795163364861623
0.795738963800929
0.788327378430971
0.774091264014066
0.672822521157728
0.759514773261606
0.758253801299949
0.756940101269054
0.768817488807985
0.80419839529814
0.825186778030597
0.828184715094233
0.828840057598943
0.839365327777893
0.843044750878211
0.843456978310888
0.83787368562331
0.835318386055139
0.843131198616896
0.854435360916976
0.855368416996351
0.851560843146402
0.855697852901743
0.855100953004296
0.855687131560989
0.860567725887508
0.859925850829608
0.857743969893444
0.857831109555518
0.859043398017926
0.858782372167633
0.858004476234705
0.856482599556609
0.856153465642308
0.858843311843354
0.861091819520724
0.861266505628212
0.862676727012128
0.862215260743194
0.861066104988434
0.861089356020304
0.860192223335739
0.860517490727085
0.864913041413438
0.868481879950357
0.86949568409245
0.868781484651441
0.868331531799966
0.868417151927046
0.868677761728109
0.870178164015834
0.868254239652625
0.868919456362555
0.8686513095851
0.865686536032079
0.864682005813655
0.86306454345139
0.862778587330535
0.8632509184168
0.863075793886425
0.862133666938138
0.861088859882476
0.860879547894849
0.860074242494519
0.859768866479786
0.859014436471279
0.858142159920557
0.858481127354644
0.857454873366841
0.85734236609493
0.858123415610148
0.860395471365995
0.861128209176969
0.860497546344525
0.861250602060671
0.858998640869432
0.85717863263106
0.854645734333222
0.855630073475424
0.855636362708596
0.853139535882803
0.842477090383323
0.815355119089489
0.781682999629
0.725201047915949
0.748339320275807
0.771550291095253
0.818014442641816
0.828873027032238
0.822475047230124
0.799811369544017
0.784376424606573
0.770353540618405
0.764758411226749
0.748141045942614
0.736380877314068
0.734173039450519
0.734403662381084
0.742874230409451
0.785831698466292
0.827747869784333
0.855084143344607
0.856137015684039
0.857876219954959
0.858978314213737
0.860387209591322
0.859562247103891
0.860272358106189
0.860940453667955
0.859592045439975
0.857272058037304
0.856287534409823
0.855662095393551
0.854868388370127
0.853686771915849
0.852994839385133
0.846865773603133
0.845657820744154
0.845491178895977
0.845112526915651
0.845588478906484
0.841402423530951
0.833553096312995
0.830780603151429
0.825798689207563
0.819061307405993
0.802352535772497
0.791802205719571
0.801561078349262
0.801645069651775
0.664746111532328
0.263831672902413
0.826017445419333
0.807092937126484
0.785469804490488
0.762715946786579
0.742949035929804
0.778760152825078
0.798541310088964
0.81298137027111
0.830855501384898
0.838903175656014
0.824737998188643
0.818133548567522
0.802420442467741
0.80756283750847
0.767257184191722
0.775148680623523
0.827327506920997
0.835959060299184
0.845004718978541
0.848110538306755
0.853050734013847
0.85987007401963
0.85915632905116
0.860238868355092
0.864514686017924
0.865103754985283
0.864327995102906
0.861525429547162
0.862295842217119
0.861768574137581
0.860269988132943
0.865184070704701
0.866267878045784
0.868318628791912
0.867702770354584
0.866479910489066
0.865105266363625
0.863812001609153
0.862579694456355
0.862083956252773
0.860527851944898
0.859469230491986
0.858187977776648
0.856487678045078
0.853776166170644
0.852121846787741
0.850435063131718
0.84789425641726
0.844770467639343
0.84145424029168
0.829561385642032
0.807044478810876
0.774508935906762
0.766736433286542
0.770810526175666
0.792914907126847
0.80136487776408
0.794797491683724
0.784148593859383
0.786085404433306
0.780667489374787
0.770940388488921
0.780448275236242
0.780576870255167
0.767532133853417
0.768454181371624
0.75943941363529
0.760050489067379
0.803669719752263
0.838622064743677
0.842282592954159
0.84137755918089
0.843142135267059
0.850539551322821
0.847875393841668
0.843725811924105
0.837153046028244
0.827175955379031
0.793967970855334
0.742588149245221
0.714599608294575
0.858701406321233
0.859229609277992
0.858100191715617
0.860513477470363
0.861770589161076
0.859408055611954
0.857140288631245
0.853732473249492
0.86089976394822
0.860611973867739
0.858912258974953
0.854137127566166
0.855400983241499
0.856727272023275
0.860600486039627
0.861396438761597
0.861987746109828
0.861589523900833
0.861846434219151
0.861047907507834
0.863453364556693
0.863663035434483
0.867057775289204
0.869844001582158
0.869050009752711
0.868046981314466
0.866854464945563
0.865861949102244
0.867188433104444
0.869410723772635
0.869376581021532
0.869493745982733
0.86836232018511
0.866893260262849
0.864763852919786
0.862595651359999
0.861896875807358
0.86134082966518
0.859922751148047
0.857878792556557
0.857290679533053
0.85950978248408
0.859371705967475
0.859451708288936
0.859381733191782
0.859902318963247
0.860422750116814
0.858698097884002
0.858159302135516
0.859082997549354
0.861659346509442
0.860784583997786
0.860060399532836
0.858305951106158
0.85675721674542
0.855697674258697
0.855951848171457
0.854461686898329
0.850497318130629
0.845623587524293
0.830378823646206
0.814455085344546
0.808631629255919
0.706164280166156
0.73372477201415
0.783432597132688
0.793158888957249
0.827869159204102
0.821588217040437
0.79981662405651
0.785877008865604
0.788326006647896
0.772123706956167
0.75008038617351
0.742603813763322
0.735173006798673
0.746816582066398
0.754339496494788
0.807829645536487
0.835405191841236
0.856669975254117
0.858251730517666
0.86013375333455
0.862157958485367
0.862423581541645
0.862211792353694
0.862451749517181
0.861311196455285
0.8586771156912
0.857905471012731
0.857026400872569
0.856813773156265
0.855548053357183
0.852332682801753
0.848250872946562
0.84540642663841
0.84100269208803
0.840763674907466
0.841327681419987
0.84227959342934
0.838632449824808
0.825819813351825
0.825001053233342
0.819595369298482
0.811157394083161
0.796433768486865
0.791887023492276
0.799573975710462
0.816616334513069
0.82692068127456
0.833834840079412
0.819535051379702
0.816649652806961
0.801264336961791
0.782334554734598
0.768527778173157
0.766381218310734
0.771941807403881
0.816097472340537
0.842923424242305
0.830227097175189
0.821317262333123
0.806391950679369
0.797331575473164
0.804206141226177
0.763568734514121
0.782262275838739
0.827399806072183
0.844441458313548
0.849437293124714
0.852840310806294
0.854763013986105
0.859168605609928
0.857231052054148
0.860675021128646
0.86453409505013
0.864494464252546
0.864790008864614
0.86574612913613
0.864935232341383
0.864213377368445
0.865741300945981
0.866876113923674
0.866887884674369
0.868529005764191
0.869975590107785
0.868274009573313
0.866603165222295
0.866924894576683
0.867188513041753
0.865934568031997
0.863793010892354
0.862601394543047
0.860038855712163
0.857900627753563
0.856610884978739
0.855389005429303
0.852511747311461
0.850783280365315
0.844921079115074
0.839373578989394
0.827065811797513
0.811194438462645
0.790005869755593
0.777634830045634
0.784744073143826
0.800386651790926
0.796008736462788
0.788404074919005
0.775612531338037
0.79824191802226
0.784075678663509
0.781452797599325
0.77869811712776
0.774389773299301
0.778147313314732
0.770152017868874
0.775467036446895
0.796579712699478
0.833697099965484
0.855376142712637
0.853822373593927
0.85346095258223
0.85582903573113
0.857519661034942
0.850642339640674
0.843477912119302
0.83290650490548
0.804490128584932
0.766405791511351
0.73428437365179
0.739607109639128
0.86349281097764
0.857664395231111
0.856620742377848
0.847248417509993
0.855239651907488
0.860442363191379
0.858855069305303
0.857265724979319
0.863816768085544
0.860112002691954
0.858950067194071
0.857012678892795
0.855626701934145
0.855608914604769
0.857809734430245
0.861419802971521
0.862586124867687
0.860310203117942
0.85817096123239
0.856518748142115
0.856849953856506
0.854237489196807
0.865182106713854
0.866493695311035
0.864775027589268
0.862963749527933
0.863853891586647
0.865674995669997
0.86745013669851
0.869208235763967
0.870193723983176
0.870283140000304
0.869090975639761
0.867821840125397
0.865847656800331
0.864294773568668
0.862784998959109
0.86201536971056
0.859425453867483
0.858389129278025
0.859038018071208
0.85986301977797
0.860170195600276
0.860893020709541
0.861217346539973
0.860425275056383
0.860652602416457
0.86102603911488
0.861038389971993
0.862569363744609
0.862839591811183
0.859814103170227
0.858350366649784
0.855192780144978
0.854449583903641
0.85515683984698
0.85442258760584
0.853163859527089
0.848872699502907
0.84156050319685
0.82373865783977
0.684354145359994
0.453212114997569
0.339933501793207
0.757240130439056
0.776309129859165
0.814340645105877
0.818204847166791
0.818593109777647
0.795990605377041
0.791443005090215
0.793236538961789
0.772441886022114
0.75364475601892
0.758343551129877
0.762852614139612
0.780529428413588
0.791088085749656
0.820917554172067
0.839546833539469
0.855136196103581
0.858833288820011
0.862078139710205
0.862968387125426
0.864065194310074
0.864626099174645
0.863222532640171
0.86125208640331
0.859475958701931
0.858354515936871
0.856744219032045
0.855363760209021
0.85319326480281
0.849538186241696
0.842420909043814
0.83912750355638
0.834756499433723
0.83549448860089
0.838483803909024
0.838502952656174
0.833384023823817
0.817257097262811
0.81612393379933
0.811779392818446
0.800413791602001
0.787031686025452
0.789189917055592
0.793633901933415
0.799452030567705
0.802088673946619
0.826867747932729
0.823097263487386
0.811338415390136
0.793035713821757
0.778460721515722
0.755914530698635
0.756733407875608
0.781084864576776
0.81669720490062
0.845813821418175
0.842142941891354
0.8249423555357
0.80623048004479
0.796016157475032
0.813594160570568
0.785412695486975
0.799394749094433
0.833226131335868
0.852606285805782
0.852428759412308
0.855003508707447
0.856820519516895
0.858247237285882
0.858069381610267
0.861578143239294
0.865227489984258
0.865782707133687
0.866659797447058
0.867008818714166
0.866029702496073
0.866924662500484
0.868164222417027
0.868958473091638
0.868855996209675
0.868488818017816
0.869092712434632
0.867955246593703
0.866881209154277
0.866345419556844
0.866757963639275
0.866334452877384
0.86438101269726
0.863425028347001
0.861874669688872
0.861134590500655
0.860047464177926
0.856935046625909
0.853292416447216
0.849910134486534
0.843688983894869
0.838382456579219
0.828189039763435
0.815446290718697
0.800946013436206
0.790003456034427
0.794682930473886
0.794940423021868
0.810260128534746
0.805184758785273
0.773690197265104
0.812628344997334
0.788393028960066
0.779991167316616
0.776225407214787
0.780318635981862
0.798463809013404
0.790597031813547
0.80326240467479
0.829389617192274
0.854011523416998
0.862694608933415
0.859701422014701
0.861850114440018
0.862600681974141
0.860548878578449
0.852672744883176
0.842082927654553
0.823606288659501
0.801230059981289
0.771621705420897
0.755306065152942
0.804184549617145
0.866040697961501
0.858213197294736
0.853809666939102
0.848768744020463
0.856317650219511
0.862320148577401
0.862200204061948
0.86182602831037
0.864051197215216
0.862290689338879
0.861906260967005
0.860876761659569
0.860137374950954
0.859414155767572
0.860523212280541
0.864082718088775
0.861779209734298
0.858305658868278
0.857667512911762
0.858898019965181
0.860035348493671
0.860762254915135
0.864293796845734
0.863107591455778
0.864156542202831
0.863083774295491
0.864389716930752
0.865633767162805
0.866605581089753
0.867210623230716
0.867514213200293
0.868551319117193
0.868332243610571
0.868214608238342
0.867544757356535
0.866498982100465
0.865773802788208
0.863808830424682
0.862227527964844
0.861325937523041
0.861847268727962
0.861479787280734
0.861416690917052
0.861850503393362
0.862166619260771
0.861585885787808
0.861025081338684
0.859839378096858
0.860187230500602
0.859266648107707
0.858523513352116
0.855464194274387
0.856855516075235
0.854331919196223
0.854681240135962
0.855498844700542
0.852114301387105
0.850599355278691
0.84725060156175
0.810498299303404
0.578924164022632
0.471335105597185
0.529685698157641
0.329874734439705
0.737050583022955
0.782018983825534
0.830908653726086
0.825566098202468
0.815624931119812
0.795919783598733
0.793273605149405
0.782089346425215
0.770964117402889
0.751443824895352
0.756853964840293
0.777010780831199
0.789213911100019
0.809653841023053
0.826598239186289
0.841643799720379
0.856010014193786
0.861915925831309
0.865329992521553
0.864184302645575
0.865285702124535
0.86462038341661
0.863101446307001
0.861035398405023
0.858694528011907
0.857916135185054
0.854948778414921
0.852080252591809
0.848600737737316
0.842744082385881
0.837555603847834
0.831823194222659
0.829357437746814
0.829642939481651
0.831968947968802
0.832422149159388
0.825679001532736
0.813663908237577
0.811437289157072
0.81037016957214
0.796461618127477
0.786736385277266
0.784690938314378
0.79456675043707
0.795892063723106
0.794842576643511
0.829818069757077
0.823280596832425
0.807751484021971
0.786977890357528
0.759915679652169
0.733581325173568
0.745755598238629
0.832835236950073
0.831165941208222
0.842810292074056
0.838615746601972
0.821256831820518
0.805856611082107
0.798210462158038
0.79090131282731
0.788456461498074
0.811578103013119
0.838481640185107
0.857951470189613
0.855014600408891
0.858225818102648
0.859526750632436
0.859886206220567
0.860952857298544
0.862823821974989
0.865335229015053
0.867274979275691
0.868939366835561
0.867718135363512
0.866451499449536
0.866258093625361
0.865985596910156
0.866982683617278
0.867148448726348
0.86708588833627
0.867661032026738
0.867977593987938
0.867901914839845
0.868789975528227
0.869041983482927
0.868209059268104
0.866648610649416
0.865013213138008
0.864912989006631
0.865107473067619
0.861676395215418
0.858680223875372
0.853438721503864
0.848466761803561
0.840882585130977
0.835069190969373
0.824088901104241
0.813802034238359
0.804927447332387
0.787817220612765
0.792333822722028
0.796396451263466
0.808715326907355
0.828320331995049
0.796531164654668
0.804946624396921
0.796621259039913
0.790111879535014
0.799487928530831
0.817671675630343
0.820891608025935
0.82009780741439
0.835519946813506
0.853829665681592
0.866486575612095
0.867990650637526
0.866210004366622
0.865500626548561
0.864649295475189
0.861996728329265
0.853691536315179
0.840859987935489
0.826954273344472
0.806997016680874
0.802912700437334
0.817013813223035
0.857457014977817
0.865791464503332
0.860142895253277
0.857787242152894
0.856345576148902
0.862305763609597
0.865111522390543
0.863067778418081
0.862321999719404
0.865919100340174
0.864806726623366
0.864649211020172
0.864400813363503
0.864835623198334
0.862886318006741
0.861268442826253
0.860834653500858
0.858261815738743
0.858276760582683
0.859690900053134
0.860062701034439
0.859275157934731
0.860998805272909
0.864850111322151
0.865754930346497
0.866277002455901
0.865897825750035
0.866196261486072
0.866306985881783
0.866370540131795
0.866664372264302
0.866114972422001
0.8659683513298
0.866021125051967
0.865777699332471
0.865073055419767
0.864757415742075
0.86286418351267
0.860107964709785
0.86044047808399
0.860588216729719
0.859938678927923
0.859854818177155
0.860837025483194
0.860032965383856
0.85986916968091
0.858620207952113
0.857442376502351
0.857056146949307
0.856355668921251
0.85571272098465
0.856282114595297
0.855001420114675
0.85404955956893
0.853406097160255
0.854071740139051
0.852074134384896
0.852036665028487
0.852125813070218
0.833175418782954
0.728819631315101
0.712433686920678
0.744471775828953
0.706003946228701
0.579385020343457
0.757984443142105
0.834088397632667
0.842241979698598
0.832185268463038
0.811305366750263
0.783016768822368
0.768485125054539
0.764977319408939
0.776908757996164
0.759625988548132
0.756085633112042
0.769084927244875
0.796748133838252
0.807662251572937
0.830201420822802
0.841781793087121
0.856997135268091
0.862611006678541
0.866019924487188
0.866613442340671
0.865698196650858
0.864428279953781
0.862479126756944
0.860092182829112
0.858393792269655
0.855667576384447
0.853020810381477
0.848931352393313
0.843537866696416
0.837279389041394
0.831136243971385
0.826976845547845
0.827275123408491
0.824126307413944
0.825398647130646
0.822719290989718
0.816901763319743
0.809880937763387
0.814691096173504
0.814221552240594
0.803844021318871
0.79285720943108
0.789177248224319
0.802657707297548
0.78818502109203
0.777515371440849
0.826500864152722
0.827976461900587
0.80781147061097
0.767209388275438
0.73520978376221
0.728058431298055
0.76343604165459
0.852310428696522
0.822230877139359
0.829609778766503
0.828622905253378
0.803622859543841
0.801787559706724
0.805043314993049
0.793102526633001
0.795409898410599
0.819173228703154
0.840626620779471
0.861908881578645
0.857898354473743
0.861359773400114
0.861995741708094
0.863222986083052
0.863012044902075
0.864357105558716
0.864937420712796
0.866597648994551
0.867948980074977
0.868473775329784
0.867434314801383
0.867014333135757
0.866367277480412
0.866637743934438
0.866767746573812
0.867573811455019
0.867860080821418
0.868548358316697
0.869106108631011
0.869877547386492
0.870037735579813
0.869709254787062
0.868947342828881
0.868254045134246
0.868021355813624
0.86584058964162
0.862106212718108
0.858210984932653
0.853038389200097
0.846584945683861
0.838318721902209
0.833282314554439
0.822702843564296
0.813587235088946
0.803879368821603
0.793464786685023
0.789768779416596
0.803887133671965
0.810320204182072
0.81820694161484
0.807725407324578
0.809410873530897
0.808815601134563
0.813660883231397
0.82280756278122
0.841658439337241
0.842424837333719
0.844053579176909
0.85537838925119
0.866782338564294
0.87202202210452
0.86851109652852
0.868550285672187
0.868410041460489
0.866502375924658
0.861234127540806
0.852969745902414
0.844362870485215
0.836070370234139
0.828651689043341
0.833712273453753
0.855179818413603
0.870034419356826
0.863951103993161
0.861453130245708
0.861447948045135
0.864885321681817
0.868484552347672
0.867515914825896
0.865328499363021
0.864529607284941
0.863238738356284
0.861786135488299
0.86521987620105
0.866956796181199
0.866425076951246
0.864262438733993
0.860938565420768
0.859588578051434
0.859396445731111
0.862475226354944
0.862552986522171
0.860026519452049
0.859659988741556
0.862335081524151
0.864146373605061
0.866955171194876
0.867945308960012
0.868324216107356
0.866830230440652
0.867469563818765
0.867398853108546
0.867483942335328
0.866585629089366
0.865943682111756
0.865683376901593
0.865988240094345
0.86541789900074
0.864331825619134
0.861948748819767
0.861034864801737
0.861527721972724
0.861661726541759
0.861000846538134
0.861384792408681
0.861318189708129
0.860593780072318
0.859109234388343
0.859480178159403
0.859296847317734
0.858785495243721
0.857062872308859
0.858219510310533
0.855586598674269
0.85415317302726
0.852994877259013
0.852092024507499
0.851234146993403
0.852419010768578
0.85417404626978
0.837258183423062
0.758444242726906
0.734823432748972
0.719975606775915
0.699747296423543
0.521180219883329
0.717423513730198
0.793137929005018
0.847358594963154
0.843800683101392
0.833275157604369
0.816958635271531
0.793002811226464
0.779047994522435
0.775014928730879
0.768341284309726
0.769132425647752
0.760068977358022
0.777591856409251
0.793588471773678
0.808473828384257
0.833121830421462
0.84498137174316
0.859081729935375
0.861061853385578
0.864569149649675
0.86517387325849
0.864352842931669
0.862839356966281
0.860873925511706
0.859337666482735
0.857057045434756
0.853074323342203
0.849907413075633
0.845400414565417
0.840579204440179
0.832931775547648
0.829708741362297
0.825968595645527
0.825013921713204
0.822033810997199
0.820968762141018
0.814109098298062
0.812775876095266
0.797723878761325
0.809591832909208
0.809630038931676
0.816065380601212
0.809496466475972
0.801293228765757
0.805081156217317
0.784717504244847
0.764861014537086
0.820958028199008
0.820335283973952
0.792697472529676
0.742421596248778
0.716805246485257
0.683320398910093
0.117299460542288
0.841828241568593
0.820987749098734
0.821936355199749
0.829969879285202
0.799198290917381
0.797032992851573
0.814008078007583
0.802024125411919
0.807349637968128
0.827686290509345
0.847030572362652
0.864905908041199
0.86061936705293
0.862590057812213
0.862171003084106
0.862611242601952
0.86245238229767
0.862315588213784
0.863129494823553
0.864042882588177
0.865991088888582
0.86736957731494
0.868486989576916
0.868471484947406
0.867067831881019
0.866597056883719
0.866706617960278
0.866443124667478
0.866417764654759
0.866668902589246
0.867015145567752
0.868270324531999
0.868755437136809
0.870031593440638
0.870169045803516
0.868794520723542
0.86709758116209
0.864022642942413
0.861257043841681
0.856648556351239
0.850443356430487
0.845564027133735
0.842545034376377
0.834685195747138
0.825593544363896
0.818276753492267
0.803651923499618
0.798043670109532
0.790164053333813
0.781131049035275
0.779907901251464
0.764516203637618
0.752807483717681
0.747342230056277
0.801195550218562
0.836145202728504
0.838578881647709
0.854223219856973
0.853211133152295
0.857303814115352
0.866327413939628
0.871685520896422
0.871578256989145
0.870078677652034
0.869834876159112
0.868337039835442
0.865821968493098
0.861043121461722
0.855302982454823
0.85078269398374
0.844701918951682
0.845781130088722
0.858189626356008
0.866448291446306
0.868358831432286
0.864744878504578
0.863058716895455
0.863816896314053
0.863399868769797
0.86240771339176
0.862231625801266
0.862751114308402
0.860766659682546
0.860760400922204
0.859581828144178
0.864039812506512
0.862994095269648
0.861879024313378
0.861006203045764
0.860500888223922
0.861192170519103
0.863697252248497
0.865743138734732
0.865309993631948
0.86309352847064
0.862779814342527
0.86481175294552
0.864351855575127
0.866931955538267
0.868198677220859
0.868347737987816
0.868136738179955
0.867861819739452
0.868299254649131
0.86879294089207
0.868462820681146
0.868499186194611
0.868327399570092
0.867390031069234
0.866296741207481
0.865279255083993
0.864474627309471
0.863462222460543
0.862560252709261
0.863238074567529
0.862233770342621
0.860808844150485
0.86075557568659
0.860167337300472
0.859807757643042
0.859670664570371
0.859276510942406
0.858872310753272
0.857117632408313
0.855054998169807
0.854069790958159
0.85192449014227
0.850301275480586
0.851759563985286
0.850169978425836
0.853698158713535
0.846098658303096
0.811466269729112
0.770846839499981
0.604111967361498
0.606434119234901
0.463767116472383
0.728125685479723
0.797415171823376
0.829916137300738
0.851063979427566
0.839541416688414
0.825050647488819
0.792280045701664
0.794378276911155
0.791729509849648
0.786403087147621
0.784783892835282
0.777696322685537
0.774113165929554
0.775055182698711
0.792515316158757
0.800830407738302
0.818432353223398
0.830996086244556
0.847192463761988
0.86428860890682
0.861878037351688
0.864600547225634
0.863023350561893
0.861625895001422
0.861369646750225
0.859415013277228
0.855223374633392
0.85336493096468
0.848946061854089
0.843223883659833
0.838962135880186
0.833567823137587
0.828810460209808
0.826507473755848
0.823476815103148
0.824181206326026
0.815038576682148
0.802555184834696
0.797184086519666
0.793348246756441
0.80669161281851
0.821778930797268
0.831568811565057
0.820999059919988
0.811196784699904
0.80822405094255
0.783834778030494
0.764006077483448
0.804648257726846
0.80856951059715
0.778493992238226
0.735244139693686
0.720237416375082
0.708240076266955
0.679754272168897
0.839613644325464
0.821043857228208
0.828136697177541
0.834573305237575
0.809310493737448
0.802281760151953
0.821306892269657
0.810352589340388
0.824701673458867
0.844137117188433
0.858187954678754
0.867362286883196
0.861388201672802
0.86300324310979
0.861955962619401
0.861338831578107
0.860107266892462
0.860915253902066
0.861739938382513
0.862466432690633
0.863999595898499
0.865289261129365
0.86645859506818
0.867848332474164
0.867337681500865
0.867069682416005
0.866217742316055
0.865199250879981
0.864855900394212
0.865161484122555
0.866003910824244
0.866776866378902
0.867454698072779
0.868634760993039
0.868597460188051
0.867378710096845
0.864784684275985
0.8625256225262
0.859418256050776
0.856493111816844
0.851674816886946
0.84716896609134
0.840848839005994
0.830179996070549
0.826721576815027
0.820617720892475
0.813997612774878
0.806146126760077
0.796277535532135
0.785073878335228
0.784264671119448
0.785730941171179
0.790171588245824
0.800637490686975
0.829378317559225
0.842756541639311
0.854612525531411
0.860420435530511
0.858582685959473
0.860318789338725
0.867664429789501
0.871056929606346
0.868987181010268
0.867923476581104
0.867889716448467
0.865994914060124
0.864555118989644
0.860518247795157
0.856444196411777
0.853313473113235
0.853726986896851
0.860998322264446
0.866718377433894
0.868357878249873
0.868568824038226
0.868570345149564
0.868553919644786
0.866260477171651
0.863295607036853
0.861928611365914
0.860065558950787
0.857760155438734
0.857344969434335
0.856972172872869
0.856826727568215
0.855918362702864
0.854563131728464
0.857021819661271
0.859354394558929
0.861066022249315
0.863692781362109
0.865977585461574
0.867147738310599
0.866297274530295
0.865521528033816
0.866101697694452
0.864407984600413
0.864482498529165
0.865477414996466
0.866278692457215
0.867237169472711
0.867677921394607
0.867943672965462
0.867630063365976
0.867843570899896
0.86822518331072
0.868880976584382
0.869606692562192
0.868348906511429
0.866221285587751
0.866039286004807
0.865978701585053
0.864225398615008
0.863518284903448
0.863119538165034
0.862301417298555
0.861107208793295
0.860121836941941
0.859319383741961
0.859296844673369
0.85850819467857
0.856760031220326
0.854226257761443
0.853417201448914
0.852709603564755
0.849902116279458
0.848169776281876
0.84895071252748
0.848021005788579
0.850221217133821
0.844639550030735
0.823746905846922
0.754756749313996
0.537563523067873
0.316357711774893
0.197613826490056
0.794349559452196
0.819970912883466
0.829458888101644
0.84902763090941
0.845635589583029
0.832065373750119
0.812731877546286
0.799732558315894
0.801647854694961
0.7932634505159
0.790496486502734
0.793318472771572
0.793380215749978
0.780663389598099
0.781405749578809
0.783637987305483
0.790486861291263
0.80631404155556
0.82082470208367
0.839270114591891
0.865151676432732
0.860759222600952
0.863916051611196
0.862674229044426
0.862503163726178
0.860649395139316
0.857417380345927
0.854896696182466
0.852464910586869
0.848082207930726
0.843744411540775
0.83802537459553
0.836324163808742
0.830223603962
0.828182212816973
0.823309903137462
0.825603418381404
0.815563468479655
0.802913340778403
0.792938108437617
0.814735291959627
0.827111508863907
0.837888756882551
0.833695921159302
0.827726584473529
0.824529585504316
0.822620232388072
0.804164404931166
0.775838736793595
0.801952221794591
0.810384456175191
0.794329534012571
0.766777884071304
0.754554295671636
0.749886931569282
0.779658628149657
0.823882602432961
0.824401405359431
0.82700721354135
0.829448649864692
0.808535905155687
0.811212646668398
0.829677465250214
0.825585423379918
0.843418392515139
0.858482252755197
0.865176094141124
0.86710182575965
0.861123294730948
0.86314464793886
0.861165746527639
0.859340532602036
0.858152992508622
0.859406372372472
0.860632874766025
0.861205962100689
0.861909476714872
0.863333182743638
0.864413804761148
0.865723992135356
0.866892597942734
0.866805640691277
0.86583067450785
0.864336385387928
0.864882006713451
0.865694770721257
0.865861296406598
0.865646837928005
0.865602333651445
0.865608500592438
0.865390154622103
0.865121195465176
0.863970049428038
0.861897663023904
0.857252672836149
0.851818057803247
0.846492189891183
0.843304333045775
0.837190944310672
0.835987070210451
0.835819366293764
0.832605065103076
0.820030441464007
0.81016015163675
0.798753358102076
0.797833674215806
0.809442271773215
0.823569145304433
0.835116866358744
0.848435292151204
0.854120126770396
0.85762385023909
0.862637470757801
0.862524252351461
0.861438693268557
0.862949725718821
0.864624883699522
0.862835861396148
0.861794706025675
0.865340394307088
0.867145478947722
0.866329478454394
0.863023766696203
0.857772063133672
0.855007183138976
0.854884045968565
0.858173496169963
0.861892965709075
0.866572215560769
0.867434831687507
0.868129890034549
0.867515389228566
0.864720288645879
0.861048560786447
0.860126386822274
0.859398213633884
0.856670003279454
0.855653366459307
0.855201924040601
0.854198272829794
0.853700909486975
0.85449906767159
0.853162084233353
0.853314384003107
0.859287680180264
0.863452737157223
0.864771699343378
0.867474734618838
0.86861857164786
0.868994166314584
0.868246267242939
0.866850160741098
0.865911014751264
0.864882024464691
0.864711388072619
0.865537631013178
0.865717230812994
0.866811564294775
0.867552136901625
0.867646608846321
0.867817409056535
0.868324181843777
0.869083249479295
0.869682351251005
0.869170083576793
0.867654912606582
0.866549626657076
0.864746970213319
0.863238203751637
0.862789986022942
0.861665817284041
0.861187451625726
0.860177732983452
0.859144844991844
0.858833353246896
0.857319898895067
0.854091302276121
0.852054943123079
0.852400089526232
0.853266954473818
0.850910091291854
0.846046629441982
0.845195187261591
0.846220002421059
0.848518812058099
0.845151536986194
0.836067303270265
0.808659275238155
0.77904559817184
0.70091505976421
0.518421889697549
0.69318172119396
0.841172338899918
0.842849729610383
0.854209845133606
0.837466148095771
0.836163196522528
0.813804282668668
0.81069469476432
0.807165827305351
0.805983547848507
0.800655356203434
0.798555756479316
0.80289723307985
0.795530657606666
0.782862745371689
0.780562412125281
0.783510127225423
0.788169202442482
0.803182968023174
0.818456358208353
0.835992235131612
0.858936629801975
0.859962333806521
0.863234538740358
0.863635202413323
0.861803762624401
0.858957436671711
0.856790881348098
0.854356915360534
0.850531900227395
0.846615289359971
0.84073719854565
0.839215190939831
0.837301082626247
0.833070285214513
0.827025088524381
0.82716840329468
0.829067238753898
0.8175098852847
0.803229757355833
0.800597718593392
0.837929304008466
0.844929391288236
0.84454033686829
0.839987777102572
0.830943340234308
0.826053860746249
0.81490681189572
0.811271011276228
0.808984283210694
0.810809511198426
0.83204535095326
0.804617528414715
0.786357989541322
0.789302082555879
0.804269987637807
0.82008340894255
0.80683553197922
0.799166865744008
0.817511498838266
0.834530945317052
0.818104524037203
0.818729796551786
0.837903508362432
0.839309260755523
0.854600717013179
0.864614047151567
0.868048002097565
0.867340573881382
0.861579198660599
0.862111976677599
0.858458302957675
0.858679292962298
0.858716961717187
0.859140040111173
0.860167142051762
0.860684600978241
0.860614731429513
0.861513168129384
0.86248553581912
0.863766126596153
0.864667044594044
0.864821226737933
0.864863837422555
0.86477037567991
0.86538104214678
0.864472052915223
0.86373327773489
0.863225177008143
0.863705671088515
0.863979251450656
0.864044651944853
0.86254385236577
0.860524320281555
0.858047713901564
0.853958587233018
0.85051390271484
0.845712092791781
0.852096702066836
0.849279528341934
0.84621611214411
0.833235693534316
0.804219297220179
0.805116922624595
0.79959500502342
0.789410842312556
0.798442360624574
0.806351168699705
0.840246568782957
0.850178736903852
0.857375657330852
0.858766220501479
0.86157235441352
0.863580269731757
0.862509978279299
0.86044283721528
0.85609356845607
0.85148762256923
0.841748679492882
0.838523155433331
0.85395784442248
0.861972511188393
0.856661560671966
0.85438813293215
0.854415350575492
0.85508028387249
0.858511190090882
0.862341791713124
0.865509242331895
0.864489186561272
0.86129256985121
0.859239927388342
0.858051583244512
0.858767805920333
0.862571948182785
0.86237900703006
0.862635789371225
0.861984680614777
0.860675949363491
0.860711874992523
0.861906425407782
0.860059905023513
0.859110356902436
0.857549260521767
0.859248059489157
0.862452306441165
0.863793620835221
0.865142819324048
0.866756481169807
0.868472142467829
0.869471781911895
0.868674867153094
0.867392158960353
0.865881263700735
0.866241432355541
0.866648117123109
0.867718662758543
0.868541283790996
0.868825733831079
0.869627663057681
0.870108405503141
0.869910666685373
0.86964508173229
0.868438529644324
0.868008823576301
0.867490434472056
0.866537588072306
0.86407854464813
0.862015728776026
0.860852593104923
0.860938364048751
0.860380032912868
0.857984922921464
0.858350902774811
0.857849103281006
0.855338642561699
0.853187401478293
0.850809019747484
0.850755080568586
0.8511662830198
0.851564847559843
0.847314346046245
0.844148252723764
0.842825952815829
0.843821794155115
0.844026242579482
0.840722137810128
0.825488194163559
0.792459715815393
0.598783596463646
0.126967058931728
0.0985395685178801
0.763149203403186
0.847342815111801
0.855905740382041
0.854746643694633
0.832027435220847
0.828635926684775
0.812750058296194
0.815240386819711
0.818859056268452
0.813701845072217
0.810297001593504
0.801350296837294
0.800075841603171
0.794253315132662
0.782209461603314
0.779124287163519
0.780943289874539
0.783828590141376
0.794862284643282
0.809325981321861
0.829749008305299
0.844350427190053
0.86036441706169
0.862069411036741
0.862879647664705
0.86017124133184
0.857755196307617
0.855240655903734
0.85145255467064
0.848328285844839
0.843763468368384
0.841620054226723
0.838683613114239
0.837827005779882
0.832674795673546
0.830513539454129
0.83244980812531
0.830381175856829
0.819156138797188
0.80891884547026
0.814722529830997
0.851061735657122
0.856555289789247
0.854540238083013
0.853542802877408
0.845210331512688
0.833706133780232
0.820078948221363
0.819818094907523
0.813309413930202
0.811650918852722
0.819690530119539
0.816477290531255
0.812761532715683
0.814665777672715
0.82131883779399
0.804361516320279
0.783979125264204
0.785122109202965
0.81200681740883
0.825587488872404
0.819177872689255
0.830376104834245
0.844278212307483
0.849000104323134
0.861159311439722
0.867082090489566
0.869641733799182
0.866249392890051
0.859890107960087
0.85860341965062
0.856327375189733
0.860495732299916
0.860052311855288
0.859999243992447
0.859228907002904
0.858222957955281
0.859849773945805
0.860455749370292
0.860917107519676
0.861205241351372
0.86238122110471
0.862446595879461
0.862977371822088
0.863586445033128
0.863138101078718
0.86137767916437
0.859264924990228
0.858381453359634
0.856936340056999
0.858181183545104
0.860741875039109
0.857814055510247
0.849072958794992
0.843227403301469
0.839862078005243
0.83293161991033
0.817876601913383
0.770937589482898
0.755413712116094
0.750622845408898
0.741706520994004
0.771835417673612
0.775209984908716
0.779944574215602
0.783276451447189
0.79439501819755
0.813991242933793
0.839382561371769
0.84873079281343
0.855561773446504
0.857243726648399
0.859442429213021
0.857133493443216
0.851677811151539
0.845659433050221
0.84137293502584
0.836508851903603
0.831063004250404
0.832118906380804
0.845320615689378
0.851391289510818
0.840624588862756
0.844918133274841
0.853623337618911
0.857027170527309
0.860745573661521
0.864257707628501
0.860767332607424
0.854687050779239
0.851227241412334
0.851593298225148
0.855712204465618
0.859807821480043
0.861707198426401
0.862315747052718
0.862066141143766
0.862589218027135
0.865240064102873
0.864657699921413
0.864028976595584
0.862475084693436
0.862875250812079
0.863134063726504
0.864997470911788
0.86477716352095
0.865885048300904
0.86754465080035
0.867371003499456
0.867861070168089
0.869147537236514
0.869261349986307
0.868908133252656
0.86901535290055
0.868079741607069
0.867804324417959
0.867706764744643
0.868276513630304
0.868843774247209
0.868720359179075
0.867895113024163
0.867934092202191
0.867566562394813
0.866178644639112
0.865475636030445
0.864116282499316
0.861851675199931
0.860253700859546
0.860459131666964
0.860233978106993
0.859212996961751
0.857426629327279
0.856453374581105
0.855642447554536
0.853648332837747
0.851352034474247
0.849646436402949
0.849542493172199
0.848893850214683
0.847233662790928
0.846421051115147
0.842848778273032
0.842354160826204
0.840168913303506
0.840879392919588
0.838602466325653
0.830809286886214
0.816161680509714
0.766148914671513
0.508506116915952
0.404402483314021
0.414677215095652
0.830898238835617
0.843234433552646
0.856054257363443
0.85054543522362
0.835881705690513
0.832746298082161
0.820370248049924
0.818700955012698
0.81778062751295
0.80927754679279
0.816885115996769
0.807126598661813
0.807107587655829
0.802794288362312
0.783541615355531
0.784102947759649
0.775861912492756
0.77656031950589
0.787209438225546
0.803045674864657
0.822428816985031
0.830514466840535
0.849569499109213
0.863033407300282
0.858196164425206
0.856972368466219
0.854096776813104
0.850146444513949
0.848754527243339
0.84633445750682
0.844241380946087
0.841073029291738
0.838202700310906
0.835768871228421
0.831347692383985
0.832204813564793
0.833326472697296
0.829208720118821
0.8196508763919
0.817092987993794
0.831425375389757
0.860456271657999
0.860755743791045
0.861035695152835
0.862280518332635
0.854161345826022
0.844691529228346
0.83611738945078
0.828654801156905
0.821263761872407
0.817345547680062
0.823405154527249
0.826969747365726
0.831323503883586
0.826538374065674
0.825471256379182
0.81288955010922
0.798233869413037
0.799110950376048
0.797825786406777
0.80547715949759
0.797900466589434
0.835512889674188
0.850037253331045
0.854961691351319
0.86345061674063
0.867453786004266
0.868496031961155
0.863219848151297
0.856566530435721
0.854701651053723
0.852954051421586
0.856548947045028
0.856006706000005
0.851885791186643
0.852066783735568
0.852751937251245
0.854442244065058
0.856922617522192
0.857395340826933
0.858362906646237
0.857985592792564
0.860354586957778
0.862109270300171
0.86270022225095
0.8642440700999
0.863047886240398
0.860250222589064
0.856457934544856
0.851640043620848
0.849408138493257
0.84831105865836
0.84404920934745
0.8328339550872
0.809230513671948
0.761665531253364
0.7214298665848
0.718396222825307
0.706820221725193
0.713003161277715
0.720831310298125
0.737873343249025
0.792427941378941
0.781541722018305
0.793343955607394
0.798360228760261
0.812528231684161
0.827125511848083
0.840136127344133
0.843426270240809
0.846619462276303
0.846495261810626
0.847127994864127
0.844565429333183
0.841317022161771
0.843171614031784
0.846218917424739
0.837147860653403
0.83173290059402
0.841302828975212
0.832447467808715
0.743602274978915
0.605402158859655
0.551391963828897
0.857661383200998
0.856544999652249
0.858909402939754
0.857619432224115
0.85219866772494
0.848581676850004
0.847508495779481
0.843155389597335
0.843228065046365
0.848192937573678
0.854588571108976
0.85580765949804
0.857236205004138
0.859889916361089
0.863857412983668
0.86543578653105
0.865828246880892
0.864981757032084
0.866286143278732
0.866232007813539
0.866377419754247
0.865664279373242
0.864679622515861
0.865137623160676
0.865970786758432
0.866294653252296
0.867436054289873
0.868564146981951
0.868434599560766
0.867810881556486
0.867090246800795
0.866526632576523
0.867709011890349
0.869203915238719
0.86932997723721
0.869371114922916
0.86824115211237
0.866957512810328
0.86602679203502
0.864900812960618
0.863345875779288
0.861053388634241
0.859941495089742
0.859318041276619
0.858661196107976
0.85841953510265
0.857232863608267
0.854783641648308
0.85372465476296
0.853123599024394
0.850634247933522
0.848034777309752
0.847167266705423
0.845298553953422
0.844941005049338
0.842957127944595
0.841182951443392
0.840915611889119
0.840290326989931
0.837354029980275
0.835984063633778
0.829311476604333
0.8197623711179
0.801953196494804
0.712267316881495
0.595291666284726
0.75445638267422
0.733477053014101
0.850563633394052
0.850386012057231
0.859485944718748
0.847280127699422
0.841856478934151
0.83726392011764
0.826533288607782
0.82774268963459
0.821637609466613
0.810627744965052
0.818086002199211
0.811646867944483
0.80250199250825
0.783186990657849
0.772974110071148
0.770155871933808
0.770043962384221
0.771429291850425
0.781107848652441
0.795185329364161
0.811050265836205
0.824649704299012
0.845103573089152
0.861565496094155
0.854639372997008
0.852556435418089
0.849237443745616
0.84809200923736
0.847735415341284
0.845846950127599
0.842244365254621
0.838164175590635
0.834462322697926
0.832902121741583
0.83273255838855
0.834146620862693
0.833047840210837
0.828974911693318
0.820025128658544
0.829470721111063
0.846871583218069
0.859961062356958
0.865192367381769
0.871857809409685
0.873813316135402
0.863732443765199
0.855481555627975
0.849834591990819
0.844159948071449
0.84512553697686
0.842958216144134
0.836282825102844
0.839895481927448
0.845569984154031
0.843118834988249
0.825098281939568
0.814722721733311
0.806084152046903
0.792624667704438
0.786293425810895
0.782920775709197
0.791063298133586
0.84598643724865
0.852593244642408
0.858392081233601
0.864708764312964
0.866041803789247
0.865109475019372
0.861110269624184
0.854571185571994
0.851171705351845
0.848595427799537
0.84783005207219
0.847500154573362
0.842973064782309
0.8449814222854
0.847867507553851
0.850922992030568
0.85239917865218
0.855061034415202
0.854868179154266
0.852290755774898
0.853954506344261
0.857158085905574
0.860636905271021
0.864448276473372
0.862258734885489
0.85996361205426
0.854158896034231
0.848185254995613
0.84023230717233
0.832001033679659
0.816349984837879
0.792850403716252
0.753453133497652
0.706352377310636
0.698456833190501
0.72456373971911
0.712462657034684
0.721867703316619
0.732672193332083
0.756345430672413
0.806129305964824
0.783534419417343
0.782676081192724
0.798312634549727
0.810519740794378
0.831228599501336
0.840177876904933
0.841436519323924
0.842110639899013
0.844023229977833
0.853051093401815
0.858448871245878
0.853382109367545
0.8527005998207
0.837187554922296
0.817652865343682
0.786880729269729
0.74126817577987
0.657890058927233
0.638055091838399
0.665354653759168
0.689434906677204
0.853926805963621
0.852623442321535
0.848661379350326
0.845143627003506
0.842056977372425
0.84084289184415
0.843609939079342
0.846978873677877
0.850114780830792
0.851072073035959
0.856029032457495
0.860090925340024
0.862780305355556
0.863556844899773
0.86534939858791
0.866536892511953
0.867463879097362
0.867211390613526
0.867129926003739
0.866417819615494
0.866289695386607
0.864610787495158
0.863037881345346
0.863447322329643
0.863740661739562
0.864639204983486
0.865170728146185
0.866048831792028
0.866710469799571
0.867659411559192
0.868138529288024
0.868273201705381
0.868637277852811
0.869490058758234
0.868489399969643
0.867896893337659
0.866956875214443
0.866414569797652
0.864785067471384
0.862389320094201
0.860834979848675
0.860767060670648
0.860340614120581
0.858971895339029
0.85645003567114
0.855493230284087
0.854647698776268
0.852437484642927
0.849604027908866
0.848592433894284
0.846954649379479
0.845190116728338
0.844653709404422
0.842727906668532
0.841062108197983
0.839351257085257
0.840329610892697
0.83809141665625
0.833741047575317
0.834387194249063
0.831798597051965
0.822270605786837
0.810402862170988
0.782811958802764
0.71068739504221
0.756806391068946
0.7932535126548
0.822167569788658
0.856094876887254
0.85642366845
0.860953258570777
0.850502471794465
0.844605334128425
0.838906282534779
0.829260587869695
0.826829921288806
0.806583917491512
0.82349777991264
0.811019694325282
0.800734128269836
0.788409409834093
0.767885661101785
0.758148411458132
0.771532082486321
0.771424301593173
0.77236341268199
0.780679772029105
0.791854658152404
0.802632675473925
0.818801210957229
0.844061078701184
0.860371049456562
0.848693441905304
0.849711771816086
0.849215167459938
0.849546034322706
0.847313682808636
0.843603903769468
0.839309895318241
0.836976447044209
0.834295479417517
0.833361382125817
0.831998423728492
0.83612741083813
0.835897414836704
0.830646439027974
0.831019540235885
0.840956095923577
0.857629046158694
0.854497318310113
0.864586843811388
0.875780518429233
0.879280460757551
0.870794983433084
0.864787534320872
0.855984036288712
0.856266166347962
0.865242939596292
0.851498608290385
0.85640904112168
0.860187820128184
0.863365698292132
0.862749007644494
0.831949561368722
0.806148919397467
0.802839894978294
0.782007486419578
0.767303049187694
0.765438619392265
0.771424641406329
0.83005166986951
0.853013666660909
0.859028781221968
0.863978340255386
0.863699702351101
0.860201734589504
0.855441493937946
0.847603448489241
0.84000652304628
0.84315516754809
0.837902965220253
0.842380138939909
0.839572106812308
0.840037729368632
0.839259848168363
0.844073817078603
0.844111555323885
0.842343368589058
0.845447384489522
0.846154332256076
0.848456495098135
0.853605703945322
0.857104763704233
0.857326684577861
0.856781857301705
0.854806137063304
0.848478427798764
0.841371229107601
0.832702649696484
0.817246221475178
0.788132533906342
0.761238013908194
0.748751045647188
0.727646115943293
0.7290192074953
0.719313276396676
0.719803972464129
0.734858346924329
0.756302902202777
0.784982080186413
0.796714044876116
0.772861118482469
0.770506171832593
0.787222481329831
0.802038276233216
0.829695938283151
0.832074749209395
0.832139517879585
0.825134900134094
0.815458680294653
0.791130231498353
0.765960203647467
0.78512724188597
0.856959809472705
0.864251186294163
0.760865524524145
0.487900924043252
0.714850639955778
0.582283354021106
0.604489175242252
0.678731939776753
0.766728962805505
0.848437939912994
0.838762270412706
0.837422331471167
0.839301040163611
0.838067974774316
0.833732352349659
0.835859724368097
0.840834396029907
0.845751093290945
0.848241376602407
0.851740206208622
0.852947290229171
0.85470504954119
0.85659860918203
0.859707300295722
0.860296741147108
0.862129769351498
0.863292623502694
0.863382889167146
0.863309025213557
0.862757112686557
0.86324987056684
0.862978156186393
0.863171672780383
0.864087494834348
0.865494444428572
0.866254848567123
0.866818505964546
0.868150664297379
0.868725530796433
0.868593783707608
0.867915348664445
0.867757944575417
0.868835797237536
0.867978634155945
0.867225623614768
0.866565037774419
0.864060743488272
0.862238972052185
0.861461875174314
0.859947459542078
0.859271811483103
0.858258714854893
0.856983642951008
0.854753673586543
0.853505720937748
0.851173448896768
0.848192000473282
0.846830173657326
0.845896492186116
0.84462809421255
0.842924057147271
0.841395830567742
0.838432140482902
0.837826162198139
0.836285457231739
0.83317599747889
0.831752006629039
0.827478562037143
0.827652281538116
0.825719789115059
0.812363274278215
0.800744866474229
0.769607633809885
0.744196835956862
0.793546893176314
0.816672237323173
0.862786654866633
0.86284033023004
0.856376211691776
0.857856470631869
0.850107179034237
0.846109933134685
0.838916917758037
0.831820431015312
0.827112256788677
0.820442996836647
0.810683270045927
0.792141836105287
0.775820342984951
0.779127461705802
0.775082203655703
0.7625994209908
0.766033077478636
0.764249643005586
0.766669131202947
0.772850474741948
0.785229041401963
0.803162539208251
0.833169456868212
0.848961545128635
0.854402127499278
0.844894155315717
0.848975606379941
0.848901296577967
0.847305056890589
0.84338520893084
0.840705633094486
0.83813155752636
0.836276807816039
0.832203089127447
0.833140136275901
0.830439855110869
0.836973437718638
0.832371500403364
0.827534743270987
0.834487966072447
0.846436300967231
0.854166420344972
0.854427487475681
0.861445595546962
0.874508936599409
0.878873033550142
0.877369207801885
0.871673378634595
0.874408327270213
0.877565728431708
0.871338529977233
0.865466142231552
0.86738700784207
0.871748462214717
0.870258579078616
0.879280038670941
0.853506967673427
0.803768238540233
0.811819590136031
0.774854109204421
0.762485410142131
0.760159937494499
0.765327539688371
0.810916155181093
0.851429906402156
0.857414731009187
0.861787284698585
0.859763495360443
0.855549869407811
0.849276345148018
0.840061334347505
0.831523114849451
0.83535936546353
0.831403002380412
0.835182776307989
0.832225026590554
0.830110873292839
0.825635227416175
0.826860504211604
0.821468742611792
0.818475626089943
0.824102862371392
0.832765557056051
0.837121857659638
0.843814684782035
0.844570868955106
0.844129411085791
0.847449079100652
0.84656761943257
0.84214987073113
0.8349784131254
0.817497916354011
0.787434670505759
0.771776540599747
0.769182586700038
0.761726422089263
0.736784598188494
0.738325035930224
0.733889641371484
0.732872354598194
0.749968421471068
0.762556858953001
0.765100099359222
0.753813666436599
0.763363025785966
0.762373382772834
0.788414553994437
0.797691984156941
0.818085890580448
0.803204797719524
0.783708638201184
0.789061333701675
0.81090709228182
0.832419142843248
0.832213431716856
0.824198724552759
0.847048784426983
0.788683217398991
0.675846784638931
0.574878148314718
0.705564328066429
0.59261712881688
0.629061736098367
0.686636151358673
0.794516567818847
0.825845573594183
0.82138185822444
0.823801598103487
0.824591410197735
0.826837105596896
0.830832938921659
0.833736359624169
0.837939504362543
0.844666238852257
0.849496922783253
0.850881654280349
0.849705190014733
0.850922927508
0.852513881174961
0.85318907678951
0.85435372555538
0.856894089250821
0.857563067996834
0.858884068033506
0.85908193255329
0.859109520617462
0.860763213280426
0.862105959359208
0.862712272465946
0.863887012548679
0.86497844924888
0.865125182963046
0.865222471493825
0.86594847752316
0.867261736592638
0.866769452065901
0.866426508736104
0.865745190352676
0.865970354280638
0.86680142607432
0.865475415868493
0.863991308227566
0.863162295255532
0.861617358148761
0.859033308971983
0.856179502826561
0.856172494090215
0.853525969074623
0.850850928713241
0.848879202269161
0.847653690479452
0.846615754907116
0.846010640174146
0.845442368555402
0.843083683241371
0.841163829800081
0.840273939647909
0.838631871823297
0.8377132910062
0.837046018580442
0.835938245887821
0.831090807415066
0.827342916573574
0.824231489090649
0.822923823927153
0.818815500594228
0.811211016092635
0.800642575118979
0.775195629751932
0.760811176154134
0.818183758293216
0.806243885851236
0.850640298115474
0.861477414885204
0.855051151557425
0.858661514505029
0.855969700978688
0.844461185754333
0.842047103563947
0.82681086416001
0.822334273058263
0.796102035469743
0.790792849546469
0.778355324970934
0.772556149329993
0.787425116436561
0.786298982054178
0.780202758905405
0.77775074396707
0.770631503965727
0.767805112736678
0.770527620002344
0.799092876227105
0.828748769298517
0.848203784111035
0.850171245640643
0.848138714127777
0.846114331728968
0.847163193321976
0.846782253455961
0.843000758916895
0.839434705929331
0.838134155217394
0.83613044045786
0.834270061286446
0.833320761772266
0.83217483215563
0.829547726136445
0.832672871167134
0.824484960612196
0.823386841971166
0.834190443862163
0.847690861085526
0.849829786680017
0.856101478839713
0.864298930017079
0.870144366158676
0.875417223622962
0.87884560597511
0.878294019938505
0.881094990507968
0.886012360367384
0.877534721417234
0.878954682757293
0.876108716192806
0.871570625936261
0.870746085341607
0.878921540428164
0.860461974232698
0.819723804079708
0.81266822301629
0.764161993365095
0.774379397518452
0.740223899587057
0.754017946192812
0.78847102124553
0.85065443606369
0.85457464711126
0.858009579764137
0.854593480390679
0.850717640280421
0.840949794922692
0.830889242440194
0.822884270015232
0.825930298098413
0.825369239513176
0.825699818408184
0.819768999235276
0.81261004799001
0.813418306271864
0.811982341149461
0.804638423040069
0.797421101990987
0.793858224798157
0.821398917584385
0.826340142286329
0.831884206702553
0.831818641563558
0.832341662825263
0.834496219216275
0.83832642669348
0.836526314431131
0.830241205082108
0.813700046889465
0.794500566493241
0.789294892748949
0.784209898456396
0.768403736785443
0.768976867607345
0.743818325299717
0.734664086383752
0.745022720969388
0.753920821306923
0.773495840772944
0.777505527259202
0.76527978531729
0.743352777292921
0.79944327184473
0.791085099009916
0.797357249009725
0.810174957554045
0.795358247128839
0.793565224416842
0.805820944087084
0.836977689300096
0.84750829434772
0.849251320006763
0.839279036000273
0.795645321266738
0.750456459676108
0.689814145663664
0.630655077130572
0.709713280496231
0.626342394625076
0.68009348662791
0.689454667212082
0.771769888202164
0.793851972724572
0.801799106509954
0.809956279645868
0.811244639839593
0.82171017431639
0.829422274455198
0.834437917084674
0.837485637240682
0.841733362767556
0.844929130735834
0.847968915148071
0.847915677250374
0.85002837739882
0.852000192625492
0.852626287140976
0.852142634200243
0.854469848879235
0.8545589362046
0.856442098139195
0.855702734993084
0.855693005539342
0.856992557711927
0.858420736379258
0.859080686933523
0.86013339719992
0.860073975942898
0.860932549673936
0.86156238750041
0.862515209802341
0.864336980704067
0.865331980176391
0.8661132790577
0.865071126356354
0.864249108435748
0.863464925611065
0.862694251733301
0.860439068804764
0.859534386635119
0.85626525835323
0.854734533034797
0.853089581845555
0.851040433325146
0.850524743470887
0.849019411930243
0.847548009693539
0.846322614640925
0.844059865129838
0.842574832830624
0.838728177893104
0.836910617630572
0.834776560049676
0.834212569302357
0.835441054684368
0.836933752420709
0.836800167161218
0.834253081615824
0.830086517418334
0.825288657834185
0.82347626606313
0.819359574573114
0.814584543623361
0.812410139802047
0.800078032199592
0.779935356595882
0.765900375091567
0.800424833445959
0.695183744574937
0.830067515207583
0.863236469992871
0.859234062752844
0.861558550609752
0.847008331381658
0.847903328135353
0.835411179648902
0.825503875626396
0.82100574802375
0.79603977934966
0.803024229311551
0.779645247313509
0.771837666220084
0.785059516809914
0.780566391799649
0.771230603826376
0.760585049067745
0.772528702559363
0.797985324338194
0.816186671851883
0.833835212160454
0.845278350075952
0.850117840023661
0.847451310899947
0.844221591843746
0.842027285965921
0.84101169270737
0.842475752407858
0.839066592107755
0.835500757809563
0.83419557788777
0.831762004713981
0.828675697743714
0.826469189251071
0.823600315404764
0.822299556075262
0.822268624005131
0.815961934998254
0.822462017601735
0.839356663416851
0.849640712748201
0.85220454003124
0.856609480098849
0.860586737498216
0.867167317543651
0.875611655185515
0.884126104691965
0.88483595712365
0.887342876669128
0.889953560915995
0.882328746206199
0.87953196793617
0.878931159515083
0.8754519275382
0.874121351494383
0.877044674181371
0.867203599952783
0.834347254301194
0.807965704884944
0.754768664381687
0.747434956662937
0.74389074400081
0.75921231757051
0.787780225336468
0.843974187112397
0.853968364477571
0.855359229096617
0.850629807475635
0.845887744197387
0.832978686346678
0.822145705168287
0.814549632568488
0.821193346520628
0.820220645047006
0.81909152459154
0.810250502090927
0.800371496232727
0.798971577918145
0.794431982002278
0.794545490126139
0.781748163858801
0.783873884178891
0.825107586504297
0.82945561789464
0.827990226053033
0.82540519062351
0.825255174990766
0.824078649920738
0.827890219144784
0.829726042538789
0.817910243117967
0.812646895278019
0.80517754070544
0.795145634478423
0.755539026024837
0.750509842566188
0.790397128819876
0.758630163568132
0.740450832499792
0.75115982562423
0.764752669502596
0.805603868067011
0.81547149067186
0.797017361774787
0.732223866448715
0.771437369313289
0.801375585794411
0.793378794670649
0.811636257027618
0.796640121763022
0.803526238574363
0.816061214049079
0.835054602263954
0.809149394703982
0.828208275713617
0.813392638419614
0.779934208264236
0.740266060052139
0.708319600110484
0.680632145087783
0.734091113576644
0.68014652618313
0.690066100759629
0.685689604177341
0.735151983731173
0.779045509827245
0.799666182698124
0.809008959002255
0.812933915840859
0.825821574438291
0.832267612334892
0.8369501848041
0.840211762602107
0.842464800486467
0.844542176383816
0.84720838529772
0.848039798618726
0.849761447301147
0.850221754479686
0.852800920739207
0.85155965811245
0.851471114471183
0.850692919417364
0.849368584909598
0.850061430253778
0.850917524568194
0.851208507108395
0.85274228077368
0.854053950769614
0.855187396454562
0.855948857266963
0.855648208435219
0.8565171674564
0.857115218017143
0.858173319606037
0.859091239544138
0.859866443466396
0.859279999647805
0.856873322233177
0.85702745232915
0.856133144313253
0.854235532739555
0.854039272605341
0.851873023160211
0.850108899717744
0.848416544083353
0.848506116221316
0.847829368782801
0.845517377009578
0.841738525751336
0.838654029324816
0.837131063537444
0.835005844685631
0.832326486729567
0.83100264500331
0.829655275967882
0.82976482129344
0.831089407020142
0.833704829180593
0.833051516967019
0.835878550807882
0.83613581480678
0.834251909851016
0.828365660240257
0.825814976456873
0.824515518009245
0.816850962755786
0.812399524236235
0.799430212845114
0.792212663640104
0.806017722029917
0.731380868356842
0.810294921070171
0.840575389553067
0.858396180958099
0.861259979178581
0.849391041528814
0.849654838457059
0.838828192302676
0.829489202753468
0.813612509722161
0.807793421710527
0.80435329240306
0.784697612205843
0.787967976614789
0.787348506745116
0.773583344995248
0.763432981848487
0.772971374378016
0.806013622847502
0.824936114070498
0.837128408543615
0.844947435744468
0.84816633546372
0.847403175324484
0.841370359552165
0.837500181282606
0.834435214750443
0.832792197806553
0.835838231250846
0.833275982280545
0.82961242771444
0.828717422060681
0.828897796458284
0.826770388102409
0.823577976705273
0.822016026377181
0.819397916278608
0.815096420430097
0.815985048405648
0.83184799065532
0.847742778319151
0.853161177661633
0.854355892127823
0.847692649416531
0.867073243549012
0.873131282810561
0.877790346422338
0.878175324391232
0.884845943514107
0.890392166260711
0.894465829838445
0.885243424489839
0.881566314708973
0.878315584502677
0.874101621474815
0.870854501177555
0.869179291448006
0.866346955742004
0.835891215563683
0.80575282888394
0.763458075911699
0.752852696098791
0.769822487183708
0.775108490731673
0.799194581049267
0.836516049855398
0.854367146801477
0.854788469465396
0.850050362327929
0.844011564498583
0.830127903066422
0.818848881064843
0.81282677769549
0.818700589773123
0.81840028668561
0.814805590057292
0.803822532381786
0.79156110018375
0.782592547427469
0.785982070023984
0.79102468278653
0.774509232860268
0.808214115114216
0.830674319025825
0.831312840323545
0.829562715245881
0.827130882947078
0.822347450958891
0.8167554086597
0.815140190734561
0.813461727614796
0.814029109042744
0.816874644820101
0.811628711542192
0.812113282415042
0.755989882999373
0.754115383391296
0.761793508698611
0.730057186990015
0.744383034009249
0.751269432411833
0.775904858138263
0.809217695076259
0.787689002074829
0.823883786273044
0.768564646188829
0.754834152203459
0.804652319631371
0.778684503898941
0.791329271930721
0.795457051560015
0.80544197716884
0.812627119444493
0.810961301118202
0.80312442112278
0.801425807935054
0.776804598709265
0.752261935817895
0.715677953267134
0.694432815506606
0.699343345860356
0.74387066049855
0.716292212646884
0.711035530567474
0.696570697495644
0.726128943685324
0.756590437087065
0.810490368887739
0.819089790293787
0.822605249546257
0.831654554930395
0.836556964715817
0.839700136475176
0.841930631703446
0.841468820944702
0.842647347613424
0.846164311977445
0.846689207724257
0.849646899787722
0.850074249934251
0.853109990587886
0.853323518312104
0.852412396270539
0.852007980267079
0.849613817893788
0.850434763059641
0.850546009061925
0.850234979205436
0.850385137699436
0.851045551831936
0.852302317037661
0.852011349582805
0.85274373697802
0.853633354267793
0.853122702357978
0.852103129103836
0.853432918453858
0.853940433936375
0.852218548957564
0.850925729566896
0.851960363074678
0.852202170420809
0.850040902604926
0.848717957221325
0.849027192712479
0.847364457056534
0.84663929154816
0.845349635337906
0.844395021011182
0.843814598021419
0.840055041152637
0.838944381298687
0.836284953857335
0.834431945544514
0.832516072484627
0.831598587586387
0.831013835158649
0.831263128311058
0.834821303325152
0.836692472599732
0.837536336230208
0.841677768823656
0.844090111109737
0.843555796852848
0.844334505407568
0.846697421891179
0.845524829529844
0.828577933823931
0.821799184872425
0.81081859579191
0.803718023548522
0.819706053311883
0.765645825253338
0.830297339306415
0.844535696118138
0.859448815816229
0.857780896410661
0.848501358528141
0.847172568177011
0.834020374059292
0.83444335555096
0.819616768280212
0.815155077520661
0.808661168147962
0.800052357886131
0.79554278318217
0.78633056961589
0.776474501319568
0.780231494523696
0.805522882774902
0.827477563392147
0.836945766909804
0.843526714709517
0.846729154213531
0.845515669596106
0.841182581858342
0.835425546525694
0.828302227183151
0.820995488914124
0.82247531856269
0.826577987671303
0.829475513482333
0.827117891556195
0.828408318712971
0.830968075021992
0.827986749064711
0.824608338795894
0.823686095933197
0.820369243594746
0.813645542499724
0.816769704762719
0.835552296624911
0.840870681269417
0.844774524943356
0.844682693326644
0.843885558035268
0.862613139938435
0.868042550346517
0.87281813725808
0.879360425559372
0.882600425989307
0.893216872581898
0.897105718452621
0.884246094294558
0.882746626591793
0.879437434133534
0.873800837233896
0.868037582036123
0.864635161086791
0.86186574287653
0.844746829103702
0.81105439276509
0.774374717249823
0.78480952483737
0.80102618973406
0.800208630811551
0.809881420792297
0.833403202794671
0.84635013850218
0.853790857567137
0.852630644905104
0.845118998306426
0.836307574319696
0.825835675986886
0.823278046149865
0.822594247156499
0.823207197062539
0.821866114788035
0.808467011991831
0.794102595650436
0.789375878289092
0.795222280859037
0.812586812936233
0.812783866029866
0.828591671082418
0.8365315734877
0.833753517353817
0.83466584057981
0.83455247579755
0.828161570769298
0.819504831376004
0.808560040168711
0.802316944087205
0.80459449415374
0.814890023328471
0.811826836068498
0.803155947638808
0.715245672967298
0.749629406884859
0.758541251866366
0.728375622687792
0.734149897120497
0.745700762204172
0.769876206573876
0.80784705332892
0.829154439896255
0.846648895259514
0.825643726606533
0.770961943379182
0.798198685394392
0.775809557288094
0.770196734154953
0.780017560753134
0.790633529786931
0.803309149657998
0.800311772020217
0.802467976434339
0.785811115475755
0.75473845390913
0.735943208592917
0.699516408284643
0.691184565677128
0.711012656079972
0.750955098453549
0.733114477387675
0.714553151063911
0.703641692825395
0.75447174644191
0.75870452211414
0.808453234755609
0.823126647714281
0.83142427505959
0.839316034098918
0.842626548057612
0.844679638318289
0.845265863402699
0.844591795747045
0.843752833248324
0.850310011266327
0.84909318218498
0.851033887537255
0.849882201375038
0.851948584721755
0.851454053730848
0.851395131897243
0.851125552809523
0.85179674983218
0.85208029572582
0.853333107946441
0.853762878616362
0.852194987362746
0.852418947903996
0.852772294221201
0.853027193061877
0.853668926632088
0.852352316206812
0.852009025390113
0.852085897831465
0.852968951289065
0.855259321964207
0.854100804895133
0.851894563925855
0.851360664797299
0.853086226227175
0.852666313424124
0.850339802776658
0.849268909048967
0.849541865002647
0.848267550057712
0.848970744767815
0.848753299479109
0.847583096731737
0.844592120639663
0.842054793263165
0.839546520726514
0.838141854476144
0.837940051040771
0.838123879204473
0.839472745592306
0.84234262792987
0.843873549574413
0.846878744068486
0.8481206200461
0.850959460897641
0.851233474305249
0.854075986136948
0.855077182655509
0.859242973619669
0.856724958211725
0.844874560565598
0.832469096328111
0.814020695149418
0.800638738589789
0.815201574433031
0.785807370668863
0.787582315200479
0.848805123734525
0.854220852609108
0.854922636229725
0.84722986180088
0.843841398338958
0.838150312091063
0.834938131994024
0.825092232585227
0.816184214531041
0.813060659139667
0.801530910669167
0.795951952507876
0.786478693505002
0.783659153971297
0.800383597516013
0.823806658881759
0.832615429002615
0.84077100305939
0.843066884802805
0.84224886392033
0.840301343269569
0.834914192770235
0.826700815532134
0.818953180753802
0.811447381219271
0.813306602981346
0.816655727960329
0.825217502825135
0.826560708771318
0.829394105321871
0.828594518270247
0.825894112907848
0.825230661264891
0.822650766096693
0.81871985667334
0.818709353909618
0.832790754839519
0.844136685516533
0.844805598397432
0.842328083427653
0.840551696321271
0.847326769871015
0.856091152781517
0.85876197355382
0.860759983480224
0.86270671154597
0.861486200408381
0.874181314559951
0.886906182501243
0.883803458647774
0.87812761585706
0.867951615552453
0.864352445288319
0.861053647211863
0.86294244684696
0.859057283602383
0.846580900358147
0.814562804426619
0.796886879238743
0.822831733839932
0.819753794047739
0.811403227024683
0.819932133099324
0.833494835512235
0.842070018630684
0.847058573893794
0.854079514596083
0.849517858876867
0.841866275707922
0.833522181656293
0.830506090356638
0.829829923504284
0.829011321694004
0.829016266862534
0.823731619423306
0.811947665096133
0.808890072157033
0.816871376691853
0.830420596209489
0.83564580933169
0.845541564910983
0.844504134902456
0.836848307274491
0.832235825022462
0.827556480485147
0.823249982537176
0.820843043297021
0.812580952020889
0.801733040656739
0.794342104119765
0.799823576558562
0.805446823746991
0.776531291339865
0.684350605807693
0.727682913130567
0.753322363622616
0.731370463641656
0.7224842333979
0.734943846412578
0.754048899199391
0.766043314817217
0.800365776633002
0.852592768372979
0.830559501753824
0.788681702837554
0.787627825604621
0.775062925039542
0.778079463492722
0.775604499399985
0.777438305252998
0.791013542989211
0.791392137461386
0.80021470785394
0.781227015514403
0.75866994803328
0.737875230296457
0.699721719428686
0.691453914741658
0.699578300850202
0.74365842932464
0.738353379848113
0.715953528344009
0.713728195996492
0.761829275001234
0.787897254444109
0.816042108049412
0.828772717855565
0.833085333956522
0.838793668181522
0.842871866045313
0.845462557781864
0.843437518077131
0.843540971128772
0.849849091866091
0.853439875122183
0.849867590233473
0.849377273459483
0.848129876770506
0.85004614247206
0.850581130482976
0.850358331551123
0.849826711086898
0.848570721117668
0.85008808444912
0.850889806089495
0.850289139194087
0.851247910597237
0.85135008944263
0.852183780340968
0.851162539799825
0.851678149262163
0.850551800753804
0.849760323263079
0.85058724101867
0.852980913185883
0.855239247019946
0.855046736889259
0.853169065100298
0.85261945832448
0.853833309301976
0.853974103391267
0.85187355054723
0.851243850460219
0.850968880339523
0.851200903549415
0.851583721139846
0.850027373307792
0.84925582405131
0.847201658211429
0.844932871951833
0.844189853016096
0.841262506057884
0.839497287994731
0.837217331695546
0.841340752171958
0.843619562052642
0.84510675492256
0.846605861174008
0.844630035014931
0.849417045021388
0.849236259056203
0.851538335601317
0.853998510555216
0.853761984488759
0.856082678257973
0.84857747133405
0.843518296095513
0.831645015476481
0.82302539721184
0.835968603853448
0.844369011359639
0.82835680400489
0.82264147188143
0.846339458278479
0.849810462629278
0.84291424800921
0.839815817127813
0.836309946050695
0.82298331764561
0.816939684375982
0.801378490419827
0.813565295218955
0.804826885993943
0.798213210893914
0.787268830794307
0.79212534259773
0.817504736462967
0.825471539630863
0.828929380931788
0.833639928433419
0.833608775185664
0.83391589559108
0.832666167424357
0.827278208633087
0.817944490887044
0.812731861623177
0.804962728346086
0.807637343328044
0.810520044930613
0.826935117634551
0.83046410379071
0.833558045387582
0.831798464047303
0.82866318958969
0.827621883959967
0.821358047685377
0.814233225553472
0.818972253106071
0.829148475719618
0.83227261965364
0.838820059871802
0.847390374842162
0.851586887234928
0.840035256839866
0.851431307444458
0.855269099233868
0.838570714208779
0.842714608481446
0.850382332558547
0.859960406226832
0.87283927555675
0.879757085183968
0.878544325266653
0.863333662674569
0.859896507645117
0.860203209307119
0.861879831029111
0.860019167371521
0.855046410578261
0.822733510739044
0.808249739847966
0.829093612895088
0.822965390977346
0.818734102069938
0.822607931925369
0.82956822253329
0.837971506894318
0.843504784549906
0.849090706392655
0.852345598472341
0.848783042953689
0.842882873064283
0.83746062315678
0.839336572917416
0.833453873157445
0.832918862644639
0.832700049959077
0.83226518504232
0.835624652112232
0.83908122058762
0.84429258161356
0.844736855367477
0.835581609752646
0.838113788689689
0.834779068874158
0.823183003109513
0.810469406906564
0.805902653379083
0.808984898417224
0.812650345784366
0.812309459676789
0.80096097566638
0.79489530848678
0.78863418903488
0.716690845087467
0.714799634025088
0.716340702685119
0.758140487521546
0.74254785882727
0.724360726751968
0.727950869776743
0.743698069980215
0.754719923312496
0.762119899762532
0.794923173133629
0.814021685651332
0.783491194351854
0.781363060029887
0.771692822887879
0.769569854717756
0.766327796204682
0.759832605869795
0.777435646704811
0.785600710410466
0.785960438344875
0.758537112131111
0.756374342789668
0.739801912799418
0.683312890220233
0.67690319471264
0.713749607889337
0.733579430306527
0.733543515573209
0.738442127595015
0.753565308116968
0.806361517542069
0.821237638170089
0.828226696835989
0.828742887110088
0.829374280663218
0.835922226833132
0.840949908555813
0.847170357694462
0.844419650921754
0.843674824981412
0.848357188492232
0.849667266307893
0.848769335877924
0.849422725291099
0.848715136755182
0.852738671454873
0.851167397591151
0.850876639394671
0.849046930214308
0.849612142009541
0.850597423126925
0.852224939348236
0.851252185786743
0.851676005467946
0.850236193185801
0.848512920163562
0.847976885014478
0.847198865656992
0.845539122639695
0.844803892907148
0.84692782789178
0.848413453720938
0.849646904546489
0.852118319996081
0.852558722760104
0.851293495020411
0.853453470051405
0.855892438212204
0.855200198672453
0.853534302689261
0.852210166832548
0.851918594637991
0.852248185743841
0.849784224655868
0.848951864674247
0.847250801213771
0.847027508681113
0.847453577330292
0.846043151604996
0.846142946017779
0.844872209039332
0.846754964051557
0.847350462445198
0.848682816900231
0.848432203296056
0.847215749472323
0.846547222373335
0.844455455412848
0.843307155203966
0.850432474724717
0.850339349435322
0.851941930624993
0.849908146472486
0.844278213907335
0.837613436095642
0.823099646184451
0.810542965482559
0.783371439670085
0.710081547518987
0.574684949620742
0.783173447165365
0.839415051718296
0.843819808475544
0.841308779087691
0.83670256322322
0.823089845301643
0.807449017429632
0.805803033068698
0.814909670481568
0.801643610389276
0.786747070818196
0.767950723231801
0.783226405344689
0.815762341908133
0.815974973926023
0.814966092132444
0.818194742084872
0.818223802490058
0.818918245605093
0.818013718410642
0.815278558329958
0.810857247847418
0.808615042030533
0.803160347464571
0.802029451594409
0.805669867361873
0.817286149312409
0.831621035328193
0.83703026116696
0.834143197611531
0.82926640158522
0.827813578381074
0.821747806875883
0.809086283732697
0.814227861504562
0.816083423791822
0.826451711822002
0.835103353630783
0.830488002982608
0.827068280633158
0.820466446003085
0.836307812609619
0.846547018987234
0.849134073535968
0.848374308771352
0.839681075577189
0.856118347509751
0.874363723954083
0.876982607715935
0.874480736296855
0.862215104330589
0.861386575630275
0.863475834327397
0.86462092698916
0.870024873491506
0.867310506448666
0.839884592534421
0.820879391379211
0.831113855307438
0.829410984517448
0.823345535351196
0.826789861723712
0.830266060256273
0.833786282287907
0.843235479399949
0.846503189333972
0.852140289753193
0.853553281004064
0.850194084144224
0.845595113276729
0.847147251764012
0.844997344454247
0.841914772900669
0.841670701983975
0.842322976911179
0.844658752549688
0.847622178379408
0.847888190476519
0.845221032992697
0.834298226897513
0.827304646522753
0.816405593293832
0.789761908620075
0.779355847542805
0.777027818100359
0.779728676877865
0.784888098182413
0.786298832613801
0.782438893522112
0.767230435516411
0.757231674282639
0.70001068964494
0.70151322583798
0.719905884100083
0.770272671883074
0.767186391189427
0.749928419518564
0.737725394492687
0.744812900355231
0.748016765059811
0.753013214652832
0.751368684265444
0.788937898537781
0.773098777076144
0.780549394675356
0.770309316303284
0.76180899022922
0.754314060837899
0.750584188923619
0.766914499549659
0.775991925549153
0.77300866765795
0.753096576250611
0.760081489203748
0.75373266291051
0.688532491104019
0.677588206807903
0.707582130984217
0.707436014550985
0.731144860651217
0.748472736967678
0.770915673120578
0.81035441656799
0.822065763307886
0.821944048371592
0.823626241804975
0.824672221655376
0.829998290020783
0.837657939716707
0.846308535061456
0.845779123714895
0.846691511418609
0.849572161184758
0.846985731665862
0.846132395194101
0.848797188079298
0.849249159404839
0.850043664926258
0.85118260191051
0.852747386810155
0.854423885325217
0.855294332849415
0.854198048580787
0.851266085140884
0.849973318112234
0.848591265817182
0.847614650351644
0.843006811996393
0.841019976528624
0.840150183433282
0.843373329411017
0.842587433073664
0.841734511433246
0.841986526742751
0.841766781362814
0.84507180216844
0.848203568682929
0.850439025710431
0.853156756345492
0.854167195955275
0.853774988207046
0.852903545163909
0.852512456656763
0.852097303487234
0.851127405076877
0.848932296225044
0.84794889669676
0.847656222706229
0.848115234613801
0.851813698762705
0.851135646965969
0.849656902249745
0.848250095896021
0.8472999676405
0.849589591376168
0.845465050971364
0.841913705760771
0.842117915495746
0.844752301385069
0.841225996537264
0.838128311523653
0.837872760449542
0.833839940550968
0.839321227752805
0.840743678450942
0.841672948710457
0.842442238624237
0.839826071561049
0.830417247669782
0.807374037685882
0.763299370110376
0.644553659182932
0.764010659211224
0.820523154625582
0.84270539683492
0.840446277136996
0.816908439015824
0.810843695535758
0.81690284506526
0.810408574103547
0.791918265671449
0.752110179423007
0.727448476688948
0.756899517412771
0.790561626558266
0.805320873038887
0.799749359565578
0.796523830119243
0.797051738651765
0.802572596714784
0.806560497203026
0.808174482676901
0.802001918450355
0.801016335664256
0.801377683759489
0.791587825728814
0.786519298369397
0.797188704931708
0.807677259795481
0.826015887700142
0.833954685665822
0.833304378947605
0.829366376247327
0.824394386812285
0.813284065654536
0.803767933823504
0.807918221327572
0.836908880506829
0.83783173961233
0.827414796331987
0.812479441543606
0.80243987116641
0.811238250438915
0.823708284051299
0.842071278154845
0.851261510713704
0.855056895069527
0.84679525258007
0.84329993212295
0.851286755756072
0.871129273606463
0.876330485685784
0.866486401670534
0.866167913856942
0.868654422619433
0.86518037836383
0.868130569479782
0.865009375467958
0.851590970610306
0.839003951338478
0.842626977456958
0.831241771814158
0.813578899699513
0.828677985378904
0.827218774392608
0.830737871540042
0.834918649523344
0.843345058576544
0.849857373480841
0.855411779290095
0.855569968121601
0.850334155533023
0.850193884524194
0.851582683708417
0.84826134686134
0.845037380151894
0.843102809955973
0.845578920733177
0.848492452066022
0.846029007082827
0.835625105653449
0.822728017153795
0.81430329182192
0.803298797102704
0.775757301875044
0.764853346522406
0.764381932108706
0.774135735207601
0.78057654833186
0.77900936490418
0.773945666897682
0.764512337197806
0.754078884417518
0.727455479282481
0.726123585968766
0.723788396268341
0.758947125741353
0.781342049550574
0.769885719209059
0.751398652934693
0.747750570661864
0.74986970347166
0.755626439418628
0.743132747486022
0.775311834330028
0.764381765440334
0.780316042742097
0.767389072156256
0.77181855952789
0.751781625117994
0.730418272421495
0.75017923591025
0.759674854814082
0.752488984046813
0.746040705028541
0.744841498286311
0.744934755379985
0.707471133158747
0.708351687797338
0.713913039273794
0.744135899467107
0.762864564787912
0.764759085629073
0.798365754068957
0.817653943479694
0.820975821076707
0.822523508276425
0.84009199149341
0.839561244833927
0.835274739705786
0.839612215263072
0.842859252228481
0.841095685436128
0.838717486615718
0.843281894339687
0.844805353934951
0.844978687844841
0.846365022886307
0.846587050236726
0.846212644423589
0.846632933893041
0.846185976785327
0.847614263273694
0.84758603693456
0.847200621674504
0.845940488231825
0.846838784926123
0.8450608713735
0.846301142919921
0.845109895518306
0.845844202328276
0.839712852500058
0.839093179278479
0.837313129427354
0.837630641580941
0.836483733429205
0.838229508692138
0.837405869213652
0.842145256489868
0.842323267559229
0.84128145385952
0.846392645381422
0.85173396374136
0.85488450158833
0.854562316679215
0.851775926832554
0.849501916987297
0.846266374477865
0.844533961762661
0.844196489095995
0.845042366604364
0.848417113500585
0.848561945778234
0.848977249481627
0.847647491144345
0.847090660109559
0.844798103741908
0.840955846642475
0.836860818187123
0.834566465524673
0.838086215825724
0.839574868196271
0.831261819775179
0.835536497337105
0.834212871873534
0.834268726938637
0.837405837827243
0.836173622374445
0.830752908977636
0.822109969094305
0.81449722683792
0.805324681795509
0.797898520774323
0.764263659897542
0.759272548978438
0.832433523068334
0.835634884911012
0.841210946843297
0.809581583372955
0.803294618919705
0.803060926593429
0.785948902400094
0.74125736097946
0.730546063498205
0.752768685059597
0.768097928909217
0.780126203917429
0.780738672119331
0.776254076044127
0.773620266605437
0.771257517222009
0.774449015161705
0.778902173332557
0.787478896262417
0.792705358116451
0.795831787009321
0.794270538349155
0.789686512360365
0.78125244996109
0.78598792575052
0.797294116647787
0.816120834598775
0.82424190271784
0.825706226476433
0.824360266980804
0.818356945628581
0.806523136811125
0.803510067545912
0.820209708312463
0.825737750700386
0.837172035012923
0.831716960973195
0.817572490840029
0.807197671950616
0.822763628554527
0.832314866209819
0.842208049003037
0.850878344578815
0.85651354173114
0.853877109637217
0.850229951421338
0.852370016465484
0.861856422827307
0.87171376633482
0.874189675286315
0.875232299142611
0.869354309295662
0.870512738018082
0.872427001469433
0.865893628163791
0.856056194808971
0.846935891011568
0.84739104976624
0.836698864251623
0.822402828397949
0.823791869279255
0.830854238407408
0.833241321513215
0.833365421056557
0.845665643145097
0.85333487085856
0.858930427265086
0.85953185401743
0.854385121441024
0.852134881968482
0.855579062040181
0.857505673912616
0.854706087235249
0.851723167559994
0.849688948929131
0.844893471280489
0.836049474711212
0.827738154164896
0.816488091264383
0.815830945322051
0.797927495737288
0.772161032377257
0.76134328165386
0.763071205691396
0.7737336105421
0.777508762756361
0.779875171546485
0.777259172528543
0.771599427702702
0.762229604903821
0.750989884709896
0.734756467296588
0.72450123884391
0.735715228269151
0.767785685849868
0.783902446146231
0.764541683387195
0.747371888141912
0.745269783405634
0.752721425567631
0.745415258373533
0.771785552073706
0.76114077603623
0.769642391792556
0.771937046784544
0.765632340679816
0.763652358178813
0.749794041036245
0.750908247108984
0.757385806942798
0.750378105017694
0.743903920259998
0.740828721972216
0.740905207369736
0.732031805062862
0.75058904980938
0.769821799316238
0.780971272215263
0.787221224571731
0.797397927805388
0.833257415920405
0.837980597234082
0.845470442133585
0.843241440044021
0.840162596483219
0.83778567464843
0.835352594188204
0.840580733074147
0.845502628182237
0.844914921653163
0.841273792713455
0.842373891111337
0.840906240698259
0.840589769628175
0.839601672309472
0.839340723069416
0.84066855187284
0.840793712310282
0.841856387222818
0.839502840573234
0.841185259059436
0.841822168639485
0.837188459038378
0.836820763103899
0.839085789017105
0.841876334567014
0.842666212432963
0.842796438696376
0.841606826284577
0.841908819453529
0.839729808635148
0.836235776256209
0.832835502219684
0.828617442421145
0.824409948822333
0.824122843678692
0.830929434098309
0.834471504702762
0.840609129739341
0.844358980393748
0.847492384327379
0.848451942295377
0.847617914592539
0.845868628671101
0.843509503318844
0.846039772528657
0.845340364449333
0.842666310161602
0.842754682088035
0.844163992068437
0.845226032459107
0.847859019071341
0.843635497031518
0.842073559038496
0.841235838500844
0.837660602509754
0.833941692056029
0.833660908582513
0.82862392319097
0.819449358328584
0.812392363660209
0.813742585079897
0.803572886765979
0.796305870074286
0.806597410601714
0.803594724443607
0.793279127495578
0.785515333744837
0.773273171882318
0.81051085105287
0.803444039672057
0.784279359823156
0.770090834306438
0.802833376917624
0.80481270567402
0.725823368428943
0.746056355378109
0.733816800634386
0.781144171424646
0.741256208615875
0.76055133283821
0.762910950188846
0.768604157535604
0.772620398702991
0.77494962532317
0.778020440971966
0.778043368452738
0.77420522996892
0.767991745564734
0.7708615470259
0.77496203941871
0.780988247970705
0.788962357984844
0.790272395850313
0.789359456291434
0.777582783843286
0.774893109139333
0.780927002713072
0.802050598308094
0.815214229087446
0.820230369260321
0.819134278337975
0.801839828665955
0.796618452602132
0.810254055915073
0.818698643671914
0.826129443041253
0.836677171980177
0.837924596192737
0.829400008758971
0.825124508222374
0.829627693863808
0.836054749912017
0.843592252217907
0.853015063450651
0.854752427987164
0.854279995438697
0.842668290170765
0.841597291421694
0.844183268558709
0.853283361803717
0.865378623529744
0.875375502417961
0.87447622173009
0.874791775016811
0.87715559275993
0.86619342223586
0.8596558741174
0.851079437769319
0.84766501439423
0.847914885730005
0.826467493911273
0.816518069325887
0.824516246928391
0.835382283760828
0.836172328201645
0.863549773077239
0.855112945957819
0.858429180531337
0.859971842323877
0.856082709513648
0.853964522724962
0.855856666125687
0.858093405675949
0.858197410079247
0.85257858618729
0.84456785207922
0.838621144150839
0.833380447311632
0.82937868698541
0.822320542230284
0.812532076443294
0.777279809825992
0.762674502231098
0.7577337485965
0.764476280118819
0.777587535834015
0.781147868122289
0.781699550660509
0.777231969557501
0.774901467089218
0.770016291917898
0.766197184924126
0.749372041477356
0.742814030601033
0.734512220633213
0.76085308174855
0.767649986269027
0.773310463370159
0.759570861026221
0.749839102734763
0.750409180572303
0.751554164013129
0.757247619562349
0.767475119131932
0.757312270889523
0.755125397374735
0.761497625717058
0.758798334545234
0.754980454914868
0.759914671893792
0.753602486302611
0.748918441623539
0.748552964844114
0.747301898443453
0.757683364547537
0.768687019722094
0.795742467418356
0.802481209845304
0.813344346085462
0.818049815529539
0.827143548268394
0.84718110776497
0.850954973886001
0.854605444235182
0.85152809391997
0.850288773199878
0.845887343612924
0.843853189355557
0.843439652821845
0.84313689234983
0.845032789125957
0.845984548085597
0.846635777205616
0.845018043605543
0.842498301839811
0.8431686618145
0.847511622355627
0.848886567472462
0.849908606987037
0.846925163217808
0.845696522608243
0.84719515581004
0.850611061687897
0.848071965932671
0.849203332065013
0.849920103957763
0.848725690586267
0.847174199359021
0.84826612674394
0.847931545815349
0.844789882619429
0.839627422818974
0.835274168072075
0.831682105974558
0.832720623734376
0.832217677695715
0.833193878270905
0.832839600357102
0.83464983411527
0.841078202708962
0.84258955654617
0.844746488722112
0.8390721691321
0.830264602491141
0.83149318490965
0.825574560697101
0.827073030749172
0.834299745536274
0.831614458724335
0.835486221391113
0.832939826344296
0.843004471965542
0.846743988954455
0.842106242022279
0.841102619476489
0.840073013927068
0.832068240564674
0.827641140555409
0.81656986623412
0.798491188858092
0.785011134043789
0.775515878588133
0.767240249305453
0.754564412447401
0.734465015202903
0.715322178042186
0.726738038654883
0.767500283119313
0.772893724652732
0.751846349852052
0.785694678766856
0.783254313950605
0.785066357435292
0.772844723596849
0.745979479547102
0.742633112035325
0.730371557165545
0.751544152459914
0.748962485574417
0.779492130651405
0.785380235405728
0.786071204700252
0.789875464198728
0.799041838197441
0.805265638232703
0.806520132762362
0.803440636138175
0.801700333842925
0.806508919388297
0.79635369826692
0.78732857156704
0.777615464908981
0.767394417363883
0.767049941241267
0.767035215530645
0.781446081301323
0.784545548187689
0.783818178438475
0.776003514107765
0.779083551838138
0.793736775459587
0.804502791572143
0.802866029024347
0.792972088939769
0.791355035809764
0.812127771139555
0.817521106035674
0.828359019487729
0.836306451266244
0.841735305753526
0.835616371765621
0.830592623903711
0.827398790554397
0.831074730472501
0.842544067348052
0.846301003774836
0.851105981621742
0.853336813000313
0.850453700514523
0.849672342569134
0.846886880226492
0.853758415946888
0.859122368310465
0.869256350320349
0.869814035039903
0.874833554410329
0.875581077277747
0.867754505302184
0.858817457718824
0.858710634262353
0.853178788470392
0.856398566834475
0.833120525171384
0.836037981225441
0.839313274491228
0.840071554910397
0.830052843190449
0.84365335928654
0.849253023913539
0.84540189336395
0.853573745128535
0.853886099546594
0.85236363721445
0.852203260752326
0.854336612634135
0.853842660871587
0.851353824370776
0.84746323977642
0.840704710647937
0.834846402803375
0.830326208063347
0.81631501643876
0.798235358074639
0.763190100787705
0.753870009151276
0.75074663877799
0.760258410497668
0.776565041248709
0.791773798491676
0.794862117138655
0.791281981751582
0.787375353557337
0.785116273858278
0.784418830338087
0.774433957199977
0.771169772213371
0.76871974175799
0.784363899293711
0.764061736551664
0.754996832417277
0.753612034933334
0.751804155551298
0.75015252626871
0.755403211357736
0.754373581346502
0.771867908399111
0.762181910027637
0.716673994358548
0.737808188213489
0.734549766827018
0.750298053209329
0.765449057167562
0.742125114799832
0.748202212254675
0.751607638311318
0.764100770522959
0.784542150799347
0.803633931466714
0.812367174304921
0.819296224896068
0.835149235122908
0.837214775831787
0.842870141345863
0.854382039532696
0.854487578412956
0.854464804475119
0.852478802198029
0.851899295921885
0.849281942284416
0.849805639534727
0.847920623359222
0.849171024931762
0.852534563502245
0.850595559702533
0.84658666110341
0.846502693921484
0.849287954204089
0.852233264041906
0.85344741797917
0.853069299477691
0.852912383943709
0.853401368543283
0.852884653640429
0.850751481148662
0.849803623766933
0.849121335852205
0.849436988400846
0.850012671287159
0.84915578507061
0.845302232587427
0.843416805881041
0.838808249328814
0.835817951595899
0.832947471370329
0.828551905240865
0.824130146445668
0.825908194715303
0.831454007747094
0.834915843279206
0.829937247756051
0.830237593846362
0.832869825687266
0.830095736388561
0.832610768568149
0.832427462716659
0.830332956662923
0.834591864668275
0.846668259318561
0.851137116366211
0.861149710283966
0.857844629248345
0.85307889019951
0.8497345953093
0.850921430369
0.854854703416123
0.845817333736659
0.841853133087623
0.835234905575892
0.826743785881282
0.816648684514755
0.800669531612189
0.787512172260456
0.777033243585294
0.768904984745967
0.757648466405812
0.727774680715838
0.701498250066204
0.644851728723436
0.570375836087177
0.783653901750792
0.783951344470889
0.762940227955506
0.760452903374127
0.746411701525265
0.741848597628746
0.703743786022485
0.692838976174289
0.725099989853795
0.768122666250367
0.794943921691847
0.797635289324396
0.805757611245711
0.818186654666846
0.81941929113055
0.821572440426585
0.822337843854604
0.823447261307393
0.821745451893399
0.821318290690905
0.826152825559524
0.8215927636178
0.815211679218577
0.812165228912097
0.810105866422547
0.805178599186007
0.806396815067444
0.805814672432053
0.808166106679616
0.797316775165438
0.790676829883072
0.790359110273534
0.779816102950282
0.787227339724242
0.79543445330676
0.789873514793185
0.785377455810459
0.795226586426405
0.810043022735905
0.821679443664571
0.829158952274976
0.829967182839362
0.834976704387016
0.834237780013438
0.826917737715245
0.828429880944376
0.831480260178394
0.838207102399525
0.845103668722655
0.844195620593723
0.846331123223091
0.852669028048241
0.858578222362721
0.857388958810143
0.863496137627336
0.862356322055996
0.861040710503001
0.86187336532136
0.864645506355351
0.868768538149124
0.869573464072146
0.858786897884331
0.855604847254718
0.855191648933617
0.846595590801691
0.832803951788211
0.850890519322727
0.836841262998612
0.828710784350012
0.827164773420746
0.827217356498321
0.831521105615165
0.831200097253603
0.84251606514852
0.8515290652618
0.853565318093292
0.852197172644464
0.851401286876498
0.852089796183192
0.852525671279995
0.8500031872771
0.845262847525088
0.836632536682302
0.829614081611716
0.810005792685699
0.795308221386687
0.728893423235034
0.215682471898478
0.501463235763367
0.669343200950024
0.764495330893648
0.796034901120792
0.807626668232102
0.808973271414862
0.79767620047997
0.79368643010946
0.80011035101799
0.798358813690126
0.801242873752105
0.804814637521665
0.786772199378905
0.766093423734978
0.746196966817146
0.746474785732886
0.75019573747655
0.747568251016009
0.748984764667429
0.748440034110717
0.751174534883053
0.739541938119308
0.664467646046325
0.722927020223966
0.712065584499041
0.743891615656243
0.761095052342635
0.752229369644862
0.765906061950881
0.774198669651312
0.781283601005265
0.793795366179403
0.80973110146389
0.814307870128715
0.821910433661018
0.831211309675416
0.832838445328374
0.841251653449225
0.850312245648058
0.856207424903176
0.858177612990539
0.857264588136314
0.856013521237264
0.854805870650471
0.855801022759586
0.856419213199681
0.854927768202017
0.85326672827514
0.852056488137724
0.851067603863661
0.854025822630736
0.857183939190508
0.856711776517449
0.858151145570013
0.857887344082023
0.857500405051002
0.858536997463084
0.856589504219767
0.855835756373916
0.852467263897957
0.850908935794305
0.851607866765244
0.851054937410123
0.851061277772571
0.848915180625713
0.845366715854329
0.84360606391245
0.841629652200592
0.840923539164959
0.838428954830332
0.838188239423272
0.838303915654095
0.834335100068263
0.832089521752429
0.833040306118806
0.835160427663493
0.836675436368183
0.83963110642642
0.838928967569108
0.842425088930206
0.846223329235346
0.850494817841089
0.852926459470022
0.848668842221165
0.857221102067363
0.862027068423373
0.858892684275002
0.852615071292679
0.849748547716817
0.852474516410974
0.847643078973959
0.843655940414871
0.838627123219292
0.826037500467168
0.812919314799365
0.801306327867461
0.785750840848139
0.767476708609013
0.756722246345676
0.746841637228374
0.742616509964443
0.748885800915566
0.72482673510749
0.804995128522871
0.819475579941865
0.820353453440301
0.811299481127996
0.80951553785818
0.803571794757917
0.799202367528642
0.794048156197773
0.793314277355421
0.804476941399137
0.820624772809392
0.818382347980274
0.818714538696209
0.822603974668597
0.829970476220735
0.83366400523693
0.832550526838001
0.831772306787034
0.831180603668402
0.830815554044748
0.827204347396687
0.824717627665848
0.822858135110392
0.8204484600602
0.818698712687704
0.815964409406471
0.813295984373299
0.813861084481381
0.813896088735432
0.811833058384519
0.807986005583521
0.80303903570508
0.803050993913942
0.798135300177448
0.795810614558998
0.800526349862118
0.793779300714513
0.791017011677624
0.799689318165151
0.809997533722323
0.820015561898485
0.824481154883247
0.827180771648205
0.823959100064595
0.829398592485281
0.822810000511619
0.831611253940965
0.836112426128256
0.83541321295213
0.840067060163086
0.842393620001996
0.843568607077039
0.852817872263188
0.857477331464882
0.860603355034389
0.861911596611407
0.862962295856176
0.860820628557998
0.859317639871008
0.859907703000297
0.862705578663146
0.865620566494365
0.85561957353468
0.844007718629032
0.850689348543648
0.839517795694869
0.838651127098001
0.851763878595817
0.833774402279493
0.812941748960126
0.817436880238643
0.824111196071476
0.823162099983812
0.820759222497889
0.8313260726443
0.845017850701282
0.851796643006311
0.854250558233737
0.852156001455948
0.850885867317944
0.851970917166707
0.85157171973347
0.847640818982299
0.835763391987848
0.835788145991914
0.799677159464938
0.779888502274498
0.772763148539738
0.7164198059321
0.651557603471662
0.637114709422778
0.724580512260997
0.786492571606534
0.808091321819484
0.817840802383475
0.813398179414591
0.80862474311813
0.813223833681833
0.840530153207898
0.781006718085455
0.775507990187989
0.770983276824344
0.77725795371937
0.75092704268322
0.738482716045015
0.744485360541361
0.75185459121141
0.74408543589818
0.744914083442818
0.743411587620608
0.678863125284789
0.49595895423856
0.547601986891661
0.608273215936685
0.689879791865113
0.734480475608758
0.760348807350209
0.776647768522074
0.785964341550181
0.792151022244707
0.797028578877747
0.808346722126087
0.813031469647493
0.818152859891326
0.825150850072825
0.828397629214392
0.838727936404797
0.845970987982148
0.84972251576627
0.851697816757134
0.853167782156581
0.851301221017947
0.852799560776951
0.855166593318732
0.857769372941712
0.858431462991774
0.860250020842928
0.86336945033546
0.864112156331525
0.866718637139974
0.866886572080488
0.863904056730371
0.862541015196897
0.860435393526547
0.861007425026694
0.859954193857614
0.858178908910702
0.857019380282571
0.85524994768459
0.852665956068375
0.852157459830677
0.850131823833456
0.848794317933925
0.847734979528521
0.845547904075958
0.841498915033128
0.838203429517826
0.835084220427798
0.833943566454232
0.835320802610176
0.836417790552894
0.839014641520725
0.83985286489133
0.838847060797896
0.842000070692597
0.845911199518561
0.849033724654149
0.847163822807759
0.844394620730778
0.84193378146645
0.843890018944001
0.84709819941361
0.854111417755429
0.861831985523547
0.866883533273774
0.867346120127953
0.859313727857787
0.85808500882895
0.859776792240351
0.859132792632343
0.854822140553847
0.848526110550612
0.839481637861254
0.824624426537761
0.806788580080198
0.778589352046728
0.74043269819874
0.713807707409787
0.699915828463835
0.720267529949472
0.727633780337124
0.66396335806486
0.814081486950113
0.823768803256354
0.835217455667884
0.833340942684154
0.833631333006701
0.833026525348744
0.831140187520628
0.829561373899753
0.826140411101906
0.828736690924719
0.826303442113521
0.826311258320879
0.825300123937973
0.823571600791104
0.826048430854327
0.838580831358429
0.831452307974313
0.829568561749164
0.827408132565045
0.826677555861612
0.825648401326872
0.82404781315088
0.823757830144424
0.821328458320296
0.819848502858999
0.816317118907543
0.815808367443261
0.815908828744885
0.814346748955305
0.813805223576353
0.811445382571545
0.809694970358042
0.81091508812234
0.807271984573159
0.802469719885346
0.808552744451683
0.80271124889783
0.801770341590707
0.80605804123224
0.811929112406209
0.81651050232391
0.819238889781448
0.822720965928856
0.826666664379836
0.827535760789164
0.831556232987312
0.832639375066887
0.835183927333498
0.837986158248406
0.839709341887377
0.841452035143712
0.849687766337255
0.855629936420545
0.863192893536626
0.867984140135201
0.867111027092993
0.862629732280755
0.861695010964255
0.859564337953689
0.853286870857455
0.852136794972736
0.861910485280542
0.853782678548457
0.832443742256423
0.839435024127048
0.842693640317214
0.84010915224636
0.844827438878967
0.833696327810563
0.808532962668786
0.816646062425385
0.816460060385668
0.814172035216926
0.812000861342552
0.822132153429138
0.836654101597993
0.849620975871424
0.855087073589743
0.855518818158817
0.853860655127016
0.851685514589904
0.848979509909356
0.845652424193745
0.8371438931805
0.830990204047616
0.812867829137072
0.794669848142261
0.771310733916235
0.765281161415084
0.770299939626755
0.727890801468863
0.72694232697214
0.77910268227718
0.802497341290835
0.816928219703543
0.821817370217875
0.82260479247083
0.82426482385226
0.833777315775136
0.790081528158046
0.783820936190746
0.776812381080404
0.777012412216034
0.760503368154727
0.735858900324567
0.747050422335576
0.745713602861335
0.735658816638031
0.751608221386097
0.770786056922137
0.727939705619681
0.687673417329496
0.69916159592839
0.73970034333358
0.747458310870072
0.762304355588856
0.774200697847721
0.788230602940798
0.793594517584913
0.796926480553984
0.799212815198433
0.805644825477992
0.807936755280843
0.814601780925793
0.819923210884106
0.822802094328447
0.834346938869666
0.842734814154765
0.847149682568892
0.846495810013055
0.847983978406506
0.848123078720058
0.850417695185758
0.854181825526726
0.857538423928112
0.858576371849659
0.862567390256063
0.865555976488346
0.868567437718845
0.867453779875405
0.868581158845016
0.866850071843886
0.865757268815537
0.863462737897521
0.861784333573022
0.861638544115465
0.856901784408538
0.85454689792348
0.852352445766693
0.850498100129654
0.847660938787863
0.846818358451966
0.845458483966324
0.8443260713404
0.84164065848729
0.837805094618586
0.836076160061046
0.833976412777228
0.834170179439321
0.835182676652701
0.83457356918011
0.834269216794768
0.831947931982338
0.831486033954105
0.833355118180903
0.837269404484167
0.848161749363547
0.853880584027438
0.851928873694692
0.848887839178581
0.848914786415129
0.851406367557092
0.852633868358226
0.859044411147351
0.868205981557572
0.871021830974977
0.870309683046532
0.874117776080178
0.876256493077257
0.875561506656124
0.870790092339199
0.863826705059247
0.853547534703089
0.83912863738538
0.815700155169675
0.781349868481406
0.721963176903198
0.660269070283095
0.575744014390061
0.584068733237814
0.753004592859715
0.774261488520943
0.804660620672304
0.823402648675182
0.836446096093712
0.840311774631903
0.841914863089398
0.842594838702102
0.840962786924756
0.838432907077591
0.834163258686454
0.830339739021418
0.825983527035902
0.822635723488536
0.820475135264744
0.82124295132174
0.840049714904334
0.829806230468354
0.830773149225882
0.828991607220571
0.82789683829378
0.826539996144414
0.825407695108602
0.823921431002626
0.822786896816053
0.821125259965516
0.819309654947707
0.81865212115022
0.817625222528122
0.816772708967471
0.815888913200411
0.813867661174066
0.812193875748983
0.808541021002337
0.808489489229186
0.808877630914086
0.804092184437554
0.810520251612771
0.787913314503354
0.7869959114424
0.793991274119159
0.798469822502295
0.801951303880337
0.807955498700172
0.810664788754085
0.817182028771107
0.828725719902369
0.831518642440004
0.829234396227411
0.834827460463075
0.834883964189461
0.838199708032848
0.831142582686159
0.841658753709018
0.855061222200788
0.866543130534784
0.869858737091338
0.87530031003722
0.865896423065715
0.862060069675669
0.859952101623208
0.853953387602679
0.85301077792608
0.850563482808762
0.847303532264779
0.801061209166369
0.814752260078212
0.824036764631383
0.835833063889926
0.843170574622597
0.833207634632399
0.803549018117624
0.825617669242589
0.820706622058747
0.817824754487255
0.812185112652868
0.816122980482771
0.83927132744117
0.851064660416922
0.853574210750052
0.852221071531957
0.849633708334321
0.848420193380766
0.847600116589577
0.843880428598431
0.838121514390874
0.837025502411434
0.820866582932598
0.802904420539665
0.774487542875228
0.770775009775861
0.766971294317902
0.75564105931705
0.743440458274755
0.77133881482234
0.798877874199122
0.817622295747459
0.823452129929531
0.826683642974932
0.827207134019611
0.834085569962924
0.795376516979534
0.781800304530277
0.777711717007712
0.78486253680234
0.753094504142052
0.744287693864505
0.755266765241989
0.739764958507847
0.732864714703293
0.751434014964242
0.733584391494401
0.711147274345993
0.732374468744144
0.734971356608759
0.762519908285009
0.764570626531255
0.777162905693122
0.787966356308297
0.794091635916227
0.798736918391502
0.797171310286728
0.796176033545687
0.799240212789887
0.805672849940048
0.811044761424894
0.814039101303305
0.817985711683387
0.828231774062763
0.834755909061563
0.839956622806123
0.83691129821299
0.83958867834666
0.839645002420879
0.844683164903013
0.849025450656438
0.854083615615912
0.858432909919298
0.861865728601479
0.864767103146973
0.865341891712011
0.866798621535311
0.866870559890842
0.867332294849041
0.86595016257028
0.863386914625027
0.86036412862515
0.856843583752345
0.852187926094961
0.847194004612619
0.844183466873925
0.841617171933756
0.840960211033781
0.840978887754099
0.842325200837991
0.841333601198425
0.838856146799442
0.834543893135665
0.830123170643909
0.830009401999359
0.830784024099859
0.832708738582126
0.83357296033806
0.831588954676141
0.829910341633875
0.827249767210547
0.82732832653817
0.830964689640438
0.83424970292203
0.84219134876837
0.847641447278104
0.851327360711082
0.851561744379378
0.856978493474986
0.855919707954194
0.859279764589588
0.865822155288942
0.87212260601303
0.87440191353627
0.878280879537741
0.87828717603344
0.875019192521161
0.871828282499429
0.870855669045576
0.857467894761955
0.83615550449732
0.81994680413743
0.810594553256395
0.78528149720615
0.750267891341789
0.714308159357354
0.756537407741681
0.747925635603848
0.777574545116641
0.809515785688465
0.819092346073883
0.82887983607458
0.833470919720512
0.837375367538221
0.838420561292904
0.836886461136528
0.833845433786653
0.830139513787425
0.826873500011661
0.824271979423111
0.823952810266635
0.823208938110307
0.825771435121597
0.83454993169085
0.831101542445184
0.832359196861173
0.831387211676164
0.831496825986242
0.829702135915141
0.828417508342638
0.826431390764655
0.825192060646446
0.823298720627368
0.82213517212639
0.819243616944776
0.817041117817927
0.817392025064104
0.817768368429496
0.817398989268701
0.819154121686451
0.817630827127623
0.814711830614036
0.813203137791291
0.809606287856033
0.809509863162709
0.801750400443243
0.789735420776202
0.792039525822987
0.798571674058959
0.802359663244889
0.80717635501842
0.800996432830237
0.798967955130423
0.803689007959734
0.824479912397378
0.813388783259611
0.824609164440487
0.827776058811927
0.831558698165389
0.816837957331915
0.837420077996261
0.852743021035475
0.865269618713921
0.871324286173043
0.871627503253825
0.870652167171043
0.863343073278081
0.869174403100485
0.865583174491508
0.860830167542269
0.851489872282931
0.84798613893916
0.827449925429449
0.823183911262891
0.831832256123771
0.843109693979919
0.840113571328349
0.823630773063511
0.817821664684646
0.822739056199879
0.823220234188857
0.825541198540171
0.815468401426874
0.815860719362129
0.82809865159806
0.844645576284618
0.849074145103751
0.850589057630347
0.849309617184858
0.850231467238413
0.844980830591145
0.845303067299483
0.844698413858746
0.841165811504383
0.819397767886563
0.795745559397279
0.76752019846277
0.766880416704455
0.763853533501101
0.754890837807103
0.733498722410281
0.741474654224962
0.779773676126995
0.813542497752021
0.827432094226034
0.819555318559343
0.804898143776443
0.788781633990914
0.795108946098438
0.771330018083787
0.778525939161268
0.748729981503236
0.748890803833805
0.751760782132799
0.755019880469979
0.743595174548659
0.739562153021999
0.741564520301323
0.724658149116232
0.70644535900023
0.743590148914928
0.757982792195915
0.770762527433043
0.773853135900421
0.780773731779872
0.789171949808508
0.795155548127968
0.796249771380805
0.799760750950423
0.800024228428739
0.801344185841851
0.80541848830454
0.808606050151734
0.812193638951895
0.819512359248321
0.828096491463036
0.829128523867541
0.832397204896408
0.831495362939222
0.834214411348317
0.83422010635938
0.836523155407765
0.839398434064141
0.84566291472225
0.848521593332949
0.851009911679943
0.852144866827151
0.858972158538909
0.863526132392882
0.866631458151632
0.868429361516574
0.866003467006708
0.862340536578704
0.855977839775874
0.851357890792439
0.845981235841934
0.840104217442425
0.833482486157755
0.828293745787051
0.823948907214977
0.823715871341367
0.825576498961007
0.830528744675725
0.835773798142067
0.833768194195492
0.830360737804351
0.828611939696654
0.829558053498301
0.829029648203127
0.83129808795984
0.831139947167398
0.830747349926068
0.830554587773427
0.827044323402192
0.825178281557994
0.825606448417715
0.828921104743599
0.83301979861563
0.836895948744428
0.842162991184021
0.846286805006523
0.853466993984577
0.856500162400602
0.860936155750206
0.866419971046741
0.868011627105176
0.869244767257986
0.870460194548806
0.86958208481887
0.866276027799506
0.856445487327633
0.843949571802928
0.821626963641727
0.792752915024559
0.788985648598159
0.755334935127351
0.677938684906799
0.526304310959016
0.782489022393182
0.766852601748685
0.80190932697485
0.815788140972932
0.813098504674734
0.813112930174043
0.818953717644257
0.822501232431857
0.824136997126062
0.823721542094646
0.822630335575966
0.821642707364846
0.82248925407598
0.819544449716209
0.820073719834463
0.821356764313259
0.825549469178449
0.832842990390695
0.831753936338586
0.83293362425449
0.831987577834855
0.832562385753078
0.832005139435099
0.830877186857619
0.830554524898005
0.828478428668501
0.826856649848857
0.825849925129184
0.822681308948196
0.820867253175528
0.820335293715965
0.821758189871613
0.821133862270873
0.820877737591284
0.817139960724545
0.812394573090071
0.814070220988889
0.812503751892306
0.809263776819636
0.802058339735337
0.791163451739441
0.790237191830769
0.797614964110692
0.804553456366946
0.808326337252471
0.802119965124366
0.794922394313169
0.77396003343985
0.793025987701566
0.785579289971742
0.796047892134958
0.798059916277469
0.812558592863664
0.828929824039983
0.844933564748912
0.857691216991033
0.868927826517102
0.875599233284859
0.870433876488206
0.868148009160451
0.873283261551779
0.87959952926075
0.87543357250363
0.872516503393817
0.864448267579439
0.861031689239089
0.855222008327548
0.834436731899427
0.821747127648785
0.849134557077529
0.833772918521069
0.811312302905067
0.813331869861036
0.818840049132146
0.820871011498138
0.829750964363606
0.829745901386869
0.827909565588699
0.830357238052723
0.83298890956431
0.841760630218258
0.848395759455237
0.849982629797364
0.850891148245502
0.845726491147783
0.844647063656758
0.845755666427589
0.843636474356535
0.807707875297589
0.777049284297272
0.766050354506027
0.271815443230829
0.664612498349417
0.756142295221873
0.769353468023767
0.742513834815893
0.754484555971677
0.799607480461538
0.820989087458224
0.821949664298991
0.810486472028193
0.81599019695865
0.762990446313208
0.593190489719672
0.77149981126684
0.75409323737125
0.763839898640269
0.748399120904775
0.755011874890914
0.752964242815741
0.745538833855661
0.735644509290088
0.720542471654717
0.733859159974068
0.743628725160304
0.758629541520221
0.765304994549222
0.772162449082149
0.77556454120459
0.785626084954006
0.794240428941186
0.794740180169532
0.795896166979749
0.799511966504618
0.800182019429875
0.803425303444327
0.803845646149223
0.810360584445393
0.820325212250954
0.826432275624138
0.826832266863961
0.827252351286104
0.82510639087366
0.827823375875373
0.829830130693021
0.831469849824828
0.834233376809601
0.838859036536476
0.84596948009987
0.847004226711265
0.847149790720953
0.854543613784886
0.860420383676149
0.861108686822813
0.861697462717411
0.860202087265074
0.855073313480938
0.847365064589288
0.843396684057553
0.838533695309126
0.833420110475081
0.826020691406772
0.81677339269073
0.80916684092867
0.801196374559733
0.79867267329363
0.804211500201097
0.819093581169369
0.832045431601364
0.835391094939574
0.832552264712767
0.833250640644106
0.832400616558598
0.831737525609337
0.832659064886575
0.831492825401892
0.829742030370904
0.82962701782681
0.826662129861236
0.822207096078605
0.822765597935507
0.824756897250586
0.831646135008047
0.840026789533702
0.843676842243629
0.850214183762736
0.854773799508894
0.85611295308493
0.859791944364846
0.863169047512187
0.865399367225375
0.870565287659828
0.866719090891791
0.852729403494493
0.838169898697161
0.815296451591127
0.788449609183683
0.771823733166118
0.759763626795918
0.721694983586117
0.581870564932542
0.227186518891631
0.721683892810095
0.789761160595396
0.797160161309103
0.794767464567759
0.785640959505741
0.778310618682565
0.772726449797301
0.775291857904684
0.77452058963623
0.776559864733004
0.77113803798814
0.790811515332064
0.820543817457125
0.819921342130963
0.819547896833812
0.823690766928514
0.834579573631914
0.830525076157558
0.831439720973836
0.83159580200091
0.832338368238907
0.832015575257124
0.832243765611319
0.831658121395297
0.830599498292284
0.829039159737666
0.82758626385654
0.825367024759259
0.823914031573268
0.824119840472457
0.824695111714081
0.824310124450058
0.824214728299294
0.823398906710797
0.819869707682521
0.81756568924835
0.813943326832617
0.814114140976955
0.80994855563824
0.798873134920469
0.793470842426102
0.795647616184423
0.803840910854935
0.812782550174582
0.820188631182919
0.818372180803654
0.803670903818424
0.778634873855862
0.773966822685348
0.771867481483496
0.773292419877405
0.781666243237401
0.79939673239293
0.826814200954911
0.843313631920157
0.848156850431713
0.861599101906683
0.872479254395769
0.877908400654335
0.873920407033107
0.888347168157483
0.885715345631477
0.880844268610414
0.87735447991772
0.866178378971776
0.859940333935777
0.858855254993145
0.851608649598353
0.835706340212021
0.852437719369711
0.823878285791305
0.812966483229576
0.801004641770144
0.817101884129266
0.812232390129084
0.825508950903342
0.825781159893069
0.829845792789647
0.837281032943826
0.82911037083701
0.822201115129152
0.840937129408348
0.84742490159136
0.848767554523109
0.846073926489353
0.844658331516655
0.850000648867707
0.834097751368422
0.797601259945831
0.774228750835715
0.76356025815416
0.766782211402307
0.719489818365692
0.752757547017098
0.779006559677956
0.763097581805925
0.765673857977787
0.79450594390057
0.801668728071292
0.821903157887744
0.819780198105463
0.812594190346873
0.781937296957799
0.769665373257225
0.778018090913112
0.739837932822996
0.732930494417328
0.705977009135661
0.729070963728787
0.740856505934661
0.734232337974548
0.726490141056218
0.724196896945178
0.736277722908373
0.737151538384864
0.736329211929789
0.739568645370581
0.762220987093159
0.767964642062516
0.777925532052252
0.788806387425598
0.789800977679107
0.792383850519963
0.794899988457848
0.797878265387455
0.801164897940498
0.80067663245532
0.807843184920068
0.819155306845918
0.824182679467621
0.822299757417603
0.821628606169839
0.821070877372392
0.822150716467139
0.827018157057948
0.830575533040129
0.83380082531412
0.837691652594646
0.840753999082749
0.843288691740644
0.841024549711345
0.847082274563597
0.853268013029797
0.853673826654612
0.852472069270091
0.848865254839456
0.846751403779567
0.844801207441472
0.842962978870899
0.842853165349677
0.841478047337235
0.840068099264157
0.834608248849482
0.827127344260142
0.819217593640039
0.8215035245516
0.820034599890641
0.794938504663518
0.78113317979133
0.836299171045354
0.83474780294074
0.833735483919115
0.833060109199371
0.831976542395338
0.833483519697997
0.834206130363057
0.833745375990729
0.831849457109339
0.828600153925589
0.823029464111601
0.819677702409373
0.822391663354169
0.824623526483649
0.831336153667307
0.836798812114662
0.843200180596025
0.84896701105263
0.853475713240559
0.857739965095418
0.862357371017099
0.868987434637027
0.868261260659553
0.853918802273482
0.841462091008846
0.832548703742357
0.784088759538368
0.773947551352643
0.770486068937817
0.723711808185085
0.630938993207235
0.262564567121027
0.0658974886347429
0.587957051741382
0.794375034229099
0.786234285108789
0.785143528363709
0.782652426752688
0.779788189403688
0.783775475774903
0.78286645901767
0.778250599792526
0.767176447157377
0.759318878623938
0.792060152534541
0.824774955396363
0.821953020650623
0.824882642049168
0.828514972612302
0.83108567944575
0.830678462860183
0.830573794972243
0.83101259996857
0.830405505287054
0.83156893957903
0.832129813720755
0.831698283627776
0.830818857769922
0.829770863232942
0.828844241678156
0.827331310372269
0.827565604545515
0.827569910249213
0.826805340518092
0.827499770086435
0.826245374983729
0.826031280497104
0.825243501865458
0.822338160391678
0.817819471490867
0.815577983046118
0.811035370359434
0.789671521626625
0.786328353859905
0.789119402340184
0.794034426484417
0.799692647420779
0.809703491629596
0.820480002137328
0.821582328226445
0.79945550868371
0.77300003877763
0.772485585234417
0.765429940078069
0.782339789293064
0.81745666277506
0.83987258203292
0.850387390548315
0.849930825308043
0.859238460640406
0.866779181088238
0.876678942818579
0.878774926118245
0.890605767783208
0.887930478505512
0.889298629138144
0.881672948039624
0.864355497332032
0.856245363346916
0.854981998885718
0.844432785868253
0.839380291196384
0.849415148239338
0.815988262908862
0.822547263398087
0.793013577031868
0.809994157160429
0.796806533696273
0.813455736577373
0.825525909711973
0.829208203444511
0.833561699749966
0.824378458968721
0.813591045369408
0.831584224168644
0.842213148600916
0.844346626157643
0.847054517396728
0.84362483415443
0.844856369598448
0.832186460514924
0.807213040189284
0.78366165139558
0.768394877256585
0.136610032588
0.491276911333248
0.667075153612892
0.629445728706194
0.756709030555518
0.757181430289134
0.779283910708766
0.801467638543907
0.822338739072614
0.819204687973247
0.824214816771261
0.792694890515592
0.791855372714696
0.758150356073695
0.708391115179053
0.669083744856002
0.667161349811745
0.724955813554205
0.708845221816806
0.731893614090755
0.738816545720172
0.747957511132552
0.737442352959981
0.701611609147517
0.716655235324141
0.727365859579876
0.751278037528819
0.761525721813131
0.77243354478146
0.780406805346716
0.784039348038444
0.789842040920441
0.788075498620471
0.788113694710371
0.797337463653897
0.800656708385819
0.809283327771599
0.817896466774023
0.818155768184656
0.817593643487499
0.815734775278891
0.81456916679365
0.816577744815125
0.822474642717119
0.828935867259609
0.836316445121355
0.83851203204416
0.839983100140008
0.841084893179458
0.843617794048866
0.844387513642951
0.847117279937852
0.849219026482621
0.850392251421039
0.850345995832526
0.848963124636451
0.845527405972644
0.847399362710822
0.845454030740724
0.843315359423801
0.834550617108349
0.828451299007366
0.825896311391744
0.825713330966363
0.822297187452305
0.822949930707058
0.818746195017244
0.832756971949066
0.834766406936247
0.836204497642642
0.835255847743099
0.833788750910402
0.833289371610994
0.833118089219978
0.832428575451132
0.834683143675809
0.831982168484394
0.829603782467495
0.827111414245411
0.823276842164577
0.822904259015165
0.821205339926272
0.821606346785488
0.824032879463781
0.829700126597122
0.841970071853625
0.845326024818499
0.849865155316182
0.85568834043055
0.861944107271755
0.855793052618314
0.84090763844848
0.82779401050868
0.819372075460058
0.763160417625856
0.758068108707037
0.778752398245305
0.750835166187076
0.566747676533759
0.444100955173868
0.684483512505328
0.76631729507095
0.756197714436647
0.773643483409493
0.779422535198917
0.782102457285364
0.77680862596062
0.76679707510064
0.749152889349055
0.593890337920894
0.808390879827851
0.797069270147111
0.812314479498697
0.820744966293763
0.821784259134422
0.823653140369494
0.824718881984885
0.826558111734263
0.828278135088481
0.829113591853176
0.830099996538831
0.830450028787968
0.830763792641538
0.830104635472366
0.830929732903118
0.830281200269405
0.829244174240233
0.827944132981258
0.828321625665829
0.828848937005549
0.828371458616438
0.827717460866059
0.826895313252084
0.826087834977685
0.827372580068979
0.82610656286071
0.823727217838514
0.81925633175924
0.817610870963155
0.812580733236057
0.790930739098569
0.783667993976323
0.784398746572513
0.787669475729907
0.796066255530723
0.799672575699421
0.81147440491861
0.815883102099235
0.806394873588864
0.787924669173084
0.790635031469011
0.787828010833142
0.817136931328248
0.847085087923341
0.860715410308954
0.860577201051772
0.862291022429412
0.863301766870321
0.868138697325005
0.871370121464938
0.88354635511406
0.887886141587765
0.890410947936857
0.890919015997169
0.880939615844958
0.856889424312439
0.851425794323849
0.844046347679133
0.833184037724494
0.836128130197228
0.841687464974591
0.816871309776412
0.827264967477513
0.758709455923178
0.796427657598486
0.774423327662243
0.796113620038185
0.810990648559194
0.831258101157377
0.82363821978527
0.817725863675513
0.799711960208837
0.813870591872687
0.831443894343737
0.837635341907872
0.843650837624349
0.849569543653328
0.822340831809516
0.794342187112743
0.796892489870393
0.782488118784382
0.768477394964185
0.765782240369123
0.253961291557092
0.734279012480604
0.762898439655616
0.772779272918517
0.772696577921965
0.756549872186158
0.800370501751718
0.812928090538196
0.813439654110594
0.823937326552148
0.778835073847559
0.774739445863758
0.726527910343776
0.681385289259423
0.633779971043081
0.65480275572664
0.665577825631435
0.441913981644859
0.717634043394662
0.746956495560123
0.721743957529035
0.727344103915191
0.726109141406954
0.731166443791266
0.719427781651576
0.71470587350216
0.711649105130642
0.751811606223005
0.767029739959709
0.777937227640846
0.784301632079914
0.781989504295595
0.783583861041505
0.788592157812756
0.797783824915381
0.809741364191621
0.815421149613621
0.814335472604426
0.811172434566093
0.81116041899082
0.810844515821764
0.811863824023777
0.81935926641114
0.828596012204167
0.832714072562395
0.835206922866613
0.835190865266113
0.837517718864487
0.841319369025532
0.844664978010094
0.847358181589935
0.84739372216615
0.844454747310837
0.848468064823712
0.846399388820068
0.845141027479109
0.845777069623801
0.843647694355248
0.838312450730426
0.833211006412557
0.830173569524938
0.827998175412184
0.825445626317862
0.825760312716408
0.828114575128729
0.836427344744265
0.833427151180154
0.83667251681884
0.837135403544805
0.837600834998749
0.836688835940752
0.837192868525663
0.836164298494374
0.836433126434908
0.835135901325968
0.83410479927391
0.833189723730748
0.831142316837077
0.826505459469617
0.823798117853888
0.823175927550574
0.823061314280205
0.82315299746035
0.827009177420957
0.835931240630179
0.839031992478415
0.843114744245182
0.848375030939748
0.848461181490996
0.838599027469201
0.825162221127631
0.816454333115444
0.784686759019016
0.772196598228053
0.767476178180507
0.772180835920095
0.67958093669224
0.520632554140642
0.734050998378775
0.793587477897671
0.782119591727651
0.775227278256721
0.776502139316306
0.777464539259014
0.776080331037152
0.779241165386861
0.769113743399582
0.787051988785293
0.808611003422018
0.818840476862688
0.815686892689377
0.817219687668563
0.816588460771521
0.819370343043775
0.818695882339145
0.820013383770788
0.820678413069599
0.822229200011335
0.824292922563137
0.825834581152875
0.827147578380755
0.827990842900337
0.827908547843277
0.829109261841084
0.829312305354606
0.829857177630275
0.828109506157959
0.827962938050063
0.829780887100395
0.828004686845777
0.827335807267796
0.825824582083551
0.826349820690953
0.825318502380268
0.825290395773333
0.824469991957935
0.823956310106578
0.821399149453451
0.817500205817352
0.802908658052402
0.790067641358454
0.788401650408421
0.785186814492187
0.788993168245209
0.786143643404199
0.796504112530284
0.809782681332223
0.80845658269206
0.802063882324045
0.807686443823535
0.803861030693699
0.824843895427828
0.84601344275979
0.857130407919299
0.856861093939174
0.854615840721197
0.857348727947059
0.859622996410796
0.867658021590164
0.883677252041624
0.888871414011585
0.893226071872598
0.887298747229946
0.874354754769147
0.854194363029097
0.845556608834552
0.823687349302084
0.82024250031601
0.833554299740586
0.782133883435803
0.820321811526938
0.832322218862217
0.727963682916736
0.805538784188363
0.769146717036053
0.790351440841547
0.796845323922423
0.823756064525839
0.820986886498398
0.811133018365972
0.77979620140827
0.76468451320206
0.811241306733572
0.825651655525352
0.833976706025951
0.840909232152238
0.824107178485814
0.804043561526919
0.789883657157927
0.780853992696169
0.77359060003764
0.771434679098838
0.732485380226999
0.782179905872691
0.811379195378216
0.802488638039909
0.81080041573107
0.79314439305683
0.810470064247643
0.831077446579169
0.831247574230796
0.804951501195881
0.759948468312498
0.733363253676012
0.709935831122763
0.674672909967564
0.630028414995906
0.681777140259316
0.462172364389546
0.114332627518466
0.683474855500064
0.468644035453145
0.73135730492193
0.733184769049581
0.750455735086978
0.744264240124722
0.722779318566542
0.711646880540962
0.678534306405477
0.747539233365918
0.764838385768269
0.766397688927752
0.762963040470036
0.761497260228575
0.768679716738257
0.787172828391648
0.796966816267147
0.803605859135716
0.807672974165455
0.807553261240224
0.807338899545502
0.806236351417213
0.806325784306296
0.807674109702685
0.814878846439594
0.821620521038565
0.825263857651129
0.827828771313705
0.829496940998732
0.829967588762109
0.829891709586648
0.834504826621418
0.840756019650195
0.840163662811683
0.837459509200206
0.841839186785943
0.841054357998404
0.841881401987352
0.842296782569255
0.837574876218609
0.833649035229973
0.831208711750103
0.831185891662813
0.832731717514363
0.831928700505793
0.831368065079012
0.829873889841856
0.827357322220186
0.826875654882621
0.830922611276588
0.833655236425779
0.833739230314572
0.833481031290519
0.835130702014975
0.836050057998788
0.835005178229401
0.833724678241801
0.833153232981449
0.831891337307569
0.833195843210202
0.826932280357497
0.825714809374303
0.824870306189773
0.824519476859323
0.822895714023001
0.82639509587573
0.830946644316618
0.828318974974669
0.831936387754532
0.832752497694013
0.82878568920711
0.819028207762086
0.807150458551808
0.796504532560745
0.793748795982592
0.79335722368064
0.765804108636193
0.740510822745093
0.679464944372224
0.679147358301877
0.796625678562481
0.777202376718438
0.772774697606256
0.766138215759339
0.763048276633265
0.767066682131724
0.771288164744652
0.780952581155418
0.803117549566775
0.808964413957345
0.818149027135828
0.814170116932903
0.813628727780991
0.813748785056448
0.811726232351415
0.813359430389049
0.816173760316512
0.818065527464395
0.81920360272353
0.820289047428052
0.822112713033062
0.823522596744603
0.824314471834935
0.824285007621463
0.823673948171767
0.8249315676363
0.825889227418534
0.826081306094215
0.826071595577312
0.826790728640077
0.827521096766738
0.827144157922906
0.827223362061388
0.826028942221338
0.825725016997487
0.82379583780176
0.825326177321608
0.825412652353782
0.823920721579971
0.824509255367277
0.821380199988325
0.811304047930225
0.790165884757082
0.787518215356843
0.782165084013413
0.793251431790957
0.78754315265318
0.797704087640011
0.801348092966256
0.81020493957431
0.806345856844725
0.808823016907563
0.814085769202465
0.833207144232231
0.850019077147425
0.853402716695531
0.853282327471919
0.853763051750208
0.857948796767588
0.861844214501224
0.864838193497917
0.890594361937671
0.89010543579431
0.891212600593093
0.885615892230049
0.869288823389658
0.85785259587514
0.831635641278308
0.800362023317045
0.811013117205732
0.828179500241785
0.805733377300853
0.812699976327525
0.806155335014094
0.57450301895707
0.733623901330755
0.756506099971229
0.769711402763137
0.765338739506919
0.792255617606547
0.830894835731629
0.811863016769603
0.764836695365234
0.772405565352742
0.801340210421162
0.827671052432985
0.787790562572963
0.791136786347625
0.816863220852375
0.796229417714385
0.7800066214261
0.772033670444176
0.774906482021374
0.784934163839126
0.388689115092857
0.77199522262056
0.814460121053162
0.821123963615884
0.828484725550815
0.810796235514368
0.810820846339344
0.831518089309396
0.837783366105004
0.784726169273196
0.752265359439553
0.735570461882348
0.716916669290614
0.661353073391294
0.665775229217766
0.146293795681202
0.622741575083191
0.436079680908635
0.759304615012548
0.753008621046894
0.749453034500152
0.722370894503755
0.696263870173294
0.720090602438126
0.70900411754702
0.697353373160905
0.661587479064088
0.741218224516527
0.780638985229966
0.791293617726726
0.795106186998017
0.785044054641409
0.785852880479775
0.795923092840788
0.794221756224767
0.789803056797603
0.796005432604363
0.796231868432943
0.801037315850191
0.803341351654331
0.802669047521532
0.802243632902349
0.810137881656118
0.813693086830509
0.815930515823793
0.822209883326564
0.822857254519403
0.827103491239741
0.827688703321098
0.829074905200574
0.834584229421558
0.836786972143915
0.834000348718379
0.839374414633793
0.838794045891671
0.837009423761598
0.835055535253321
0.8329099696738
0.832850754555479
0.831395944854661
0.832366769057431
0.831639132067859
0.830359630596976
0.8260524857498
0.823230226692739
0.823048305205641
0.82385821310367
0.825214708362606
0.826083508795072
0.827506813784868
0.829986275752075
0.830278821542606
0.831862738634613
0.832933778282271
0.831015228932871
0.830927286372203
0.829202460209641
0.829584570868011
0.829482379262013
0.828452046352478
0.825257462769618
0.821873513292032
0.822575074782211
0.8231633081563
0.824612929428986
0.820211483673356
0.815340947782362
0.810933212115089
0.80422849145697
0.796115690779321
0.783900774383649
0.766064307412543
0.781787892754409
0.764343711701203
0.768473284469502
0.741673499348691
0.726200151579816
0.75992838867579
0.78586573102113
0.765987490083698
0.765123933384483
0.755166559098639
0.751860803706511
0.756423387373891
0.76692809211287
0.777180997574184
0.800002432090339
0.807849257045388
0.809177457767842
0.807720059495446
0.809232433251191
0.807152864799069
0.804495349969516
0.808764088329899
0.812484288354625
0.814780076645798
0.815900371969657
0.818164367376285
0.817767499756939
0.818239240340983
0.817291775573977
0.817039917403095
0.817783416010174
0.81870613431229
0.820297244934294
0.822923239110534
0.824211542496248
0.823497061883106
0.823739284628099
0.823342894676347
0.823930639768835
0.824674848055863
0.824110754864037
0.823508226329022
0.823294028280971
0.824267492615968
0.824822475050484
0.824993691580072
0.823386384081096
0.818442098481857
0.799587114863272
0.793448761989082
0.798218980571288
0.793965754549954
0.778902651112016
0.78473012956371
0.791602682530889
0.80043432443833
0.798418670818833
0.802246326010353
0.81305618870674
0.833050552609433
0.844799068563753
0.850204692639802
0.857806571076445
0.860241822579986
0.859850302258442
0.862917497923572
0.862659441235045
0.893273963325606
0.893130523610361
0.889464154848273
0.882189933006078
0.863972123381844
0.850824244222753
0.798396540697875
0.788455488610856
0.806910167672813
0.824036021418008
0.801082024873488
0.808580871156899
0.8129431113087
0.829977735234693
0.847437105817466
0.758416559441386
0.664888081515934
0.701197865186178
0.752894520108261
0.825199965054181
0.809909377317768
0.781236017528378
0.76747332869317
0.761796001950533
0.791849601383113
0.746357580423173
0.760083839302214
0.789610276449863
0.788351075709714
0.780330401347649
0.776657381727494
0.783276116471735
0.798240733397682
0.645721950182668
0.796356173155052
0.834657598314007
0.835148626163674
0.846332390639665
0.819957857092705
0.816098985152606
0.829931478452972
0.83437110962031
0.785897566577376
0.746338455361907
0.621885030839569
0.712643738530238
0.671352794275456
0.668830096154891
0.562889724009475
0.706784395076143
0.675251429562641
0.74379016664508
0.753992631735062
0.612060295567866
0.651927688543579
0.620087646386279
0.686623929602028
0.676600237755185
0.65857991977411
0.660905311220099
0.757923387373696
0.821549261066603
0.815085667409931
0.805005896277205
0.795958274236392
0.791739343535252
0.794472020699309
0.784132703721519
0.783135973530954
0.784354469969259
0.778412465183404
0.787672634820491
0.799317512029286
0.802152407861703
0.802345702610831
0.805980371071392
0.809183926921725
0.812235736748673
0.818712844634595
0.820524490471036
0.826980537880911
0.831306171010764
0.831454356021169
0.835495859398439
0.836860288550608
0.836148297972248
0.836291774936296
0.833154683875413
0.833140103344639
0.833505138609983
0.833721632297087
0.833739490831329
0.830333850850614
0.829024923591648
0.827321896473203
0.825285619677299
0.823563068527306
0.822401311365484
0.820663582230108
0.820113837845562
0.823063395376762
0.824578156741419
0.824209083229995
0.825720837604643
0.827124695711354
0.827841090867754
0.828930089758948
0.827865619376243
0.827475216484364
0.826828016253745
0.825369220192971
0.826613941273732
0.823159824641409
0.822438868691937
0.82235781848443
0.820541589306824
0.817177086789531
0.821331520552435
0.819745942540925
0.81346440350772
0.800157478364226
0.796779665475511
0.783860260250479
0.774904012402086
0.770697225649612
0.783890528303037
0.769932775770858
0.744062055762871
0.737960159810205
0.744124402124635
0.805878299608419
0.77354632164502
0.751910999963356
0.743046499926076
0.734853510555904
0.73910728956963
0.742346190169134
0.751213920405204
0.758384423714111
0.775776869843337
0.782852110115307
0.79547333995974
0.796345105269586
0.79976136270161
0.797872663727582
0.79704006253549
0.803317220512277
0.806384070802478
0.808298896613146
0.810718164761798
0.812393608153336
0.811399930588915
0.809265383778008
0.809601527462226
0.80980416361946
0.810817028577385
0.811803579356994
0.812135149480607
0.814294668574705
0.816096685354597
0.816764243150419
0.817351650177324
0.816606640331479
0.817721306398353
0.818876939967276
0.819627380763595
0.820199244382839
0.821509258967294
0.82276409740291
0.823362901532249
0.82414723345476
0.824377649361289
0.82141010676962
0.8105056705848
0.793451095940825
0.795073659554957
0.796778447019168
0.786816487857019
0.78419244833625
0.785283204721801
0.788626262640928
0.789842236140243
0.807760503056448
0.824523267297162
0.839098182012471
0.843642224162321
0.853280943507305
0.861313171375193
0.869973884779166
0.874438872603613
0.879873093535318
0.878378052336832
0.893233974189781
0.893462937344655
0.890980975463399
0.878247611147143
0.858058232364799
0.85118201093101
0.781864257452189
0.788898675159047
0.807668270554193
0.812587460632453
0.796045759918843
0.794319637263247
0.786098611579447
0.803712023220897
0.841513340331463
0.676502505035226
0.546211918199342
0.641426707891277
0.777153495283904
0.819507003400417
0.811150585929209
0.797779514163988
0.775022583625228
0.75286932721646
0.761778095996695
0.746533056714687
0.750557673086157
0.784792857295775
0.78865704008836
0.783372522756877
0.79155843610635
0.775032178890095
0.792404799035025
0.743154688964659
0.802542718252611
0.826880159471958
0.803137169196204
0.79556977482894
0.77883231275622
0.782093139529894
0.794978865910069
0.80911950596191
0.762278613029645
0.735997486132102
0.734088145697954
0.735688141023187
0.704022717492371
0.697229938792251
0.704841405544331
0.741398392165817
0.733047125846437
0.743769307017829
0.728884067016564
0.707408229311671
0.620622124036808
0.618751426308609
0.659851026618816
0.686535968885605
0.695251987685734
0.684281955259003
0.723172646257498
0.788988147365583
0.773305319381324
0.792062892067159
0.777596227842
0.766557288874483
0.782828460673139
0.771635748554955
0.771681370781012
0.7632928727251
0.751049838324543
0.762076863279557
0.781958987226666
0.796927502610722
0.803405277235233
0.80831128040518
0.811501706079195
0.814860118942453
0.819107445543765
0.819968689319965
0.825363310896468
0.831763710558896
0.836543004828787
0.838449471962893
0.840124746876602
0.83619764670185
0.836954221626333
0.832881802062156
0.831998603968945
0.829703368469613
0.82992332200729
0.829762401520608
0.827448624309005
0.824692958522951
0.823360868519922
0.822970865997459
0.820504919815841
0.818540076846354
0.818106450817901
0.816896132412291
0.816238563874335
0.818511589863934
0.820406683825573
0.822396389356917
0.822319270163726
0.824323205283928
0.826491838220313
0.826306550044961
0.824593625446717
0.82640307992333
0.825616751474632
0.827982933822678
0.828186003830773
0.826699235503399
0.822312024148602
0.820684140122817
0.81683885281927
0.817182941067425
0.817618962184179
0.81113293153063
0.797200641680928
0.793546010285612
0.770057707038472
0.766434386344067
0.784769284401832
0.753396876438159
0.761975704331114
0.728680010068737
0.71725022927039
0.729355904638398
0.80102945987932
0.763798778262782
0.740430000766218
0.726209766751997
0.712870491440972
0.713910078215915
0.721652359264004
0.726822045583246
0.716619860694966
0.751902363607723
0.774755760723488
0.783603047494407
0.78458751200023
0.788610802636002
0.786286641651798
0.788427541705565
0.792940886293606
0.795090305482455
0.796941348137439
0.799173462551844
0.802206422894939
0.802637127932259
0.80090955549671
0.799872780375528
0.800337705565924
0.801529653784376
0.803154934408368
0.802977445882554
0.804449360874244
0.805221119914154
0.806537158791465
0.807848078864821
0.810248481685235
0.810980124156545
0.812155843687066
0.814205728798567
0.816218448317914
0.817666785223736
0.819151920865154
0.821005361214864
0.821847365504939
0.822604806979129
0.822412645138456
0.816959452472589
0.812939802488137
0.80333113103224
0.806679519178339
0.797577865728927
0.792418035419339
0.786600888562386
0.7910760539124
0.793349286433369
0.806427515815272
0.827091946770026
0.84083415440982
0.843501115254869
0.848961912718255
0.859414340034221
0.871010453003749
0.886618877685267
0.899284449765616
0.894768820773892
0.893301623116825
0.900545353506068
0.896034490355932
0.876130089082456
0.858635625855843
0.836977709461517
0.779884744199757
0.788243891927712
0.795880041543449
0.801077148519356
0.799626430094692
0.795469825670871
0.797556132170097
0.825723711075268
0.845677060375654
0.510530932318392
0.274753652555559
0.728447532890627
0.799265124663195
0.801183692381909
0.676197412834346
0.788165004900674
0.776700318967855
0.765101641799664
0.749845194216431
0.749246540466619
0.756443293617349
0.77785320883469
0.792145217591712
0.795573248236316
0.807848106789641
0.363040235225465
0.655464905858192
0.70191108356643
0.739492494058078
0.791236266609715
0.787395632896036
0.773848207601685
0.779032382769923
0.795526787132126
0.789588732398448
0.80262457851487
0.800162458868247
0.763165206322831
0.756100826130748
0.755898685290546
0.711590841661286
0.700874960553053
0.739110862467324
0.747615867619589
0.727901507978277
0.744652134842408
0.58627424575665
0.692839568990331
0.606524884157888
0.652936894275822
0.644457503712575
0.700064594712895
0.743283700571658
0.72150450190858
0.736241989276931
0.814012007044537
0.77011040673535
0.810906543403038
0.777135331045065
0.757039590918235
0.770994142598486
0.763893028064438
0.774249929849169
0.758131940501593
0.749849138877446
0.765210817573487
0.773284931712453
0.781534209041184
0.791602260487265
0.802858519328072
0.81001674422917
0.817753706436264
0.81915269375453
0.821241573228639
0.823236847058537
0.827621805882757
0.832808473855489
0.837529444437456
0.840656391082812
0.833014876510238
0.833191139933315
0.828086384732066
0.825290233185734
0.825161035479821
0.825430094988008
0.82432985040843
0.822217752591421
0.821889802633279
0.821143212917954
0.819266715128593
0.818176687314487
0.817348560567332
0.816492977808399
0.815510509651942
0.814243220146475
0.814098493846448
0.81550559511056
0.817866484755046
0.81959565242223
0.822660735085633
0.822811076307026
0.824925957168463
0.825433619811561
0.824509070582311
0.825789428601668
0.824423031893531
0.824756941650832
0.825902409011295
0.824606846570876
0.823370164692686
0.815264264541334
0.816179391999512
0.818784893089727
0.809468605221355
0.792968343474563
0.777545652125452
0.755534922831883
0.766074906813339
0.77823208047594
0.752796657635142
0.766089739394173
0.739407480468414
0.381890778617691
0.74235869087645
0.771438702392475
0.761704303402643
0.731695736534107
0.721445042818331
0.698467145421493
0.69435265100653
0.708939223570755
0.697611010410939
0.717539206894296
0.735288149863507
0.760041839660088
0.771477830455995
0.773974680612806
0.77973635385639
0.777927288064858
0.779088703006938
0.783836794596762
0.784284676450107
0.78445535946085
0.784595466711117
0.790722788037479
0.792162952044426
0.792480934869831
0.792036348816791
0.791209259404263
0.79092647262862
0.791989211178238
0.792118069643315
0.792703367200355
0.79327692130028
0.795264064286385
0.796294817093254
0.798084246575281
0.801967971013481
0.805870193193346
0.807494897639122
0.809959588352555
0.812170922968968
0.814699413329426
0.816617850508607
0.817681290072679
0.819671741571184
0.81888535189342
0.81851509652161
0.817145459281806
0.811866184642349
0.798183798770049
0.784902340371432
0.784943608082247
0.781085580825595
0.783214266405626
0.790358988985691
0.806816174247296
0.827810227899699
0.837664915035136
0.839840037159771
0.849140368939807
0.856307839295762
0.861728845338751
0.88257856443641
0.901124025325051
0.891553622791024
0.897519546038089
0.904229940850671
0.898265178511705
0.87112771046253
0.856441959499299
0.824788362886409
0.781261591157628
0.781119097447278
0.789839214034476
0.799750009668094
0.799058278575699
0.798958238898977
0.811082898185301
0.825566491119081
0.810241411893899
0.0904083061709824
0.271411533104258
0.754786186119202
0.786975168156559
0.772092093347454
0.7581776571523
0.774612772024319
0.765772090010755
0.752401409003151
0.746625160510876
0.741180764461824
0.767681398220369
0.777794940220279
0.787473015488716
0.803112614801002
0.822528680848255
0.668083115480304
0.691515754895677
0.70834450115512
0.65616998009914
0.759011953618402
0.794308533804131
0.758922108400161
0.745243811189841
0.800680675524896
0.814338601137702
0.826355934716093
0.821721755990851
0.789500536301281
0.768204394117641
0.676657399490235
0.418969252734056
0.70536851540673
0.76445467930039
0.768562176229524
0.752299948513964
0.739246610455444
0.739558718541751
0.71668463201822
0.672646681592093
0.665852609468467
0.686054246526159
0.714612518300302
0.729520825391925
0.704765683503956
0.747815288465006
0.831273928037639
0.781527058857691
0.800212853916777
0.776060762932041
0.775550782640431
0.787724909895317
0.776797301185654
0.771349779306131
0.763658591916652
0.755044678387832
0.76405469243045
0.776166637868296
0.775909651494672
0.78049686039915
0.79927788272304
0.808665137208876
0.816833006088916
0.821079322909751
0.822665035116357
0.824050047240963
0.824164117389602
0.826290865403161
0.831911274055725
0.834239142467986
0.82931599848145
0.8199368212286
0.8183328738779
0.819228809451873
0.818285835361041
0.817288803607702
0.816972375659491
0.81496197802215
0.816468285090706
0.815802946703884
0.814928083193577
0.814087923292894
0.813053105281526
0.811631479761159
0.811784955211539
0.810870558196263
0.80813878801139
0.811039248033336
0.812107927784269
0.815201371642536
0.817513231564894
0.817208204741886
0.821704688527534
0.8229442468389
0.823550934863854
0.822742666262289
0.824894706756828
0.82393435008014
0.823203967550689
0.821709985587618
0.821249033128423
0.816169952178135
0.814519637936658
0.819503032213323
0.8039347256181
0.780053746708513
0.766965165745949
0.744512610177471
0.751407547851584
0.772450699032455
0.758794417779793
0.765845439624699
0.743204539527024
0.721946605004825
0.702701483374691
0.703927392959656
0.718314754878713
0.720267754233082
0.707536128623438
0.693110687409081
0.701040309295457
0.718959549495606
0.705178900738533
0.703812153039914
0.723988651736503
0.7513346006113
0.764087063312941
0.771141736196875
0.770895395536098
0.772891680141858
0.773408942446178
0.777127373764316
0.775072967958406
0.771593992764533
0.767697606925985
0.776575639598504
0.781210208087405
0.781532551345468
0.781312072757431
0.781795216698459
0.778315144448884
0.777249619173549
0.777455271951553
0.7789960218836
0.782265386218379
0.782065279007433
0.784155285763107
0.787052798756378
0.789765228403971
0.794033043618184
0.798905344503913
0.801135369092496
0.80559956703862
0.808299280659225
0.811104749631472
0.813428409582186
0.815200481490703
0.817543856739337
0.818601744075008
0.818457218754634
0.815242056412379
0.803979199309666
0.780878397976449
0.784791084148998
0.777598390224049
0.784278245351996
0.799752154330956
0.80783416332103
0.818789571092974
0.823723134861834
0.822844541079729
0.827948152760136
0.83311219632819
0.850382051384758
0.883999000697672
0.901596051874358
0.885856991224423
0.897346701454888
0.901813655835013
0.891363280898751
0.870215132922508
0.849111516610422
0.812378678814587
0.779101788328413
0.785737572674292
0.796549389896044
0.799697238229917
0.789932221119846
0.798079618973838
0.806647673450425
0.807750917389893
0.769935451960344
0.648386439029272
0.370500552198581
0.76904165690921
0.780765546534861
0.765503092266751
0.764933639370402
0.766238217193248
0.76676105462921
0.758066392065639
0.75832454411109
0.749113592177835
0.771544966799437
0.759257136667111
0.778296234196617
0.804244023060214
0.823476278081331
0.818451007612053
0.802473053511848
0.798830617339515
0.777343436315958
0.756793465903807
0.751875422930839
0.755177129433586
0.760274533496927
0.815579642533773
0.81837348871993
0.820495410370641
0.789441434260838
0.822056506162619
0.817177695648186
0.790615597318674
0.743372404044252
0.733698524464531
0.770278038573367
0.768025535415547
0.757095300802969
0.735518323973996
0.738132821116386
0.724567122106485
0.548895959722058
0.683944054897887
0.651664811174158
0.628100846030391
0.641299824724941
0.607780634873133
0.743813145706042
0.831834634501621
0.806475813211281
0.82533701878813
0.794531443808636
0.807005888893581
0.812614976464151
0.820070293082462
0.804208651041074
0.784043983127655
0.769951171936098
0.771252662768832
0.780471471931524
0.784742885471883
0.786433469806104
0.798036860256991
0.81042132352141
0.812544601342731
0.818884559076793
0.823129359651302
0.825512783323266
0.825350071148689
0.824884404837429
0.830287837427323
0.828158365358741
0.822749589875686
0.809586514739462
0.810510744143637
0.814539482815402
0.813440793421814
0.809582424441211
0.809849998593158
0.811352207729684
0.810962332378476
0.811912417906596
0.811607289593036
0.813584707883705
0.811661821734277
0.810443156382768
0.807806764005503
0.806317657264553
0.80362853759597
0.803477850611047
0.807391528427429
0.812907993452568
0.811933840128059
0.811661747188976
0.815844339634383
0.819285905459622
0.820390055440513
0.821291700320415
0.823490165736946
0.824058459242579
0.823877694981445
0.821580122404837
0.822878138811877
0.820069598751258
0.815632239941471
0.80947131689258
0.796596202360444
0.774722725483855
0.757021432741891
0.746151706568358
0.743473190944275
0.765408531653998
0.764328363620635
0.77032971070384
0.756576074294496
0.738976751961591
0.704845845951875
0.696977519521432
0.699608702105806
0.700539752241693
0.709780098972154
0.713757379697405
0.719074877925066
0.733227369778401
0.735965217016016
0.717641946486139
0.730532114842406
0.740348165924084
0.755479329105472
0.766158150142069
0.774253191161837
0.774475983698835
0.770865561013425
0.775110634789364
0.775073771001161
0.766856566107786
0.762181773919193
0.766736363623754
0.77454231253857
0.77507437507965
0.773854780652861
0.773930483854832
0.772672814080493
0.769901877696869
0.768622110803956
0.770517102258984
0.773145684348013
0.772661369287046
0.77537669655597
0.77875362996891
0.78062406177567
0.783257673488866
0.787308751210992
0.792398728454392
0.797774806491953
0.801040781351698
0.804994851743326
0.808523000011814
0.811239823454481
0.812128320120086
0.814846857415426
0.814697016489965
0.807207650693951
0.786397736569983
0.773968675011204
0.776959458112456
0.766834805955061
0.779102326725977
0.803642233307986
0.803726916152382
0.810324112372299
0.808939670114086
0.806772457998104
0.80789391423602
0.813157445755934
0.830607494736612
0.878954985712969
0.908574358794272
0.902807081138881
0.903082909157251
0.900712432352987
0.885169664802416
0.867336247924837
0.850631981799876
0.83033474466639
0.812229003652468
0.815494367831657
0.376206753938258
0.795917508438223
0.788369907611477
0.792853433318542
0.80932014382401
0.793620884841137
0.79473714454856
0.742816537761971
0.727247339551529
0.788136981972483
0.765474502845126
0.763506745055816
0.765430713327912
0.76019554902955
0.761605269098102
0.755101105994671
0.757084580326087
0.748501228399646
0.791234084800772
0.81371150594323
0.801733196659648
0.806403305748504
0.819442354511785
0.757466699528328
0.783244336055847
0.761206858252728
0.749185359553768
0.728486235035273
0.720946839624214
0.729966925846669
0.750288503159162
0.786588230580412
0.801381284253553
0.800716458712161
0.789909269185481
0.817910410844424
0.812995578363911
0.8230879381431
0.796453206320854
0.751016493694673
0.774506779735738
0.768199831666753
0.772576897555224
0.764171620837843
0.758272393447062
0.387638170388743
0.296739060095969
0.685008501702632
0.719639175021081
0.694475270942498
0.714741948421191
0.626331167576949
0.798784541153786
0.852092469579138
0.833967426394279
0.844159630252514
0.823324540245198
0.819343672474929
0.816834332288195
0.822817715556215
0.831204707531355
0.807051250327172
0.797543725278671
0.796754098067882
0.798013072689441
0.794548559712151
0.792851211612109
0.796475349566899
0.79927471233491
0.805728024256159
0.813423652150376
0.817391443650425
0.822401170739007
0.823549688202079
0.827396162415896
0.832443255417614
0.82644163385173
0.821241499406324
0.810878998540034
0.810850571013244
0.810587796508197
0.807794147056676
0.805041245939357
0.803330105254509
0.804466235296783
0.806976909891281
0.807633971716274
0.808515857166605
0.809015839377374
0.809949674703093
0.812307865526976
0.812646908257178
0.809737780260625
0.804519184669519
0.80299439843898
0.80423250285624
0.805883978266289
0.809975371717917
0.811961278036579
0.811040713164391
0.81196489347
0.815962523593985
0.819944061940242
0.822769022932906
0.825834881717439
0.823944897663273
0.824296233606817
0.823843834171581
0.81885587004806
0.813599240245941
0.801263491323348
0.776317350987614
0.758300111286401
0.749866037928694
0.741058240789533
0.740024294631846
0.752484257018945
0.747678282280714
0.776779333806337
0.761616427184453
0.748006983197483
0.728095183351903
0.707081858231025
0.702134208364755
0.713676974094885
0.724719375129522
0.742449397025754
0.748447298882461
0.758935526344386
0.764719643881639
0.741821006261517
0.745526385953548
0.755292999064978
0.761364631482761
0.76070856249225
0.771347806881761
0.775465372208192
0.776694684476202
0.77759058921176
0.770645054722424
0.76908478720046
0.759765506536707
0.7637329331755
0.77112775098765
0.770571165427936
0.766256782385733
0.765397451399023
0.765625701325466
0.765300395015098
0.761758009647062
0.760049431711027
0.761314092266781
0.764585982499929
0.767616540088547
0.77226286943951
0.773825174835124
0.775123621406485
0.780208435790466
0.784499897380894
0.791364499969269
0.795802693757358
0.799119726281144
0.803134045944872
0.805227615058349
0.807820197056022
0.811139009692579
0.812740217744744
0.811037181248259
0.787398470343623
0.777130992181761
0.771199326685902
0.762585744977389
0.771277545115237
0.794678942728329
0.801587313323489
0.80448927826653
0.79229043035642
0.788494575452569
0.79301706217178
0.796937114093923
0.822660444341411
0.884423949396751
0.924548639918979
0.900208743358805
0.915613367046804
0.911790305323896
0.902658586685076
0.877104352026528
0.853019873266707
0.850944612913895
0.86225647731751
0.862204150180407
0.827097466443735
0.787590697031795
0.782879438493001
0.781975376450104
0.798937317783739
0.747409502604118
0.784173671853689
0.768456311928707
0.780802200107388
0.734114467981971
0.773460158155181
0.768718946485017
0.756656070354724
0.757377434850901
0.761926516625117
0.751614489572811
0.744966964072158
0.750778037354345
0.804199993814096
0.814915566937841
0.805605059615689
0.809439926784059
0.794081446278647
0.778438664307802
0.725387047903836
0.741594728614044
0.741963727083358
0.724117063651355
0.719335058792599
0.737277791493879
0.755447411554102
0.7761511824022
0.799970647935692
0.822161297071043
0.833722454359493
0.832867518916917
0.847942097035603
0.85373277732301
0.810845106503193
0.778025417952215
0.759015184828289
0.71163058385495
0.673436322456537
0.686162336917697
0.722537389076437
0.687490056681195
0.609512666779218
0.671825479177069
0.724857682179293
0.747327834513913
0.768242608049944
0.687482296388757
0.758546292948137
0.847796829356087
0.828586713838705
0.846960860234124
0.843612617388939
0.812137694292649
0.809860185011329
0.808671958454207
0.822197743072692
0.820235555113308
0.801070075965456
0.793075554877537
0.796335989295931
0.796281926519177
0.791672346861162
0.791934245078828
0.796166351502456
0.798413177915406
0.809932477968591
0.816826843926789
0.822002429591189
0.824175753246032
0.827602620869154
0.830426750846695
0.824074439984205
0.816970343514909
0.810788369084897
0.810258426782243
0.806376518083774
0.803227883791842
0.799728102482831
0.798994199284241
0.80134414532999
0.800980157493293
0.80266489721278
0.807253291625394
0.810276821880674
0.812548439315256
0.81261409052179
0.811360863885945
0.811872532995684
0.810763661422345
0.804813911277038
0.802161635790007
0.801627103176514
0.80408390164004
0.807674989444347
0.809007717574577
0.8089132082668
0.809890116763771
0.815067557093471
0.819865896692093
0.822874888796588
0.822867159430368
0.824825441183503
0.82426236972495
0.809658228778722
0.807632462271151
0.776678432234597
0.764622237850705
0.746034368415342
0.739480091855633
0.737643561389474
0.746602686778215
0.757945925925279
0.764126802135095
0.761073444326175
0.75710895908666
0.746563746418793
0.734109115140542
0.71327421352028
0.701206477597672
0.733052400902701
0.734988321842722
0.753446812170544
0.752967769615161
0.760813353418646
0.759355414416263
0.761814030993385
0.746663007769498
0.749306301895412
0.757866592235888
0.767850267808229
0.770744070079766
0.777402300989984
0.783015064377791
0.784092189400929
0.778028084546139
0.77375178462714
0.764615467328307
0.766537873563065
0.771452006392477
0.775961244660824
0.767263245006832
0.761595947988049
0.762165795236483
0.763701657176491
0.75512872912141
0.751913116089062
0.75099135306681
0.754165888164432
0.755289084520066
0.760293875915593
0.766194487890978
0.76890156845946
0.773501734873474
0.776168141549543
0.78568063822636
0.790899252149059
0.792692883103107
0.796233980856653
0.800365492925434
0.802179549051556
0.804998555054172
0.807784637060058
0.806375220328617
0.798004881934127
0.496929257132002
0.756448776605005
0.7515561439316
0.761221998417189
0.786525919377547
0.779536841468622
0.799506582612917
0.784551233456561
0.777239585775364
0.782886684729357
0.799267454297183
0.851708689752753
0.901725592088548
0.928319416554096
0.897490433453343
0.90719813429655
0.902290473238978
0.888742593132752
0.865213721171321
0.863641742459182
0.853020485836804
0.856278825004845
0.847741986671147
0.832440127915141
0.785814669926371
0.781191784811377
0.792735981083773
0.793132188080061
0.418350464974039
0.776286558600448
0.782445673860407
0.788615669862021
0.781828594320832
0.782323960824582
0.77381331287302
0.757790543404893
0.752269902924561
0.752203173763978
0.752363141868147
0.741292019910665
0.738785648717407
0.756917577231843
0.771978689878781
0.783589077350499
0.794505194164302
0.763783189108107
0.733962651855117
0.714467291221883
0.732194097020738
0.737870853366387
0.711135846433012
0.706922728245873
0.716310436597747
0.719103963399681
0.754283034293053
0.784403383136637
0.800043442147743
0.824327931594131
0.826060892445903
0.830325468303904
0.843264300492601
0.821072843610404
0.749059257246795
0.598207882649411
0.693274702304813
0.256847049489765
0.663279222301647
0.682135425297336
0.634988294865784
0.706937684779108
0.716260061276732
0.726765950201467
0.766527750877841
0.801310732254002
0.786414539281355
0.779114984546903
0.832871852192275
0.81406756284028
0.820197414256502
0.815547580579558
0.815972173460909
0.818544722859666
0.820012351973349
0.827016099197479
0.8341996346793
0.82941693870147
0.819675565389921
0.815919041427701
0.807970233688321
0.791319997478339
0.790816615290283
0.800853026290487
0.809236227915676
0.816883070123063
0.821051532345512
0.824338690608796
0.829807855833243
0.827171330484619
0.826586503504136
0.823063974139027
0.82167146632809
0.810068573072974
0.806878679197115
0.806927859371064
0.806312094211689
0.808959216782865
0.805928724158446
0.804572649116038
0.801515545833658
0.801262741195992
0.802819004446199
0.809488103760497
0.811168389573275
0.815967558858306
0.814941912041392
0.810866076423748
0.813874884812145
0.814455507923344
0.807694721963617
0.805039700128915
0.80311413387474
0.804790545593108
0.805537333782535
0.809033392406943
0.808832236614922
0.816101568311095
0.820446125926644
0.823443500357507
0.824585960221927
0.82500903316167
0.824340536969244
0.799867801692297
0.784767020012437
0.767842326725212
0.758154993378905
0.750106858765048
0.746571320225263
0.73840086180887
0.736474926914786
0.756134812329621
0.771868876966253
0.762958466345288
0.742051657953423
0.744868860416385
0.732441262157083
0.712359941173028
0.723113119072428
0.753181923749802
0.765743980042706
0.783252480362962
0.76441336120263
0.757549229537242
0.762380531933283
0.77556265330594
0.775785535338407
0.776662671593197
0.774433305828033
0.777150972551985
0.779899261109991
0.781926689361139
0.786961451986567
0.788872429394299
0.789287293109791
0.785284210961893
0.779847530168319
0.77785188590047
0.778588550881964
0.780792918356715
0.772936380348079
0.764221063886178
0.757261637164627
0.759209259680583
0.758078549918372
0.754477971814626
0.752386155030966
0.746505338127499
0.747149164721731
0.750612762635062
0.760421423226813
0.766138292891303
0.76802539775996
0.770481377846994
0.780784789222986
0.787586284698273
0.788457145648527
0.792275164494551
0.796879786941924
0.798121551794407
0.799970373360948
0.802893546521105
0.799997620721669
0.797998037015336
0.769406938890953
0.740380218801794
0.749483244503828
0.74394236418088
0.7509554757279
0.759744660854385
0.773197739061118
0.775938250583917
0.768564837207349
0.764736622054032
0.789354322183681
0.863369023014663
0.894788554414918
0.927824720668036
0.893685824193355
0.900398041763988
0.886885121206133
0.863608402068992
0.857114768884826
0.853841319429109
0.832832863539403
0.834829945599897
0.832198999920899
0.85245542545749
0.795389552465323
0.777650402155233
0.778340588906485
0.788263523133528
0.776861456150604
0.786913950016725
0.786278135249269
0.787236398569351
0.54402739857911
0.786272493930236
0.778295358390374
0.758384048156274
0.753287525411898
0.754489861548518
0.754562137519217
0.73861468106769
0.728619090547708
0.744644650560707
0.758944871981186
0.750372222135364
0.771072397991416
0.769488718107135
0.751782199765906
0.759571027847377
0.766680836405413
0.764644627783588
0.740704689210495
0.713686524093942
0.72398285000233
0.729623900757113
0.742417841996408
0.764284610058138
0.783881357338158
0.803664881055659
0.79804733003458
0.717480766626291
0.729708558228143
0.820980216147938
0.809263542669886
0.686726707706219
0.709925373483598
0.471569876401397
0.573461761677039
0.515564062181746
0.64505302141927
0.736538481574683
0.740825474684895
0.728242301589556
0.770133681789644
0.806726126100727
0.816841477417332
0.809543774266665
0.83058894526082
0.831831385405085
0.837709978719296
0.796457376200795
0.81207197522319
0.836658646644963
0.852183231108757
0.849041020558956
0.846497123536439
0.842157793915027
0.841055913508452
0.836558749113772
0.834898298909007
0.828274280209029
0.831775469106983
0.834546506528592
0.842761914077566
0.845675344678769
0.844932000287079
0.843767542006463
0.846948970509801
0.846455044617725
0.837928383375771
0.827927326080569
0.827755964100364
0.813979039861125
0.812216601419937
0.81450969901616
0.815134210770825
0.813615304144352
0.811517531227058
0.813267797178009
0.81373798421314
0.809237807069636
0.805870464536673
0.810178594342184
0.814425648230634
0.819469227457578
0.820453051217277
0.816446760991786
0.816204782646565
0.818194739297714
0.8162909667036
0.806535670052313
0.803657460563941
0.807043260913624
0.809507840346478
0.807990325571606
0.810473234813439
0.817594133329618
0.82254633898944
0.823647140750545
0.823574443485184
0.82650238571539
0.823968013086098
0.784285269376696
0.773821455457641
0.733188208887633
0.744964942173363
0.751474351931005
0.751361552084912
0.752383124923949
0.742727767550385
0.756131315882608
0.762730576295806
0.769270076576012
0.737847717594382
0.747229888860769
0.741669407127548
0.736332349968701
0.730923405545323
0.773600410622806
0.759422963935089
0.775380178293617
0.762755079110575
0.766753512258907
0.757619621576481
0.76166470364899
0.764628168281355
0.770331422324962
0.778074571640503
0.787882370896794
0.791913413672488
0.793177343211121
0.794297973130585
0.794583059761584
0.795022424816448
0.796477809667545
0.791943541747271
0.789848621786175
0.789791373256865
0.789387466993242
0.784321400961047
0.772037633329782
0.765093096786079
0.757933546540533
0.754699416714193
0.74999802369729
0.744128953935176
0.745517036479818
0.746608622863624
0.746966031203737
0.756399258734658
0.767962993757481
0.771883421545036
0.768664667727747
0.775235975558576
0.780278186910326
0.783024391057829
0.786862314932955
0.791798076794299
0.796068191549699
0.799210900481158
0.799798460979961
0.799930691156203
0.793857669206848
0.760472277622138
0.747466457704462
0.746101814467723
0.754146486061557
0.750914056456836
0.758258904889813
0.754880798604207
0.753955279327128
0.758418595739211
0.770985671151219
0.786538352954069
0.851085588953437
0.880592885607561
0.928736109163381
0.902211189432507
0.897406273685849
0.865116512011463
0.841875299067629
0.836431306202571
0.830065717768895
0.777394691120519
0.772660088293833
0.783195290377509
0.751118393414867
0.734431762372345
0.764969609700233
0.758485886477788
0.763964994873353
0.763110337183834
0.785756018482964
0.779119008697973
0.773489553265663
0.789036591315413
0.78419394025731
0.769846334477059
0.76655680199039
0.764613806377542
0.762812211607177
0.761166378564889
0.745695033308334
0.737235289363759
0.745191843552766
0.759491333813471
0.770856794982185
0.740154533182605
0.783451589797036
0.793805103206855
0.789087000517095
0.784111358469424
0.781457636273205
0.762244449133543
0.751188895085101
0.73140284969111
0.76101952118277
0.757351575117804
0.753438889215076
0.72831859842685
0.735466459817442
0.689850449770306
0.62845198842654
0.126704609216076
0.764577155357447
0.826706200411085
0.653881782774503
0.726640000242229
0.696286042318136
0.637636999687028
0.687319998397802
0.622884524256073
0.656712858858281
0.650235746584101
0.639423920659634
0.690473675028256
0.75573703966819
0.771450666260461
0.782676013262013
0.818566827804091
0.847874862804843
0.84063478981511
0.824996747009039
0.833395274745955
0.838928458087921
0.855876281263788
0.872061361558085
0.866185881669518
0.864998147739419
0.859440130319195
0.855021750854259
0.860162711746237
0.856927025731742
0.854197215078473
0.857281920182081
0.856543765673667
0.862239831555767
0.857401371294132
0.850764440836343
0.846469988825198
0.844361305269206
0.843984827057261
0.841746732251306
0.835360569052322
0.818803197379785
0.811923397522251
0.806805081206171
0.807878811822117
0.812530412644991
0.814756756381212
0.819824135364397
0.821118169547442
0.813887062177425
0.810273095565324
0.807243959096302
0.810731922273742
0.814618817595737
0.818842905989072
0.817031699192643
0.81730848216749
0.81901134959759
0.820430303093774
0.817092269999437
0.807916340451805
0.805088911590516
0.807675865003426
0.807735004031548
0.810155634365334
0.818203957133797
0.823638382819921
0.826765199294493
0.825760171833374
0.830381747281345
0.824020336522919
0.766121570412976
0.74999676536675
0.738025552694566
0.750992406830602
0.747956696817667
0.754936817125969
0.737140058929796
0.749014123574435
0.753709264505405
0.770964576759195
0.782720167684928
0.758163420900148
0.750828436504604
0.749982075081401
0.743720261880737
0.738828251526002
0.763572482658059
0.771070923848631
0.75542070661683
0.746339317418654
0.753368849054333
0.750681349339198
0.75381902177794
0.754936192588841
0.767288580689794
0.774913048959232
0.783304275596249
0.793541130692117
0.795297301084445
0.795109706711791
0.79966648916024
0.803138544987532
0.801800937089813
0.800625469562659
0.799146771676455
0.799771352910282
0.801468690987982
0.797413143405117
0.788572576664424
0.777202167629545
0.766257771603091
0.760057228568321
0.754616613331377
0.747425216001306
0.745726817454108
0.752412433199914
0.755458532345533
0.763015613203496
0.773598822297137
0.777817224844345
0.772544987030454
0.778137795643163
0.778666062060953
0.778750520791799
0.78160904875556
0.788914941617791
0.795821460019026
0.800436749768029
0.800115202700469
0.799236861743693
0.794817578009129
0.754067615087663
0.740208049530821
0.739722652585581
0.751234118098266
0.751754503708244
0.763126785591389
0.76004641935701
0.764584257221949
0.771649173671002
0.779273371561139
0.803065781641664
0.842793795203544
0.884602081187202
0.921761402006986
0.901845861552441
0.890139027403467
0.856231412957893
0.821089208020642
0.825316804918354
0.79920701543609
0.780318879028142
0.770287886368041
0.765198057887714
0.763990447926494
0.215328872375028
0.756806789620599
0.753623204847426
0.74768274183385
0.759710548838767
0.774618724495821
0.302333365737697
0.800953519673917
0.797754297183717
0.796515247884493
0.763933825865121
0.756838106022587
0.756659782426662
0.755943346502175
0.746653835885436
0.69993601908345
0.611867843267332
0.732476534152762
0.753786672143987
0.788800114427467
0.773568159539387
0.781566603607923
0.782674073341625
0.803595460700464
0.778452139331266
0.784214817228111
0.78630439187487
0.768345799511325
0.752421364410429
0.76395808120489
0.764477174132166
0.782327825143447
0.813465526356628
0.776350675957008
0.745435357999726
0.726687228103126
0.550570498789409
0.73790541801275
0.62441828700265
0.645061427531093
0.623352059198922
0.780379347743579
0.762580952314076
0.716212786310433
0.664790093992287
0.650208265034694
0.670503772397194
0.664479991668652
0.742689387262277
0.781677655824758
0.811194676102559
0.834889148490399
0.846430974807699
0.848422873636264
0.850125116015878
0.851220650429787
0.849076429994073
0.851866508114556
0.852934582611759
0.860828324666633
0.871992934207512
0.873673170276748
0.877118943811052
0.865715357274391
0.861637495442105
0.860415310703203
0.858268973594293
0.858851085671816
0.85951951027473
0.861922782239685
0.862086233607461
0.861190880644313
0.860836326113043
0.85311700261329
0.843118708159455
0.837895851335395
0.838833305049958
0.830910052991641
0.821651909877332
0.818961807848685
0.819023107500728
0.819211348335185
0.823382977683887
0.826892296899401
0.824607197551455
0.819793900717227
0.822202578384983
0.818974877781341
0.81789248605407
0.817245156866315
0.816915516420352
0.817744492289639
0.811179808449836
0.81407377775451
0.815458747684903
0.817160855908054
0.819472487816383
0.817375751980139
0.822357333715721
0.822533679609111
0.822291580139216
0.823272073031172
0.828236812074703
0.83020160180379
0.830383922345682
0.834032162849499
0.817477950892887
0.774108126197469
0.739294793599912
0.758556282851463
0.758789456124226
0.76112837722993
0.76813617993504
0.77212646679748
0.78055222685672
0.759763935172387
0.767126587043398
0.758818553577034
0.76481420519847
0.756545738116718
0.757999127857634
0.753709013897889
0.749630114419976
0.762192705979647
0.747167757489846
0.756076080621663
0.749354214843314
0.745431039673207
0.740689074735372
0.735789311507905
0.761423978706013
0.761595926618481
0.771763221128818
0.776168161657805
0.786338863775341
0.796698747142522
0.799363681573032
0.798995792494643
0.799134010973393
0.802207195933408
0.805184108676744
0.803418062494608
0.805491278983788
0.809021369939002
0.810424613594624
0.807913830062822
0.799477115681307
0.789770075778081
0.780920341804474
0.771903547175124
0.766014840287922
0.760018984313876
0.760473943808544
0.765635543354412
0.76990585282906
0.77814206016072
0.779819810485138
0.77459141660506
0.782764880372743
0.779624023716751
0.780962497770122
0.784642088121049
0.787402778059504
0.79424696030444
0.801399091704357
0.801712847626346
0.798663135504876
0.790537042027356
0.747937535950958
0.747098094530034
0.734669439312796
0.744760286765347
0.747947576332387
0.744613738065835
0.740007451285483
0.751967196758165
0.765253268604265
0.764765319003357
0.813870971092535
0.838198386499469
0.870924679683014
0.887653478690698
0.882394858678476
0.853579199109439
0.826584265739596
0.810224226264432
0.819881766357865
0.800897197785774
0.78078178940057
0.764450083764068
0.764098113903891
0.762040743102077
0.767019640266513
0.794634280542183
0.779189904438583
0.752982879440519
0.751579421422113
0.774824876355173
0.790876778500103
0.811845958286992
0.809040736855995
0.796098748909682
0.784136201238894
0.773573492902043
0.764672304260653
0.749339966332639
0.735381427595935
0.723997059425829
0.372233545033483
0.724477921246915
0.738433664653817
0.772913929768586
0.780859527548047
0.768186816340497
0.769507598708706
0.772529608885861
0.76386083567216
0.775086348871937
0.782238864101582
0.787356719731388
0.777983754662003
0.779286320073367
0.774182315366409
0.780088160116394
0.803623261688439
0.789875267197478
0.79736118806676
0.783706139103591
0.715262514331788
0.746762146664193
0.779851706212875
0.804429360419342
0.80938354472958
0.841854311414083
0.823913926595601
0.832559867394551
0.846989357229882
0.828583447463761
0.813605458336738
0.816226480329097
0.829622590249811
0.853830859928694
0.862184282152772
0.867057860654172
0.862488144548284
0.857708069784492
0.855147624351108
0.850766820951793
0.855824339777882
0.860281486971991
0.860624744586617
0.862719533278904
0.874461752314473
0.883992372917203
0.890752134182574
0.880631812937999
0.864581374733022
0.859591569042633
0.857529074199838
0.858358522426357
0.857626666733486
0.859489397881871
0.860948537573569
0.862822656816246
0.863927869345919
0.866294136578897
0.859534224628136
0.848176056002324
0.839479342366164
0.837223052252084
0.830860534521827
0.830654374200652
0.832516806861123
0.833379925391664
0.837502332463805
0.834114300351256
0.830488857587604
0.829564112831691
0.831987185841155
0.835948112114591
0.831482053640391
0.826701498704955
0.824157276497765
0.82431570362993
0.821276721124583
0.825557477351388
0.826044278290905
0.833026320605738
0.827796856761871
0.828668253726578
0.832868939767963
0.832662924528004
0.833003481447138
0.831100264040467
0.834382503440925
0.836742298707838
0.834019651160214
0.835719634401212
0.815874254572165
0.823833088988532
0.776879796953298
0.753037202734864
0.762179699123101
0.768184511098434
0.788419749973159
0.76049907352611
0.768273177620395
0.766129494266095
0.750964780145153
0.749727526413227
0.778361075465319
0.769536823898573
0.767693032031793
0.757609111531902
0.757337675213618
0.762148785128704
0.756757332642736
0.756071142610922
0.759427823052144
0.756518173992415
0.756321975427593
0.745162892047516
0.745323228072952
0.751373459170671
0.755828585007076
0.772242301712008
0.783315843968187
0.792464268604469
0.79672229169636
0.802121803794852
0.803590725880426
0.80201655335654
0.804189622027102
0.806357802219448
0.803597234794113
0.804603180644868
0.811526270440215
0.812875480708469
0.81202146092921
0.804524043730914
0.797523823485566
0.792487157111837
0.784265404689542
0.780482986739927
0.774927889007258
0.776054468487215
0.774839828241942
0.774289646243761
0.778068124335069
0.775300076991358
0.780165304083686
0.779896967739052
0.785752915110791
0.78914114599408
0.788806410728712
0.793172439706781
0.799046764018245
0.801697527286595
0.800310697277688
0.787852417961669
0.757008880889939
0.754432803309432
0.746382709203647
0.735885212899849
0.728637260600224
0.744508189666866
0.750602942033441
0.758498184497398
0.764220792163022
0.76524218194585
0.83018939507236
0.842985130011772
0.816434951228617
0.849259512458947
0.858122649271913
0.840700712250005
0.782743150020921
0.781617627676814
0.804310565480012
0.807113508026532
0.456134815682289
0.782586660189749
0.767877458107197
0.79202020951882
0.783895082939803
0.78572648807212
0.789965179411897
0.772121971016394
0.751507847160452
0.780890935279024
0.79207707549756
0.797223827848511
0.798042836516939
0.787228931395038
0.781047782578883
0.77348662656344
0.762081549667377
0.750337257613294
0.75081123493031
0.752984577735648
0.739783354975271
0.733857750133674
0.712901508072747
0.727330753839442
0.746315746991358
0.781083647299023
0.770527924111966
0.764840699748816
0.75896482672958
0.764691234906956
0.769441426528503
0.786841926696134
0.780875302250946
0.772884637758219
0.772627907028316
0.773560984579648
0.789639276865348
0.797237739149766
0.795709075375728
0.804920115355798
0.796322739394609
0.813624029622689
0.794641831354977
0.785456858403992
0.79954620938393
0.815686819096044
0.818860367485351
0.824314935408544
0.854370933358906
0.84669334248727
0.833477285721227
0.83633505092066
0.852832215094403
0.856261316309832
0.871472054220536
0.871503777356828
0.867501660229581
0.861365676089012
0.859275588811757
0.853158469326329
0.856105632422575
0.861749220400072
0.863798228013793
0.869044089725519
0.877889002321559
0.890938350828592
0.89581430587014
0.898776421795192
0.884776783257683
0.872463689722029
0.871905016701958
0.870746180752883
0.869696930367758
0.868680232417539
0.865480985152898
0.866411022026132
0.868727546880298
0.869392491731779
0.87152544619051
0.869570692115178
0.862710416191216
0.854448492826434
0.845780598485045
0.842365609073726
0.845314607368047
0.846761081346273
0.846679466437623
0.847279409870338
0.845036974945491
0.849544203744789
0.846961879806586
0.842481410381028
0.841723423982687
0.833020797861804
0.828571091263426
0.829155792489031
0.832590021620798
0.84010743947542
0.841948715761578
0.842408990693598
0.842690640706829
0.842063687085918
0.843582719853059
0.841040913840535
0.837903391197255
0.837678386316956
0.837191912170549
0.839923284142512
0.83631165884245
0.837257106811252
0.818144967435649
0.828871493514849
0.841423512012774
0.809234168632978
0.770625193265919
0.776438718865213
0.795879228819873
0.759930254151878
0.762824011065303
0.747811396592072
0.753976225339679
0.768576991147048
0.777890158162706
0.773214411101673
0.775803007689701
0.771888042453114
0.775658802415027
0.777695132056802
0.773480915830126
0.769368175432898
0.772615568696455
0.780287655317432
0.772533099638164
0.762296957851248
0.751415797546525
0.760766932937092
0.751719904813213
0.750317749502636
0.7823471713862
0.789903673177562
0.79185174546659
0.794138192482984
0.798530609944876
0.804445712873279
0.804987632434195
0.810166408643651
0.810786088523041
0.810159655711405
0.805880089183546
0.807512255894793
0.81154152900389
0.808847703291061
0.806251980901454
0.801762644266059
0.79482706751391
0.790830040727955
0.787142986418129
0.787901733599599
0.786814201820268
0.782311736610499
0.782085320586401
0.783655159323824
0.784012926962366
0.78642051538167
0.791370175883287
0.796972078175758
0.795040626216429
0.793895559562499
0.797726072209924
0.801844550326075
0.802910117953806
0.787536788598426
0.772596107061989
0.777524644887097
0.75511116139443
0.741492651104861
0.737929801737124
0.759615857903187
0.764954783308081
0.767376405566935
0.771691932171204
0.772607379726005
0.812876583704304
0.783130917992245
0.772645867145492
0.817041270395161
0.841415266929476
0.831521034843846
0.773298385934101
0.774958829468368
0.779666636498432
0.795625444219242
0.799779207042455
0.804041693958991
0.795770051601722
0.790682199050164
0.793179740705932
0.79366265149678
0.788320143097207
0.773581749385136
0.758042738587977
0.777944412248959
0.793273473958877
0.802798586371786
0.797611600854654
0.798936488063287
0.800037546088098
0.785706879451809
0.771876852922114
0.76251935761605
0.772730896416944
0.758245188527181
0.75025200717296
0.73712137059859
0.720411202350614
0.737530056028479
0.75346970835051
0.764977288745107
0.774687976376832
0.750013533131844
0.748401593359557
0.75291296976021
0.763482682689879
0.775430525810035
0.783028663891332
0.770783563043577
0.7629887725319
0.76561203859183
0.779086839778729
0.805766949008296
0.799513957344495
0.809955409648645
0.824080575089545
0.820497844731705
0.812688017651132
0.813454035402206
0.812328473915905
0.821187934087638
0.822201441907453
0.842074768924949
0.844985665997886
0.83873940949658
0.814957627628159
0.825660175511909
0.824729590100278
0.840132357582961
0.85741461629285
0.872291031374457
0.871939144108455
0.864571203252395
0.864601954800339
0.863702660882243
0.85623771559488
0.858840593002163
0.866181632183805
0.872422350157636
0.883950122328182
0.894374692705938
0.898272195848809
0.902290091897542
0.898807082928694
0.891040141544825
0.880362146435815
0.874578571879032
0.874723539344204
0.875166817189879
0.872540696372602
0.869746071629637
0.867982124536955
0.869262970708825
0.869819289670627
0.870616326947526
0.873387799890818
0.873242044189066
0.865463525893209
0.85990433540022
0.856884530741021
0.855242156352772
0.853881439826204
0.852630676286838
0.852052817078424
0.856097472360883
0.856446817356461
0.856655698321388
0.850055554962418
0.84486908239019
0.838305084461682
0.836680658509071
0.836161865169164
0.843537643411088
0.848339690688149
0.849295189837277
0.855645902259041
0.855240040613765
0.857696840023862
0.85601898130614
0.851392364144526
0.846908202130897
0.845537127069403
0.843716227006558
0.839289712555037
0.84294456720689
0.820531774837007
0.826429209314515
0.833221205355659
0.816383873883653
0.808424323895788
0.809986189277754
0.822596757936216
0.797545032286362
0.765701856964277
0.766903653224267
0.77541163833
0.807861778021388
0.796452222977706
0.796889437464282
0.794101087450785
0.784631891432794
0.787451686077906
0.785311299487776
0.780243748653693
0.780360714889953
0.773560146907045
0.779726285619354
0.765798006409642
0.768635594043551
0.764987135378462
0.773122361052563
0.772061145390871
0.774260456779711
0.783627905651536
0.798442009569577
0.809646637123888
0.812785374124138
0.817065152923176
0.817778550780536
0.814306010910901
0.814985817894517
0.814503565683224
0.812164453799404
0.810752958289725
0.808925355811936
0.806363209747008
0.803349363474871
0.804082378125754
0.800037778780508
0.79689219208333
0.796825495670203
0.79616317894879
0.793357867774736
0.790454970704249
0.788844365065605
0.786489385143596
0.78745042653246
0.787538207406995
0.79390496699506
0.797286432547767
0.799326484717677
0.797217222325921
0.79610076670509
0.799103330869407
0.803932974872742
0.805368480660099
0.794089565919173
0.773346032379321
0.774125967044478
0.766154972631218
0.767227706870604
0.770501680299647
0.788143080478291
0.787344320171712
0.770945241324503
0.76257693183231
0.77308694902104
0.785514335624292
0.775891388033277
0.773692722958758
0.791385682967578
0.797411613853847
0.804139069929057
0.805433828358881
0.796965424265681
0.783325018314865
0.789151626030552
0.815339312243366
0.80321326023488
0.804417327376297
0.804156801435359
0.809555203797532
0.798529961007485
0.785538238397386
0.802880078613921
0.773181810610439
0.796268077489467
0.790974085102035
0.797557338675693
0.794674186321102
0.79743519164263
0.801851222202531
0.796444823038325
0.795849536199611
0.783019042315844
0.775171267579417
0.761943717533833
0.754136745646072
0.749426801544029
0.737294019741799
0.72646156124012
0.723278609411951
0.72162621107841
0.7289369813017
0.749007338932307
0.737482577915083
0.749690356577717
0.76648975085564
0.635902870471541
0.763480603863759
0.757035646023458
0.754796157371855
0.755246285538019
0.7794000852415
0.801064188120168
0.804238850933179
0.818174951502744
0.831406729450212
0.827956521844353
0.82569979136649
0.828549123140375
0.83302785797869
0.8112151669027
0.821325561479849
0.840009215148237
0.840093705420403
0.839763286799917
0.836580718277537
0.83743340925717
0.832954348702219
0.839896680191299
0.846672324513566
0.8493190828401
0.863246312315529
0.869457976029179
0.873245702036448
0.867155008934045
0.847549408705239
0.858343663184859
0.865880187154175
0.878895981481307
0.883222739803221
0.888141487661206
0.893935543459807
0.89606287962153
0.898711125162725
0.89581028766334
0.889535074430127
0.878739696702862
0.873870412482331
0.873412314235955
0.873508946236903
0.875389586537477
0.874188014566698
0.870825153760063
0.868481665633426
0.865743672719035
0.869012887790817
0.872420902511356
0.872224095356941
0.87098092071383
0.868056745610889
0.867857624067758
0.86656926768194
0.861974266264108
0.85783343431504
0.858544071522912
0.858788083309227
0.863036957320508
0.863525651146972
0.857758068806604
0.852759039799785
0.847577889700744
0.849493763215064
0.853879180649823
0.855313128857036
0.857780681203307
0.859582349882164
0.858814360904877
0.860578162406788
0.860012305323442
0.852237999011727
0.849302082896899
0.848552059380593
0.845784416806178
0.840616112474401
0.844668006328562
0.822031821026493
0.828161146158316
0.834542426803987
0.827859962395048
0.818665403664745
0.820380616625331
0.824939101291693
0.8217678847867
0.816557840248677
0.82225358297673
0.804725966831139
0.823416246877567
0.815963946832921
0.805693613784261
0.801051983487744
0.790713289949993
0.796394574068635
0.791540591024378
0.784651238920487
0.781935162900436
0.77687060696565
0.782549729527545
0.772533745578703
0.772136693026177
0.769426686365981
0.777079404534309
0.778622288925595
0.794834833808105
0.801685668635513
0.805609492605442
0.810869133134169
0.808990685999351
0.814560235830502
0.817470061922044
0.813527322509455
0.813290730718583
0.814509222297585
0.813904086892286
0.813539928004739
0.814785063590347
0.812878931414456
0.805942441718785
0.803324099094376
0.803499063332692
0.798410608833118
0.796130334326373
0.796304733078605
0.793787194977509
0.79354782621273
0.794590051369108
0.793295103742407
0.794208323681347
0.797706795045308
0.801402198869843
0.802225266356327
0.800650514641286
0.799328840040332
0.798203634899772
0.800068944620834
0.801797580616183
0.804417271237322
0.801476621327593
0.776605633309218
0.766423359070616
0.782945505068174
0.773263657810819
0.798538234662908
0.792348685596311
0.794454545153598
0.781069744922634
0.778414724522844
0.765664667053718
0.764405884813808
0.772962073884365
0.769920656884304
0.781534528316211
0.778525104024368
0.147734610618451
0.754108025184126
0.762160892999829
0.780125189179963
0.785177591921104
0.80789854265121
0.804182591684921
0.804224745269295
0.79832909378902
0.804144416394081
0.771906486349155
0.776956401162467
0.774668525554635
0.770535239124763
0.800378338693992
0.796904758015637
0.794162601036822
0.788494293408972
0.789321237540318
0.791769399272004
0.790405969087242
0.783877410255789
0.781042642598408
0.777180455991447
0.759844153248455
0.752073947887699
0.761252997150516
0.768843083401568
0.764263860791346
0.750368704468029
0.749387174054121
0.742868155830487
0.739737513285112
0.730098075121452
0.738755066984417
0.747480893040604
0.753174676043162
0.757809262193352
0.759198589868587
0.759695479790353
0.750691086437641
0.772188088269285
0.789159757116763
0.807650498358874
0.820680777705771
0.829618805677186
0.837245415105825
0.838238069749783
0.842308049594392
0.845388904221796
0.832732731713704
0.835177886787311
0.838006413074441
0.831657896675061
0.834332209949396
0.832421420416329
0.826145864618481
0.82929503216961
0.841857285164883
0.840888664424377
0.852701255220523
0.862602276804037
0.858637213395212
0.884183547553585
0.891387131651228
0.881606022348638
0.871728145852241
0.878805300641737
0.887633599181006
0.887243816955264
0.884732010799956
0.883689702683695
0.891170482142901
0.896147454639778
0.893964221656741
0.892170673344402
0.884980887904496
0.876945037598531
0.870975787177762
0.870843308825908
0.873751992036233
0.874146616144676
0.87796129426385
0.87262524997514
0.868230581160722
0.865708033236114
0.867524486231061
0.869789673539645
0.87016609859109
0.868783982441902
0.8707370392602
0.8701977045488
0.867836515102267
0.862970994911789
0.862619711907885
0.859910885906621
0.863210230358499
0.863911675354976
0.863306427980932
0.862791074014068
0.864035627429137
0.865265239505337
0.862605726684336
0.863960290029754
0.862379170296072
0.86085354544952
0.858600128553128
0.856589925366574
0.856556217650748
0.853495932664281
0.850564964069134
0.849279675639897
0.846698088016162
0.84249420035254
0.846960625713254
0.830264532143594
0.804955647618249
0.819047182139193
0.807570664891958
0.814363368707022
0.82352949102483
0.83074385590833
0.833827213480081
0.832732612245144
0.840197934054438
0.822142544811729
0.825463477125389
0.815876221408599
0.808433196486806
0.807507029737112
0.801031560485621
0.799184029525415
0.789038557874847
0.797458853299203
0.794077752527998
0.802877607440532
0.809932811563626
0.802314488540447
0.807753741453422
0.804702484729238
0.813596996056329
0.81065332787388
0.81029297279559
0.817544791780981
0.810838202245294
0.809451002777879
0.806825706652325
0.808519514353393
0.808374992645372
0.810734983769319
0.815584769854524
0.816058314469049
0.815786218863173
0.818060437872877
0.819521513650693
0.820937529279284
0.816520818293566
0.814410035995043
0.809479330099907
0.807920055433363
0.80438053766055
0.799453987852787
0.800220371030846
0.798594475734274
0.797620050818291
0.79740736564638
0.798966433510656
0.803986778696472
0.805566350376997
0.805961267054125
0.805402535431132
0.804264057169008
0.801722770892509
0.803007519054585
0.800432075424507
0.805147187847847
0.803525020330882
0.796973355742245
0.796386932415081
0.798884224429667
0.794252093362916
0.807024594924739
0.795061337948277
0.795676452649413
0.779440814298501
0.787456871408287
0.753273599355874
0.748097471260608
0.762081263085961
0.76861681399683
0.772393842530204
0.799655418040996
0.738903449583043
0.800235299353731
0.7737541580318
0.780013755196691
0.788794311720417
0.802283361320181
0.806727042343083
0.805467664856478
0.801214788090146
0.797890251294131
0.793693506014052
0.788539885250854
0.783527040744843
0.789875514925197
0.796528492220499
0.792400677379196
0.787752039602537
0.784340762905295
0.784438324515898
0.781658778415123
0.783747908190933
0.783170248290008
0.782348395357736
0.782056493518348
0.760119562284691
0.750555276613765
0.760187475931144
0.759899214846427
0.760905959085566
0.755792662578218
0.751544540988189
0.750029173808129
0.752387714597439
0.748661680779285
0.746564040740115
0.749377186182873
0.756714501316054
0.758301968244481
0.758367795307179
0.756651385567356
0.752341243757429
0.77230051297288
0.778001916195576
0.783642491544014
0.799501391069861
0.809144547632015
0.82548483528576
0.833426873625749
0.842124296190051
0.848624065158377
0.820463760433773
0.835627364234902
0.843603585735492
0.835519043387723
0.830838014264776
0.824226916738179
0.822920790722223
0.774762975110317
0.825005098616108
0.812004042024528
0.817651778893554
0.828274221001307
0.85643049882528
0.863526750820657
0.883081557720748
0.889867008293846
0.890303592858533
0.885777054293572
0.886106663115705
0.888401077449732
0.891604857927322
0.889297378949255
0.890037972042034
0.897845729202596
0.905639724215453
0.907380053330113
0.906199096314466
0.898994065005824
0.88958211125853
0.879327023556913
0.876493557395852
0.875045624286852
0.879113386179512
0.879820105557152
0.878304215065471
0.870878730266197
0.870503197649938
0.871331056054992
0.86862945696142
0.873099937889512
0.871558802381775
0.872324240140844
0.870231848929934
0.872539696537269
0.873064105837033
0.869492064146353
0.865950297629128
0.86138236807506
0.862429877837378
0.867993167141994
0.87137306958922
0.871634827814775
0.869218650364675
0.865379211479646
0.858942419980237
0.855835620698216
0.853200197328542
0.853208217089395
0.853178304203164
0.852714010745962
0.853610307002161
0.851047243636001
0.848147288235609
0.845582875394885
0.847236489353983
0.838798916988081
0.791433454007476
0.800320902214197
0.781080330880164
0.803456332339761
0.824742778019363
0.817790485256631
0.813491830303162
0.817651879419254
0.810261197491018
0.804072213657563
0.818739703823597
0.814371354172979
0.811378230415776
0.811045886859644
0.801431651250195
0.799795689178197
0.79881992914829
0.823259185636565
0.827166603097977
0.820336515551335
0.818138910812067
0.822581853213292
0.819429600539093
0.832368959100624
0.839143171956454
0.825036805839076
0.798729933892826
0.804729598909447
0.81882074402206
0.825870232568314
0.793792239454972
0.812957522260495
0.812234533520316
0.812920033575937
0.81568870490694
0.818302764327639
0.82298976454495
0.822041514923938
0.81981835799795
0.817892109028157
0.81574149018018
0.814106151159889
0.811368785584083
0.810035001176093
0.808514638479523
0.805059688945561
0.805447174100269
0.802487387304221
0.805798890747618
0.80902860287122
0.808432643509627
0.810538224310243
0.810868599134175
0.810756055595901
0.810403920915697
0.809054653178474
0.808543676834365
0.807190249018268
0.805481379833443
0.802339686505771
0.806928115166274
0.800064807083957
0.795461206342851
0.796803620909082
0.795573241367607
0.798047250753776
0.791402290396759
0.797195785394388
0.794965452623741
0.79276398974721
0.775056363238756
0.785300539284897
0.784850997370831
0.795602436037271
0.780026685830981
0.788665480698652
0.8084856345609
0.802216651860198
0.787542332756608
0.79535838380051
0.799545388753471
0.803596317634876
0.799993833296645
0.807776951873504
0.813140567660066
0.809748295433267
0.808039058491485
0.781074711805145
0.788922950877316
0.787394247345968
0.787197369392852
0.784057287352827
0.782339240794969
0.778342991936895
0.775665387295494
0.777759065301716
0.778428284176151
0.781175252892099
0.778664834324713
0.783297594698893
0.765806747628413
0.760660232994586
0.764486445567401
0.764609562169931
0.74787564630554
0.751544395767057
0.748413107769532
0.757680414602675
0.759397379123544
0.76040421016396
0.75949005661502
0.759140200836465
0.759512044437559
0.751018325473511
0.752563207854282
0.750938169846202
0.754585979705604
0.766254095801554
0.781691384631904
0.777764805153795
0.770366230777291
0.78044672013735
0.798088178602814
0.817252223321521
0.815624485444621
0.853604309051552
0.83705790714583
0.837483173134867
0.844331003353967
0.843885161170137
0.83990797935111
0.8301028302183
0.810559164938783
0.823828931028736
0.81931611375068
0.810210975784238
0.822344855313198
0.823016701568846
0.862159942766659
0.862610263688999
0.864578656602935
0.873677665890669
0.8753443747375
0.88259351891745
0.884374029084507
0.886879369637381
0.897059480769628
0.895207300351859
0.895043535576179
0.894620058354072
0.900983813288359
0.910981205852579
0.915243494744827
0.916302294870278
0.912140212593004
0.904308595365235
0.893969893040678
0.887507674109212
0.882566345912342
0.880877877842004
0.882542710613455
0.884454690896459
0.876807009529284
0.871056750263971
0.868964631678803
0.869188761772008
0.872976269557603
0.874279260037692
0.875273885097497
0.873937388177973
0.873506626711491
0.871299279229954
0.872312091813182
0.872783168946303
0.871874814536343
0.872936618237813
0.878074369539456
0.877989727798888
0.872744596139743
0.865910712989668
0.856707675728895
0.849748426327516
0.852110033901735
0.853100089598681
0.853553900446942
0.853394503714411
0.856115762228837
0.852157061732683
0.846124342286121
0.846768171230297
0.846380181074328
0.845942154165851
0.791827125382294
0.787710495884969
0.803745411170775
0.801055050400904
0.814053536811112
0.809831914462517
0.809017670277274
0.821677594423095
0.826760717119731
0.817318896342008
0.81302505565179
0.794551604573419
0.795410578536398
0.812129772828331
0.812592974930924
0.819721037986045
0.828485357538318
0.823231793915345
0.823877896093207
0.821463379316115
0.828154887422682
0.847323683057359
0.824663342061945
0.833126036092821
0.842148811100212
0.845571348847695
0.835848464513939
0.816319407840722
0.807977971405333
0.819907548732291
0.81327573049527
0.81237436159748
0.809477037750799
0.806465111823499
0.815834260159644
0.816851265899158
0.821077567503031
0.825402300223991
0.827520618916472
0.823622529386912
0.816059830762632
0.818837641141365
0.818666910365091
0.815878537525176
0.814151908870844
0.81189977117594
0.814149231665201
0.815779226022802
0.814443703016459
0.814365177566549
0.812725383139683
0.812584822469101
0.813694390423099
0.812927573145968
0.813123384849375
0.812821283846888
0.812668023888486
0.812132299639725
0.809554446718097
0.803399946964153
0.804120302722904
0.803411095001562
0.796601314918664
0.796707536822175
0.793818440761319
0.790275006582119
0.789774779779836
0.786512300610123
0.79161124933471
0.793218784870667
0.77913228228284
0.779128456966937
0.769850734253813
0.777142458492704
0.775583517288612
0.775379946955778
0.795418173661037
0.789173512504818
0.785166634096064
0.790139305374382
0.798095867566978
0.805722879951972
0.8093738959595
0.805205328282381
0.771826740076373
0.792766840706636
0.665820626263145
0.785197178291088
0.788852311043723
0.783980343468944
0.788884077099429
0.78053303846756
0.78182014418716
0.784642023606691
0.778841559390888
0.781625509311059
0.765148021801362
0.768994904388107
0.77361916091395
0.779796420721016
0.785331139361808
0.771674795814969
0.759999867681806
0.766846241171111
0.745255253762282
0.748433960472279
0.76271711546465
0.774050125238183
0.775836169301386
0.774994756926133
0.7705621264435
0.761980859230598
0.758213485027731
0.760926759640293
0.758279283049645
0.75953607236675
0.759543836189895
0.763922498819609
0.77721376932298
0.774741933163988
0.775539673742705
0.796586393379272
0.734253679080782
0.798322287243913
0.828948078957238
0.863026416182604
0.868681676633316
0.864098171281373
0.856654478003264
0.847432935444641
0.847363079858953
0.833781867931946
0.822910587646452
0.813197511979169
0.813576715178061
0.821814121289549
0.83698650432153
0.844517813904062
0.843752074179475
0.873020682917168
0.869845303716943
0.873923983113728
0.877392627477043
0.88793821147405
0.890497821420292
0.888045495106966
0.89403600328488
0.903366413886015
0.908574371091489
0.903639737778428
0.900954951610152
0.905788161461781
0.913624326438571
0.918890571805962
0.918591650787045
0.917445754698467
0.910875079377746
0.903660753696648
0.902040423523841
0.898751807199485
0.894079005591703
0.895362536609472
0.885546713850108
0.879805112644952
0.875501116119289
0.875761169079537
0.876399154266862
0.876100116466763
0.876026407294469
0.877119071597613
0.876973943291228
0.876805755014261
0.875343837877224
0.875490621536664
0.871237784618394
0.869512907524785
0.868413037972059
0.864567405546211
0.862346848633306
0.85912765918288
0.853857581696038
0.852272990616334
0.854207754499914
0.853318406931456
0.852957896332693
0.853380443571606
0.854100464856298
0.852510431432669
0.846850656217281
0.84602729773028
0.843620600949336
0.847626034786333
0.799121687795263
0.794800166742602
0.808461768919624
0.795156108584694
0.806418890773201
0.809301842916935
0.802761317357212
0.806468520862863
0.809639578055002
0.806786239359003
0.80378866524854
0.802220443619933
0.812241979246743
0.826748708642834
0.830317478426068
0.83519224984508
0.841465094855369
0.836577061166039
0.826916666645237
0.833319281362309
0.843322167842862
0.857599050431348
0.851380064891496
0.833957504942524
0.831495958676195
0.843185568794878
0.841448651737051
0.835962631988423
0.831346130995757
0.829991676074526
0.820141860818272
0.820833073286531
0.819258907471916
0.81985448026016
0.819851001869631
0.827380434027086
0.833120825753841
0.820004322222024
0.827996451538585
0.830914719527504
0.830795678379256
0.829561524602466
0.827529654489635
0.829645517450047
0.829213441282369
0.827323060709791
0.825883138458952
0.822799934547019
0.818194788847791
0.815703969773654
0.814995334665973
0.815637451653146
0.818290972257466
0.818691007105078
0.817277675258087
0.816256911289076
0.816171479333833
0.814566983531201
0.810620101250566
0.806804744779162
0.808497512789326
0.807336699651881
0.800942762144814
0.799257303005077
0.793477473191591
0.789972437714092
0.785977916921584
0.781332277799008
0.786784983923436
0.786670765941974
0.781804250037985
0.777513034001252
0.774734079008447
0.770972545557581
0.773942993156932
0.772923015011592
0.78232568265117
0.779286223157168
0.776537950481043
0.77674501627728
0.797443094592638
0.802635667150918
0.802047121441181
0.802205324205723
0.794045668974395
0.793176463787515
0.789070149288261
0.789166400329307
0.792374828748641
0.782503705525166
0.785647382772921
0.783806496130046
0.782761491313261
0.783250564733373
0.78352826710294
0.785587841765797
0.774071327473877
0.774283594270441
0.777408768994913
0.779255551841555
0.784181267319488
0.790136114894129
0.791295325739816
0.793672045028349
0.765138249802134
0.74857119975607
0.76181604777098
0.780032901345669
0.783174898712482
0.779086904432015
0.761057885979154
0.769033079246612
0.781096660435715
0.773076153396807
0.771248050157117
0.782241801687606
0.777127852526841
0.772961080632453
0.775701370507777
0.76442543447341
0.765919829221448
0.77510509104902
0.765590025326939
0.777764140777003
0.799113680889183
0.838666744575009
0.833603677819034
0.838721959552379
0.819842077809187
0.829194151453203
0.83520711613937
0.827064061718992
0.804586046425917
0.81123867401742
0.81931751438748
0.830947612116835
0.851101666453773
0.858104018580634
0.839817066271447
0.869189650594841
0.865854514520484
0.869454912739086
0.871416617159707
0.887900267008489
0.888136654284092
0.883585090999128
0.886005827210239
0.894488329615061
0.899522901404375
0.903585746432108
0.90183237270527
0.900470343010979
0.903216731719112
0.906564960617975
0.912099957679999
0.91496987619604
0.913488037659166
0.912900550915821
0.911584979540307
0.91178527663134
0.91009912165257
0.904997043883667
0.897897520198205
0.891462768831178
0.887135472046049
0.886295900420789
0.885664481998103
0.883726775052235
0.882723699606682
0.884373171341909
0.878642920503325
0.875908713720817
0.877280864390733
0.87466570937002
0.871318047098159
0.869371288220628
0.862373862472049
0.856809838640469
0.855862433015803
0.855399688143689
0.853889165962223
0.855976077240743
0.856815559314241
0.855386863874393
0.853632052143842
0.852480050903456
0.853795319089337
0.853701647262743
0.847294546048972
0.845964080368894
0.839651008149075
0.854163563137271
0.792047172352158
0.787529970762618
0.793698009669151
0.795942028797708
0.81003128449464
0.799739261410445
0.804407773320481
0.80688953002917
0.807439184157174
0.796682879326395
0.801879515660174
0.794300528697
0.812336316786951
0.827404755981754
0.827126514226561
0.834751500559573
0.846909129439947
0.846127278318491
0.85496532117366
0.86089448603426
0.853501559836289
0.859444895182947
0.844497814331757
0.846429402365371
0.838964186213448
0.845601432536544
0.837311788897832
0.845308793478954
0.847096353165313
0.834902073857606
0.832973005524334
0.831237956690503
0.834888096020793
0.835970824150264
0.834783507727157
0.83280450406287
0.837957598811775
0.836724491355577
0.839423895547103
0.840243269092406
0.839997665752183
0.839842380314593
0.838464142352025
0.83701814832059
0.837443924969859
0.833859382283868
0.831034429227623
0.829457047017805
0.825540632787676
0.824014982532583
0.821655592851945
0.82446556364291
0.827371587509777
0.828861205315914
0.829304993329493
0.828042222795309
0.825579724870339
0.821510344027156
0.817610666777652
0.814477988905753
0.814254775855609
0.810897601774096
0.807886306575147
0.804395289327245
0.798884741986963
0.791172872713869
0.791047547864951
0.785758076979814
0.779033175203324
0.774222179752345
0.773519210839742
0.77502041104738
0.776247692974931
0.783057946056045
0.773162395319131
0.785236295138828
0.68230716404471
0.782096788888839
0.779369701759407
0.780527508751762
0.791385633805496
0.802602337545471
0.794143474037378
0.795467111657677
0.794581837649927
0.786130384931342
0.788642541863711
0.790776250663766
0.7891258133735
0.781347072674359
0.783197897989911
0.782277316879227
0.786390484615281
0.785852473772772
0.785028912761866
0.788031003571184
0.775330231498012
0.77162820149104
0.777084915265593
0.776911377176173
0.783640585678127
0.785459974865731
0.791416970171718
0.788206821499708
0.779065069974753
0.777618847249475
0.773093857660629
0.769219842444153
0.781255068353205
0.776541036962986
0.760617879580704
0.78068496079143
0.797160466260078
0.80098760553523
0.805012092158296
0.803468533193227
0.787960280469661
0.800230888654542
0.796319921125466
0.786685505168025
0.804264184576536
0.79682951958287
0.78442694483733
0.795052966867128
0.806816315710002
0.826657058512304
0.822404712698852
0.8290579613884
0.816658093508827
0.81004451941794
0.822103726390261
0.818818271821233
0.80504475078759
0.810389572551867
0.819958942979665
0.834184286241676
0.849372716648976
0.860280288413445
0.840754985364385
0.86135834160532
0.872797057422395
0.873746951118468
0.87561854271029
0.886088119139291
0.8897055695799
0.885906419391269
0.885160988560441
0.893578102506828
0.89556787458772
0.894963375159367
0.898490670445317
0.899597587666879
0.897532580990566
0.897159673172105
0.896023020208797
0.900429940066572
0.901509544643934
0.905872011570738
0.909427114971714
0.910503795007383
0.911235653754534
0.910748439832412
0.906585767371238
0.901383292484193
0.895983338476996
0.890905796955791
0.889527505988079
0.887738718993692
0.882332604493461
0.877707255428946
0.873708568520899
0.871756444031694
0.87023878203746
0.869149613574975
0.865153452079301
0.862497081871708
0.860624705605271
0.856042485166521
0.853253878734053
0.854511360787334
0.854994070853109
0.858084677719548
0.855355363549141
0.851534429379373
0.852794905950185
0.852557436487663
0.852084934424966
0.850771595245382
0.846134894376743
0.844208697111003
0.850030109114806
0.85461799235209
0.81376614909307
0.799484182787783
0.83683102664659
0.84854741145941
0.830446053053451
0.808552477071184
0.812132340435368
0.813015072173338
0.810987140849906
0.812460055676834
0.804351311057207
0.81835528861646
0.830468939114637
0.834708079826949
0.833305047683406
0.839842854063761
0.856789647769052
0.859005754435721
0.865131393454123
0.858758501602091
0.848580848750716
0.863246124776354
0.867212905382551
0.859946008983428
0.856802824405792
0.857742321726699
0.854987944261995
0.85964522088295
0.861277143686495
0.86028767701247
0.854305198287542
0.85478595038405
0.854043013451865
0.857118698677833
0.847087789327008
0.84521222943741
0.84445528522367
0.845414466307507
0.84782709235053
0.849115670178446
0.849706335758307
0.84865669534737
0.845549845706966
0.84287217888293
0.839760578895807
0.8383790674488
0.836714289694293
0.835454180222621
0.833145871612756
0.831635485767708
0.828987846093877
0.828210674236453
0.828228728743201
0.828923310451247
0.831243707848965
0.831198088939258
0.829258052168789
0.825992578620288
0.822152479030114
0.819316136169723
0.818683624223675
0.813033360589873
0.809351858179551
0.803613402564857
0.800274543858122
0.792336048177455
0.795420161785094
0.795483471474739
0.788478613286981
0.778886442625372
0.778059145694995
0.777142170504376
0.776844892829947
0.779246619838911
0.784116179214693
0.788098960504393
0.713177385851435
0.789847269939059
0.784034168354634
0.784249913605712
0.790541394948023
0.789926854710594
0.787666720119655
0.79298403625512
0.796176848837389
0.792289373047399
0.788623264363312
0.788095902295869
0.789984569455162
0.787272191355807
0.781298843180609
0.774864856014937
0.77912379799389
0.78043488986229
0.782718083863822
0.779396921350974
0.772112941917677
0.769154537881692
0.769660337398281
0.768143603471026
0.772586488136773
0.782381672606104
0.794202515738737
0.795332312876064
0.780191439378853
0.780810720838217
0.304796917794134
0.690499021073652
0.749774420225719
0.780368097488638
0.782547011595651
0.789684224671405
0.805891075392614
0.812455598951183
0.812576374419758
0.811505152878419
0.788315975941432
0.809533732802544
0.807006457379834
0.80931023867186
0.810616563088018
0.770670798435867
0.783060079397536
0.790158238382272
0.814580475910594
0.817237053210374
0.805094038107587
0.830595155097735
0.822106061001753
0.811357403450813
0.822288825503598
0.818777645264798
0.81000569230374
0.820470224352088
0.835458388602678
0.844786603687253
0.85853970781007
0.85944360076244
0.861402020617804
0.866957154594881
0.871134931847746
0.878658245660548
0.871903185731744
0.883627742008462
0.886341361052921
0.88674020505547
0.884392971136786
0.893631441534206
0.899790901126356
0.889665205741351
0.886511871667198
0.888930978347408
0.89403087935521
0.894104952481419
0.893147178131985
0.892109108190355
0.896394353239249
0.899148365471699
0.904655254871644
0.907083021140313
0.908460196699817
0.909521927713607
0.907359692097704
0.903683683402541
0.898669821250358
0.896932209691492
0.892191709200361
0.884949966310254
0.881092088676396
0.875743294403181
0.87324149852962
0.870192845223051
0.866664742596229
0.863021231009157
0.859439494616205
0.856265990669494
0.855740236398737
0.854024157096905
0.853914841009946
0.854479022901551
0.857761913837007
0.8584158941238
0.853755393909685
0.850351556588237
0.850362619796552
0.848532648772766
0.850232440389082
0.851550357633804
0.846826539258179
0.849949728626575
0.862032154011466
0.851219611490937
0.819972519362332
0.863346207610718
0.872954821057316
0.881099509756278
0.850357122661275
0.832804354822242
0.807525338983108
0.817875337394072
0.815798916119507
0.816449244884075
0.825871930845482
0.834658191782048
0.837313011486178
0.845394070917469
0.850066167604638
0.857458265339695
0.860424213821882
0.854568431071618
0.861450777095613
0.866767473175231
0.865846804539513
0.869003698136858
0.866815315738802
0.859455287290787
0.860279729073824
0.862616044555948
0.863344579258555
0.864218879475287
0.865728864690655
0.867760850654325
0.866575664355616
0.8635038317926
0.865467469497555
0.862936411131841
0.857474740034295
0.856189477379785
0.851656546176722
0.853608464352585
0.854377233567493
0.852567342224604
0.851139246408705
0.84841440844605
0.84633243501251
0.843879895914375
0.841788379752887
0.841339963051158
0.841430021734266
0.839915000126381
0.838069011154629
0.836963727131344
0.834334676514098
0.833459376642471
0.833121906383564
0.833647277532774
0.834448612500325
0.835481678525306
0.833394507873299
0.830608591596428
0.828583633555195
0.826850871214099
0.822838319472881
0.810741111261395
0.807363135739884
0.798800326905247
0.795985682947028
0.794271120881972
0.798095717199153
0.798617542823831
0.797494092446913
0.794585784139872
0.79275093348918
0.786271315793016
0.787141271438973
0.786338464825393
0.795984319078216
0.79253031455863
0.79328058698894
0.791616643611301
0.787552792251611
0.79203083794349
0.791322394461219
0.789825593796853
0.790632888832803
0.80347475347605
0.798824707059652
0.793502848534279
0.787703642423569
0.779523477714021
0.787573070979187
0.790144478685954
0.778875553528537
0.776025083734454
0.771107252949711
0.778197082870282
0.783962203266032
0.777055102791244
0.787944095247674
0.775907778455557
0.77119631728278
0.763579362946378
0.766145054148586
0.774197324165178
0.772339949721372
0.774197295160457
0.783068340480818
0.797437406853937
0.772721639986355
0.803972024528028
0.811378015967735
0.811922992584608
0.784478032836429
0.786503888859103
0.773573534256104
0.798413106288607
0.78223767989488
0.795564634525948
0.812769324159489
0.819561715877243
0.821259653822255
0.819553719798039
0.803515797431372
0.778328827432165
0.814107240447552
0.830803488519189
0.83333522210218
0.818920271187676
0.833733011811203
0.845802285979701
0.833749579949607
0.834400839316311
0.834249272729721
0.824343370618733
0.800041048841681
0.81992614202846
0.846392238913979
0.85376305786308
0.852202547406409
0.863710888141933
0.867611851874146
0.864188833908199
0.867685876835769
0.874224504198688
0.869618973403835
0.879948253277094
0.882184317801358
0.883198468048155
0.881953961667732
0.888447564200395
0.895687441298653
0.893137853797242
0.891380095641773
0.893881226266765
0.896500072647525
0.896974815636161
0.895322651415175
0.89415773978079
0.897461930781182
0.894785277552345
0.896111551117407
0.899633599855909
0.900316236460577
0.89938324027671
0.901845978078296
0.898482774847249
0.895991608760195
0.893870740501693
0.890172589879911
0.88479951818127
0.879919904963826
0.870905969054282
0.867107705616968
0.861449585385095
0.857672533597022
0.855884419786898
0.85421009309946
0.852518387942047
0.85692307811551
0.859177345158156
0.854089995959902
0.851285040075519
0.85409529149827
0.8574554211938
0.853501949158382
0.849265325207576
0.850489205044545
0.850321518385209
0.854161248156148
0.849934187052788
0.844895511492193
0.859574564468709
0.862795908819738
0.865252009547018
0.845161922336062
0.870737942989994
0.887186824925942
0.887101261283622
0.860254510274153
0.834867339128707
0.813405969552843
0.819953016067982
0.829314535943282
0.837620649620858
0.850161904819494
0.849532028804578
0.846350245082517
0.850032012398666
0.850670156497391
0.855717317374377
0.858370915059555
0.8614114076853
0.865204508726643
0.868627529591456
0.87136862635244
0.870906093401682
0.866214269102376
0.860985611537363
0.862816298356507
0.863473621979231
0.868332927058522
0.864994641326686
0.86815473803987
0.871339710969663
0.864429306701197
0.865919738927524
0.864673469386218
0.861476663911192
0.864247190789444
0.86559199665818
0.86272122282208
0.859779170261573
0.858104504100488
0.85594776655439
0.854250892385425
0.850270743335647
0.846828289284972
0.845762912932532
0.845707572051444
0.844443651673952
0.842776664697227
0.842975425128781
0.842236625777614
0.842035225503453
0.841164130870593
0.83935885566922
0.838157083900791
0.838837462233882
0.837933077996375
0.835784153896343
0.834293989371709
0.834148352633904
0.832734032115586
0.83310381469815
0.823109141135256
0.811708419042561
0.803431386703839
0.803064455183641
0.802043207154762
0.791699880886187
0.804610772456472
0.804784368414619
0.802030736221965
0.798998278613352
0.792174488757915
0.792208461561797
0.798851518755122
0.797909747154017
0.804221243033291
0.80070622108258
0.799404424044389
0.795341790651908
0.792491767940001
0.788590582595503
0.788022926577287
0.783965261205779
0.79095936433541
0.795612525040799
0.808988646199588
0.792721093628444
0.784356594379098
0.776869815683368
0.784319543559589
0.789613921391381
0.779933676826085
0.776409602325461
0.772289552299223
0.776521661648983
0.780045616439687
0.776575900416993
0.781676244320727
0.774613441098386
0.765874879307119
0.765036534975438
0.765540160256087
0.773681261397187
0.772250441750884
0.775329737393707
0.778983095542232
0.785472487215037
0.8060462389439
0.804902222959119
0.811155205914299
0.809087319253874
0.789893703506076
0.783326398540084
0.769165306950464
0.792567960068592
0.772105218871066
0.789491709871184
0.812881391678924
0.819659490131803
0.821997094472472
0.791607808834811
0.799327086386599
0.828965242724078
0.843041012545949
0.847150661002781
0.834914089531284
0.838593082945358
0.849018210478359
0.851858569469382
0.846114576149967
0.835841439608516
0.836121212007788
0.812006022897685
0.794873224081382
0.828446510215569
0.847652601754794
0.85282919960301
0.864685486236074
0.870752385478714
0.873552388476859
0.871985143950969
0.872854072193705
0.880638325015481
0.876305241163481
0.881238477053086
0.882165061182538
0.882891195170027
0.884841123655756
0.886943038975372
0.895057797071641
0.90153186220966
0.903317591648711
0.897611566914828
0.891245443074928
0.887918251104807
0.888322843269125
0.893492581112108
0.892235519734239
0.886130886800384
0.888277882218835
0.892194570646064
0.894090432188779
0.896310262506402
0.896066018986562
0.895430785949625
0.896343550350134
0.895242624144089
0.887201167896491
0.882373023122825
0.875656451607222
0.873094514850206
0.8625004671782
0.859082574765727
0.855888400735107
0.854567429371778
0.854934548593089
0.855384331018467
0.85463798826262
0.856980293922025
0.855431093964379
0.851854823718472
0.85484183828191
0.857158686190356
0.851621037365558
0.846145514904952
0.849377592981204
0.850118580492523
0.850556230923156
0.85106760398351
0.853604919287336
0.850038301461904
0.846343347553389
0.854720274574631
0.861401845861049
0.874157093943755
0.875156087892984
0.875442357024896
0.857267876084298
0.84245271118171
0.824890374032077
0.833919495534138
0.845444994241393
0.851179736796917
0.855265370608352
0.828115034597321
0.826591423576841
0.83701472827004
0.841669545245771
0.850193567619434
0.858809950975512
0.864255464240804
0.870919327962068
0.873412744170492
0.87277552961415
0.870426812012543
0.868147453913331
0.86615001350637
0.865233251306133
0.866402503723837
0.870154600914644
0.869558735153091
0.870439998786571
0.873749100094924
0.868604932593284
0.869928580571296
0.868667478917168
0.866745845790178
0.867199900096451
0.864339297564015
0.863126531019349
0.863114634136847
0.859428645044879
0.857153366073461
0.8549218837751
0.852953106977249
0.851045712780361
0.851949992752069
0.850580541861238
0.848433093286755
0.845008459767126
0.843962251840292
0.845482719625024
0.84514145949447
0.843930042351781
0.844421975190385
0.841910664132328
0.84041719882802
0.837327815771854
0.835948097519199
0.832976369458684
0.832979153898448
0.831875517063259
0.832968389323015
0.824999884379845
0.81877244242624
0.808904887607864
0.806860274604523
0.806377146084583
0.804820115147776
0.808588017604525
0.809506055771926
0.806553113692074
0.805026032494459
0.80227255442132
0.803349333415256
0.80264325532298
0.807109146125403
0.807824819322808
0.807011486711915
0.812443161700821
0.806546574165122
0.800820967555834
0.801152290577645
0.804439982921616
0.792288001418326
0.799067607492542
0.814611937822155
0.813578400642338
0.80074579181631
0.742875608524026
0.779930254730956
0.778756007018312
0.778432813942402
0.77991261464671
0.777350368311045
0.780183398038448
0.782069129303339
0.782124584553168
0.78335413370775
0.791524426950509
0.803742867537879
0.745421107415381
0.776084197702521
0.779543167181781
0.779979116125243
0.78384331647741
0.790768774736058
0.783448885697771
0.779834034826114
0.808865246146288
0.807666277020622
0.820191162904875
0.824617657812106
0.786818795525977
0.789696121206581
0.789059199976005
0.809099846124673
0.78607696950456
0.793964035066773
0.809380097764949
0.819816670764058
0.825432633520889
0.815998579993554
0.811556588689184
0.847349479399316
0.848791944945707
0.851766193332711
0.826332607824349
0.85225493821749
0.861985603603171
0.854702994408256
0.846277403180605
0.837967911083564
0.842495035727841
0.82755173016593
0.806689758046774
0.841172575353012
0.84659436868161
0.848259947780531
0.824009519775362
0.859889502226723
0.870695127687306
0.872894629398058
0.878728868893594
0.880223426806115
0.881306123544573
0.884000818332467
0.882888355462433
0.883943127806279
0.887965550316247
0.886668895936838
0.890089983541642
0.898617730303664
0.896416680866101
0.900184996318055
0.891969498308
0.889547375640478
0.889592801383666
0.889700648687533
0.887807200876324
0.886196161101838
0.887601631287173
0.88934270132517
0.894096012596787
0.90006501570712
0.899996904009896
0.895883966693139
0.891948743034761
0.892342754181301
0.889669402893597
0.88592376092144
0.880152418189512
0.874135015371852
0.869524076166141
0.864786961240279
0.858338114097193
0.857193712255225
0.857421955488003
0.859502492217352
0.857684061876849
0.859433841663935
0.850904371250506
0.854215059668198
0.850663454095673
0.847164724359967
0.842815573315951
0.842960150029376
0.847223647870372
0.846770058071619
0.8445642017709
0.835944699427313
0.817794813805111
0.837495314942049
0.841829749363961
0.840288243141518
0.857725019093581
0.864244669443415
0.860758366587762
0.870074004174184
0.86934209894168
0.872788267679858
0.866139294142762
0.863386364779121
0.858506713387308
0.852736562899208
0.850222762188923
0.836764144874401
0.83133991776711
0.832362214381463
0.843199763990798
0.853657844601852
0.860744369423849
0.864427992164431
0.871140559554133
0.874187255525889
0.873485389349626
0.8715930473727
0.870830461008963
0.868956634357243
0.8686533787643
0.868820415670075
0.868536130608606
0.869719677861099
0.869390175388688
0.874823431634721
0.862488621679215
0.868285144283977
0.869736613203603
0.869596221037806
0.866096391305698
0.865854193815177
0.866613421151279
0.86141650971791
0.859481841992477
0.858279447900282
0.858205922626885
0.857884990006849
0.855425893435606
0.853738714601742
0.849172086060206
0.848117073460866
0.848579391017157
0.847763427594714
0.847273201283472
0.847990932421124
0.847873793361384
0.846441347918158
0.842835603496964
0.839513213260977
0.838219818864551
0.834833987851704
0.83321753061266
0.830123548666486
0.827978071850881
0.829522429378035
0.826557381223779
0.825259379295259
0.823635929529791
0.811477899857377
0.808260281704482
0.811315470386383
0.813363612225729
0.815147248639197
0.808830624658716
0.808290954317364
0.806860400408784
0.805933181495065
0.809649332922511
0.811824173522835
0.807310904410599
0.803678115941616
0.807780304658146
0.804741921285738
0.809666916515578
0.809088297878323
0.80947926335373
0.800435537702462
0.803991607537887
0.812784012651883
0.814623426654074
0.79148444408744
0.805216981458043
0.789603896408371
0.787603958562401
0.781787779623382
0.791180704579002
0.785809607104272
0.791904567073153
0.791252993930402
0.780291539937251
0.786427727597808
0.797873367821148
0.801878835010858
0.700915814284184
0.783312221662923
0.787710076732169
0.784013699351916
0.808081093381062
0.817210740182776
0.824211403977832
0.823259990446916
0.821737388099607
0.83002281246711
0.831441650702136
0.845722432972847
0.838106889619205
0.817280118886773
0.823455999572981
0.82856762937604
0.797863417863546
0.806632918943107
0.80640231118994
0.807141866563427
0.834568126561203
0.829276534880222
0.831638277820408
0.859140861884552
0.853451476957753
0.859144807868514
0.851084167865654
0.868115967122201
0.873643879930725
0.863571455635204
0.843502579057432
0.83115540241639
0.856768222394385
0.861171445214596
0.811050954866616
0.841668284759583
0.852431659055905
0.856648001694073
0.859554520507047
0.872187257531274
0.876553978208016
0.881921398417083
0.88336405312732
0.880931093835164
0.880249147283648
0.884438510571927
0.883945466962744
0.884709798086577
0.891427349161287
0.892349635179288
0.893458971611228
0.894866937268554
0.900125907962363
0.898790985811666
0.896177724407471
0.895016352278421
0.900401202110845
0.896180401512338
0.895071574232743
0.894403994196173
0.892879549049988
0.890672094370341
0.893921094785266
0.895584390185444
0.894316629631124
0.89558471489366
0.892776465933121
0.891523188070325
0.891054979336326
0.890574578372204
0.882713943091185
0.87458210974655
0.870635415578615
0.865745410519285
0.861546179715345
0.860180381788423
0.854610800946933
0.861529218204654
0.858683075851083
0.861566976779309
0.85687683529321
0.855746210512143
0.849558561718065
0.845910512011729
0.842661286858043
0.845135555844161
0.846346524054759
0.845159383395538
0.84237593581279
0.84851208371285
0.803045008679001
0.830483378502321
0.830697208544785
0.846331023080955
0.85753492597903
0.855293836995781
0.861364620976654
0.867062051760447
0.867703675984564
0.875995136113688
0.833176542754494
0.849183147886095
0.852035961245659
0.852191683597862
0.851256504087772
0.837364953770067
0.834048879945743
0.847785467967479
0.857302102220904
0.864095959020335
0.86695514675371
0.868169732297407
0.868564153781648
0.87027178536506
0.871839954292011
0.872770794623591
0.871661562271993
0.871676177562977
0.873196828196231
0.876447025077462
0.87532354283261
0.875599145828996
0.873311589488456
0.873312757670052
0.870546903207589
0.873597349939402
0.872733561454833
0.868253825817716
0.864869790719812
0.865772288904372
0.866645410941147
0.865382306345838
0.862020495212619
0.859221736493818
0.858390081590146
0.859988671247456
0.857759020751652
0.854649807228247
0.851457330535502
0.849576298100087
0.847590621796461
0.847619137396443
0.848600395292856
0.848335105705967
0.847702489172802
0.845533184859298
0.842633652092119
0.838676648414771
0.836607915410793
0.835650858638129
0.834526055045433
0.829471143758558
0.827576338485846
0.828130123651577
0.827888858754398
0.827502012880439
0.82608346938989
0.812678538463938
0.810070435709795
0.814664029047238
0.810975959327579
0.812445689512109
0.808831656570272
0.809311399987461
0.811553746171951
0.809792511713709
0.806965450824432
0.811687620904212
0.80901035668951
0.806361525923797
0.806634776910159
0.802490012662214
0.808452786634365
0.807354989085368
0.800129097675281
0.788221850301383
0.793821636155791
0.802070873727216
0.805650313577959
0.804569736327688
0.798368218997541
0.788871769381157
0.804471680685986
0.804781756326794
0.805310943946882
0.807102305892818
0.789568277363414
0.781707477722574
0.789154347304144
0.782530127592166
0.782343970779506
0.771345751629852
0.622328645373848
0.822850689072877
0.822946283012548
0.820686162365055
0.808682264918342
0.826998131859116
0.825100265263764
0.823014055827503
0.816790359725675
0.826537024736073
0.828375378217297
0.845842692720313
0.844230636822017
0.844466353165295
0.840886862361383
0.837181422243375
0.833686198099668
0.821587008370547
0.81611593097586
0.823056484919763
0.83172012010768
0.834684708449546
0.82401595255024
0.872831532914353
0.861701922809571
0.85855598254017
0.872594104735851
0.874448245755604
0.87591219631945
0.869414232056642
0.876315436785222
0.881479911230654
0.876099786351071
0.878456829142823
0.834093372620089
0.837371705558551
0.858951182981041
0.863785292452569
0.858376680018653
0.864626094430918
0.870829197414262
0.883460134726871
0.884275953111773
0.880250228301345
0.882516085707899
0.88210067455322
0.88070396481262
0.88139453168843
0.885371746496276
0.891470746182079
0.895078377145744
0.897994127422654
0.89669001006612
0.899220820822251
0.892554300307438
0.893374982527574
0.895022406869659
0.89386541509014
0.895207471211128
0.89595383896033
0.89653027899962
0.894404987671867
0.893551237577752
0.89529388334157
0.894450285813352
0.892228204113181
0.891229325550682
0.890242351538191
0.889959376164364
0.887498270228738
0.878921485892174
0.871956996570238
0.870081054345511
0.862248179253779
0.863942557921625
0.863261582752693
0.85375623216049
0.852549315769135
0.863318323890688
0.864282954563363
0.861423062920915
0.855533766104577
0.845271227153332
0.844857515611206
0.846182974747117
0.846347320919982
0.847353695635484
0.84840410625118
0.839572739787705
0.848330502766743
0.83217837343605
0.834703936722673
0.840506408994017
0.848795456364658
0.848430818111336
0.85720675510908
0.857426455200276
0.862337096421034
0.863441250813776
0.868326487521172
0.857990069606075
0.867358912338614
0.865609103585187
0.864301872355504
0.863500112598683
0.861757231981201
0.86587906212444
0.869424101506064
0.869925235237967
0.869060774250433
0.867520376488271
0.867600861833311
0.867123504158048
0.868631979643797
0.869521775181897
0.871530233170329
0.873079877070778
0.874386590324754
0.877738086616952
0.881890211215651
0.879644774309444
0.878884592384015
0.866231206910497
0.869573453737979
0.8704984946759
0.874526278509119
0.872301054012007
0.866000371728481
0.862939236740461
0.862153318750967
0.859289945979525
0.859347907582417
0.858641181316773
0.857724878402622
0.854591762510857
0.855329942961164
0.853806601793292
0.852355433070998
0.851954955296414
0.850264586187091
0.849895820928141
0.849019239181279
0.847396898951406
0.845672739229496
0.842892013049972
0.841255469915962
0.838672045483435
0.836249681180534
0.835649262644431
0.834726906768486
0.831488678866228
0.831420137970264
0.830322555469476
0.827977604982259
0.828217881524464
0.827554532546958
0.826748816908692
0.817096445913553
0.815731080324487
0.815774709460165
0.815590222950447
0.809909893225773
0.805603570445289
0.815811436545633
0.821560247747953
0.816877216569394
0.819341016513263
0.820816604926533
0.814093924942813
0.802429384106775
0.805814574763921
0.805596630164831
0.813965519356984
0.795284283102063
0.791138625837769
0.782308198513419
0.783828883228671
0.794365641075174
0.794707418453016
0.804670119492578
0.790315928754594
0.802198101981336
0.808013398847829
0.812827603320473
0.809153085666737
0.806600244776574
0.795246121179955
0.801076345514144
0.804076693335928
0.800988807767925
0.793832406012143
0.799664360313058
0.789732734635742
0.851849550815527
0.833588177560307
0.83543707222807
0.832823453468589
0.82685720324591
0.823882773452136
0.823134705553191
0.822241307815415
0.832536556583668
0.838324952366136
0.851861620427218
0.854234559595904
0.850768804803421
0.844879482433558
0.821657964497667
0.828722428329126
0.824339409635314
0.821098210806921
0.835527551626472
0.840420228960376
0.838944819827091
0.847393745341342
0.870173804497635
0.875351573656059
0.878858176609276
0.881456887687173
0.870930684640766
0.879015236500425
0.870453563178644
0.876190661321579
0.881802580832188
0.880385112578819
0.887834445889944
0.855505788550432
0.856638408948966
0.869616145185252
0.877912261156223
0.869562211380428
0.862796115046897
0.86983741189741
0.889298649805892
0.889282425638727
0.881132523549737
0.879778907868321
0.878046277240889
0.875910333437765
0.875821473707094
0.870886001164006
0.884633994290965
0.885564619324392
0.892581527143939
0.892379990883393
0.890624624730466
0.889954907768667
0.883862983801568
0.889122608626456
0.886055790073687
0.881313559384489
0.881956397187015
0.887830792223746
0.889661245137042
0.890254103617131
0.89091435357376
0.888711833025662
0.887532762485864
0.887807242983175
0.887039982727447
0.890531916856522
0.885645874908674
0.878057699663301
0.870236415027964
0.867453975690575
0.861316489206933
0.86581665704852
0.864536768605983
0.863816850435538
0.860219544596051
0.86417541736409
0.862594629407286
0.863907518259035
0.859033564750504
0.851195074808909
0.847492628733742
0.844672667648157
0.842932865729492
0.838213366375324
0.836377831815094
0.840614889415227
0.848864193976109
0.850083635741453
0.851425153409114
0.858296186526828
0.852007100954283
0.853049968526374
0.860647863585972
0.858402019705835
0.86383111113312
0.869261783929152
0.870689307911635
0.868191864960811
0.869387544418478
0.871022426220179
0.866865718442643
0.869082782646307
0.869794282805916
0.872147247320834
0.874032279506995
0.872617791518521
0.871653920380472
0.869960414472026
0.86772508834019
0.866409763258579
0.867249616921199
0.869351455557789
0.871523660868604
0.873583036392177
0.875615360120794
0.875998326967979
0.878724587084601
0.871101256546633
0.870384152691426
0.862446191753682
0.864129110831529
0.865708036065791
0.868652022366152
0.866755364150645
0.867357081111175
0.866083326826264
0.862708927933301
0.8618821155258
0.860908898337898
0.855695167582141
0.85257553521734
0.850916756362595
0.8504597158809
0.849430715259311
0.848447487619332
0.84816710377127
0.84689032249763
0.845429410337232
0.845297572420479
0.844126894216654
0.841121552663153
0.838490257379528
0.83799619229489
0.835417090783104
0.83261237396785
0.833068576983143
0.831688240774011
0.828805154473198
0.830341463113789
0.826809345563143
0.826365911366807
0.829472826063024
0.828963570957261
0.827561751683879
0.823550074059778
0.824821155674241
0.823385211374453
0.816661362734456
0.805722906550718
0.796450990648269
0.81653294434866
0.827671467529839
0.817728277139079
0.835284941412739
0.835133096041072
0.830549253517354
0.819866259956441
0.813593322441932
0.808454937267807
0.816473488257827
0.795613611308121
0.816169527153626
0.812032111463947
0.798327617941998
0.812655456729952
0.809744487432261
0.811794996112506
0.815668282297912
0.816833812837631
0.815562160827768
0.813679139968901
0.807072870557503
0.803150852111859
0.807170190503069
0.808703532328294
0.812034068752363
0.818609954421352
0.829011455270008
0.832852526346496
0.835390056424382
0.829571382079879
0.811409481943661
0.817388446928016
0.815920977377428
0.806499426720186
0.805013179293267
0.806732528317391
0.813353814795746
0.821567513779233
0.828568503358783
0.850081834825702
0.856452522422166
0.860406042133443
0.856661008133113
0.849815669519638
0.840504514324284
0.837990344425007
0.834326881565502
0.842537018258424
0.84031660867439
0.84079013672602
0.843485305094759
0.859341738664721
0.869717393510456
0.876450431436968
0.870879509705787
0.87214047275366
0.874354722676599
0.882762909779851
0.889862045921032
0.893299013910121
0.896046851185108
0.901765354411035
0.897467382502426
0.896148221890097
0.895707313281792
0.88664970968304
0.877347653422982
0.858019260788048
0.871544910766569
0.884301897335733
0.890627848594296
0.853740529887279
0.866000772498789
0.865676159133347
0.868845277424467
0.873219472596478
0.853330806816075
0.879100362311166
0.886333937180007
0.891910932176439
0.890981273687928
0.887891882059331
0.8862124295864
0.88130160844493
0.870615400014486
0.877820633252027
0.870651982261204
0.870402495015827
0.872362269760697
0.878227747265423
0.884053506884265
0.885578243208076
0.885304947572172
0.886430076394837
0.888413062342386
0.889544201258659
0.891451043707038
0.883598331955976
0.874388018060023
0.867377454954523
0.860091389451626
0.857491454055024
0.861558192127497
0.861117815326175
0.866907971900673
0.861570044674758
0.862677524407037
0.852039329937742
0.86421150626845
0.862202568684635
0.859615227132596
0.864646628183354
0.87098583803703
0.851865621842279
0.860585339560265
0.852565870661066
0.858649715372357
0.862975543520433
0.868982130343333
0.86373394576755
0.850771799985957
0.858176564805754
0.86536950863145
0.863593225746622
0.865840446201484
0.877464952578152
0.871470578666423
0.866876756662541
0.872187120453993
0.873734480712093
0.879311416923289
0.880928896459592
0.879819765962602
0.880134630610888
0.881991681398028
0.880875782764463
0.878040505244118
0.878162000172581
0.875660303939729
0.873509069662407
0.86950245563546
0.868615665813965
0.86909615797575
0.871411658287083
0.873061369069221
0.874874136255427
0.875239423947736
0.876803240898371
0.874593387608907
0.874448039202901
0.864642543755047
0.866540767848272
0.866970167842045
0.868328182084598
0.866489017403597
0.864005650803841
0.86127555809009
0.858836020381816
0.860593640594644
0.861156878551123
0.857285215525789
0.853045519046384
0.850809280743959
0.847022964885667
0.848491341274011
0.846851728749301
0.843195963349185
0.843173973106532
0.841364604465402
0.840078070215728
0.840801737665955
0.839038434090635
0.838421954872953
0.838702652060486
0.83601094744207
0.835789660373984
0.83360509069417
0.829023594150654
0.828916589613626
0.830114877367639
0.829223908823165
0.828997681602691
0.827866781099436
0.825594299353609
0.824631206898293
0.821260847090339
0.820630873124119
0.82043224355778
0.813819567564731
0.80603004252022
0.803868573883643
0.813801613061638
0.822526179691322
0.832512607752533
0.839200442035878
0.835420067584969
0.831536450772878
0.821096521810751
0.821632687568469
0.81924872993201
0.821930070567572
0.821353765639162
0.825843434856837
0.823667508639181
0.821032846577698
0.818503263534343
0.799903534413843
0.815891744640484
0.821803091221113
0.82208851620764
0.816585117340234
0.811172464071765
0.804414783143997
0.796738011900025
0.794022845763193
0.79535747372689
0.822344432796809
0.828238675423907
0.83751492353607
0.83715431450385
0.835491144021502
0.828349348866938
0.815323225094682
0.811959989888959
0.819634856808039
0.811821468411881
0.808616361401735
0.808047722101221
0.810576706015227
0.819011235831903
0.826297527298419
0.844412096649662
0.854775543140838
0.856258377170596
0.857771411691016
0.858485932600403
0.850003381426102
0.842145750774852
0.836541855120135
0.820254300101761
0.829025209870242
0.825615227505996
0.832389963540876
0.844112500457043
0.854240455806266
0.866662362210567
0.872901927385136
0.876519978262836
0.876426908195162
0.886690150961277
0.891755079230961
0.895714497070311
0.903675752489138
0.909611528415448
0.906076245177644
0.900658298366091
0.896296138526794
0.884505516889069
0.885353510595962
0.873935296622941
0.878851678087681
0.888718766859857
0.888139274613754
0.855466213883332
0.86379847809608
0.868011103591454
0.866343219129634
0.868794970403209
0.851277083102338
0.864059767630071
0.865827581595072
0.870705777993717
0.88312183361321
0.882631791364593
0.881745235184103
0.878369438912594
0.864123366423704
0.874788594270361
0.873626950314659
0.862600485283997
0.854531680178009
0.87409691197617
0.880389411051031
0.885228783122575
0.884664470140269
0.882901465197293
0.880440459320652
0.885210046865576
0.88643650915938
0.879267395949363
0.872597742485731
0.867451839175593
0.863345000636698
0.857950527137469
0.858013528661743
0.861100784207573
0.866058380931628
0.860259207042056
0.869820599958556
0.854961013740065
0.848377830045225
0.851615320395617
0.852610885233688
0.857931904735074
0.850044460426391
0.845616830327663
0.845607803938121
0.847605490762872
0.839353586202428
0.8404540796113
0.863315580726281
0.846282859902012
0.856180980424029
0.833876671661086
0.857009938425456
0.865874669270157
0.8752345019827
0.88658816124652
0.886426650536286
0.881759264749001
0.88103268032933
0.884574394154253
0.881063520376312
0.877640760839887
0.878147820437243
0.877467052492204
0.877459104206006
0.878963653765633
0.875948920898265
0.878310311218362
0.875418553646979
0.870625737931848
0.863602149471084
0.863878488161863
0.864630154315721
0.866569791796496
0.867822797629331
0.870742604624532
0.872787026221299
0.882797877738729
0.866271365957129
0.867948204629139
0.863563218999646
0.868590942493
0.868654538454695
0.868540455548437
0.867482830806218
0.865319002992731
0.858634365909732
0.858940327499064
0.859669863298915
0.859317148676325
0.853940104397401
0.845345442901463
0.850148240837171
0.846214261979984
0.846128029109882
0.843883247636248
0.840121718147239
0.839081539622502
0.839939113006124
0.84054099351938
0.841210226981403
0.839768495862293
0.837590838594217
0.836012111643644
0.835120484485098
0.833931821343805
0.831084587174896
0.827976431493288
0.828820000796431
0.829703953294336
0.828703127419764
0.827418786690946
0.826081552389869
0.823664825783451
0.819809011106678
0.819714987747289
0.820660524599613
0.819926983170188
0.814287649516892
0.812227835447091
0.808655536292686
0.803131798486585
0.807659648169189
0.821978995097651
0.833443062661854
0.834724281369673
0.833824879321369
0.836579530618841
0.827864024907129
0.82621850009475
0.831404203977733
0.82744505468565
0.827684007173721
0.825464941903063
0.829364704552556
0.830022570683965
0.820391708452951
0.821376440211978
0.826493788376447
0.825276381571918
0.828409331734383
0.821437332170738
0.817614021600893
0.815113458453043
0.815431121182773
0.818522283293836
0.815217916957223
0.840012469884787
0.841346589051081
0.846035236986567
0.846976131242435
0.842871879304074
0.837986038994022
0.839898527705674
0.836441715222102
0.827190539553947
0.818685654607469
0.8194195220107
0.821449940992526
0.829092197899647
0.835268863730065
0.845789273556917
0.854112951165634
0.859016379334126
0.857679045627649
0.86366125875813
0.858405841584471
0.851324691034662
0.846344912720827
0.840570501481947
0.839493008700383
0.839846069462391
0.843188325232639
0.850320142135965
0.856996468910613
0.865473042997878
0.871344579657683
0.875429864278988
0.883312355402822
0.891338317531943
0.892504350577116
0.897197018193592
0.892613897185471
0.908739234933134
0.910542268787632
0.912435332789858
0.912764755403858
0.893755567288091
0.891634314533692
0.868001922976326
0.872483226438531
0.883424344049001
0.883767122988574
0.880068523985454
0.879645644894719
0.876872376393702
0.866720375463233
0.853306627646198
0.844492834946876
0.862786294068881
0.862636282434101
0.860768039794993
0.859616624003518
0.873399989581403
0.873781753485133
0.872876597533602
0.863613408240104
0.864742954839934
0.8511249883688
0.865282012246088
0.858231520981207
0.861330915227543
0.857844342212077
0.877918731055905
0.873034424309957
0.873943718349264
0.873322994029188
0.879514210145219
0.883478548085558
0.879271410661338
0.877690776626546
0.871080283086308
0.864061207283463
0.861152407403034
0.860316270610836
0.859283947112533
0.861040072692714
0.861955456170727
0.868275864467645
0.861707250611331
0.865583393897781
0.860535207293218
0.855909773057963
0.857684567367698
0.862895948792308
0.861575386319711
0.848929097416859
0.845274359347441
0.855329443200459
0.877531280463915
0.851545030411988
0.855519475143675
0.847475872257808
0.854626253941064
0.861147327496632
0.867951768219637
0.872834150116267
0.888431653248447
0.884920141208847
0.887934665232934
0.891069999581426
0.890024853538508
0.883133491037052
0.87731748610086
0.875141788414872
0.876025618671203
0.87782136754134
0.87692071816454
0.874910255974287
0.870096303444736
0.86291513801254
0.862012117498298
0.862180176793787
0.862911921157602
0.863220418412631
0.863230425389013
0.867012460551659
0.868052977919833
0.870954336815071
0.876021229339419
0.871197980293456
0.873039957853609
0.869360448168718
0.871687936444071
0.870155888830315
0.868536752338118
0.867363215949668
0.864565554130321
0.860520447626371
0.856438758125304
0.855217117710832
0.853916618284196
0.844973959937924
0.848628163946455
0.846139461632992
0.838232798520609
0.841079723226684
0.839011989383688
0.835449075364003
0.835848549910369
0.837490916063617
0.843561029394272
0.840698437446666
0.838971500051932
0.836990545059892
0.834839030235016
0.833446072519597
0.828308832995529
0.825238924654959
0.816590897587978
0.818520967122431
0.823476131056304
0.82397803239188
0.822690218748301
0.823241913936038
0.820785232253088
0.81937012222234
0.818934631677678
0.820306484551803
0.816968029366377
0.814931499152206
0.811785466927837
0.812328885302628
0.805337274503999
0.801674510351793
0.807415580353114
0.825263671246607
0.833331883096378
0.838004300960734
0.840492653548223
0.83923080243831
0.830963689366641
0.83302209331801
0.839116756895027
0.8390010875565
0.832748745553368
0.833615863656653
0.836022169074276
0.829420912751438
0.822867161183189
0.822434474825345
0.812585624929179
0.839298122493227
0.832569649939015
0.832466999065008
0.831407319063205
0.828795352297652
0.828285919639409
0.8157906622709
0.845105080110723
0.844874459974124
0.854145940564093
0.849445883258578
0.850305075926515
0.845638065712047
0.840250948355479
0.838838077863878
0.834868061609877
0.830489987123504
0.824811259457363
0.829711984104095
0.841026112601651
0.843912500254881
0.855347608822296
0.856124138880186
0.852786642008882
0.846352570792835
0.854682792935943
0.847477820756026
0.848943473786811
0.84863364731236
0.85012858516138
0.854769473719769
0.851918040698116
0.854751693090966
0.859081812199799
0.861789039697967
0.867432470458303
0.871911763858372
0.876171655754553
0.883592804519899
0.889458059771613
0.893510041840928
0.892869619387483
0.890923548091373
0.901623242584879
0.906420893472164
0.901103066509008
0.898123992404598
0.887645081823921
0.891118579512174
0.886438464470442
0.875667841727722
0.879522871067968
0.883795667749787
0.885873579149924
0.883170917315293
0.875774619292932
0.85935631324878
0.834839511957705
0.847618403531492
0.845996058678657
0.858490399244727
0.852991008263104
0.844780902216195
0.84913471897287
0.859937497233367
0.856566028888742
0.858710914519375
0.854312747640659
0.850398670269183
0.86257005527205
0.858206721453527
0.860744202025685
0.856286486150546
0.871343095320298
0.866872089069669
0.865182872879032
0.866188553996517
0.862720655717343
0.878527219178489
0.876945956627345
0.872735763675218
0.866101045924393
0.863475408331843
0.858315668248235
0.857128852586472
0.854528454675676
0.856873002643808
0.852779237799403
0.861970809773592
0.866436742111457
0.847097876578248
0.831126338718349
0.837873283595155
0.841942280122287
0.850431606615161
0.863814589224103
0.855895126314865
0.852600058831381
0.870782389693903
0.874816834803008
0.864009775593596
0.851503794182274
0.853806263112844
0.849544320050361
0.858903900258659
0.864490603565772
0.873705884833499
0.886173807405149
0.895708832526969
0.898027396595961
0.893153694364539
0.885131374867206
0.872462544029746
0.869731853473018
0.869267154174043
0.868646850158972
0.869168110184422
0.866746967192985
0.863751555714039
0.862820484214779
0.86532383809141
0.867012063335036
0.867244188452239
0.86766699888355
0.867998496367599
0.868838291457286
0.869877916382491
0.871431099731169
0.87155852821163
0.873047928287728
0.870749586010795
0.870991389457474
0.87134709067666
0.872514966064693
0.867958191377124
0.865354884024691
0.865939329402725
0.865854185182025
0.860581418186981
0.854666975280057
0.852273565388717
0.850440558063089
0.844789990200011
0.8474664560177
0.840695904384
0.836155179928067
0.838591178582438
0.839032794475975
0.837808385231662
0.836041888026745
0.835213350573333
0.83783512598436
0.83809610130685
0.835828722380405
0.835850960404282
0.833105316876042
0.826629433322625
0.8173792922045
0.790544166098392
0.81212406302208
0.815331223283318
0.818272200707064
0.815638214490704
0.820206194377709
0.82189920201415
0.822134732544551
0.820238350068861
0.818149528260726
0.819525237007875
0.81706365326346
0.8163143232842
0.811758234904653
0.811845185484298
0.810557820603936
0.808350046821373
0.808550852723518
0.812076868102592
0.828772093561118
0.836266945948997
0.836786566327367
0.834644785880618
0.832448573897621
0.825374744086507
0.825975465609019
0.831526647300319
0.824819556922345
0.824525462308701
0.828055880313692
0.830665783650771
0.819300583399001
0.827860177489882
0.827214226179061
0.840230752521833
0.84258654235603
0.842148084776299
0.841642332472363
0.840316848672181
0.83949564599734
0.828814585046064
0.830084671589228
0.816931974620287
0.858554414841877
0.848531836833246
0.855775646845437
0.846722481200764
0.83536016101532
0.839331699913948
0.846350862887195
0.849092937583979
0.845594889974965
0.841587151898974
0.855922212925528
0.852547364236688
0.854789197934424
0.854284132620185
0.839835593335501
0.819269676565534
0.827409756818872
0.806674028703354
0.83623146756224
0.85087495746686
0.856938265733718
0.855020619461872
0.848412404060665
0.850621371646926
0.853408994639627
0.853963464335058
0.850880633106814
0.84704960765072
0.86612101043443
0.874374429258976
0.88265161571278
0.886497231765417
0.8924875916741
0.892280969771947
0.898350926634423
0.896721517777369
0.901487780747595
0.898540015095013
0.897549720728725
0.895663195565416
0.899476738803203
0.883666212993357
0.88793868177289
0.881008161451977
0.877929187032589
0.873592021711466
0.866150079691172
0.851513561043372
0.841244967850132
0.846917750821066
0.843420695638965
0.849284551305235
0.842276680421812
0.848980921676384
0.838529721908472
0.854739853224592
0.847289782137056
0.843038737746284
0.854697173755743
0.842129649072992
0.853169147004537
0.845193856463805
0.860868332484065
0.861794462209551
0.860417708945291
0.856067345848696
0.852897878897293
0.838243052262755
0.845490216229905
0.860224863969483
0.869212089176464
0.866430252301651
0.862418777878207
0.861369840164982
0.85612008187194
0.854553815823024
0.857440362525952
0.858920046757874
0.858168223345676
0.864243044065004
0.867148831217681
0.863498600687264
0.860276516011767
0.85442464995161
0.853924703189703
0.86148886881665
0.869013221806945
0.860826467566979
0.885459988772467
0.88556320483126
0.875292530483435
0.862239198206125
0.86363220447098
0.86340662938867
0.86294755601521
0.865525928700262
0.874855831180938
0.882610900280741
0.88669228993564
0.8874019603268
0.873796435518354
0.868385839896001
0.863132817542887
0.855201827173964
0.859862975159681
0.861314436460148
0.861992721193026
0.863546250398727
0.863872747462823
0.864011266181717
0.863919761993674
0.86530726281884
0.865649557752223
0.86432119928156
0.863245879372604
0.864247782778375
0.866202540919034
0.867702402669308
0.867709683216518
0.867186860082757
0.868523441417355
0.870336370569468
0.873667482125983
0.870918100855667
0.873780961801201
0.86900074932323
0.864111858837064
0.866258692200082
0.865299158614786
0.859368981402329
0.854588470336676
0.851050380301247
0.846513742789747
0.851434112019962
0.843881907485474
0.836428088969689
0.835910669587565
0.836719856920396
0.83715002853891
0.836166258083739
0.834285288618872
0.832188421285304
0.83287419557431
0.835310623762997
0.832682182859103
0.831613174521678
0.82892863693592
0.823354277382548
0.818606434359594
0.817336868359991
0.820220719362767
0.825022521109774
0.825248210079524
0.827467047892684
0.828557561517095
0.827351262171321
0.824772546526491
0.825336409929564
0.823656711829737
0.823014045167921
0.822521226574583
0.813943499948092
0.809917299746635
0.815293373859115
0.817561484489447
0.811835350440913
0.813791052802389
0.81310761643955
0.82373797505088
0.833705650422765
0.837128654594349
0.834745154229146
0.830766895740019
0.830696745171311
0.829046318850415
0.824904352185721
0.818672931107065
0.820613050876492
0.82531726879062
0.833870578860275
0.805115291504138
0.815530110352432
0.815964521224588
0.828026038219166
0.832176021128062
0.837576938336184
0.840464000123133
0.839044721727825
0.839988132570013
0.837281982950198
0.839110821130966
0.833942614947056
0.847503922452755
0.834231796550151
0.839431313032663
0.83738642122679
0.830935468905422
0.842442521987568
0.853905229417807
0.84673366865609
0.844657835460054
0.844522034729748
0.867287016537577
0.861833111280134
0.836897994270121
0.821831734569314
0.793384768639478
0.789085941623115
0.799335328286513
0.81251215296953
0.846571357380985
0.857546787285859
0.861114717652647
0.860173775394566
0.854183124752004
0.856269492583318
0.860211361278027
0.864249902861753
0.861786660140658
0.863637562788142
0.873308972677671
0.875243349676909
0.878035584911538
0.877893082102354
0.879487687991389
0.876996741826054
0.876469246936068
0.88293951685733
0.888977643671841
0.884564133371676
0.88188644066963
0.884154407991685
0.886961644760149
0.885195390187075
0.889339495247799
0.877682875927639
0.870362072274838
0.864155520502016
0.865605011770018
0.864363403421243
0.856980144931255
0.849059145326347
0.844770107649709
0.842024720750041
0.837483365914182
0.837865521994915
0.834698524394455
0.848204367021892
0.840938069329682
0.839398527581322
0.846135680717935
0.852189464194023
0.852908194097954
0.849048974439201
0.842434183062007
0.849839648795343
0.867986065104189
0.858552475864652
0.860768833834035
0.848923645536295
0.84365953774366
0.848916603852863
0.859574124238512
0.861692354492008
0.86170419799176
0.859451086004372
0.857303766621695
0.853568106777986
0.858516249762926
0.864513004410255
0.873161661740061
0.879250874885274
0.883106360868293
0.881624140299559
0.872801676046268
0.863478186496552
0.86441596969941
0.846927938079524
0.869657652618233
0.868067421038515
0.877580582847388
0.872249532801872
0.867628553067058
0.864031945786186
0.85799857351797
0.867273246592339
0.866644541737736
0.868580924064134
0.869088056137367
0.867251362816705
0.862069506823233
0.860006915732205
0.85153694345858
0.852577979655597
0.857110326377666
0.857705464146881
0.862603000196161
0.864691463872047
0.865115041987059
0.866623762802372
0.866895023977303
0.866523939549536
0.867784445441406
0.869307944488171
0.867487021045336
0.865085510007624
0.863813175689182
0.863660919024293
0.864013582546383
0.866743463142257
0.864159190208436
0.864289881329981
0.866868027643411
0.870620197930344
0.871672262137558
0.870851601505968
0.873520498351849
0.870385746995112
0.863987438312002
0.865878324187593
0.860879412594106
0.856168177165596
0.852073507583132
0.848084344228482
0.844291448438076
0.849520101110346
0.842610472100443
0.838657911102638
0.838979852832679
0.836273839458373
0.834799337070678
0.831674822880312
0.831232191665867
0.83140106734812
0.832897211580897
0.836388114363653
0.834263444471443
0.831380050687093
0.830447882514082
0.828137535635489
0.825965255794617
0.821057901018876
0.822271174317
0.821509217240878
0.820022781618072
0.822049279562855
0.825441748701802
0.825901568160502
0.82677962346729
0.829300133870795
0.826583829315612
0.825474631238081
0.825187925632568
0.826271133967482
0.822805096715648
0.824282805818958
0.823287099443441
0.821513675579104
0.821129432223699
0.819190258634465
0.821774414380458
0.830394055064307
0.837628756138141
0.843144796782556
0.848330388954064
0.849625097281374
0.844510797914614
0.834014409735285
0.82035341233802
0.797989739756758
0.681536221010112
0.830170264083078
0.809417945709343
0.808970450568645
0.812606466119953
0.825068731320127
0.82877375768028
0.83299808564867
0.833930561891486
0.835783370263802
0.838404046651326
0.833213939979757
0.831210234321793
0.825335712514752
0.826858332599468
0.820470338425132
0.822812016326397
0.803775993817974
0.834908762296868
0.838945800015828
0.844793719345091
0.837499202452255
0.830911466795407
0.827653934068065
0.85796787026942
0.877544740475458
0.839660094703809
0.751688170391922
0.620628144629968
0.562693470006389
0.472765828890555
0.787639766071877
0.82596175576622
0.85365123390413
0.855807665472518
0.856113453482916
0.846460054911271
0.855076081990814
0.85497857299804
0.857561393098487
0.860178707094276
0.861923078347738
0.865098029509853
0.865859791197997
0.868395467463628
0.868289092685383
0.87103907747283
0.869180979469901
0.866051609155263
0.869655507198397
0.875532566913761
0.877054764517278
0.875528182240438
0.876792944537199
0.871877608142278
0.881542961123979
0.883027312647176
0.874244156071974
0.861898173864655
0.839903476859142
0.84617199986371
0.851210979585987
0.853686710699302
0.854342359536868
0.855645462080012
0.855012581931478
0.856064471714134
0.854616760970702
0.839406102673441
0.85157146500003
0.861010063171024
0.856355435310324
0.853056034479792
0.853234357500841
0.854769362017402
0.84494471811397
0.850195592879845
0.856797734477106
0.863818329096329
0.863931350605106
0.862900991309947
0.85836756885145
0.853850264816149
0.850078279048818
0.853631599132711
0.860995869028182
0.862005699567238
0.862477863265638
0.85967890639995
0.85693668883633
0.858537415126098
0.863314056738457
0.877019337848303
0.885962116714205
0.887016068061966
0.884648365107274
0.883306985753859
0.870404777147316
0.872396216205544
0.873538613544488
0.879072732257935
0.880694768176483
0.881049723309517
0.879752570952491
0.87838122103298
0.879096904074736
0.875019112925413
0.871866969855414
0.870977288531579
0.87209809812838
0.875002727124046
0.872337054974258
0.8702416861617
0.868535232661586
0.867059018788887
0.865471989262818
0.865065528947004
0.866697630033569
0.867169205666757
0.866104196796123
0.866187050862238
0.86760450006821
0.86706548745036
0.866236321737774
0.866670404963631
0.865719969548672
0.866287083250256
0.863756351908263
0.86642279584947
0.86526827581266
0.866890389123334
0.86509803095885
0.863013623333284
0.863057889475308
0.866656056457674
0.868777776080209
0.870169037306422
0.86874134256432
0.870508489403242
0.868932905735858
0.865229792424386
0.861532864853479
0.858810733924589
0.852624772706166
0.84880910362131
0.845885591421273
0.84047156495433
0.845901536528024
0.842772012841572
0.84066469242311
0.836967717330784
0.833897222866721
0.827770499286548
0.823004413181865
0.825303823267716
0.825136155547691
0.830541540919671
0.830743778873755
0.832844619379333
0.836918573882924
0.833419046703371
0.830931146549808
0.827905191341237
0.824791482235707
0.823817084504661
0.823460555359807
0.819134149220873
0.821100271599048
0.821393028874039
0.822678321032008
0.82648464359216
0.828613081570709
0.828613071766386
0.83137532771907
0.829785801170646
0.818419706038653
0.815438978581442
0.811867837040975
0.811288802338638
0.814108451148798
0.818573371793451
0.819902454365444
0.820265932380813
0.82447186064729
0.826982248102538
0.843660481291456
0.854871533800565
0.849874401860658
0.84351125199492
0.809646894636995
0.716036956535654
0.414959504456378
0.746079423170618
0.813454878657998
0.821261735353661
0.825066019216946
0.822591668432009
0.82573505289713
0.824983821897776
0.824277852373741
0.828135162849725
0.831122239098326
0.83479534862189
0.8337377168276
0.831600119691652
0.826468106965949
0.824991555440411
0.829037923767776
0.833293653832811
0.831675895384928
0.837180432283157
0.836019788857267
0.840773621908725
0.843467234053516
0.842599566959069
0.848828524691366
0.856402648978124
0.866338342987582
0.882874233079412
0.858804631903909
0.595930846376968
0.0834775106769546
0.038041269493998
0.627816767263619
0.765039708800724
0.831619007471079
0.847088186715674
0.836255809594446
0.806858210901385
0.847372548960355
0.846494318772298
0.852548152838433
0.851031061126748
0.853741207177855
0.857433623116603
0.855633393979276
0.858207904246869
0.854955702703606
0.86167459690996
0.8661079962981
0.866240031263691
0.867013932451506
0.869748679647252
0.8711379438765
0.874356902051087
0.876496162656087
0.877450089728241
0.880672750428752
0.877940411656364
0.875873013097627
0.871273179633957
0.839981519242414
0.835515316815749
0.837590966210058
0.848776547131191
0.849611683590059
0.854555524080807
0.856028170722329
0.855608112534539
0.855824010944611
0.85766930292656
0.859119116380625
0.86097248838366
0.856089454510056
0.849757864128659
0.845236958757272
0.840502731419619
0.836900996870606
0.842826001367158
0.854068881395379
0.85581167802264
0.859572216551985
0.862132181960526
0.860618018427429
0.856144144568462
0.853112511715022
0.851523650742307
0.856277833360674
0.86163483902225
0.867014964056366
0.869131639524294
0.870476050225395
0.871660106105459
0.870851921873174
0.873765680591077
0.876596520361839
0.87881134022695
0.863107297862148
0.87145885993294
0.863775724657643
0.872421263439518
0.872465917403258
0.869484936826532
0.871637526256214
0.866810994925798
0.867679433434621
0.872329057247981
0.873827164123745
0.873339589637671
0.87087192887903
0.86755638917632
0.866266374730543
0.864097049813382
0.861068269029803
0.859453560827207
0.859113787518937
0.862546976874741
0.864245661454713
0.864643250144051
0.866178678035996
0.866329069475626
0.867461501117592
0.869858347459144
0.871594719189315
0.870873303633113
0.868133121506068
0.866402186976551
0.863681638916514
0.863380047230349
0.863500501586319
0.864733939096629
0.865144523146798
0.865340059414411
0.862463744869581
0.861417892780536
0.862145864452871
0.862598572264382
0.863403156497442
0.864973259800805
0.866531029349204
0.86871444385277
0.867159834506227
0.864015341457614
0.862655733624377
0.858328356270849
0.85093011478993
0.847024251243022
0.843997461902579
0.841725208559562
0.841975034493242
0.840965065549508
0.83752912742983
0.834491403096914
0.832684684810936
0.825142768879356
0.818444489459396
0.820561681118603
0.819920028755138
0.823910718628473
0.822562698668432
0.825331216239991
0.827142152208231
0.827770881038116
0.829167056097224
0.829972834324836
0.829139993183835
0.828475164755011
0.82744734401001
0.822507101240803
0.822818190828399
0.822344309105573
0.825728272333563
0.827029695962528
0.825995874816514
0.827293232441481
0.825285448264817
0.8211206717471
0.823201469364297
0.818940302216378
0.816039184919778
0.81538500748724
0.81833450124969
0.820549662740096
0.820785874471823
0.821120837406535
0.822722490319751
0.824043819653027
0.827367443367886
0.831038323256522
0.824698462555559
0.826190690123955
0.828756359257985
0.822133075947852
0.820147694645448
0.819933407927142
0.82417460162143
0.824756343502877
0.828101613348389
0.829489389913109
0.834058423769978
0.827750306745704
0.825906830356543
0.828701982553824
0.833212117113382
0.831685060736247
0.830405886755818
0.828295399277989
0.821977122215269
0.81952073486933
0.823603102873186
0.827253207912345
0.829697127858989
0.830321340639727
0.833678614487961
0.835905533770103
0.836266453610569
0.836561172056593
0.839663893704633
0.840022508704486
0.841999393632011
0.849855652741092
0.854117574275459
0.856381877075872
0.870386717283731
0.798408788503342
0.865068214401098
0.864181012860602
0.856166104500848
0.854554790620556
0.814412301470736
0.847182972290613
0.853551887110009
0.85718992345711
0.862650974833208
0.858566721337871
0.857337061819297
0.860965927307686
0.857666646340933
0.858717475335219
0.841120730909362
0.846688375777727
0.857740857764559
0.862919148679745
0.864974140436306
0.86544768765519
0.865609345080982
0.868255478865927
0.870105880951117
0.873643442756013
0.874895028337143
0.876299776679224
0.876264339112331
0.871304372212297
0.859282521162362
0.853612913213286
0.848653526236802
0.848163150431017
0.850566694353421
0.853310273254977
0.854201971722799
0.856049293460502
0.853752449871483
0.853748104181175
0.854236470960118
0.85569175264532
0.85288976078471
0.851382974651688
0.853950014716529
0.854562888029444
0.854191892647277
0.854515903143473
0.856658839488729
0.857878810685649
0.862444420190466
0.863337860688975
0.86524524810633
0.865456114229483
0.860632304736087
0.856102941262655
0.852713677616194
0.852020779737574
0.852153976125508
0.854337072511948
0.856484754908006
0.862934365829717
0.865545682052564
0.867964082686538
0.870232127799088
0.875647657974074
0.874883923139459
0.875077749223973
0.871732776506998
0.870315375203638
0.869249533973131
0.869183202254321
0.871308318761703
0.873735320494821
0.874824390334912
0.875397467447459
0.872782958089477
0.868855330144392
0.864288554363694
0.861218092757271
0.860176540987424
0.861878253724848
0.864773141447861
0.865974296646136
0.867036265700832
0.868398542845274
0.869322569785556
0.869295084972785
0.870113319498466
0.870555114278975
0.87077287697612
0.871686546810924
0.872365780197979
0.871417907025473
0.868676417325184
0.865988518523169
0.865362699061013
0.863546038405976
0.861814408570142
0.862592120354859
0.861210560247801
0.862665253280694
0.861836734505483
0.861276821970405
0.865862306725112
0.865788914894508
0.866036407008532
0.86537972267068
0.866599799898334
0.867017001522946
0.865460394766001
0.863887139418679
0.860143546456385
0.855674459197326
0.848036521940171
0.845202011074434
0.84557079227983
0.841811102948027
0.839801679132472
0.836599608025972
0.829781782089305
0.83134962630979
0.830651293125241
0.824569300620483
0.821378412680416
0.821824106040343
0.820492268294407
0.82530955112264
0.823364950094042
0.822039055781627
0.823029865306615
0.824278685221535
0.828743032952793
0.834638417006003
0.833490057628764
0.825547119141073
0.824563755592625
0.823960095503118
0.824751735165358
0.827582790665254
0.829480105129921
0.829021161335427
0.830321931462938
0.830530391729449
0.829442907946569
0.826227457929913
0.824541432254232
0.823520328641414
0.825801384309014
0.82566211731544
0.825496147073359
0.825645384510558
0.826607180760368
0.82529705652829
0.822854185778976
0.823938576985279
0.829510021217735
0.831382753535026
0.828616654567486
0.829582319360447
0.827996630602201
0.821120154417171
0.818568540666629
0.822373698811345
0.823756948639814
0.82692901184689
0.828646927357839
0.829822705821914
0.831894656364224
0.829003287942072
0.827483241058264
0.831684411301377
0.832929457415631
0.835398596446401
0.835980034710313
0.835427670433835
0.835423860626201
0.833482854454218
0.833706050044198
0.833020378215047
0.834378183092315
0.831941052249269
0.830636384113184
0.834061095428641
0.832358212383867
0.835404632396498
0.839099143736643
0.839338352097994
0.837524835575789
0.841423539939381
0.844458893465543
0.847272339525632
0.848642168547004
0.858692306527067
0.845282488342795
0.85349420493466
0.84611061030764
0.849123074706733
0.852327067445212
0.851622235429381
0.852298401139213
0.851518525202884
0.857158045032813
0.859839681395091
0.865113804829351
0.872872247213108
0.873105590599069
0.875669914638419
0.797336843799896
0.856905737949144
0.865810703047671
0.868555363640239
0.872414540103232
0.873430092262386
0.873654386605868
0.874587097937619
0.874404909712741
0.875026448912324
0.876130563982312
0.877223813960518
0.876227192160938
0.871889860447396
0.868108481809682
0.860628270302597
0.858891146569685
0.85523027525014
0.85050209482841
0.850796050113101
0.851118783717044
0.849888888435174
0.850553678094739
0.850285534755017
0.847282490435269
0.847403491310286
0.846086871901346
0.847451208820278
0.850074960309633
0.853491219857196
0.854113927792582
0.856984764418099
0.857790424492189
0.859600361555234
0.862891163989454
0.863678904700546
0.863070946306867
0.862690448573843
0.860527747549078
0.861329277755251
0.859961577911752
0.858725769167939
0.86008641693646
0.860336169472188
0.861999980053337
0.863837278144096
0.864425243492117
0.866906294703518
0.86820122550419
0.869477226691859
0.870016470108579
0.873747631752696
0.875673270392945
0.877747359292706
0.878442089854422
0.878701973584496
0.88026303007458
0.882097822263879
0.880912071097002
0.878158726289659
0.874907139112295
0.871490057754055
0.869928050200572
0.868504813801395
0.869427487840172
0.869741682913482
0.869602235547808
0.869539165668382
0.868343301677253
0.868764566604799
0.868951269154726
0.869890407133058
0.871019252618601
0.870854007631762
0.871990682388997
0.873779905284002
0.873093514922462
0.870639872581698
0.867230633294235
0.864709330884322
0.865739429170132
0.866402111874924
0.863856083977956
0.863034407039388
0.861859407508413
0.860573774087666
0.860568525081564
0.861857567837614
0.865989018327915
0.867002693879035
0.867460328164995
0.868903356402699
0.866455068958899
0.866014410447456
0.864139521583007
0.860962741353688
0.857732022055495
0.85376756043327
0.847309268984973
0.844850991327965
0.844258155783375
0.84303036209091
0.8378524829992
0.832255648723617
0.829130569524049
0.827607743822791
0.824048641395244
0.821444920476261
0.823067040320737
0.821072397172991
0.821955098193953
0.824767353004473
0.825914877513621
0.824138541176622
0.822914037260382
0.82194199353308
0.827370183550451
0.833060069642961
0.837008205648997
0.832670531008362
0.830303336678506
0.829654128483938
0.825232713288845
0.825537028678546
0.827399975417218
0.829055121868507
0.831172693991407
0.830980204800678
0.827095993992527
0.825305830854087
0.835195431336712
0.832526193032499
0.834837430832251
0.83319159822279
0.830599349883152
0.828749438700613
0.827760086987617
0.824246166987912
0.819624589727155
0.823950868350031
0.830194645660984
0.836289874320072
0.835984095697448
0.836193952302378
0.836250401222424
0.83139433054284
0.826055596247586
0.826123838542233
0.827896723459188
0.828809742200845
0.829561486454426
0.828991001602644
0.82899576666238
0.8288204763196
0.826458597288457
0.827054816604867
0.830396925799232
0.834002242611065
0.834546116821324
0.834747601520766
0.835588056761803
0.832233505426355
0.833168367203498
0.834723068349127
0.834261245195776
0.832266797867909
0.829990065204383
0.831309356944123
0.831968309533224
0.8349251670494
0.836598953633748
0.838807839296923
0.840593646650096
0.843823836691209
0.84742140092023
0.848322185612238
0.844843512029818
0.853183940434132
0.83093471544943
0.843962026889713
0.834454211222834
0.842700419182441
0.838666994326948
0.841480204012857
0.843710681932429
0.845118960209084
0.8517319393049
0.856531204121069
0.859718586429034
0.864532369658413
0.86268911000356
0.864015637454662
0.87024770085927
0.873746458609059
0.87536427065728
0.874628205114076
0.870747558691675
0.868423280869651
0.867961631763509
0.870496501880229
0.871161952489734
0.872556640252844
0.874517479156825
0.875627343563717
0.87504001695035
0.87184688551459
0.866664494881025
0.861884504093757
0.858264896721702
0.855963098314274
0.854888880655318
0.853851416425255
0.851209567976955
0.849647333555815
0.850611335217919
0.850098177517305
0.850040959419718
0.849945177128339
0.849200921056553
0.850177086334736
0.851556202201756
0.855388448866245
0.858111019197075
0.859918920311226
0.861553903743525
0.862625853780444
0.864630262394934
0.867944280817438
0.86670272750972
0.866159722059532
0.864759168173039
0.866075455781501
0.866700057658145
0.865346653235204
0.864411854445366
0.864432291083148
0.866199387779209
0.866984618500457
0.868282842442769
0.868575167139094
0.870103401440328
0.872084917125959
0.872786390226325
0.872883309478967
0.871880823415856
0.872462518422946
0.874347621131194
0.874350734616729
0.875253860941762
0.875008090355848
0.875668463867618
0.875406342371495
0.874643453736211
0.874030980281546
0.874112092177475
0.873712394092454
0.872927983645347
0.872198553751799
0.870806842828537
0.869719308646779
0.870077674774114
0.870359507310309
0.870692963284634
0.870463062486199
0.871295149531916
0.871532922642948
0.873224873245195
0.87382285201716
0.872646334617546
0.873952983159685
0.872672786740736
0.870056833454185
0.867748975268061
0.864820363432858
0.858785121421126
0.856433720818378
0.847322329426929
0.848974544798764
0.856664833007049
0.858142786126115
0.857823716284461
0.861731415972991
0.861272987527919
0.859363364904343
0.858211421241979
0.85814239984374
0.858836647113671
0.858007291416714
0.857017341466347
0.851831488385779
0.846243850199494
0.846334193844708
0.844416016899376
0.841098063654277
0.832065342464963
0.831007596567132
0.829973857559953
0.829861922021498
0.830016789153388
0.826518879294679
0.82506212902555
0.823060819411376
0.824265255134139
0.824824693239862
0.826685170139712
0.828894621665545
0.826781294144294
0.827002768492254
0.827252842493549
0.827708316074613
0.833094199874833
0.833926244279774
0.833213629388906
0.832012844004366
0.830747353993263
0.829556999751875
0.830279346253029
0.832774013063999
0.832962247421985
0.834464948853523
0.83306718912112
0.834107039013721
0.83599234901572
0.83702490328097
0.838437821281011
0.840658006020002
0.836950897685453
0.833998178835431
0.830746664123246
0.831709783013186
0.830223832750418
0.833642093473623
0.837137547317819
0.837879619423377
0.835216871582018
0.834519369220428
0.835789934493211
0.835257843131218
0.832211323710711
0.831399756629199
0.831929939891481
0.834879708548124
0.835621186534803
0.836780989351802
0.836706013479123
0.835760021676504
0.833366476173144
0.831323790697391
0.832275479196184
0.834159548366874
0.835295055558382
0.83748812268964
0.83914957599284
0.836737904896075
0.836354513464564
0.838006486413264
0.83793047217366
0.839259832513105
0.838371512996115
0.838056683449449
0.83803268335789
0.838484258517606
0.839843605488157
0.843264834101265
0.846970620461605
0.847337838616121
0.847300040845111
0.849853531932092
0.850769501427123
0.855690957120966
0.852085300820683
0.858322181777295
0.851659575417164
0.854155415140653
0.855653317623862
0.856888572546244
0.858629453393505
0.858828791049776
0.86030881778927
0.861325684063969
0.865733087284699
0.867602374979161
0.866329411766785
0.864720453376092
0.864764950294937
0.86470433311765
0.865079626573802
0.866612219300829
0.867274543371673
0.86814880734604
0.869928437835812
0.871282265239295
0.870714648274507
0.870645486540604
0.86982634364808
0.867678487707299
0.866656671024307
0.866051746224342
0.864276080079269
0.861423630946689
0.858647376910517
0.855475808155171
0.854086153304612
0.851754194260193
0.85044430492342
0.848734599435312
0.850361617524495
0.849354652518215
0.851042851391078
0.853164633628953
0.854271944590276
0.854287419455096
0.853142656758909
0.855167774739402
0.857214358860194
0.859108033097977
0.858951462247437
0.859941212207419
0.862335331578397
0.865541475569972
0.866278110351293
0.864621927138629
0.865111304688901
0.867151499811287
0.867831850180935
0.867704058744437
0.868124466062647
0.867405568345626
0.869753780886202
0.868433055405945
0.869604774122479
0.870782012809632
0.870858401690018
0.870578174862931
0.870837659826824
0.870769915048345
0.869944051880616
0.870334794240157
0.871233533029514
0.871332237862042
0.870751507269936
0.870834219154004
0.871188400716701
0.87083871620319
0.87114558720963
0.871864998255947
0.872991223918363
0.873604323234846
0.874099327509922
0.875427380681133
0.874616912791555
0.873502116185135
0.873867788029453
0.873617261904885
0.874047200470447
0.874045890093895
0.875733278218867
0.876131247854562
0.876143453153352
0.873587498518806
0.871136135343355
0.87582799702802
0.873672508818269
0.872618276473581
0.871646522025688
0.870399350842555
0.86614030550603
0.863960451858213
0.861726947172511
0.861782527418964
0.862153870801937
0.862462184812982
0.861396977440962
0.861824027698245
0.861748227137814
0.860982637225202
0.860631509142489
0.857036347720454
0.855905259325413
0.855560984577617
0.854267727342407
0.852636343675362
0.848338215085732
0.848494166612525
0.846403019125454
0.843186565265738
0.833296846578308
0.83011661936753
0.829163744620779
0.826812912303495
0.826660262015661
0.824885102143818
0.824445582273299
0.824068535453839
0.82579071926385
0.828820995346834
0.82976227843597
0.830008908476402
0.829697122762442
0.829699219361238
0.828558762941826
0.830472306401737
0.835474715010761
0.838764307483737
0.840835173917577
0.837723011482459
0.835476173598261
0.83311921059957
0.832828436051519
0.833047572985281
0.832220702871334
0.832564308386474
0.833874197581843
0.835054541895572
0.836972823339143
0.837552907766588
0.837393729615175
0.836349369347077
0.836661004170336
0.833909096389105
0.834262412547644
0.832744002804938
0.833971840524023
0.83746394881931
0.83932756493796
0.840285768169772
0.84205698983871
0.842317834562874
0.841513153979784
0.841069730349678
0.838980095053542
0.835669918030745
0.834828111961072
0.834709075693171
0.835895910564031
0.838597624197142
0.840596586670747
0.842996394625764
0.843015603822128
0.841390468571118
0.84038602702308
0.841220492099095
0.842275835988534
0.841999966316524
0.841152768527023
0.841613721365827
0.845551145098794
0.847525484683039
0.848345837346993
0.850088728445601
0.852139635279406
0.853078205886992
0.854361468453861
0.854239722277479
0.854419945945027
0.852837545920309
0.852986126244826
0.854343277715455
0.855957407534517
0.856143911791931
0.855786354857912
0.857363183133785
0.856492077691977
0.858749191009216
0.862340709468556
0.862251408765496
0.861960433878978
0.862169602831381
0.863942639144004
0.862680654553002
0.863615908639678
0.864481749555545
0.865376601660629
0.86530424230196
0.864931928992624
0.864353688710926
0.865067182949225
0.866714340296941
0.868078608657616
0.869159603257018
0.870743697734393
0.872172123285947
0.872150269197409
0.870771930510699
0.869573950267367
0.868275031305912
0.867193663055925
0.865861165904588
0.862003933389448
0.859311159751236
0.85648322357232
0.85685637682299
0.854127368818243
0.851708764658584
0.849659905695032
0.847912172016574
0.848491829758632
0.849770437013015
0.852649548031419
0.853356053844125
0.855512779801549
0.85710634045161
0.857778329816498
0.858795164536739
0.859176346313096
0.86015958583737
0.860354141273502
0.860729758884161
0.863211301017642
0.8626438395144
0.862400217611426
0.864900646961197
0.864383738216074
0.863741827152027
0.863057647464203
0.865601408443956
0.867646549174224
0.867128823067619
0.867663393159307
0.867562734963114
0.869282991159318
0.866791915658898
0.866975181809413
0.867546961168802
0.868129542307821
0.868134723891088
0.868779602304688
0.869832609808656
0.869787518059347
0.870051062238831
0.870881279377334
0.870879011493485
0.870751298101166
0.870956899092217
0.871135236100794
0.872254073990648
0.872020807375618
0.872725218837717
0.872510870174761
0.873404517584887
0.874855561343174
0.876389406060341
0.877269808869411
0.876429872154267
0.876111465517992
0.876984861103556
0.87798320201797
0.878643917556642
0.878911270475232
0.879882519583389
0.879559393006518
0.877036547736101
0.876118309448292
0.877301907838891
0.872213293124763
0.87327893153954
0.87416992166543
0.873082605442429
0.872001669008389
0.871991906057206
0.8706066481382
0.869102640997325
0.868613974513362
0.867382085631556
0.866061357352325
0.864977479548392
0.863045948962735
0.861509960933193
0.860185224703014
0.859631929821715
0.857769058046984
0.856513238125252
0.854632915446433
0.851486822103499
0.848625026111994
0.849156307356205
0.846850827728583
0.844654702350593
0.838759075602999
0.833796621076971
0.827817775288981
0.82404450452505
0.822669406813758
0.823170667386572
0.82399339521512
0.825087234783969
0.827385751397211
0.829341835212233
0.830567836645227
0.831436338691654
0.832909354914062
0.832991786836761
0.834290117805072
0.837250189952038
0.840609845625603
0.843931463755737
0.845174875082013
0.843627219503221
0.841587526412937
0.839236459134119
0.838294111804544
0.837187547972288
0.83518145413601
0.835456748811688
0.835234108423192
0.833693582437738
0.843904946558533
0.844635006955792
0.843349806054371
0.84222831399353
0.843000293680028
0.841616033281809
0.83979160831691
0.838470972234347
0.839694182183014
0.841945012482131
0.842067737058466
0.842425391221553
0.842311680396755
0.841287136360197
0.840702376198566
0.839876629396179
0.839068280669355
0.838819690528075
0.838026289488051
0.838461945956287
0.839939820168375
0.841425130521374
0.841651206069103
0.842118200727651
0.843727620114616
0.846047280702806
0.84622457745939
0.84644828096704
0.847196107870988
0.847429871517251
0.846779593096999
0.847330147828286
0.845613466006509
0.846547366477365
0.846829778260554
0.846792278683621
0.848051525760878
0.850716362685205
0.852252364052794
0.853626616939707
0.85580317025173
0.857398091385949
0.858383697458648
0.859023339276637
0.859412467647101
0.859943105525135
0.859927687747657
0.860427868233339
0.860457916458748
0.861237478523173
0.86277186267317
0.860865332260329
0.862517257610287
0.863452873377157
0.864298403178984
0.864468915691072
0.864836155547952
0.864243378429862
0.864460111744682
0.864174634917273
0.865474082603321
0.866702058774629
0.865635016551315
0.864844047055749
0.864446130427315
0.864365905360426
0.865823353752871
0.867409979929298
0.868288416116982
0.868109446366588
0.867046778647356
0.866188514122111
0.864675124558831
0.862988783303678
0.860545905316733
0.858761299822983
0.855838416343542
0.855525479934713
0.855283974546347
0.854687795266322
0.855955609228415
0.85575763006652
0.855734112295218
0.855601996887483
0.855648924112029
0.856166004560441
0.856452807376546
0.85642347152777
0.855701020358389
0.856481104836707
0.857159812112931
0.858199753859185
0.858435107274818
0.859802331831472
0.861015384540392
0.861945710465348
0.862455252028444
0.864999839469423
0.865907008604465
0.866371453373764
0.865787878135082
0.866098253088953
0.866159696667375
0.867503973836337
0.867519573435678
0.866338491181039
0.868487978373141
0.865828133755241
0.865568813875073
0.866162102152964
0.86689505455857
0.86819107955137
0.869770778592358
0.870329662100648
0.87134152492568
0.870980344259478
0.872783614089751
0.872945330550605
0.872862187845032
0.872100326763438
0.871816142253316
0.871773704148324
0.871182127383521
0.871785104340147
0.872967774736512
0.874108094890289
0.87520560115381
0.877155622789094
0.877994071778691
0.878247503407126
0.879109530544582
0.880003419217515
0.880586482436622
0.880650579879449
0.880973466099598
0.881444479408438
0.881158849411069
0.879615362797527
0.878303500197048
0.877690316046347
0.877929533591309
0.877935217486915
0.877898530898725
0.875182919562284
0.874378588556326
0.875155870970707
0.874920501583624
0.874681008191004
0.872579164084834
0.871254379512709
0.869151937132572
0.867958498807883
0.864804918473658
0.863908228574942
0.863454962839842
0.859495690458076
0.855617273906029
0.851494795888805
0.848320781970587
0.846450866111753
0.845443225266199
0.844070858928918
0.841741430375231
0.840055167130513
0.836526606333451
0.831025745893094
0.827125608791399
0.824089645604985
0.822519702901366
0.82287057152533
0.823679614808431
0.825262124629471
0.827286756585269
0.828984945005109
0.831668385791012
0.833329047874933
0.833227518898768
0.834819860653871
0.838056511773111
0.841820185232063
0.844860216554951
0.845079849783742
0.848815537857803
0.847285011480563
0.847720691614061
0.847449528770951
0.845998121781109
0.845812488991614
0.844890868857786
0.845022442145086
0.841633012338969
0.841456186380714
0.8542360399441
0.853052019596679
0.849490440151156
0.848865312293636
0.848902410192051
0.848229173914095
0.846302200898453
0.845393860549014
0.846367722651933
0.847264873409839
0.847862997231244
0.847507589167428
0.847483497012744
0.846260425585733
0.8448542469309
0.843803466778402
0.843566037755902
0.842173937030333
0.841785729916344
0.842063226457232
0.840307010539779
0.840611830558256
0.841405122023069
0.842091015262122
0.845269427238455
0.847248420784308
0.848635621333049
0.849485196746264
0.85005916564563
0.849963632699009
0.849704914932616
0.8497499173045
0.850460642561586
0.85101002490172
0.850860523086854
0.851718151958644
0.852919728876614
0.854113761187031
0.855046274796428
0.855639614113842
0.856637055237331
0.857539736944878
0.85880652246067
0.860302720304161
0.860349038134454
0.861593093499835
0.862083473990306
0.863566833592432
0.863426777729119
0.863243506317533
0.864081880477943
0.864824493879604
0.865562106060767
0.865847139026578
0.866657387237298
0.865841890222806
0.867000517597537
0.867708451795186
0.868755173322419
0.869482006315357
0.869155921676259
0.86792488126069
0.86755953060707
0.867367969591471
0.865531615744976
0.865118069520637
0.864970665274888
0.866226234214605
0.866604354260074
0.866733117700499
0.867358611794133
0.867584963736639
0.867856228631145
0.866451973036414
0.864426944865353
0.863967753338588
0.863981203608304
0.863908185442654
0.864962436390189
0.865037961284242
0.864256446366442
0.863191792223872
0.863390024692158
0.86305493558158
0.862181438019685
0.861494550023307
0.861861349841597
0.861089882727545
0.859850315469635
0.859606445142176
0.861064889808041
0.860733553868172
0.860726013901811
0.86201267004886
0.861270836197954
0.860141835021791
0.860412909873775
0.862312254789133
0.86385706586682
0.865532201539498
0.866899475758834
0.866949728396766
0.866245852745008
0.865939103583274
0.866789035856219
0.867705672879989
0.867901561080102
0.868283717070368
0.866312758577624
0.865748625250426
0.865775890981277
0.866250599667448
0.867422491952218
0.868178982600241
0.869026924170056
0.869039524416423
0.869465875284455
0.870296198802817
0.870936869621437
0.870404665508143
0.869399435695945
0.869564650666602
0.869390882413033
0.870620473930833
0.87198389840269
0.872599187451864
0.874583114191069
0.87658410880593
0.877724995872571
0.878078515941479
0.87771636657629
0.878337954503552
0.878831643887224
0.880310562543112
0.88046430029613
0.880901037810373
0.881166515028487
0.88085609586376
0.879118343350454
0.877506010519379
0.877915389074679
0.878418363170109
0.876763432393601
0.874710483562539
0.875296074026628
0.876475172482452
0.874596692166862
0.874470042221894
0.873394123410571
0.872415814357141
0.87085696258762
0.870081921478169
0.869644730360971
0.867884786595997
0.864812094258403
0.859075973986387
0.854612844650721
0.849191486042401
0.845909012395471
0.843274177743416
0.841618852634642
0.840505273054624
0.839274183956865
0.838024637768041
0.836777676893738
0.835519393202262
0.834162185931247
0.833453514942921
0.833346433015111
0.83326516677082
0.834729233939468
0.834329075803631
0.834064929564675
0.833967779168155
0.833761261556204
0.834370494341851
0.834829172326214
0.834998910988085
0.836619794241945
0.840339644869993
0.842770098271579
0.847438862331835
0.853251572284313
0.853679548036078
0.853035530022134
0.853261131751769
0.852846300911055
0.852203273326843
0.85029365430387
0.850427867775507
0.851802946352211
0.853572070832674
0.858400300778863
0.855782884788435
0.853425426418493
0.853497201897119
0.85450878758232
0.853695289186651
0.852506562004058
0.850812236697096
0.851257615759612
0.851387373742541
0.851617226704099
0.852816501626312
0.852246990035572
0.851957164905068
0.851488204304318
0.851047066911277
0.849869158752666
0.847900939792904
0.84710024813124
0.846300094168437
0.845479592766384
0.844892991154828
0.844706782261305
0.844211972797414
0.844460537261314
0.844650666172482
0.845855573071474
0.846372225253262
0.847712577757053
0.849019737100343
0.849329387586594
0.849678249447574
0.849652840288819
0.849711234289322
0.850184872889315
0.851269277758
0.852016172521319
0.852754144695732
0.854480122107166
0.855728927454372
0.857137482045922
0.858629821007802
0.859475502320977
0.860926056880093
0.862983764557484
0.864560835580166
0.864871671815602
0.865763184791288
0.867045106751436
0.867113674778193
0.866758109740187
0.86509118042606
0.865513856518542
0.867533752996417
0.869046264925537
0.871284195029205
0.873152406728946
0.874224596240524
0.874606112064309
0.874362295856097
0.873406322329055
0.872478699835884
0.871755122326829
0.870972973260656
0.870553622272061
0.868962458011015
0.869157210982536
0.868343974071095
0.868104817819898
0.867376266587126
0.867314840175838
0.866748398509604
0.867360823088119
0.866248383093851
0.865446435650711
0.86472023955484
0.864721795398209
0.865106405800767
0.865686762607181
0.865998772944735
0.865350439939195
0.864894841684199
0.864765577511774
0.864055814533016
0.865129885378484
0.865377416196387
0.865672807253514
0.866073374554459
0.866826208269798
0.866591230762257
0.86544920652541
0.865632149577003
0.865601389701011
0.865179517567681
0.863292937710293
0.861620551482746
0.860324410175723
0.860282605801798
0.862300795441127
0.863798629324787
0.864583146676462
0.865023331790498
0.864098241002568
0.863906288547922
0.863923525190405
0.865006116864625
0.865762330183915
0.867045649436882
0.867353462484852
0.86603587602698
0.864509216682315
0.86383206041198
0.863827772120045
0.864302631417221
0.865022467559285
0.866424659569015
0.866981692560943
0.867670926883049
0.868434248639111
0.86923627553756
0.869314655334536
0.869485099646158
0.869682633996693
0.869667995381728
0.870854892093423
0.871976436089193
0.872880199076654
0.87372230237945
0.874760642237242
0.875802655850798
0.875961552274099
0.877423353045654
0.878035272502588
0.879539704473774
0.880740205251223
0.881124323756162
0.88100507411675
0.880560764761895
0.880714956983351
0.880383184389026
0.879472392001154
0.879060681685902
0.878325621803161
0.87804334284493
0.87860123829065
0.877878263128531
0.875837326649819
0.875392822571955
0.872775600455013
0.871584154703704
0.870134651299197
0.869523239510263
0.869157874809587
0.868637479947081
0.865898590546753
0.862417338956102
0.859306096584926
0.855767047455625
0.850965128142057
0.846485636220658
0.842500120538238
0.840751930450681
0.838162473643242
0.836672272622122
0.836477106532215
0.836142152415128
0.835748894996516
0.8351747014461
0.835084349748561
0.835356977064313
0.835523886856969
0.835913968420334
0.835088042664311
0.834550852996905
0.834902571290884
0.834733888131558
0.835558668066016
0.838168636376254
0.841209603482065
0.844780587270593
0.847320061409108
0.850754605366111
0.85179886158282
0.854615044354994
0.855292875925328
0.855722644909243
0.855376484607189
0.856920245962972
0.858199171302877
0.858418448002345
0.859271332503682
0.859569875702205
0.859046500522162
0.858602902465274
0.859249184849015
0.85982589631781
0.860165684340347
0.859338024650453
0.85841569344407
0.855752485429724
0.855479250785697
0.855383894862599
0.855077553798816
0.854667724803733
0.854967331672895
0.855532078021014
0.855668182014892
0.855717130230509
0.855411565147218
0.854798655517955
0.855449064500552
0.855341824586918
0.855237074243968
0.856570119747252
0.857374995276722
0.856642391544651
0.856953133228933
0.857470511123737
0.85741996918643
0.858280766849772
0.85871325569592
0.859145007969297
0.85919777489514
0.859753711320633
0.859405985786922
0.859499115052311
0.859526287242604
0.859931796219019
0.86049574633987
0.860427369106066
0.861046343776792
0.861235639533654
0.862053439387612
0.863270554456669
0.864284854887105
0.865989070097887
0.867071902496701
0.867557032092406
0.868391616424835
0.868684147208664
0.869020091467326
0.869913759699153
0.870091829436089
0.870503956506807
0.87069236751098
0.872134565973018
0.87338261303376
0.874549683408261
0.874716311569973
0.873973361212629
0.872548505097451
0.87091621790032
0.870351863218267
0.870318160476734
0.870130765818821
0.869292471291628
0.868110084125837
0.867757732251484
0.867296063375639
0.866626310718173
0.866386495163655
0.866000353711168
0.86559904524398
0.86482241984767
0.864508349958942
0.863983606132194
0.86358728039533
0.863800732604712
0.864396727630834
0.864506452739015
0.864522270635467
0.864881846384539
0.863823313904988
0.86457069602627
0.865174695465602
0.864851136549406
0.865116885466244
0.864959075158616
0.864363248744297
0.866184036642803
0.868177162492772
0.869097869981358
0.868084295987362
0.867932372841186
0.865948689515311
0.86516601611215
0.863603684959647
0.863328530173677
0.863108484718692
0.862609620976764
0.863423440892662
0.863962783475004
0.865392380062177
0.865656736723592
0.865875964406608
0.866451846312518
0.866286620400107
0.867780652934467
0.867396638024738
0.867324488468951
0.86801892945349
0.868132107938112
0.868512257818376
0.867628923541395
0.867497914275087
0.8679708631232
0.868476437900285
0.868859320168068
0.868732078347298
0.869555855221285
0.869912700407909
0.870007868972368
0.870075977788205
0.870533637462727
0.869761250130054
0.869717370379381
0.870767835091949
0.871146300846859
0.870947198639823
0.871367587477155
0.871945779158638
0.872624630377633
0.873616009222501
0.874698910965099
0.876710955341292
0.878218658986277
0.879424391419557
0.879949618793997
0.878887471984968
0.879243210798935
0.880590557844968
0.881810812209898
0.881186566985705
0.881496295905106
0.881082197654567
0.88199113217223
0.881856958544211
0.881627686041314
0.878252064072452
0.877949301725699
0.876583846413269
0.874675959432764
0.873726737613445
0.872141179889383
0.870072039322324
0.867971168049157
0.868055912402702
0.868402426574641
0.865419870659091
0.864173231451117
0.862045758194062
0.859075881739495
0.855103624253452
0.851301963129949
0.847626941806524
0.845215378875003
0.843500657568299
0.842695633330841
0.841392762719358
0.840711599308526
0.839810151660554
0.839458829505285
0.838881901657645
0.838861775410245
0.838704554502421
0.838701258684724
0.839726879583792
0.840796356493535
0.842928857381353
0.845469605814804
0.84915635066554
0.852256549162648
0.855188200759535
0.858665561369031
0.861091278548361
0.862996139498387
0.863291580971019
0.863425107300521
0.863278502749653
0.862671084108878
0.861721572580883
0.86086732082214
0.861597413185356
0.861109777187716
0.861347638564829
0.861016498381419
0.860477571273435
0.861761145747131
0.861120435845141
0.86138918690886
0.86110096368431
0.861117130529665
0.860939347805743
0.861567763888164
0.860624334485725
0.859911657871466
0.859301297827505
0.859269694895669
0.859037632187584
0.858612108632901
0.858173930072466
0.858833191647865
0.859355568664595
0.859153704158509
0.859912040620682
0.859752154487802
0.859966582399692
0.859931590102131
0.860532543602939
0.860823944606901
0.861720884483208
0.861897102005275
0.862809760008433
0.863296534430799
0.86325960476246
0.86326774907889
0.863003481200421
0.863394718327179
0.863929918127947
0.863905979373378
0.86388262272538
0.863887621324028
0.864413587771537
0.864898395638141
0.865094863893375
0.866006664359834
0.867414850058617
0.868192840634535
0.868061430529147
0.868544475662084
0.869592640685912
0.870944538835743
0.871053360563064
0.872260184954435
0.872695352970754
0.873382769116652
0.87336285986514
0.873342440260237
0.872384867131007
0.871962794362073
0.871492207074479
0.870623706047784
0.869782942839078
0.869393863088922
0.868956406849199
0.868861228027925
0.868260539513842
0.868210279451825
0.867693778006336
0.868601231548013
0.867848717944772
0.867711647185322
0.866474783853805
0.865979144959413
0.86558907187456
0.865028669226906
0.865265402798127
0.865322557035069
0.865459996581676
0.864720214721015
0.864208303653117
0.864331914545155
0.864787690759319
0.864571061715866
0.864909295836716
0.864817964838354
0.864685050061191
0.863743248977175
0.863232663964896
0.863254681486084
0.863741257157999
0.864152664129515
0.864173543308894
0.863865005247128
0.863619053710022
0.862744110978153
0.863233536416666
0.863565595088993
0.863804763316679
0.863902902396019
0.864459320402915
0.865602988983275
0.866308122165539
0.866310833337607
0.866612623155008
0.866877381764308
0.867978361936929
0.867759083717959
0.867130486744012
0.86777558521899
0.867892818339815
0.868528866132631
0.867823750493287
0.867719690195943
0.867801189905124
0.868155488713741
0.867608629549341
0.867070464903699
0.867226347593308
0.867468079116521
0.867469838197693
0.867772274597514
0.868830496003547
0.868582233969706
0.868596300905262
0.868631507533965
0.867821765390734
0.867687323173562
0.867900713854917
0.869017029242628
0.868280244689674
0.868906717361205
0.869699471543886
0.87073273431707
0.871480320248227
0.872427008372667
0.874337758062435
0.876937463559074
0.878589049301581
0.879318707429153
0.879051137966358
0.878881185780189
0.879273486403772
0.880651169598924
0.882481476005239
0.882847844912228
0.883413374436306
0.883295493488835
0.883489390966134
0.883226257219219
0.881779720452733
0.879516293386222
0.878403829908433
0.877183820903637
0.874964593185039
0.871875904578704
0.869855514108217
0.865909832393234
0.865707243414617
0.867298821163716
0.869120306541024
0.869245320801513
0.86968782410473
0.868992051431161
0.869423811146288
0.868444655767303
0.866796708551664
0.864243990823925
0.862089284270149
0.859851025158968
0.857182630388168
0.855135133450078
0.853720207234989
0.852208560792117
0.851655539494291
0.851423949839738
0.852274394036576
0.852405518276656
0.853003868485262
0.853437140163626
0.854924047384769
0.856775484795367
0.858774093447073
0.861429690051547
0.863666707985423
0.866811047974471
0.868200474176256
0.869384750078736
0.868995872189684
0.868928069673843
0.867029777696327
0.865674173268997
0.864240675405168
0.863390123294381
0.862485976762538
0.862385566293594
0.864312143370831
0.864566795008515
0.864243265747678
0.864307600202943
0.864278762082818
0.864306688210699
0.864274885888881
0.864420565858434
0.864427899441514
0.864697722261737
0.864326243272664
0.863811846520704
0.863839589124399
0.863825308276378
0.863335304375787
0.863500460130004
0.863490495268351
0.863114718986508
0.862936200547241
0.862700718193947
0.862846781667716
0.862912638158871
0.863047744747582
0.863087684907824
0.862997118696035
0.862673005274453
0.863112475979269
0.863037551975379
0.863832016232751
0.864390775010557
0.864336720163499
0.864683793789117
0.865136136454582
0.86528603074951
0.865186270071332
0.865368008667309
0.865618046504215
0.865299249289096
0.865281279903084
0.865506332668664
0.865788340034013
0.866580686652957
0.866701451244957
0.867722254728605
0.868730201465413
0.869204641233061
0.870053850820195
0.87055204662072
0.871072682257916
0.871737269581447
0.871933965361543
0.871778654412438
0.871905215061392
0.872038952672507
0.87120715175165
0.870746447513154
0.869997846540185
0.869686354691723
0.869577876989628
0.868785488162833
0.868307202016904
0.868759669101976
0.868160218400334
0.867790118218154
0.867209828597934
0.867533432523562
0.867992758983617
0.868359093340579
0.867886338982048
0.868082818199576
0.867561780878933
0.867878797594494
0.8676156043454
0.866054786263192
0.864300003198476
0.86379318766611
0.864395823060951
0.864796116686972
0.864847134381602
0.86508991297314
0.865604648181394
0.865597147906867
0.865265368741322
0.865041086328032
0.864377879515127
0.864908881422359
0.865148676034601
0.865361997064891
0.865259787261213
0.865193579274246
0.864660390142633
0.864780891854027
0.864561939705302
0.86470760322281
0.864701837265916
0.864432835881916
0.865169339054866
0.865681118230688
0.86673877793776
0.86683438284929
0.867236334724317
0.86770770487271
0.868312999572326
0.868900214167046
0.868987631887712
0.869003885902702
0.869083803255363
0.868836885033404
0.868959270353316
0.869064720903097
0.869614495739654
0.869479332570997
0.86903798632332
0.868370338427828
0.867977426411925
0.868274572837551
0.868980904021066
0.868626205083833
0.869738725812093
0.869473693627059
0.869836653593622
0.869884025011185
0.869498924615812
0.869484247222602
0.870164434723933
0.870383210458878
0.870218223138159
0.870430253391188
0.870931411185956
0.870680498467413
0.870952529852829
0.872326672646452
0.873968937429031
0.875284115675762
0.876669469918316
0.877489944942674
0.878917207181317
0.878410155405909
0.879196799796047
0.880894553876956
0.881800024381377
0.882441221145085
0.883497757147233
0.883590235825099
0.884297620265619
0.883883848519939
0.883318485268121
0.882177545177858
0.880850270130146
0.879107273215376
0.878662645234959
0.876376431827914
0.874723426028043
0.873765725940642
0.872116539208959
0.871107605114047
0.871117962098183
0.871161339622505
0.871778698959146
0.872264534902956
0.87289421722903
0.872989407646703
0.873434098521527
0.873103449540013
0.873718988709467
0.874149253180737
0.872995009973331
0.872221731651317
0.871848081509794
0.870885877474808
0.870491897930404
0.869570787861193
0.869200429511942
0.86858084272777
0.868710102324579
0.868860372279836
0.868400909384401
0.869319030651157
0.871064914542792
0.871769086526498
0.872223276460027
0.872709135092437
0.873867807131672
0.872379407724919
0.871381761255523
0.870030721094935
0.867826048926399
0.866868744673769
0.865629793715217
0.864767246572408
0.86441411642475
0.864505179036143
0.866090773812523
0.865952391137698
0.865474643633407
0.865741313132043
0.864996023476809
0.86562006447064
0.866281296362893
0.866095245360975
0.866561952018057
0.866922244346455
0.867691234910122
0.86778510655844
0.86861828009132
0.86833082220859
0.868020271496604
0.866883142707933
0.866824213750883
0.866432216985929
0.865954409002892
0.865550286254435
0.865273344596573
0.864780110847169
0.864034417325299
0.863784184351762
0.863676292323651
0.863772261116238
0.864172028715872
0.864375641390466
0.864370652779225
0.864215547163653
0.86445141395734
0.864294455431037
0.864885719364693
0.864885930587007
0.865151340816059
0.865421141873798
0.86607350490942
0.867197344618796
0.867215529853297
0.867407604118547
0.867534060748856
0.867571530088581
0.867779649775363
0.868844650501619
0.869452576976466
0.870446875482804
0.87076093381476
0.870581078904031
0.869978369146809
0.870373859779235
0.870437855762815
0.870148320415753
0.869849330487093
0.870250786284261
0.869951181829017
0.869713100149797
0.86986136157835
0.869252376168895
0.868874985321015
0.868278002356634
0.867974646227942
0.868023165434398
0.867363292060669
0.867118160433344
0.867755455709203
0.867439318605701
0.867504119509855
0.868200502270611
0.868571968242895
0.869180234744335
0.869857228128917
0.869808061254528
0.869701311496058
0.868279953367416
0.867433306008997
0.866857612022136
0.866489280768214
0.866216271698075
0.865908020330029
0.866094117524189
0.865733219101297
0.865397183568922
0.864698408982304
0.863548911158599
0.86368643218832
0.86362534014939
0.863939949597978
0.863751846042484
0.863823209117222
0.86388863977859
0.863593499764359
0.863785676968106
0.86375832893936
0.863894979349489
0.863633774591947
0.863532320773084
0.86340397340735
0.863635444437177
0.863580167413206
0.864208082691935
0.86420110355507
0.864565618906299
0.865120174809206
0.865290845243635
0.865492273057732
0.865854624874495
0.866738331509314
0.867254696014116
0.868167264429904
0.868171127357718
0.868572316151238
0.868304457261468
0.868858622580541
0.869611577879421
0.870823364077134
0.871105326771096
0.872069889738186
0.87235553352976
0.872479105658791
0.87303715727783
0.873018237541683
0.873445048249136
0.873528256408027
0.873860659833467
0.874980440789636
0.875911291648357
0.875984618638473
0.876782758359385
0.876744921423681
0.877253613506976
0.877474339850172
0.877131590124042
0.877754807604693
0.878177955029561
0.879285490174046
0.880169014559144
0.881155835297394
0.881994224867589
0.882363182241342
0.883696227993631
0.884211414361382
0.883900321103385
0.884396384285806
0.884156317570761
0.884341026548437
0.884274485467383
0.884834294760432
0.885032915053823
0.885195884299855
0.885552340158673
0.885161486355292
0.884527320058022
0.88379534985366
0.883272009501402
0.882914050274793
0.88240903804931
0.881562987352084
0.881149158943023
0.880749928488077
0.880719844599574
0.880159017246552
0.87988581568756
0.879930883229257
0.879163001612653
0.878648938139395
0.877992004992292
0.877999489774615
0.878054474281865
0.878041983469133
0.878139166947284
0.878057297916783
0.878089759648779
0.877872414957037
0.877666323212938
0.877393871937962
0.877258002851289
0.87680327947158
0.876221918977257
0.875418830509239
0.874221210519134
0.873366396245093
0.872259950081716
0.870344633865807
0.86859633480275
0.867262124871377
0.866154389670859
0.865337422565409
0.865429897647778
0.865841018599524
0.866616372697869
0.867272770268966
0.866925148582437
0.865066127728973
0.865088284509993
0.864871678708357
0.865237296269884
0.864838862482754
0.865124047921496
0.864869972239166
0.864339539062733
0.864288536927394
0.864422601502613
0.865175164333152
0.866080750105906
0.8666223735199
0.86687039509073
0.866709381548353
0.866450600821886
0.865880253702403
0.865503095798343
0.865255932652675
0.865415254520948
0.865702700639214
0.86506149664766
0.864612385792549
0.864262573900563
0.863583658026619
0.863460534774349
0.863072713828652
0.863265274003562
0.863295062245494
0.863434524029883
0.863279998194411
0.863492174324159
0.864251028007023
0.86442434058515
0.864512047298107
0.865081964602567
0.865309470503384
0.865760113059849
0.865923694915179
0.865936318741113
0.866179587058122
0.866610679765078
0.866673886785025
0.867482069138925
0.867434036309087
0.86761009125723
0.867745112667463
0.867467822507622
0.867605917758548
0.867555903347639
0.867762158756713
0.867699520473797
0.867887990270558
0.867804349682223
0.867853089047241
0.867784567150232
0.867683686082912
0.868243114498275
0.867840508989064
0.868435688396009
0.868097179320389
0.868297468536326
0.868551612918183
0.868431069764536
0.86872939981316
0.86911096721854
0.869219225759519
0.870120434448524
0.870532149430463
0.870617406453744
0.870916854009719
0.870294387458149
0.870213584568002
0.869647645649399
0.869008856801037
0.869327364301845
0.869304620489675
0.869566301421885
0.86967697269357
0.869836802123702
0.869729231560203
0.869116276370258
0.86866825259079
0.868573314826438
0.868357545434836
0.867726515434875
0.867339183343184
0.86734910293804
0.866987383051766
0.867268636848719
0.867124612825361
0.867287893433361
0.86733604103252
0.867293629107814
0.867129851704002
0.867430672117517
0.86768504957162
0.868123420642699
0.868488135413321
0.868171116149182
0.868458385428639
0.869134961273317
0.869056840600362
0.869098882800106
0.86960962236508
0.87003045075104
0.869948207307503
0.869840815418778
0.869886341745439
0.870316751017257
0.870019836385643
0.869876600737038
0.870223688763244
0.870493221096608
0.870970216574084
0.872131856697751
0.872731607967159
0.873669735338699
0.874695769854325
0.875742626680288
0.876540964979323
0.877297460990063
0.877489672577645
0.878536808798958
0.879276287812009
0.879453056875518
0.880582130360316
0.881257406489992
0.881803038570681
0.882375389313783
0.882297388278823
0.88238371273649
0.882163694502971
0.881232056485246
0.88133992937574
0.881420924986454
0.881486802519747
0.881284866525118
0.881397436460212
0.880996531143463
0.881253391309363
0.882004181918526
0.882094187359937
0.881258724671115
0.88120698343423
0.881019124485062
0.880971351098943
0.88072695199053
0.880407706615317
0.880335512971257
0.880186169594618
0.88005407270869
0.879734595207631
0.879441912401632
0.878870994424917
0.878750543646179
0.878506570481071
0.878416865626063
0.877943054614113
0.877821825088273
0.877465463833596
0.877151426246657
0.875935674293527
0.875267092640089
0.874849083111052
0.874230149089944
0.873940854658105
0.873780085909795
0.87345322109332
0.872900715402213
0.872694101904516
0.872280000468441
0.87226594751692
0.8725321115487
0.872187268577587
0.872128209043208
0.872348442891969
0.872410468219097
0.871968100541224
0.871292691946559
0.870337487557989
0.869790542320231
0.86916952981512
0.86900407189023
0.868422383673347
0.867980190279368
0.867716980085348
0.867720336953533
0.867457317834856
0.867155975326648
0.866665834579239
0.865740394083444
0.865869624498484
0.865393879159022
0.865066688612723
0.864905624194174
0.864624139096146
0.864193776709173
0.864027322488991
0.864126821671892
0.863891438084918
0.863541360813534
0.863846849939989
0.864304002297037
0.864346528910852
0.864735349329169
0.865014361494191
0.865103728646411
0.864880237130281
0.865213210629681
0.865171270532202
0.865359430678057
0.8649572867461
0.865086259116889
0.865181455349259
0.8648828135714
0.864765374908369
0.864668501979126
0.865072563824549
0.865269651973507
0.86576030436478
0.865898786545879
0.866108632032964
0.866262093542839
0.866177579649947
0.86627849580982
0.866661785704944
0.866466704062498
0.866636122899398
0.866519646345033
0.86642963059502
0.866303969445415
0.866499426883478
0.86643937557371
0.866663126497221
0.866867927683486
0.866570091590362
0.86649898973826
0.865930312689207
0.865768050026269
0.865778278005715
0.865822536710383
0.866327214697725
0.866104738514631
0.866238002040412
0.866289971825628
0.866589342603966
0.866624217633413
0.866803500004094
0.867475932018496
0.867992200206828
0.868060083895118
0.86864035899584
0.868886376322382
0.869335159309132
0.869499319368704
0.870044551168156
0.870286806640438
0.871222500652135
0.871361420931723
0.871596218895382
0.87135656188472
0.871111356244935
0.870556522767123
0.87032158527201
0.869156310578848
0.868504182168928
0.868388971285203
0.868383020731577
0.86817215977949
0.868278205341819
0.868100241687571
0.86812954017671
0.867961694896015
0.867647336141249
0.86766343348297
0.867226786025065
0.867259250202923
0.86730000132528
0.867172705742311
0.867388316396499
0.867561932208301
0.867640599305539
0.867727862247993
0.867399275080679
0.867557434958299
0.868137952927967
0.868220031782553
0.868442872457239
0.868917832672116
0.869350379691147
0.869702461299234
0.8691627481605
0.869666431864902
0.870217926881035
0.870506168630382
0.869826409104166
0.870128579198306
0.870245047891835
0.870225792214099
0.870372019416929
0.870627713352882
0.870937874021781
0.87122958053088
0.871789088694663
0.872324746809502
0.87232176350344
0.872991273829235
0.873176638189768
0.873192934604166
0.873698392467002
0.874266657091695
0.875060047164023
0.875217160906665
0.875902746044172
0.876950781837623
0.877659523341754
0.877927697825302
0.878456085917495
0.878595196939941
0.878868358858129
0.878736836038785
0.878168964642833
0.877549210456013
0.877184053920729
0.877471710719229
0.877402410718812
0.877129642648986
0.877169814169636
0.877077340886978
0.87655417083168
0.876252922384508
0.876095615804905
0.8757883292492
0.875900289963422
0.87583248919832
0.876044138762309
0.875972327713107
0.876092501176572
0.875969633174615
0.876162151160071
0.876085688453362
0.876119590303636
0.876674010980313
0.87701728056985
0.877235978370833
0.877413640070388
0.877390512351968
0.87718802130993
0.877151950144357
0.877182642706121
0.877181654430404
0.877005113691218
0.876963018883227
0.87645371803088
0.876091823142827
0.875452280839565
0.875566567695046
0.874740867118901
0.874149835936938
0.873928726954317
0.873582694274325
0.872965606411991
0.872408724296374
0.872107306232389
0.871803980608917
0.871543030043077
0.871442303726011
0.870900672016015
0.871040311594186
0.870361630841246
0.870261607343768
0.869818335761633
0.869734736459842
0.869830865086071
0.869348215210832
0.868893624064824
0.868142932955908
0.867783443550143
0.867352034065388
0.866706966835648
0.866831016098996
0.866604063504872
0.86579858577804
0.867223353595781
0.867371751227074
0.867442266328194
0.867498578632754
0.867202221814146
0.866917371815345
0.866611234618968
0.866543768135022
0.866392982575578
0.866204781321883
0.865787725386245
0.865577698078518
0.865708376047302
0.865648507880293
0.865935030782644
0.866111895059519
0.866310690160149
0.866147829341603
0.866410656867469
0.866458267235076
0.86651777043447
0.866453430779846
0.866641735285527
0.866252746580261
0.86619894609188
0.866254783935765
0.866352691638637
0.866165911575665
0.865878418821519
0.86605068587683
0.865874515048115
0.866160543060097
0.866177411233054
0.866308196736742
0.865980089324697
0.865710450471135
0.865611270584303
0.865348741251387
0.865332860963368
0.865604935982866
0.865575624473215
0.865665001951745
0.865799548426553
0.86605643737985
0.865934086503488
0.866522835691611
0.866473775914001
0.867302555404605
0.86773563039197
0.867908372433309
0.8685817818928
0.869003492108664
0.869236658511263
0.869885855807601
0.870113839955829
0.871084176077726
0.871189621727265
0.871203897437849
0.871515231280647
0.871817575815365
0.872124735625784
0.872720966706237
0.873399056128896
0.874009434472877
0.874059826835658
0.873959217525731
0.873488603976934
0.873384080289131
0.873044578394553
0.872584400907728
0.872186424907542
0.871742059161432
0.871165939130063
0.870531612304657
0.870189619003373
0.869581784740071
0.869332169206315
0.869521582730201
0.869436485856967
0.869360112208481
0.869008827208834
0.868850249737787
0.869286578105038
0.869254085331369
0.869304218052706
0.869270930789602
0.869320566300838
0.869357297571789
0.869052743844935
0.869059575143849
0.868936956614408
0.869140891712383
0.869163925402501
0.869491684915302
0.86943446420889
0.86959282143878
0.869770584984775
0.869889853406215
0.870171546522234
0.870311529159424
0.870730220355142
0.871369054580556
0.871682515771731
0.871845064681641
0.871712173017932
0.872045648142835
0.872270780002938
0.872120778617883
0.872261920039348
0.872426606005785
0.872931418001874
0.873012043562108
0.873342619225811
0.873785841349096
0.874054791435521
0.874072451328185
0.874202387007869
0.874451658037441
0.874346195049312
0.874343919736541
0.874434980867288
0.874382167161405
0.874789374713807
0.874950017210015
0.874531592727535
0.874825932120475
0.874572371227719
0.875049945020642
0.875333258391345
0.875041885280943
0.875161718306409
0.875136339165294
0.875315048631015
0.875267191182908
0.875118139214198
0.87544330076569
0.875521596745524
0.874867513772576
0.874833142541441
0.874770727263378
0.874444604935199
0.874534092598779
0.874447440420677
0.874377885327595
0.874605980748088
0.874490344160424
0.874545526857015
0.874936112540909
0.874597806184708
0.874725180696975
0.874671216428544
0.874631805192472
0.874828394790434
0.874865980042284
0.874661505174836
0.874421978262962
0.874517176159266
0.874311399605204
0.874368133083128
0.87399829122843
0.873844475285556
0.873617240107099
0.873441229061881
0.873386298600207
0.873191208917963
0.872630107907142
0.872807623613489
0.872538111156682
0.872569347287115
0.8727833926987
0.872705961504205
0.872722882569938
0.872533821482553
0.872395747668292
0.872471660457924
0.872410424532577
0.871945791886981
0.871709924329908
0.871175766265735
0.870679714678154
0.870529372859645
0.870113904731464
0.869871757899989
0.868952943513019
0.868580980046904
0.868260698443332
0.86835028637911
0.867983996562633
0.868065531276881
0.867991659492496
0.867689595377935
0.867540719454459
0.869377908465261
0.869399557980291
0.869179279491729
0.869196866445043
0.869175513684284
0.869006730016196
0.869002747985194
0.868805819035494
0.868625806482718
0.868871705301326
0.868749160473063
0.868419907916668
0.868757986939698
0.868484740610818
0.868695317109174
0.868514634071411
0.868579197953552
0.868267654626284
0.868573337850837
0.868505677013431
0.868703870535002
0.868648948641757
0.868580897479209
0.868800904441911
0.868779278601289
0.868735162649315
0.868945527214892
0.869095119839969
0.869065940929678
0.869092647229309
0.869221348586955
0.869404426616505
0.869480835794992
0.869660476303979
0.869737528884633
0.869971075719553
0.869974833891033
0.870001478015907
0.870285848267591
0.870646080099226
0.870604657043509
0.870479965112829
0.870613972228925
0.870553887761203
0.870802238503444
0.870954386801008
0.871162191414649
0.871222855149985
0.871523351527218
0.871581250789092
0.871510014692414
0.871621639142961
0.871803695290744
0.872116444901911
0.872314572431463
0.87205346659022
0.872104966950806
0.871928675041306
0.87190445446087
0.87194875114627
0.871883833141178
0.872037633834696
0.871879314780672
0.871532041856417
0.871789652581439
0.871729734624017
0.871819926484118
0.87183095998379
0.871710908568627
0.871598791889952
0.871369639810337
0.871270075037416
0.871293589950505
0.871328096234505
0.871036460037511
0.870910457678541
0.871260763889504
0.871012161550476
0.871006431306605
0.871102628246839
0.871071536145135
0.871338950586435
0.871162271195586
0.871217260943887
0.871157793859696
0.8713607233346
0.871271693533111
0.871294399687007
0.871001074171506
0.870997529112559
0.870986826896969
0.870813272378067
0.870910083963546
0.871086239381706
0.871121978208419
0.871495071529574
0.871246686869134
0.871098607728753
0.870832675022612
0.870753499153798
0.870756153976778
0.870662965269217
0.870509887066766
0.870771743781878
0.870944839473086
0.870729792847575
0.87094058859656
0.871162211042286
0.87119015085579
0.87127520236521
0.871202379208797
0.870815289087674
0.871354641308879
0.871498694789854
0.871656000935984
0.871661939191475
0.871947793514934
0.871724461383925
0.871572535752114
0.871597027296861
0.871915301048061
0.871833191733867
0.871540827900797
0.87171520185992
0.871442511847613
0.871253128891353
0.871371620386941
0.871242275144944
0.871340255459644
0.871168021156524
0.871001511535029
0.871126422901016
0.871116438468785
0.871056047858332
0.870951385451367
0.870869670245767
0.871084540559848
0.871072018059266
0.870947616035126
0.870933798353166
0.870894282949884
0.870823239230789
0.870863042939124
0.870689729608563
0.870849488597488
0.870370298003612
0.87062386241551
0.87055687936394
0.87051086036182
0.870515880112944
0.870433484449763
0.870329146967756
0.870119997931838
0.869896344830573
0.870253827898377
0.86980623813541
0.869699201259016
0.869679839826871
0.869497648933896
0.869504557848046
0.869550344662174
0.869639700350555
0.869860357599762
0.869526134793093
0.869429113556081
0.869848542940766
0.869884266825942
0.869775516735064
0.869697656903978
0.869633983467839
0.869325717146763
0.869344447243651
0.869295929797899
0.869349410367135
0.869296802116703
0.869221655804545
0.869254750237023
0.869293034325337
0.869315661792404
0.869615469042865
0.869515934276376
0.869832650713333
0.869635807772645
0.869815337091351
0.870250974287118
0.870132015209139
0.8699338141957
0.869915790536933
0.869904201929356
0.870063447371208
0.869723987623185
0.869443085348826
